lat,lon,GHI_mean_2024,GHI_mean_J,rooftop_area_sq_m,azimuth,orientation_score,shading_factor,tilt_factor,SEI_norm,effective_GHI_J,Target_eff_J,sunshine_hours,clear_sky_ratio
7.248773334197735,125.27903570570392,4.962704098360656,17865734.754098363,359.0068693872487,36.981890642996206,0.10058715771682,0.0,0.992114701314478,0.0066737312555986,17383674.615858532,17383674.615858532,10.05464480874317,0.7375492460916884
7.558221686545727,125.3954277223372,4.962704098360656,17865734.754098363,20.60223821544115,51.83042104988083,0.1910044702640131,0.0,0.992114701314478,0.0007272460230216,17432135.767552927,17432135.767552927,10.0,0.742470639630929
7.490662726623403,125.52639135686697,4.962704098360656,17865734.754098363,51.31255970312841,50.10845375696711,0.1793317837400649,0.0,0.992114701314478,0.001700608584313,17425879.53391379,17425879.53391379,10.0,0.7465043416851865
7.103820406023459,125.43025461395166,4.962704098360656,17865734.754098363,113.87990838826556,38.30018675576243,0.1076128248213347,0.0,0.992114701314478,0.002264824527888,17387440.17700733,17387440.17700733,10.0,0.7520411216030752
6.997664387634351,125.48357229485627,5.225479234972678,18811725.24590164,596.367161430808,26.000873930160576,0.0506063201311993,0.0,0.992114701314478,0.0055775297919786,18275933.25422502,18275933.25422502,10.0,0.7879756287312442
7.186504202839463,125.58117279955552,4.962704098360656,17865734.754098363,47.6564254232504,43.18236195934515,0.1354103374263772,0.0,0.992114701314478,0.0011926052126945,17402338.86661809,17402338.86661809,10.0,0.7523811047386778
7.082643948792924,125.59090669331697,4.962704098360656,17865734.754098363,137.70698187202484,38.33880326218479,0.1078217757316427,0.0,0.992114701314478,0.0027440110688245,17387552.168853533,17387552.168853533,10.0,0.7539359760582364
6.9846639385362606,125.44143261351788,5.225479234972678,18811725.24590164,32.61622265509294,62.02394185429844,0.2654487151841732,0.0,0.992114701314478,0.0016000653103266,18397179.93743226,18397179.93743226,10.0,0.7879498372727787
7.399907576157733,125.29158971069036,4.962704098360656,17865734.754098363,75.21923680384404,44.51143388236128,0.1434447188621326,0.0,0.992114701314478,0.0019940539549192,17406645.070447423,17406645.070447423,10.057377049180328,0.7388720198365062
7.196854508822866,125.37385872374392,4.962704098360656,17865734.754098363,41.533702710448715,41.33895569883796,0.1245923893382602,0.0,0.992114701314478,0.0009563471840068,17396540.748884313,17396540.748884313,10.0,0.7448857154736727
7.079287320160814,125.44279219402182,4.962704098360656,17865734.754098363,518.345358098301,53.32859580499668,0.2013875432035754,0.0,0.992114701314478,0.0192919104111868,17437700.80436505,17437700.80436505,10.0,0.7488546053108404
7.265220151509025,125.27990276577052,4.962704098360656,17865734.754098363,245.10145098971097,37.51361070634278,0.103395647183762,0.0,0.992114701314478,0.0046835111354883,17385179.887694813,17385179.887694813,10.040983606557377,0.7389616868643085
7.391310354866042,125.32641836838724,4.962704098360656,17865734.754098363,33.45791203407133,44.63520468072129,0.1442027588094497,0.0,0.992114701314478,0.0008916528932097,17407051.358666375,17407051.358666375,10.051912568306012,0.7388550798784962
7.497104383111493,125.42725120945578,4.962704098360656,17865734.754098363,37.28312676679267,47.34089922693027,0.1611825520682783,0.0125,0.992114701314478,0.0010967076645023,17393819.884700004,17393819.884700004,10.0,0.745302673491414
7.159118166085504,125.55344092355652,4.962704098360656,17865734.754098363,160.15790141908525,42.00091450564924,0.128432927350472,0.0,0.992114701314478,0.0038014402603672,17398599.16988749,17398599.16988749,10.0,0.7526655116807844
7.143503109561855,125.40342766053098,4.962704098360656,17865734.754098363,188.9363418195865,32.496588214819674,0.0782882805822656,0.0125,0.992114701314478,0.0026994344154322,17349390.872689907,17349390.872689907,10.0,0.7451428494775667
7.046990719238615,125.5449185816956,4.962704098360656,17865734.754098363,323.59515983205256,67.76148126966798,0.3107684277845673,0.0,0.992114701314478,0.0185849897807373,17496325.90049783,17496325.90049783,10.0,0.7528158683806091
7.325655051654223,125.43768920734604,4.962704098360656,17865734.754098363,107.79388560233394,52.91406979170906,0.1984939442458783,0.0,0.992114701314478,0.0039542562307034,17436149.91622116,17436149.91622116,10.0,0.7489827926295903
7.262226399300142,125.53815976464182,4.962704098360656,17865734.754098363,19.918625957029217,47.00376640688542,0.1590248589125141,0.0125,0.992114701314478,0.0005780759724677,17392663.42149196,17392663.42149196,10.0,0.7506027190563415
7.453140947295389,125.48868069323504,4.962704098360656,17865734.754098363,36.67297216167149,45.03976571455776,0.1466920756710809,0.0,0.992114701314478,0.0009942055462548,17408385.562909443,17408385.562909443,10.0,0.7452153246520176
7.3158061874708435,125.52200452959624,4.962704098360656,17865734.754098363,41.834990822248855,47.64343152751834,0.1631287861680466,0.0,0.992114701314478,0.0012612282841769,17417195.180208504,17417195.180208504,10.0,0.7507074362407334
7.153650911684933,125.48578919639068,4.962704098360656,17865734.754098363,102.677355956358,41.22840327935084,0.1239558580794943,0.0,0.992114701314478,0.0023521507462577,17396199.58592536,17396199.58592536,10.0,0.7521373051252873
7.221583493063817,125.32050742408748,4.962704098360656,17865734.754098363,299.9972938276951,43.67373670338749,0.1383581213423301,0.0,0.992114701314478,0.0076708839496767,17403918.796384733,17403918.796384733,10.043715846994536,0.7374978023484188
7.108173117168197,125.62688626210678,4.962704098360656,17865734.754098363,160.35495915208423,48.7325903814888,0.1702128824665334,0.0,0.992114701314478,0.0050442690263204,17420992.05777174,17420992.05777174,10.0,0.7537996755193345
7.38618027587731,125.35840037084992,4.962704098360656,17865734.754098363,67.52187915695609,43.78900357251129,0.1390534732009437,0.0,0.992114701314478,0.0017352009636671,17404291.485540736,17404291.485540736,10.0,0.74387717702777
7.465417669433643,125.48474605714004,4.962704098360656,17865734.754098363,36.67297216167149,45.03976571455776,0.1466920756710809,0.0,0.992114701314478,0.0009942055462548,17408385.562909443,17408385.562909443,10.0,0.7452396064185022
7.220192224917745,125.5361984682935,4.962704098360656,17865734.754098363,65.76990107201334,42.79758216060844,0.1331207321157144,0.0,0.992114701314478,0.0016180662708957,17401111.702182934,17401111.702182934,10.0,0.7524461757789629
7.064672687297201,125.60799823013475,4.962704098360656,17865734.754098363,147.24808239261617,49.298809273644366,0.1739429203451652,0.0,0.992114701314478,0.0047334721240267,17422991.25379261,17422991.25379261,10.0,0.7539017563406526
7.281680519504176,125.2949384322768,4.962704098360656,17865734.754098363,21.970984537465007,42.85045786374749,0.1334343869534739,0.0,0.992114701314478,0.0005418021225058,17401279.812407006,17401279.812407006,10.03551912568306,0.738992807806674
7.408528483420609,125.29064135001028,4.962704098360656,17865734.754098363,75.21923680384404,44.51143388236128,0.1434447188621326,0.0,0.992114701314478,0.0019940539549192,17406645.070447423,17406645.070447423,10.057377049180328,0.7388887025293425
7.2037151064390255,125.43156972054037,4.962704098360656,17865734.754098363,40.12640376002892,48.107602801338416,0.1661331080108729,0.0,0.992114701314478,0.0012319975598628,17418805.4127233,17418805.4127233,10.0,0.7527689313494438
7.365631377053318,125.36219802158432,4.962704098360656,17865734.754098363,97.92496444560784,45.43112011998898,0.1491168932383793,0.0,0.992114701314478,0.0026986321395647,17409685.197333977,17409685.197333977,10.0,0.7438372047363639
7.013145711484006,125.39111829637169,4.962704098360656,17865734.754098363,64.36054177089046,40.43067519283573,0.1194043970195707,0.0,0.992114701314478,0.0014202455264055,17393760.13004415,17393760.13004415,10.0,0.7442076959486755
7.133053544382094,125.43310695489576,4.962704098360656,17865734.754098363,745.278045225251,37.39024899007816,0.1027410116794161,0.0,0.992114701314478,0.0141509496121156,17384829.021366376,17384829.021366376,10.0,0.7520972496343818
7.087661764666154,125.4361835024673,4.962704098360656,17865734.754098363,518.345358098301,53.32859580499668,0.2013875432035754,0.0,0.992114701314478,0.0192919104111868,17437700.80436505,17437700.80436505,10.0,0.7520102563517725
7.332461638237423,125.36432963123856,4.962704098360656,17865734.754098363,81.30777061390162,46.11243921382981,0.1533773117424826,0.0,0.992114701314478,0.0023047116323095,17411968.66254205,17411968.66254205,10.0,0.7437545024775243
7.512652890102147,125.30237275095234,4.962704098360656,17865734.754098363,90.52395806752692,43.6704163154196,0.1383381126481793,0.0125,0.992114701314478,0.0022854193721123,17381575.90384144,17381575.90384144,10.065573770491802,0.7389208343491397
7.363699674171508,125.42482495889944,4.962704098360656,17865734.754098363,79.77004861311306,43.018116258908705,0.1344309874414805,0.025,0.992114701314478,0.001932267636927,17357149.625520997,17357149.625520997,10.0,0.7462578157438452
7.378339849778367,125.49772688772568,4.962704098360656,17865734.754098363,36.35739738907891,38.60447790593973,0.1092641443900513,0.0,0.992114701314478,0.0007341653361838,17388325.238129597,17388325.238129597,10.0,0.7462864382254053
7.226311660273814,125.25809179908508,4.962704098360656,17865734.754098363,31.59146477856737,43.141546886713336,0.1351666887947146,0.0,0.992114701314478,0.0007891559891472,17402208.277763296,17402208.277763296,10.060109289617486,0.7375072657456454
7.050090344057619,125.37579432910172,4.962704098360656,17865734.754098363,41.49012457509043,44.15953206559172,0.1412985822025088,0.0,0.992114701314478,0.001083442735292,17405494.801198218,17405494.801198218,10.0,0.7442763384446163
7.337934388066858,125.26718441148688,4.962704098360656,17865734.754098363,69.58041270400645,41.95731767718502,0.1281784569448578,0.0,0.992114701314478,0.0016482590098634,17398462.780864406,17398462.780864406,10.060109289617486,0.7387529506783757
7.181530879169899,125.49627041714704,4.962704098360656,17865734.754098363,126.35360338031676,35.12397310438767,0.0910454709514053,0.0,0.992114701314478,0.0021260300437488,17378560.538512804,17378560.538512804,10.0,0.7527263427297444
6.971022736600116,125.50099658791169,5.225479234972678,18811725.24590164,330.35538115122387,48.55735912538396,0.1690650337318815,0.0,0.992114701314478,0.0103218751064007,18342785.63742219,18342785.63742219,10.0,0.7986222553730133
7.009949809088617,125.59299379355376,4.962704098360656,17865734.754098363,93.6977182187686,39.5763290836109,0.1146117402774239,0.025,0.992114701314478,0.0019350231111334,17346527.06313523,17346527.06313523,10.0,0.7537975696368733
7.274965259432886,125.45099460344996,4.962704098360656,17865734.754098363,227.32068153255776,44.72864979017781,0.14477616782805,0.0125,0.992114701314478,0.0060061551898154,17385026.52142671,17385026.52142671,10.0,0.7488838261934885
7.129632899226583,125.44467875312148,4.962704098360656,17865734.754098363,215.50497010043847,39.57113506960592,0.1145828642064541,0.0,0.992114701314478,0.0045635244693589,17391175.923253734,17391175.923253734,10.0,0.7520907622827779
7.294430318088792,125.37661338689108,4.962704098360656,17865734.754098363,49.59516889693918,44.46342606510094,0.143151140433134,0.0,0.992114701314478,0.0013120718101441,17406487.720617164,17406487.720617164,10.0,0.743680989352062
6.970248567780608,125.4280950897498,5.225479234972678,18811725.24590164,275.7084437077741,46.24084520273373,0.1541857663765032,0.0,0.992114701314478,0.0078562947626501,18334388.496741697,18334388.496741697,10.0,0.7879214534148021
7.316102880475513,125.28485589968156,4.962704098360656,17865734.754098363,15.134142288459191,49.35265131440839,0.1742992752271613,0.0,0.992114701314478,0.0004875024616092,17423182.25004661,17423182.25004661,10.043715846994536,0.7390584494875968
7.392886310269201,125.26966528603036,4.962704098360656,17865734.754098363,63.70412972015328,48.88221261255955,0.1711954216405845,0.0,0.992114701314478,0.0020155016218877,17421518.67129981,17421518.67129981,10.062841530054644,0.7388586651380085
7.384560290560495,125.35247249769029,4.962704098360656,17865734.754098363,36.94326946917393,41.83202490241288,0.1274483341991761,0.0,0.992114701314478,0.0008701475668533,17398071.45548504,17398071.45548504,10.0,0.7438740561504842
7.197154992117183,125.48370067596608,4.962704098360656,17865734.754098363,330.822849554324,63.58316413751213,0.2775508214832342,0.0,0.992114701314478,0.0169692025725778,17478522.192197457,17478522.192197457,10.0,0.7527565189244082
7.290782724751993,125.35711699337482,4.962704098360656,17865734.754098363,97.53500742968475,38.77877199346353,0.1102149663618526,0.0,0.992114701314478,0.0019866644148867,17388834.852123994,17388834.852123994,10.0,0.743674013303371
7.600841286114316,125.4262656942104,4.962704098360656,17865734.754098363,13.512882178045585,44.03456601752277,0.1405397057779118,0.0,0.992114701314478,0.0003509703663442,17405088.06465083,17405088.06465083,10.0,0.7415107116456886
7.161432251983169,125.4664378149014,4.962704098360656,17865734.754098363,126.1252705742164,40.56100804559494,0.120142995972719,0.0,0.992114701314478,0.0028004252673696,17394155.99843375,17394155.99843375,10.0,0.752152177778305
7.017573764446071,125.39679924354638,4.962704098360656,17865734.754098363,168.1562301261445,18.884651799323645,0.0269139526048449,0.0,0.992114701314478,0.0008363996927907,17344187.83762809,17344187.83762809,10.0,0.7442159093363622
7.126699930513393,125.57575418989806,4.962704098360656,17865734.754098363,544.9435887028876,42.6741955270274,0.1323900272893156,0.0,0.992114701314478,0.0133330724213281,17400720.064824574,17400720.064824574,10.0,0.7526031788055957
7.496087443343387,125.2764670990036,4.962704098360656,17865734.754098363,129.73503302808535,45.32021839171536,0.1484280830616766,0.0,0.992114701314478,0.0035587441338498,17409316.014336586,17409316.014336586,10.05464480874317,0.7397442657068871
7.072659578466829,125.29110762613549,4.962704098360656,17865734.754098363,109.35345841406912,46.35748317176759,0.1549216340983766,0.0,0.992114701314478,0.003130891451163,17412796.376149606,17412796.376149606,10.040983606557377,0.736354842967574
7.524311471103976,125.50505752533208,4.962704098360656,17865734.754098363,16.385285428835015,45.26746702864138,0.1481009066762103,0.0,0.992114701314478,0.0004484718078886,17409140.65694097,17409140.65694097,10.0,0.7458620207032005
7.157791085834237,125.31180263711992,4.962704098360656,17865734.754098363,38.61756338142857,44.33959970983439,0.1423950718250483,0.0,0.992114701314478,0.0010162562884048,17406082.488980927,17406082.488980927,10.03551912568306,0.736511639872309
7.049683258466502,125.45774877468148,4.962704098360656,17865734.754098363,97.71011264804572,35.3453275641404,0.0921599086192054,0.0,0.992114701314478,0.0016641978951081,17379157.84594599,17379157.84594599,10.0,0.7487988973109034
7.396406135137736,125.28081435202374,4.962704098360656,17865734.754098363,60.863461394342,41.02169043235032,0.1227694188823117,0.0,0.992114701314478,0.0013809255555554,17395563.687685397,17395563.687685397,10.060109289617486,0.7388653571289341
7.285113674200836,125.27602326161784,4.962704098360656,17865734.754098363,12.603752069103884,29.566241029020706,0.0651070941627973,0.0,0.992114701314478,0.0001516532014817,17364658.29372309,17364658.29372309,10.043715846994536,0.738999485136801
7.478556367452937,125.31340498199772,4.962704098360656,17865734.754098363,40.82090922287595,44.333268716804554,0.1423564604061667,0.0,0.992114701314478,0.0010739480498257,17406061.79433988,17406061.79433988,10.046448087431694,0.7397095627333321
7.214470252731038,125.66245332561284,4.962704098360656,17865734.754098363,3086.674337150231,53.295923684553614,0.2011589060539303,0.0,0.992114701314478,0.1147502116684724,17437578.261244934,17437578.261244934,10.0,0.7531232883699033
7.273586225090844,125.361927814855,4.962704098360656,17865734.754098363,156.3450366379514,43.13355159558397,0.1351189819871816,0.0125,0.992114701314478,0.0038553249275393,17379850.53980559,17379850.53980559,10.0,0.7436409168453024
7.576967564492576,125.53550336731551,4.962704098360656,17865734.754098363,12.78623504042829,58.14158304727009,0.2360889775055422,0.0,0.992114701314478,0.0005578813121591,17456299.802989822,17456299.802989822,10.0,0.7459675874857069
7.0249989908872505,125.52164808510253,4.962704098360656,17865734.754098363,157.65599567508514,60.79885423262253,0.2560614423876728,0.0,0.992114701314478,0.007460674593958,17467004.48578891,17467004.48578891,10.0,0.7527739893254567
7.228459781733058,125.28489930756687,4.962704098360656,17865734.754098363,147.36915610097228,45.864615772829254,0.1518219209882921,0.0,0.992114701314478,0.004134895114357,17411135.016582448,17411135.016582448,10.05464480874317,0.7375110338556202
7.465979715848068,125.44174943782176,4.962704098360656,17865734.754098363,40.587195528924525,42.99218060240055,0.1342766149942001,0.0,0.992114701314478,0.0010071933441667,17401731.223090347,17401731.223090347,10.0,0.7452408908116421
7.300989292970573,125.32916715818487,4.962704098360656,17865734.754098363,74.57547401262664,46.3288364776733,0.1547407698068734,0.0,0.992114701314478,0.0021326726255488,17412699.43794585,17412699.43794585,10.024590163934427,0.7390292620433487
7.519879300871323,125.50823874204568,4.962704098360656,17865734.754098363,16.385285428835015,45.26746702864138,0.1481009066762103,0.0,0.992114701314478,0.0004484718078886,17409140.65694097,17409140.65694097,10.0,0.7458620207032005
7.224209714026545,125.50684374011684,4.962704098360656,17865734.754098363,74.86169947148692,45.84355528787304,0.1516900409584071,0.0,0.992114701314478,0.0020986507437721,17411064.332573447,17411064.332573447,10.0,0.7524538378948142
7.2328560169594756,125.3970516652598,4.962704098360656,17865734.754098363,58.23637211843828,44.99135052025891,0.1463932403439617,0.0,0.992114701314478,0.0015755738173628,17408225.39552876,17408225.39552876,10.0,0.7449546351289069
7.519717994783392,125.53025978450262,4.962704098360656,17865734.754098363,16.237048305852337,35.691663969587005,0.0939157908028203,0.0125,0.992114701314478,0.0002782955268001,17357766.781263925,17357766.781263925,10.0,0.745852736795284
7.117202389012064,125.43528213399632,4.962704098360656,17865734.754098363,161.70004948824075,50.43389345775769,0.181515960368106,0.0125,0.992114701314478,0.0053565540789289,17404718.02307995,17404718.02307995,10.0,0.7520668164008026
7.440808864021943,125.33109593728332,4.962704098360656,17865734.754098363,30.526032237199,46.13409177346595,0.1535135161122986,0.0,0.992114701314478,0.0008660448759024,17412041.66427635,17412041.66427635,10.03825136612022,0.7396356930462543
7.024596687807385,125.60922043870312,4.962704098360656,17865734.754098363,22.98765503856812,47.81256226405448,0.1642209251772088,0.025,0.992114701314478,0.0006802228246805,17373116.199298825,17373116.199298825,10.0,0.7538254790301275
7.491898610892649,125.2876971387306,4.962704098360656,17865734.754098363,129.73503302808535,45.32021839171536,0.1484280830616766,0.0,0.992114701314478,0.0035587441338498,17409316.014336586,17409316.014336586,10.051912568306012,0.7397359429234558
7.0496666488687065,125.3664293544172,4.962704098360656,17865734.754098363,37.64164548447054,42.97728230925873,0.1341879722741537,0.0,0.992114701314478,0.000933481272049,17401683.713070624,17401683.713070624,10.0,0.7442755446904594
7.0559945497864565,125.35414453481748,4.962704098360656,17865734.754098363,36.99745728818641,45.05109117980932,0.1467620167768295,0.0,0.992114701314478,0.0010034805693411,17408423.04938675,17408423.04938675,10.0,0.7442873349656834
7.211905864759913,125.54406442076792,4.962704098360656,17865734.754098363,205.58807591984188,39.175071465377926,0.1123902990895541,0.0,0.992114701314478,0.004270219190275,17390000.769649442,17390000.769649442,10.0,0.752430123930499
7.28394202250772,125.37010139327684,4.962704098360656,17865734.754098363,49.59516889693918,44.46342606510094,0.143151140433134,0.0,0.992114701314478,0.0013120718101441,17406487.720617164,17406487.720617164,10.0,0.7436608100608962
7.118207953875664,125.33113550836936,4.962704098360656,17865734.754098363,121.06535230974556,53.529538987921214,0.2027958613863287,0.0,0.992114701314478,0.0045373510023702,17438455.62353812,17438455.62353812,10.021857923497267,0.7364381226306483
7.22660723641671,125.4915566507342,4.962704098360656,17865734.754098363,516.8187276621609,31.810027023261277,0.0750997698498854,0.0,0.992114701314478,0.0071729906968012,17370014.088522367,17370014.088522367,10.0,0.75281376685885
7.198903578601364,125.24121449412716,4.962704098360656,17865734.754098363,26.520992778625683,55.84636928353773,0.2192930798501773,0.0,0.992114701314478,0.0010748259005004,17447297.671415787,17447297.671415787,10.0,0.7431630420972128
7.022254171877378,125.46878527121206,4.962704098360656,17865734.754098363,155.70995792561104,47.101635314477015,0.1596500196404047,0.0,0.992114701314478,0.0045941882062357,17415330.658606872,17415330.658606872,10.0,0.7487474865983589
6.989963312654428,125.61732082269752,5.225479234972678,18811725.24590164,93.6977182187686,39.5763290836109,0.1146117402774239,0.025,0.992114701314478,0.0019350231111334,18265025.512451444,18265025.512451444,10.0,0.7953357811003554
7.020592040693964,125.66114848000154,4.962704098360656,17865734.754098363,69.88507999453897,49.42218415462153,0.174759905568521,0.0625,0.992114701314478,0.0021160258230453,17311768.292818453,17311768.292818453,10.0,0.7538182934910254
7.043612702115508,125.59120062124693,4.962704098360656,17865734.754098363,138.0045421636097,44.26843611410643,0.1419613111560823,0.025,0.992114701314478,0.0035301358376607,17361185.668503925,17361185.668503925,10.0,0.753861478394943
7.290240803176632,125.47469161660378,4.962704098360656,17865734.754098363,111.5909646165022,32.65493327485314,0.0790322727533881,0.0,0.992114701314478,0.0016298848461706,17372121.80013618,17372121.80013618,10.0,0.7489136343362133
7.256836901939508,125.62888575849432,4.962704098360656,17865734.754098363,36141.5904138944,42.70277950447209,0.1325591521303706,0.0,0.992114701314478,0.8854017914499525,17400810.711011093,17400810.711011093,10.0,0.7509437979215386
7.371659959852268,125.40228194654452,4.962704098360656,17865734.754098363,29.39143371892187,35.78621086014096,0.0943977125700473,0.0125,0.992114701314478,0.0005063406158143,17358025.077857893,17358025.077857893,10.0,0.7438486982028005
7.047001065391638,125.34538854658535,4.962704098360656,17865734.754098363,37.64164548447054,42.97728230925873,0.1341879722741537,0.0,0.992114701314478,0.000933481272049,17401683.713070624,17401683.713070624,10.0,0.7442705680608969
7.227014488676151,125.44678318752725,4.962704098360656,17865734.754098363,58.72457276782728,41.783790402244456,0.1271677304422562,0.025,0.992114701314478,0.0013456273978137,17353256.72283103,17353256.72283103,10.0,0.7528143089375182
7.194939601915368,125.3291332016455,4.962704098360656,17865734.754098363,320.7440734088234,31.604074449396425,0.0741551649941035,0.0,0.992114701314478,0.0043956536445002,17369507.806728344,17369507.806728344,10.03551912568306,0.7374479001213611
7.168945676962029,125.39331479827857,4.962704098360656,17865734.754098363,109.94008691454457,43.927243939972776,0.1398893399373922,0.0,0.992114701314478,0.0028422620467397,17404739.48674283,17404739.48674283,10.0,0.7448325534122298
7.401657811037658,125.39958398335082,4.962704098360656,17865734.754098363,75.94976107917395,58.30229414695552,0.2372812080906622,0.0,0.992114701314478,0.0033305286645008,17456938.805251807,17456938.805251807,10.0,0.7439071068696027
7.268601563930007,125.65707480940576,4.962704098360656,17865734.754098363,20.782503075456344,45.30102765683554,0.1483090230993511,0.0,0.992114701314478,0.0005696247442899,17409252.201525386,17409252.201525386,10.0,0.7509667792973909
7.30401973314737,125.37507492198714,4.962704098360656,17865734.754098363,23.725139459906288,39.01936951132626,0.1115334160491208,0.0125,0.992114701314478,0.0004829190094929,17367209.335853353,17367209.335853353,10.0,0.743699484029092
7.143391062929784,125.52114091399906,4.962704098360656,17865734.754098363,5.64402088630772,25.871420767094843,0.0501122277402307,0.0,0.992114701314478,5.227039005496391e-05,17356621.464537732,17356621.464537732,10.0,0.752634950691456
7.087688545942354,125.5700486243876,4.962704098360656,17865734.754098363,136.46447265746912,42.60182970551623,0.1319622644369094,0.0125,0.992114701314478,0.0032864716012249,17378158.62745219,17378158.62745219,10.0,0.7525283348673006
7.355301133694104,125.28094893781665,4.962704098360656,17865734.754098363,152.45941267805347,44.75721412280223,0.1449516363187597,0.025,0.992114701314478,0.0039820379933013,17362788.399189472,17362788.399189472,10.057377049180328,0.7387861558890524
7.427623178389755,125.26320024908088,4.962704098360656,17865734.754098363,55.99150850026849,45.61718487957106,0.1502754923477593,0.0,0.992114701314478,0.0015550120067481,17410306.17406521,17410306.17406521,10.051912568306012,0.7396106002205877
7.017952166465433,125.500593915596,4.962704098360656,17865734.754098363,215.29681161222956,47.832160718470426,0.1643476689094114,0.0125,0.992114701314478,0.0064574591872388,17395516.298838485,17395516.298838485,10.0,0.7527604870624488
7.067477841865201,125.51310664852925,4.962704098360656,17865734.754098363,76.01915307219426,49.7636715023893,0.1770290778663559,0.0125,0.992114701314478,0.0024559988392981,17402313.17950048,17402313.17950048,10.0,0.7528546061226667
7.3280515747573185,125.48854376914365,4.962704098360656,17865734.754098363,27.198566895834844,50.76199336669353,0.1837283920300318,0.0,0.992114701314478,0.0009235187443079,17428235.99303958,17428235.99303958,10.0,0.748987574074741
7.295703096054449,125.44107969773415,4.962704098360656,17865734.754098363,219.19005971782815,52.34007297437868,0.1945132476529808,0.0,0.992114701314478,0.007879405639343,17434016.374137204,17434016.374137204,10.0,0.7489242204704926
7.345696185996057,125.4536299633577,4.962704098360656,17865734.754098363,212.1386902533137,26.545040189370837,0.052708335398925,0.0125,0.992114701314478,0.00204060857474,17335680.737219807,17335680.737219807,10.0,0.7462225519531465
7.228131080043108,125.53310491037732,4.962704098360656,17865734.754098363,44.194675239022715,41.58459582710788,0.1260117188101402,0.0,0.992114701314478,0.001029210720398,17397301.469800513,17397301.469800513,10.0,0.7524615944608666
7.539774504811261,125.37760556962483,4.962704098360656,17865734.754098363,25.99833176436132,49.2553251599909,0.1736553298196655,0.025,0.992114701314478,0.0008135076350872,17378172.776425976,17378172.776425976,10.01639344262295,0.7424341942486375
7.131944950216678,125.58330434781224,4.962704098360656,17865734.754098363,264.8470933596571,52.32452223120128,0.1944058272401516,0.0,0.992114701314478,0.0095154188218914,17433958.799799122,17433958.799799122,10.0,0.7526031788055957
7.160464974433,125.39225946578432,4.962704098360656,17865734.754098363,264.3660497686353,26.15958066370715,0.0512151965459853,0.0125,0.992114701314478,0.00247095620857,17334880.456538875,17334880.456538875,10.0,0.7451749725910684
7.240665287470926,125.66656107814092,4.962704098360656,17865734.754098363,54.05054681234236,44.896535839664736,0.1458087429332769,0.0125,0.992114701314478,0.0014382824491786,17385579.952815022,17385579.952815022,10.0,0.7531744089781365
7.430202080291199,125.40143320697162,4.962704098360656,17865734.754098363,48.59890258355836,48.7941906678642,0.1706171272175059,0.0,0.992114701314478,0.0015324012821354,17421208.72165664,17421208.72165664,10.0,0.7429130710874082
7.564311538052472,125.48280890127864,4.962704098360656,17865734.754098363,4.380242997535181,45.08633933881854,0.1469797822557326,0.0,0.992114701314478,0.0001189814405047,17408539.765595295,17408539.765595295,10.0,0.7431773215753087
7.5087030246235695,125.27441470998188,4.962704098360656,17865734.754098363,93.13951907140108,39.53942224932796,0.114406625801929,0.0125,0.992114701314478,0.0019446690014529,17368749.29595345,17368749.29595345,10.07103825136612,0.7389134610490582
7.035408108076139,125.52313426373952,4.962704098360656,17865734.754098363,155.69711791961208,43.20041455703153,0.1355181627798128,0.0,0.992114701314478,0.0038994333145909,17402396.65799302,17402396.65799302,10.0,0.7527937254618703
7.401887127059568,125.49972204860444,4.962704098360656,17865734.754098363,71.17008894187332,45.04820772231547,0.1467442084983603,0.0,0.992114701314478,0.001930109274642,17408413.504647367,17408413.504647367,10.0,0.7463327262308607
7.148070285726822,125.61345568652858,4.962704098360656,17865734.754098363,105.94625261414882,45.35653772973494,0.1486535173974844,0.0,0.992114701314478,0.0029106112846797,17409436.840838026,17409436.840838026,10.0,0.7538764781987293
7.243530012611508,125.43751286054598,4.962704098360656,17865734.754098363,198.56259974943785,48.22423356273597,0.1668914462516872,0.0,0.992114701314478,0.0061242787196563,17419211.860819228,17419211.860819228,10.0,0.7528464466288705
7.028046195545021,125.59230259449863,4.962704098360656,17865734.754098363,38.27753850905734,42.423367034773776,0.1309098613316929,0.025,0.992114701314478,0.0009029098681142,17355262.400367603,17355262.400367603,10.0,0.7538318896972713
7.499844578871445,125.35375526817984,4.962704098360656,17865734.754098363,166.89018722154665,37.24872294942579,0.1019922532122259,0.0,0.992114701314478,0.0031457297320873,17384427.707761284,17384427.707761284,10.0,0.7430503593323537
7.37852070314425,125.53685609708006,4.962704098360656,17865734.754098363,154.87785896261636,38.87263744758391,0.1107285230150993,0.0,0.992114701314478,0.0031693650337945,17389110.104132436,17389110.104132436,10.0,0.7494391521520416
7.460785959016997,125.28618573458242,4.962704098360656,17865734.754098363,290.222593503994,30.292271410078605,0.068268200924855,0.0,0.992114701314478,0.0036616185173837,17366352.5585713,17366352.5585713,10.051912568306012,0.7396750487525523
6.9797004289828,125.53234030630716,5.225479234972678,18811725.24590164,133.83919514728333,48.54032959421556,0.1689536469957047,0.0875,0.992114701314478,0.0038133544894409,18178120.18022024,18178120.18022024,10.0,0.7986402280596345
7.476839701069846,125.50819526942028,4.962704098360656,17865734.754098363,59.335253228909934,50.27056847784852,0.1804185219735375,0.0375,0.992114701314478,0.0019042241905213,17359465.489896715,17359465.489896715,10.0,0.7464769299400701
7.507972348643994,125.33200260529966,4.962704098360656,17865734.754098363,166.89018722154665,37.24872294942579,0.1019922532122259,0.0,0.992114701314478,0.0031457297320873,17384427.707761284,17384427.707761284,10.060109289617486,0.7389113091914823
7.476503244193131,125.24504067585416,4.962704098360656,17865734.754098363,272.1121025877507,40.496590079644946,0.1197776921381824,0.0,0.992114701314478,0.0060234764669139,17393960.205791377,17393960.205791377,10.049180327868852,0.7417839614977272
7.283945110092818,125.27750579641182,4.962704098360656,17865734.754098363,12.603752069103884,29.566241029020706,0.0651070941627973,0.0,0.992114701314478,0.0001516532014817,17364658.29372309,17364658.29372309,10.040983606557377,0.73899725177363
7.057033623045751,125.62579661816046,4.962704098360656,17865734.754098363,69.88507999453897,49.42218415462153,0.174759905568521,0.0625,0.992114701314478,0.0021160258230453,17311768.292818453,17311768.292818453,10.0,0.753887319352379
7.081606421717034,125.56991813878273,4.962704098360656,17865734.754098363,75.96805968283698,52.70261454201628,0.1970239498513583,0.0,0.992114701314478,0.002766135653529,17435362.040322885,17435362.040322885,10.0,0.7528819418417187
7.417352645850188,125.34744864695304,4.962704098360656,17865734.754098363,29.79329351753754,46.67111694031175,0.1569074303570737,0.0125,0.992114701314478,0.0008531444081087,17391528.53898399,17391528.53898399,10.0,0.7428882367400677
7.068670830928869,125.55790754852214,4.962704098360656,17865734.754098363,205.61730319146756,47.10773243071913,0.1596889992870821,0.0,0.992114701314478,0.0060681747227981,17415351.550607722,17415351.550607722,10.0,0.7528571973904012
7.050484034885418,125.49212282051172,4.962704098360656,17865734.754098363,654.0001483737627,43.48264003796874,0.1372085493845426,0.0,0.992114701314478,0.0165837384107081,17403302.657954376,17403302.657954376,10.0,0.7488005342510201
7.15195714300223,125.67130769838516,4.962704098360656,17865734.754098363,128.56768117826462,47.314253637271825,0.1610115889753305,0.0125,0.992114701314478,0.003777891407527,17393728.253261864,17393728.253261864,10.0,0.7538884667422181
7.410773167122727,125.49481054394262,4.962704098360656,17865734.754098363,40.997013766530856,57.994128805374146,0.2349969188191711,0.025,0.992114701314478,0.0017359708423096,17411050.153179776,17411050.153179776,10.0,0.7463502420863594
7.567205061205977,125.52896587941522,4.962704098360656,17865734.754098363,7.887337573353654,35.04732086079143,0.0906609772916587,0.0,0.992114701314478,0.0001321521533099,17378354.460660618,17378354.460660618,10.0,0.7459479664683235
7.28642765775714,125.28878379581924,4.962704098360656,17865734.754098363,21.970984537465007,42.85045786374749,0.1334343869534739,0.0,0.992114701314478,0.0005418021225058,17401279.812407006,17401279.812407006,10.040983606557377,0.739001879967157
7.264222262222856,125.4113679634818,4.962704098360656,17865734.754098363,135.00635633214915,44.84659922236247,0.1455012920156101,0.0,0.992114701314478,0.0036303164620818,17407747.336161297,17407747.336161297,10.0,0.7436228187288835
7.154141026740756,125.350957799138,4.962704098360656,17865734.754098363,43.24198674267351,45.214939744067735,0.1477754164711313,0.0,0.992114701314478,0.0011809492922472,17408966.203290902,17408966.203290902,10.0,0.745162985038884
7.353097618050505,125.42281550824929,4.962704098360656,17865734.754098363,15.9764019739974,44.95691065249789,0.1461808192371122,0.0,0.992114701314478,0.0004316112831595,17408111.543754224,17408111.543754224,10.0,0.7462370557948784
7.22371559299091,125.52196174782368,4.962704098360656,17865734.754098363,52.82492024665848,54.77321207017766,0.2115928504506722,0.0125,0.992114701314478,0.0020398600026298,17420838.395293247,17420838.395293247,10.0,0.7524529530854341
7.097577774174477,125.41364546036148,4.962704098360656,17865734.754098363,179.1465705515975,26.192954298586233,0.0513436724157535,0.0125,0.992114701314478,0.0016786337509509,17334949.316013224,17334949.316013224,10.0,0.7450562647130293
7.16215449844937,125.49974518867197,4.962704098360656,17865734.754098363,2763.6650927347528,80.60795828429433,0.418405536246873,0.0,0.992114701314478,0.2137008523788487,17554016.3813824,17554016.3813824,10.0,0.7521538087725388
7.227995799803603,125.23488648306304,4.962704098360656,17865734.754098363,17.580052938865563,45.524512861116975,0.149697974936967,0.0,0.992114701314478,0.000486361873664,17409996.640878897,17409996.640878897,10.0,0.7432183611888836
7.102751285377424,125.44498726889168,4.962704098360656,17865734.754098363,111.93800138101984,44.54642393287033,0.1436588484891315,0.0,0.992114701314478,0.0029718942271962,17406759.837940995,17406759.837940995,10.0,0.7520391926645106
7.323726243901739,125.4921442986244,4.962704098360656,17865734.754098363,88.39126889323158,42.438497890511066,0.1309989499432221,0.0,0.992114701314478,0.002139935097912,17399974.48625794,17399974.48625794,10.0,0.7489791053944088
7.161617448462715,125.53050055974684,4.962704098360656,17865734.754098363,44.72509710242939,42.77550173968056,0.1329898451272593,0.0125,0.992114701314478,0.0010855011693733,17378709.381973755,17378709.381973755,10.0,0.752670193442912
7.36285757922336,125.42450130181194,4.962704098360656,17865734.754098363,79.77004861311306,43.018116258908705,0.1344309874414805,0.025,0.992114701314478,0.001932267636927,17357149.625520997,17357149.625520997,10.0,0.7462578157438452
7.28927706329041,125.39056422317996,4.962704098360656,17865734.754098363,54.65294294508439,43.70918353583127,0.1385718000194114,0.0,0.992114701314478,0.0013996254475749,17404033.322181754,17404033.322181754,10.0,0.7436710263326789
7.475792960866739,125.46711729368984,4.962704098360656,17865734.754098363,36.3674426163565,50.72851328956448,0.1835021539867949,0.0125,0.992114701314478,0.0012179079123257,17405782.567330804,17405782.567330804,10.0,0.745260218620614
7.500160135676268,125.36840340644218,4.962704098360656,17865734.754098363,166.89018722154665,37.24872294942579,0.1019922532122259,0.0,0.992114701314478,0.0031457297320873,17384427.707761284,17384427.707761284,10.010928961748634,0.7423559580494935
7.031468409177618,125.4545836196097,4.962704098360656,17865734.754098363,113.77998589030638,40.73010132435075,0.121104179769103,0.0,0.992114701314478,0.0025465278318531,17394671.166076437,17394671.166076437,10.0,0.7487646907839485
7.06858417558367,125.37784166933665,4.962704098360656,17865734.754098363,19.43185672918197,44.89939849735045,0.1458263759661929,0.0,0.992114701314478,0.0005236894219982,17407921.572070315,17407921.572070315,10.0,0.7443108418033928
7.438651131071318,125.36813611350112,4.962704098360656,17865734.754098363,206.4786654020648,39.47360851902966,0.114041254625715,0.0,0.992114701314478,0.0043517164516991,17390885.63566044,17390885.63566044,10.0,0.7429298137486698
7.198024973438531,125.62839458782162,4.962704098360656,17865734.754098363,34.456832860585216,45.66385067076485,0.1505666526496266,0.0,0.992114701314478,0.0009587989960701,17410462.22784693,17410462.22784693,10.0,0.7530911100477672
7.34650619580672,125.29126521506043,4.962704098360656,17865734.754098363,43.98844146969564,45.794396658722754,0.1513823944744192,0.025,0.992114701314478,0.0011998915088164,17366235.105773777,17366235.105773777,10.05464480874317,0.7387691739496843
7.193255587722464,125.27498734500692,4.962704098360656,17865734.754098363,95.89604120293568,36.7092847023162,0.0991606053083309,0.0,0.992114701314478,0.0017573702376873,17382910.023650248,17382910.023650248,10.051912568306012,0.737445258194427
7.158205414748823,125.5878954589454,4.962704098360656,17865734.754098363,71.52753737324116,45.30936184052637,0.1483607238084118,0.0,0.992114701314478,0.0019611717797563,17409279.911660027,17409279.911660027,10.0,0.7538959027467806
7.414430600138477,125.54739790797618,4.962704098360656,17865734.754098363,38.37440211303482,45.892925388507074,0.1519992689394043,0.0,0.992114701314478,0.0010779696664184,17411230.07012606,17411230.07012606,10.0,0.7495102528057151
7.372520895075606,125.40360190782056,4.962704098360656,17865734.754098363,29.39143371892187,35.78621086014096,0.0943977125700473,0.0125,0.992114701314478,0.0005063406158143,17358025.077857893,17358025.077857893,10.0,0.7438486982028005
7.062579976350712,125.46942571031502,4.962704098360656,17865734.754098363,203.3138424156374,40.46625290464945,0.1196058213837445,0.0,0.992114701314478,0.0044940995149603,17393868.08787205,17393868.08787205,10.0,0.7488232046160859
7.499459837164073,125.29716143201009,4.962704098360656,17865734.754098363,90.52395806752692,43.6704163154196,0.1383381126481793,0.0125,0.992114701314478,0.0022854193721123,17381575.90384144,17381575.90384144,10.051912568306012,0.7397506964058131
7.247383012913898,125.28550182798772,4.962704098360656,17865734.754098363,359.0068693872487,36.981890642996206,0.10058715771682,0.0,0.992114701314478,0.0066737312555986,17383674.615858532,17383674.615858532,10.05464480874317,0.7375465670971478
7.008208457882808,125.40587091669232,4.962704098360656,17865734.754098363,168.1562301261445,18.884651799323645,0.0269139526048449,0.0,0.992114701314478,0.0008363996927907,17344187.83762809,17344187.83762809,10.0,0.7441985615642922
7.054084498223392,125.44268242402237,4.962704098360656,17865734.754098363,60.31155867160311,46.20974235549525,0.1539897807435004,0.0,0.992114701314478,0.0017163895903494,17412296.928803567,17412296.928803567,10.0,0.7488071139003751
7.274634327442655,125.35766445576124,4.962704098360656,17865734.754098363,156.3450366379514,43.13355159558397,0.1351189819871816,0.0125,0.992114701314478,0.0038553249275393,17379850.53980559,17379850.53980559,10.0,0.7436409168453024
7.276643123659972,125.49885261244631,4.962704098360656,17865734.754098363,7.13023040142218,54.087379528328206,0.2067246153017842,0.0,0.992114701314478,0.0002724075717634,17440561.325799152,17440561.325799152,10.0,0.748887196809485
7.391563212485131,125.52892554240212,4.962704098360656,17865734.754098363,27.011636452864423,44.404391213582514,0.142790472729079,0.0,0.992114701314478,0.0007128096102155,17406294.41281111,17406294.41281111,10.0,0.7494649244902999
6.993956057423089,125.5834822188986,5.225479234972678,18811725.24590164,93.6977182187686,39.5763290836109,0.1146117402774239,0.025,0.992114701314478,0.0019350231111334,18265025.512451444,18265025.512451444,10.0,0.7953434038365712
7.306678251365253,125.3934183612738,4.962704098360656,17865734.754098363,39.98330632701681,45.52344669644767,0.1496913360961374,0.0,0.992114701314478,0.0011061111952606,17409993.082645815,17409993.082645815,10.0,0.7437045630093896
7.504769917769046,125.37991664168496,4.962704098360656,17865734.754098363,166.89018722154665,37.24872294942579,0.1019922532122259,0.0,0.992114701314478,0.0031457297320873,17384427.707761284,17384427.707761284,10.0,0.742364950967495
7.455498114659658,125.44903503329247,4.962704098360656,17865734.754098363,40.587195528924525,42.99218060240055,0.1342766149942001,0.0,0.992114701314478,0.0010071933441667,17401731.223090347,17401731.223090347,10.0,0.7452201355463114
7.177452133540763,125.62538569437896,4.962704098360656,17865734.754098363,198.0273688105529,43.25963789319157,0.1358721485435584,0.0,0.992114701314478,0.0049725490862294,17402586.384465873,17402586.384465873,10.0,0.753051172478325
7.30140596908323,125.4568259104724,4.962704098360656,17865734.754098363,364.5650717092,24.035000665052333,0.0433515893967748,0.0125,0.992114701314478,0.0028843011640726,17330665.78295273,17330665.78295273,10.0,0.7489353870253648
7.215103151078965,125.26794062369508,4.962704098360656,17865734.754098363,147.36915610097228,45.864615772829254,0.1518219209882921,0.0,0.992114701314478,0.004134895114357,17411135.016582448,17411135.016582448,10.05464480874317,0.7374861675273727
7.17632500085852,125.30272468295256,4.962704098360656,17865734.754098363,31.336103192586464,45.71450377460954,0.1508829532077962,0.0125,0.992114701314478,0.0008628706317609,17388299.587660555,17388299.587660555,10.043715846994536,0.7374134413597392
7.24735814358061,125.66240436180362,4.962704098360656,17865734.754098363,74.6354514099468,32.770428453584515,0.079576960785117,0.0375,0.992114701314478,0.0010564687845062,17305417.23236527,17305417.23236527,10.0,0.7531874737811662
7.344971087543998,125.3650866588172,4.962704098360656,17865734.754098363,81.30777061390162,46.11243921382981,0.1533773117424826,0.0,0.992114701314478,0.0023047116323095,17411968.66254205,17411968.66254205,10.0,0.7437971348520531
7.4508243385530895,125.44660506300596,4.962704098360656,17865734.754098363,40.587195528924525,42.99218060240055,0.1342766149942001,0.0,0.992114701314478,0.0010071933441667,17401731.223090347,17401731.223090347,10.0,0.7452109122916
7.030329913206973,125.63331215011388,4.962704098360656,17865734.754098363,82.57187653851352,52.105061512314734,0.192892255014684,0.0125,0.992114701314478,0.0029067485737103,17410815.398959156,17410815.398959156,10.0,0.7538365585519705
7.38110435579191,125.48286201108556,4.962704098360656,17865734.754098363,31.255447135955343,45.27491372255917,0.1481470747510913,0.0125,0.992114701314478,0.0008450439950899,17386833.233295746,17386833.233295746,10.0,0.7462918866630016
7.432844452005761,125.3558270582838,4.962704098360656,17865734.754098363,206.4786654020648,39.47360851902966,0.114041254625715,0.0,0.992114701314478,0.0043517164516991,17390885.63566044,17390885.63566044,10.0,0.7429185057339708
7.181286022771034,125.57728600475424,4.962704098360656,17865734.754098363,107.9645271234512,26.78733071886814,0.0536572525130892,0.0,0.992114701314478,0.0010706140463527,17358521.498706385,17358521.498706385,10.0,0.7523709995272934
7.223563009282027,125.68660343016457,4.962704098360656,17865734.754098363,61.67460371866925,44.84658263905889,0.1455011899598585,0.0,0.992114701314478,0.001658426893452,17407747.281462267,17407747.281462267,10.0,0.7534999577770847
7.011306967631191,125.59824396424573,4.962704098360656,17865734.754098363,93.6977182187686,39.5763290836109,0.1146117402774239,0.025,0.992114701314478,0.0019350231111334,17346527.06313523,17346527.06313523,10.0,0.753800185095699
7.477215145287271,125.48399286929018,4.962704098360656,17865734.754098363,36.67297216167149,45.03976571455776,0.1466920756710809,0.0,0.992114701314478,0.0009942055462548,17408385.562909443,17408385.562909443,10.0,0.7452629662926114
7.198311289486096,125.23532334949545,4.962704098360656,17865734.754098363,26.520992778625683,55.84636928353773,0.2192930798501773,0.0,0.992114701314478,0.0010748259005004,17447297.671415787,17447297.671415787,10.0,0.7431630420972128
7.419531026170397,125.54147030024244,4.962704098360656,17865734.754098363,36.140548188871854,37.1691950970259,0.1015725681129062,0.0,0.992114701314478,0.0006784136660106,17384202.768281344,17384202.768281344,10.0,0.7463635491587265
7.513634425317003,125.51585576466542,4.962704098360656,17865734.754098363,98.35921390821836,48.54224149792674,0.1689661509159426,0.0,0.992114701314478,0.0030714127232443,17420323.844515968,17420323.844515968,10.0,0.745840636113993
6.975442130183508,125.54242076222492,5.225479234972678,18811725.24590164,133.83919514728333,48.54032959421556,0.1689536469957047,0.0875,0.992114701314478,0.0038133544894409,18178120.18022024,18178120.18022024,10.0,0.7986318073763494
7.538000057479212,125.41008318865596,4.962704098360656,17865734.754098363,27.1594195595681,46.37355474671445,0.1550231416640348,0.0,0.992114701314478,0.0007781089971772,17412850.78136691,17412850.78136691,10.0,0.7424303846238491
7.110588841602739,125.539699214998,4.962704098360656,17865734.754098363,64.04096066883157,43.62319415447292,0.1380536828938844,0.0,0.992114701314478,0.0016339142255546,17403755.625887666,17403755.625887666,10.0,0.7525719894244316
7.182285448553473,125.62658797644616,4.962704098360656,17865734.754098363,198.0273688105529,43.25963789319157,0.1358721485435584,0.0,0.992114701314478,0.0049725490862294,17402586.384465873,17402586.384465873,10.0,0.753051172478325
7.150398802351519,125.6268582523079,4.962704098360656,17865734.754098363,71.02411008778326,44.082395614676,0.140829956904273,0.0125,0.992114701314478,0.0018254139724427,17382911.462697275,17382911.462697275,10.0,0.7538810726519182
7.21405573604993,125.50071110909217,4.962704098360656,17865734.754098363,269.30981672749436,53.11640402513912,0.1999043761975193,0.0,0.992114701314478,0.0099494232189735,17436905.868315265,17436905.868315265,10.0,0.7524340763271391
7.532103573433121,125.34939885392224,4.962704098360656,17865734.754098363,13.275323515173165,51.695068531915304,0.1900767122599013,0.0125,0.992114701314478,0.0004605052101349,17409306.346757784,17409306.346757784,10.027322404371585,0.7424192501434672
7.011301978124769,125.30756248008302,4.962704098360656,17865734.754098363,41.97783797054488,46.96671063387074,0.1587884159786914,0.0,0.992114701314478,0.0012318626912616,17414868.863132372,17414868.863132372,10.027322404371585,0.7362427788367055
7.422376823373344,125.38158108035115,4.962704098360656,17865734.754098363,48.59890258355836,48.7941906678642,0.1706171272175059,0.0,0.992114701314478,0.0015324012821354,17421208.72165664,17421208.72165664,10.0,0.7428978708986022
7.221202386766248,125.3597280538115,4.962704098360656,17865734.754098363,2007.8968449563536,44.21049783021795,0.141608570079335,0.0,0.992114701314478,0.0525477776633531,17405660.94603375,17405660.94603375,10.0,0.7449322738250478
7.329637479993828,125.28321191331408,4.962704098360656,17865734.754098363,69.58041270400645,41.95731767718502,0.1281784569448578,0.0,0.992114701314478,0.0016482590098634,17398462.780864406,17398462.780864406,10.043715846994536,0.7390843264344977
7.211086502567238,125.50305760677308,4.962704098360656,17865734.754098363,269.30981672749436,53.11640402513912,0.1999043761975193,0.0,0.992114701314478,0.0099494232189735,17436905.868315265,17436905.868315265,10.0,0.7524340763271391
7.278998919255716,125.65657158214998,4.962704098360656,17865734.754098363,102.44314763482984,44.91768456914204,0.1459390330335852,0.0,0.992114701314478,0.0027629803565465,17407981.95310884,17407981.95310884,10.0,0.7509870581354356
7.193553813252285,125.28203479410554,4.962704098360656,17865734.754098363,95.89604120293568,36.7092847023162,0.0991606053083309,0.0,0.992114701314478,0.0017573702376873,17382910.023650248,17382910.023650248,10.051912568306012,0.7374457491891002
7.179207093869679,125.52191913396751,4.962704098360656,17865734.754098363,147.58004874804158,49.22882506932644,0.173480158559543,0.0,0.992114701314478,0.0047315221641834,17422743.226413123,17422743.226413123,10.0,0.7523666895825807
7.579296984054253,125.4192082065302,4.962704098360656,17865734.754098363,27.970352339024632,36.29784897992343,0.0970247463670845,0.0,0.992114701314478,0.0005015380328643,17381765.262970753,17381765.262970753,10.0,0.743207704078617
7.538884737633197,125.35405858660174,4.962704098360656,17865734.754098363,13.275323515173165,51.695068531915304,0.1900767122599013,0.0125,0.992114701314478,0.0004605052101349,17409306.346757784,17409306.346757784,10.027322404371585,0.7424326438624423
7.167547229862764,125.33034524148904,4.962704098360656,17865734.754098363,320.7440734088234,31.604074449396425,0.0741551649941035,0.0,0.992114701314478,0.0043956536445002,17369507.806728344,17369507.806728344,10.03551912568306,0.737396862091541
7.1506843858503535,125.53098311289506,4.962704098360656,17865734.754098363,30.86182501671059,33.348695565795886,0.0823297769041561,0.0,0.992114701314478,0.0004695717507501,17373889.170171425,17373889.170171425,10.0,0.7526490833422673
7.165695665590914,125.3333547200491,4.962704098360656,17865734.754098363,27.684261208840432,46.152281224208906,0.1536279742101655,0.0,0.992114701314478,0.0007860074475366,17412103.01061686,17412103.01061686,10.03551912568306,0.737396862091541
7.524150584957374,125.29214224719416,4.962704098360656,17865734.754098363,93.13951907140108,39.53942224932796,0.114406625801929,0.0125,0.992114701314478,0.0019446690014529,17368749.29595345,17368749.29595345,10.07103825136612,0.7389434777347753
7.320944395228092,125.3534380089794,4.962704098360656,17865734.754098363,18.515486281324545,45.45795585432648,0.1492837675106048,0.0,0.992114701314478,0.0005108238059408,17409774.63727852,17409774.63727852,10.0,0.7437322416746578
7.265578970418193,125.427843201744,4.962704098360656,17865734.754098363,227.32068153255776,44.72864979017781,0.14477616782805,0.0125,0.992114701314478,0.0060061551898154,17385026.52142671,17385026.52142671,10.0,0.7488655144273723
7.076499295166122,125.5953220756712,4.962704098360656,17865734.754098363,168.75503914166276,49.8529901137928,0.1776244932367035,0.0,0.992114701314478,0.0055396588572099,17424964.473935355,17424964.473935355,10.0,0.753924254531933
7.022398544853258,125.4872105331103,4.962704098360656,17865734.754098363,709.1074268712052,16.14160016048505,0.0197112230407793,0.0,0.992114701314478,0.0025831464273599,17340327.375951175,17340327.375951175,10.0,0.7487478329274977
7.57678968956478,125.5307351189132,4.962704098360656,17865734.754098363,12.78623504042829,58.14158304727009,0.2360889775055422,0.0,0.992114701314478,0.0005578813121591,17456299.802989822,17456299.802989822,10.0,0.7459672509532561
7.237461833698763,125.46349962859529,4.962704098360656,17865734.754098363,95.12410277889737,50.32288236051902,0.1807697552328192,0.0,0.992114701314478,0.0031778966003625,17426650.246432,17426650.246432,10.0,0.7528347551074975
6.998777241045568,125.33560623743764,5.225479234972678,18811725.24590164,41.97783797054488,46.96671063387074,0.1587884159786914,0.0,0.992114701314478,0.0012318626912616,18336986.01013328,18336986.01013328,10.0,0.7813973861535506
7.29145223311814,125.4358677095035,4.962704098360656,17865734.754098363,309.8529190324687,23.524132856241224,0.041553979593464,0.0,0.992114701314478,0.002379532456963,17352034.48279723,17352034.48279723,10.0,0.7489159150225599
6.98931282940107,125.367501397722,5.225479234972678,18811725.24590164,41.97783797054488,46.96671063387074,0.1587884159786914,0.0,0.992114701314478,0.0012318626912616,18336986.01013328,18336986.01013328,10.0,0.7813790550524987
7.205977707223523,125.2711159044532,4.962704098360656,17865734.754098363,283.14378232074347,38.53767200521743,0.108900657991567,0.0125,0.992114701314478,0.0056272739246539,17365798.25113951,17365798.25113951,10.05464480874317,0.7374690624749165
7.409742784177508,125.2466216902847,4.962704098360656,17865734.754098363,34.022922963141454,46.919578298621225,0.158487883434948,0.0,0.992114701314478,0.0009965316724591,17414707.78609103,17414707.78609103,10.019125683060109,0.7420042160762749
7.152430648558221,125.3168796485646,4.962704098360656,17865734.754098363,38.61756338142857,44.33959970983439,0.1423950718250483,0.0,0.992114701314478,0.0010162562884048,17406082.488980927,17406082.488980927,10.032786885245901,0.7365016387137319
7.226832776870479,125.40661576863648,4.962704098360656,17865734.754098363,37.42410011916514,31.814206577123308,0.0751189963208896,0.0,0.992114701314478,0.000519546665552,17370024.393373303,17370024.393373303,10.0,0.744943088041147
7.27418251824558,125.46131038344951,4.962704098360656,17865734.754098363,269.653502765591,48.61345541757891,0.1694321549992657,0.0125,0.992114701314478,0.0083380102367141,17398241.441233754,17398241.441233754,10.0,0.7488823267117944
7.236392960452918,125.37734485904669,4.962704098360656,17865734.754098363,124.69093678573394,44.7128624441755,0.1446792252603837,0.0125,0.992114701314478,0.0032923165526524,17384974.562920704,17384974.562920704,10.0,0.7449614155032299
7.165694427352714,125.34245588625846,4.962704098360656,17865734.754098363,27.684261208840432,46.152281224208906,0.1536279742101655,0.0,0.992114701314478,0.0007860074475366,17412103.01061686,17412103.01061686,10.0,0.7451848964410714
7.267921431142583,125.33388745827124,4.962704098360656,17865734.754098363,1490.0147818170883,77.93766237760279,0.3955121055147191,0.0,0.992114701314478,0.1089115092623875,17541746.14255024,17541746.14255024,10.0,0.7436301010049806
7.104479184330893,125.54528444815324,4.962704098360656,17865734.754098363,67.08354060367864,52.8195267030142,0.1978361909147317,0.0,0.992114701314478,0.0024527039853974,17435797.378824726,17435797.378824726,10.0,0.7525603104984582
7.560572940547416,125.3762137556553,4.962704098360656,17865734.754098363,37.6958936029642,48.39423031257563,0.1679992437073814,0.0,0.992114701314478,0.001170374332108,17419805.609284367,17419805.609284367,10.021857923497267,0.7424754902825735
7.053942263779754,125.55885704448912,4.962704098360656,17865734.754098363,120.05804632336276,43.16272827340544,0.1352931095674162,0.0125,0.992114701314478,0.0029643363109478,17379943.86732045,17379943.86732045,10.0,0.7528291769398348
7.359048940249941,125.27065025815357,4.962704098360656,17865734.754098363,507.5370546192472,36.99270034855798,0.1006439117119957,0.0,0.992114701314478,0.0094401453687911,17383705.034413252,17383705.034413252,10.060109289617486,0.7387934537819566
7.325960911330576,125.33348270056464,4.962704098360656,17865734.754098363,9.831483517944504,49.00300173666657,0.1719902556433516,0.0,0.992114701314478,0.0003124973338793,17421944.680103824,17421944.680103824,10.0,0.7437420076105485
7.507989556240391,125.50065122204356,4.962704098360656,17865734.754098363,16.385285428835015,45.26746702864138,0.1481009066762103,0.0,0.992114701314478,0.0004484718078886,17409140.65694097,17409140.65694097,10.0,0.745829421265719
7.061925313501049,125.51452309973618,4.962704098360656,17865734.754098363,13.649618792076716,45.05534165341672,0.1467882693995231,0.0,0.992114701314478,0.0003702842943124,17408437.120058563,17408437.120058563,10.0,0.7528440427084946
7.348184751770993,125.43555097426906,4.962704098360656,17865734.754098363,66.98530784666394,46.829133917908585,0.157911825277192,0.0125,0.992114701314478,0.0019304330057955,17392066.866580922,17392066.866580922,10.0,0.746227433710073
7.163036768075218,125.60758527383776,4.962704098360656,17865734.754098363,561.7332947093377,18.53024465984006,0.0259219860837897,0.0,0.992114701314478,0.0026910505630797,17343656.171305586,17343656.171305586,10.0,0.7539053963426544
7.225154550315815,125.32135681068377,4.962704098360656,17865734.754098363,59.55014023463298,41.46186718206346,0.1253017214165742,0.0,0.992114701314478,0.0013789967572833,17396920.931047224,17396920.931047224,10.043715846994536,0.7375044859907951
7.006947685843232,125.36993091256628,4.962704098360656,17865734.754098363,64.36054177089046,40.43067519283573,0.1194043970195707,0.0,0.992114701314478,0.0014202455264055,17393760.13004415,17393760.13004415,10.0,0.7441961949003545
7.181276794837615,125.23190092734326,4.962704098360656,17865734.754098363,26.520992778625683,55.84636928353773,0.2192930798501773,0.0,0.992114701314478,0.0010748259005004,17447297.671415787,17447297.671415787,10.0,0.7431296703312628
7.162227420661248,125.57181702593788,4.962704098360656,17865734.754098363,185.7036005187946,45.35763454400232,0.1486603275263822,0.0125,0.992114701314478,0.0050382061383041,17387108.3224341,17387108.3224341,10.0,0.752671633906425
7.068551365892971,125.55000233018453,4.962704098360656,17865734.754098363,344.4654883886991,47.37101916061799,0.1613758954338099,0.0,0.992114701314478,0.010273248678685,17416255.67978118,17416255.67978118,10.0,0.752856914723267
7.133667810560063,125.51580504982208,4.962704098360656,17865734.754098363,67.14703124842406,45.186711479776754,0.1476006196809822,0.0,0.992114701314478,0.0018316328160105,17408872.51709824,17408872.51709824,10.0,0.7526161820459316
7.387287513060132,125.3589573980725,4.962704098360656,17865734.754098363,67.52187915695609,43.78900357251129,0.1390534732009437,0.0,0.992114701314478,0.0017352009636671,17404291.485540736,17404291.485540736,10.0,0.74387717702777
7.106445907476106,125.50329785605231,4.962704098360656,17865734.754098363,675.4934198650843,55.15202363214593,0.2142995234052704,0.0,0.992114701314478,0.0267525846518754,17444621.26476806,17444621.26476806,10.0,0.7525637816563328
7.120986180929811,125.63671112092706,4.962704098360656,17865734.754098363,65.14694747478399,39.665222996407934,0.1151064358748757,0.025,0.992114701314478,0.0013512064591356,17346792.20614507,17346792.20614507,10.0,0.7538243944821562
7.315781139131023,125.51051892174804,4.962704098360656,17865734.754098363,21.07264268832346,53.948301704222686,0.2057425033070756,0.0,0.992114701314478,0.0008012470468526,17440034.941227265,17440034.941227265,10.0,0.7507073561500359
7.396381509388438,125.40759450422802,4.962704098360656,17865734.754098363,31.004682571324793,46.1153903906503,0.1533958730629584,0.0,0.992114701314478,0.0008789504319171,17411978.6108909,17411978.6108909,10.0,0.7438967733195133
7.290474771550926,125.41867614349096,4.962704098360656,17865734.754098363,27.142462515650845,61.20891192845371,0.2591913173260481,0.0,0.992114701314478,0.0013001489651586,17468682.011252787,17468682.011252787,10.0,0.7489139703157704
7.221215040167767,125.46709568870742,4.962704098360656,17865734.754098363,127.651808129667,46.18824874294515,0.1538544045086971,0.0,0.992114701314478,0.0036296130134123,17412224.370926477,17412224.370926477,10.0,0.7528031394623727
7.399603989665618,125.40703852034083,4.962704098360656,17865734.754098363,31.004682571324793,46.1153903906503,0.1533958730629584,0.0,0.992114701314478,0.0008789504319171,17411978.6108909,17411978.6108909,10.0,0.7438967733195133
7.08582904577822,125.30317319722998,4.962704098360656,17865734.754098363,109.35345841406912,46.35748317176759,0.1549216340983766,0.0,0.992114701314478,0.003130891451163,17412796.376149606,17412796.376149606,10.027322404371585,0.7363786330432828
7.261384981084424,125.31933850580197,4.962704098360656,17865734.754098363,195.62911899438225,40.87550767348427,0.1219333583529386,0.0125,0.992114701314478,0.0043532795620099,17372783.41417309,17372783.41417309,10.024590163934427,0.7389541109514676
7.292057441451446,125.39938668226635,4.962704098360656,17865734.754098363,52.2547424055079,49.47711836329792,0.1751241639090945,0.0125,0.992114701314478,0.0016700609037783,17401292.198875785,17401292.198875785,10.0,0.7436763572817712
6.971241142140947,125.5742246197465,5.225479234972678,18811725.24590164,65.64001609380634,44.97223773739768,0.1462753391356589,0.0375,0.992114701314478,0.0017079059427004,18259380.26355459,18259380.26355459,10.0,0.7986238409402778
7.163513154214272,125.40685754146853,4.962704098360656,17865734.754098363,146.2369298103581,53.500129166502035,0.2025895127247988,0.0,0.992114701314478,0.00547516787187,17438345.02642451,17438345.02642451,10.0,0.745180751873932
7.333611275653566,125.50954580639832,4.962704098360656,17865734.754098363,38.64999470044047,45.55150440316568,0.1498660874523535,0.0,0.992114701314478,0.0010704742551551,17410086.74448716,17410086.74448716,10.0,0.749350680028862
7.347113133547996,125.4138166152048,4.962704098360656,17865734.754098363,197.47863461585575,49.95804069128911,0.1783257834327514,0.0,0.992114701314478,0.0065081518194206,17425340.3458742,17425340.3458742,10.0,0.7438010339114337
7.259981468752608,125.66620324975938,4.962704098360656,17865734.754098363,90.1566107002503,45.52481254987494,0.149699841073882,0.0125,0.992114701314478,0.0024630852258446,17387665.47263349,17387665.47263349,10.0,0.7509500088826462
7.201236784346868,125.31195012206923,4.962704098360656,17865734.754098363,58.06564877872646,45.6591984429679,0.1505376157554409,0.0,0.992114701314478,0.0016154284795894,17410446.664883446,17410446.664883446,10.043715846994536,0.7374598178384738
7.041375848583352,125.40660675470842,4.962704098360656,17865734.754098363,56.130768922736095,39.809173794668986,0.1159094880441296,0.0,0.992114701314478,0.0012023845803461,17391886.956541806,17391886.956541806,10.0,0.7442601272436083
7.40089047525198,125.29570566255757,4.962704098360656,17865734.754098363,75.21923680384404,44.51143388236128,0.1434447188621326,0.0,0.992114701314478,0.0019940539549192,17406645.070447423,17406645.070447423,10.057377049180328,0.7388738800716762
7.020469505401362,125.33442168370618,4.962704098360656,17865734.754098363,22.1380307270586,45.533263759349815,0.1497524699964524,0.0,0.992114701314478,0.0006126838026448,17410025.848707244,17410025.848707244,10.0,0.744221230465258
7.087482958045706,125.35097593342762,4.962704098360656,17865734.754098363,75.84324120821711,52.06309095049334,0.1926033058524051,0.0,0.992114701314478,0.0026996287254985,17432992.698729057,17432992.698729057,10.0,0.7450372581359762
7.295300695374555,125.3066859841229,4.962704098360656,17865734.754098363,602.2226327376856,67.23713049528281,0.3065409538681753,0.0,0.992114701314478,0.0341168555389001,17494060.092667725,17494060.092667725,10.03551912568306,0.7390186142475818
7.124737746764019,125.44224584534189,4.962704098360656,17865734.754098363,215.50497010043847,39.57113506960592,0.1145828642064541,0.0,0.992114701314478,0.0045635244693589,17391175.923253734,17391175.923253734,10.0,0.7520668164008026
7.028113533424076,125.45523823377482,4.962704098360656,17865734.754098363,113.77998589030638,40.73010132435075,0.121104179769103,0.0,0.992114701314478,0.0025465278318531,17394671.166076437,17394671.166076437,10.0,0.7487584051583175
7.147690229692614,125.33866115079468,4.962704098360656,17865734.754098363,30.773929962237844,50.725891320113696,0.1834844408704821,0.0,0.992114701314478,0.0010435316432225,17428105.242038295,17428105.242038295,10.0,0.7451507645615884
7.315363725337685,125.36361497681756,4.962704098360656,17865734.754098363,18.515486281324545,45.45795585432648,0.1492837675106048,0.0,0.992114701314478,0.0005108238059408,17409774.63727852,17409774.63727852,10.0,0.7437214223080016
7.308521100614397,125.51338984370032,4.962704098360656,17865734.754098363,87.93350956838533,45.52936292025541,0.1497281770284086,0.0,0.992114701314478,0.0024332199177502,17410012.82835554,17410012.82835554,10.0,0.7506931220338882
7.12072048005942,125.29687580743412,4.962704098360656,17865734.754098363,38.61756338142857,44.33959970983439,0.1423950718250483,0.0,0.992114701314478,0.0010162562884048,17406082.488980927,17406082.488980927,10.03551912568306,0.736443040344274
7.509612103952924,125.29447813193036,4.962704098360656,17865734.754098363,90.52395806752692,43.6704163154196,0.1383381126481793,0.0125,0.992114701314478,0.0022854193721123,17381575.90384144,17381575.90384144,10.065573770491802,0.7389149855628876
7.433738234584742,125.49778918383224,4.962704098360656,17865734.754098363,17.95251269315846,46.680843723744594,0.1569691808985702,0.0,0.992114701314478,0.0005207904999854,17413893.80399047,17413893.80399047,10.0,0.7451770213993681
7.197369584386142,125.35957017153052,4.962704098360656,17865734.754098363,59.83538990902835,43.4046820899644,0.1367407393968185,0.0,0.992114701314478,0.0015120963611345,17403051.924879696,17403051.924879696,10.0,0.7448866868458837
7.4499034934098685,125.41176151259089,4.962704098360656,17865734.754098363,228.46982380909847,38.31514962299382,0.1076937665843656,0.0,0.992114701314478,0.0045471871856914,17387483.559529394,17387483.559529394,10.0,0.7429516304573549
7.090552520500733,125.5880144465359,4.962704098360656,17865734.754098363,557.0704904810066,41.87624068690662,0.1277057910711235,0.0125,0.992114701314478,0.0129831856794999,17375877.27672796,17375877.27672796,10.0,0.753765551778593
7.021425135202479,125.64737440142336,4.962704098360656,17865734.754098363,41.93983534952473,48.7650964308501,0.170426152179588,0.0,0.992114701314478,0.0013209499989257,17421106.364375476,17421106.364375476,10.0,0.753819766356165
7.506068867316729,125.34446602832372,4.962704098360656,17865734.754098363,166.89018722154665,37.24872294942579,0.1019922532122259,0.0,0.992114701314478,0.0031457297320873,17384427.707761284,17384427.707761284,10.027322404371585,0.742367821409473
7.224856935162434,125.30367692867816,4.962704098360656,17865734.754098363,59.55014023463298,41.46186718206346,0.1253017214165742,0.0,0.992114701314478,0.0013789967572833,17396920.931047224,17396920.931047224,10.049180327868852,0.7375040973423176
7.11552607831,125.43334569991552,4.962704098360656,17865734.754098363,90.82797567191024,56.54532477169736,0.2243614232270487,0.0,0.992114701314478,0.0037660947333652,17450014.161768205,17450014.161768205,10.0,0.7520635848148521
7.176628038512781,125.63704043605506,4.962704098360656,17865734.754098363,127.3595501060142,37.55203450827736,0.1035999238987116,0.0,0.992114701314478,0.0024384529012098,17385289.374302987,17385289.374302987,10.0,0.7530496454949649
7.117570599970587,125.47218922314138,4.962704098360656,17865734.754098363,1087.7293882258818,78.10563476386338,0.3969460236223062,0.0,0.992114701314478,0.0797950106767824,17542514.682567317,17542514.682567317,10.0,0.7520678104304694
7.060957807539823,125.33499708965506,4.962704098360656,17865734.754098363,21.97482359879272,31.692078124261815,0.0745581227595195,0.0125,0.992114701314478,0.0002990066762903,17347391.61238234,17347391.61238234,10.0,0.7442965872157207
7.300324167745192,125.45288883373848,4.962704098360656,17865734.754098363,219.19005971782815,52.34007297437868,0.1945132476529808,0.0,0.992114701314478,0.007879405639343,17434016.374137204,17434016.374137204,10.0,0.748933266449556
7.23849505717919,125.4749314070748,4.962704098360656,17865734.754098363,516.8187276621609,31.810027023261277,0.0750997698498854,0.0,0.992114701314478,0.0071729906968012,17370014.088522367,17370014.088522367,10.0,0.7528368318595962
7.091139566616282,125.48349160895808,4.962704098360656,17865734.754098363,45.952987930227245,46.7855159650714,0.1576343184896142,0.0,0.992114701314478,0.0013387144388037,17414250.29914377,17414250.29914377,10.0,0.7520172849048854
7.351240888431092,125.3718000943941,4.962704098360656,17865734.754098363,49.797903775064064,45.1751714169679,0.1475291852259068,0.0,0.992114701314478,0.0013577269061239,17408834.23022744,17408834.23022744,10.0,0.7438092437796363
7.216336541826783,125.44061399373597,4.962704098360656,17865734.754098363,104.084895295639,45.51248184203596,0.149623066699674,0.0,0.992114701314478,0.0028781251895757,17409956.492157947,17409956.492157947,10.0,0.7527935004568206
7.077837178770695,125.4726859459362,4.962704098360656,17865734.754098363,177.7206233963814,41.8997655225849,0.127842860367591,0.0,0.992114701314478,0.0041989212144789,17398282.91048139,17398282.91048139,10.0,0.7488519758769542
6.9887582189521,125.38132215684524,5.225479234972678,18811725.24590164,88.37130218586438,44.94826860944738,0.1461275361796666,0.0125,0.992114701314478,0.0023566974918255,18306326.16381139,18306326.16381139,10.0,0.7813779633356497
7.472276514034748,125.3818097251672,4.962704098360656,17865734.754098363,29.06669669094895,47.612885664193826,0.1629318530275516,0.0,0.992114701314478,0.0008752358425764,17417089.62955093,17417089.62955093,10.0,0.7429957945498203
7.443942656484481,125.51624470859733,4.962704098360656,17865734.754098363,16.170153829807926,44.59131561002881,0.1439337680043014,0.0,0.992114701314478,0.0004301305260597,17406907.187115096,17406907.187115096,10.0,0.7464117593169826
7.093892087670526,125.59822153482531,4.962704098360656,17865734.754098363,54.478602113159056,51.95741759268931,0.1918765213182435,0.0125,0.992114701314478,0.0019076922472599,17410270.994095113,17410270.994095113,10.0,0.7537720368177692
7.240720869620308,125.66064079547824,4.962704098360656,17865734.754098363,1199.780506464696,49.261832852065794,0.1736983577327522,0.0,0.992114701314478,0.0385142045572478,17422860.175069686,17422860.175069686,10.0,0.7531744877890236
7.211449164603976,125.52083645460804,4.962704098360656,17865734.754098363,216.21596232347375,43.88871864243638,0.1396561868317295,0.0125,0.992114701314478,0.0055107214089828,17382282.354753923,17382282.354753923,10.0,0.752429120236233
7.163528748140437,125.6597147475402,4.962704098360656,17865734.754098363,2374.583999959631,27.820097771956444,0.0577913373563746,0.0,0.992114701314478,0.0253614278539091,17360737.25260422,17360737.25260422,10.0,0.7539066976669659
7.345762388505607,125.53410632790472,4.962704098360656,17865734.754098363,95.8709697433034,48.989342345837755,0.1719002989794801,0.0,0.992114701314478,0.0030457003366015,17421896.46584694,17421896.46584694,10.0,0.7493745955999322
7.573354471108849,125.44434042801674,4.962704098360656,17865734.754098363,195.9126067757771,51.118608358094754,0.1861448655156301,0.0,0.992114701314478,0.0067396425531639,17429531.155269597,17429531.155269597,10.0,0.7431956470955164
7.071339099014158,125.38195838557802,4.962704098360656,17865734.754098363,19.43185672918197,44.89939849735045,0.1458263759661929,0.0,0.992114701314478,0.0005236894219982,17407921.572070315,17407921.572070315,10.0,0.7443108418033928
7.505762929506905,125.5428076390237,4.962704098360656,17865734.754098363,37.35285988203183,40.56512467491871,0.1201663570375521,0.0,0.992114701314478,0.0008295263251196,17394168.519311387,17394168.519311387,10.0,0.7458248196120204
7.152696141686784,125.53412763072676,4.962704098360656,17865734.754098363,44.72509710242939,42.77550173968056,0.1329898451272593,0.0125,0.992114701314478,0.0010855011693733,17378709.381973755,17378709.381973755,10.0,0.7526490833422673
7.194175481899156,125.67203244768524,4.962704098360656,17865734.754098363,3833.668787932462,59.48501304576133,0.2461181383018015,0.0,0.992114701314478,0.1743739595539127,17461675.15278759,17461675.15278759,10.0,0.753442787541581
7.218083247294551,125.5717836102302,4.962704098360656,17865734.754098363,50.700260436067936,47.57165186266243,0.1626661653231059,0.0,0.992114701314478,0.0015241609759919,17416947.22836928,17416947.22836928,10.0,0.7524422510717719
7.423769134164197,125.48704180722363,4.962704098360656,17865734.754098363,17.95251269315846,46.680843723744594,0.1569691808985702,0.0,0.992114701314478,0.0005207904999854,17413893.80399047,17413893.80399047,10.0,0.7451574372823171
7.545438736705084,125.46167814062191,4.962704098360656,17865734.754098363,75.39725970040838,37.10818661482754,0.1012511338571112,0.0,0.992114701314478,0.0014108436119272,17384030.488506697,17384030.488506697,10.0,0.7431398676924742
7.376537381046673,125.41868986013256,4.962704098360656,17865734.754098363,26.342358265585588,45.820464729828785,0.1515455027652252,0.0,0.992114701314478,0.0007377702247831,17410986.864142813,17410986.864142813,10.0,0.7462830028901303
7.2213418636231745,125.38178994468056,4.962704098360656,17865734.754098363,1619.9120762071366,48.33649468302026,0.1676226766120345,0.0,0.992114701314478,0.050181961533541,17419603.77984909,17419603.77984909,10.0,0.7449325535866145
7.037931963925472,125.42864118802908,4.962704098360656,17865734.754098363,134.53266922482527,36.423292966506466,0.0976737585236457,0.0,0.992114701314478,0.0024284495062528,17382113.11534199,17382113.11534199,10.0,0.7487767075618595
7.38980067448434,125.26158299661353,4.962704098360656,17865734.754098363,63.70412972015328,48.88221261255955,0.1711954216405845,0.0,0.992114701314478,0.0020155016218877,17421518.67129981,17421518.67129981,10.062841530054644,0.738852784554141
7.386825442668365,125.5319799805519,4.962704098360656,17865734.754098363,31.08613043262231,45.93052569916593,0.1522349505727845,0.0,0.992114701314478,0.0008745898933978,17411356.38889251,17411356.38889251,10.0,0.7494649244902999
7.461684647107257,125.31246217748917,4.962704098360656,17865734.754098363,29.348586276604976,39.55961809347142,0.1145188469864691,0.0,0.992114701314478,0.0006211372454845,17391141.611813575,17391141.611813575,10.043715846994536,0.7396765746909384
7.116449400164183,125.63035250602256,4.962704098360656,17865734.754098363,399.1565448431553,31.81443464046502,0.0751200455058641,0.0,0.992114701314478,0.0055414384774337,17370024.955707118,17370024.955707118,10.0,0.753815616727686
7.040241746130481,125.53789415942148,4.962704098360656,17865734.754098363,87.27663522427123,47.47316999755035,0.1620323101114019,0.075,0.992114701314478,0.0024174904662998,17282614.489040997,17282614.489040997,10.0,0.752803004941926
7.046277483877638,125.34955591164464,4.962704098360656,17865734.754098363,37.64164548447054,42.97728230925873,0.1341879722741537,0.0,0.992114701314478,0.000933481272049,17401683.713070624,17401683.713070624,10.0,0.7442705680608969
7.394507967794298,125.35356934011084,4.962704098360656,17865734.754098363,30.20928597221454,53.28138654536931,0.2010572074318924,0.0125,0.992114701314478,0.0011084615417594,17415191.585184127,17415191.585184127,10.0,0.7438934272153847
7.411822347527444,125.47757450615204,4.962704098360656,17865734.754098363,71.9214354315892,43.1247734696897,0.1350666122945706,0.0,0.992114701314478,0.0017952699960875,17402154.639557093,17402154.639557093,10.0,0.7463523410111546
7.36251049072423,125.33994199637736,4.962704098360656,17865734.754098363,218.5527506353673,46.2316659354418,0.1541279152655257,0.0,0.992114701314478,0.0062253102455774,17412370.965045493,17412370.965045493,10.0,0.7438312644032041
7.401452786191139,125.4092777336472,4.962704098360656,17865734.754098363,31.004682571324793,46.1153903906503,0.1533958730629584,0.0,0.992114701314478,0.0008789504319171,17411978.6108909,17411978.6108909,10.0,0.7438967733195133
7.216083334444432,125.22873210423973,4.962704098360656,17865734.754098363,17.580052938865563,45.524512861116975,0.149697974936967,0.0,0.992114701314478,0.000486361873664,17409996.640878897,17409996.640878897,10.0,0.7431957089512553
7.564180005414706,125.43050817377843,4.962704098360656,17865734.754098363,27.1594195595681,46.37355474671445,0.1550231416640348,0.0,0.992114701314478,0.0007781089971772,17412850.78136691,17412850.78136691,10.0,0.7431774294100814
7.165515942929302,125.62716505636271,4.962704098360656,17865734.754098363,64.37669982656023,44.679252568381145,0.1444729328898887,0.025,0.992114701314478,0.0016758812168162,17362531.82753489,17362531.82753489,10.0,0.7539103323554062
7.274391846516843,125.4787588205352,4.962704098360656,17865734.754098363,315.03239565895984,56.31836040632021,0.2227111001764945,0.0,0.992114701314478,0.0129664323355996,17449129.63475181,17449129.63475181,10.0,0.7488827731122998
7.173243133469517,125.52079793634108,4.962704098360656,17865734.754098363,69.84960822175654,53.70276091700091,0.2040128286142029,0.0,0.992114701314478,0.0026335700271787,17439107.883949053,17439107.883949053,10.0,0.7523551648654638
7.252713879257017,125.44809267325824,4.962704098360656,17865734.754098363,208.0041099693236,51.674146248528835,0.1899334571247369,0.0125,0.992114701314478,0.0072099775557773,17409229.56601037,17409229.56601037,10.0,0.7488405817492352
7.375074124994444,125.33280519858413,4.962704098360656,17865734.754098363,47.5985964895131,46.982735091509774,0.1588906462297284,0.0,0.992114701314478,0.0013977062187452,17414923.65568884,17414923.65568884,10.049180327868852,0.7388237141476262
7.123677995350617,125.356350731643,4.962704098360656,17865734.754098363,72.65274746076355,41.2226687673841,0.1239228784667741,0.0,0.992114701314478,0.0016638989739277,17396181.909774967,17396181.909774967,10.0,0.7451053837512281
7.222527822667493,125.49862058132376,4.962704098360656,17865734.754098363,269.30981672749436,53.11640402513912,0.1999043761975193,0.0,0.992114701314478,0.0099494232189735,17436905.868315265,17436905.868315265,10.0,0.752805868841389
7.486306876403177,125.32255625483376,4.962704098360656,17865734.754098363,40.82090922287595,44.333268716804554,0.1423564604061667,0.0,0.992114701314478,0.0010739480498257,17406061.79433988,17406061.79433988,10.043715846994536,0.739724663297587
7.065144675100227,125.63032349866138,4.962704098360656,17865734.754098363,18.309081441588575,45.78694924657221,0.1513358091627688,0.0375,0.992114701314478,0.0004928700368428,17343877.968906507,17343877.968906507,10.0,0.7539028278466107
7.174554450316175,125.22119249094776,4.962704098360656,17865734.754098363,26.520992778625683,55.84636928353773,0.2192930798501773,0.0,0.992114701314478,0.0010748259005004,17447297.671415787,17447297.671415787,10.0,0.7431169824073407
7.459206144334861,125.28393505401743,4.962704098360656,17865734.754098363,290.222593503994,30.292271410078605,0.068268200924855,0.0,0.992114701314478,0.0036616185173837,17366352.5585713,17366352.5585713,10.051912568306012,0.7396719824838366
7.209588234583016,125.2730840963316,4.962704098360656,17865734.754098363,147.36915610097228,45.864615772829254,0.1518219209882921,0.0,0.992114701314478,0.004134895114357,17411135.016582448,17411135.016582448,10.05464480874317,0.7374690624749165
7.230854158057176,125.29143340371684,4.962704098360656,17865734.754098363,38.45276005870878,40.157453871939715,0.1178624422323365,0.0,0.992114701314478,0.0008375801432219,17392933.68538721,17392933.68538721,10.051912568306012,0.7375154620838537
7.562207401713366,125.5147866122596,4.962704098360656,17865734.754098363,7.887337573353654,35.04732086079143,0.0906609772916587,0.0,0.992114701314478,0.0001321521533099,17378354.460660618,17378354.460660618,10.0,0.7459379783610431
7.469860673256647,125.2837760405141,4.962704098360656,17865734.754098363,52.97655984751353,45.73199256208047,0.1509922243725806,0.0,0.992114701314478,0.0014782972022834,17410690.322392568,17410690.322392568,10.051912568306012,0.739692809099331
7.530993756925098,125.34738792974628,4.962704098360656,17865734.754098363,13.275323515173165,51.695068531915304,0.1900767122599013,0.0125,0.992114701314478,0.0004605052101349,17409306.346757784,17409306.346757784,10.027322404371585,0.7424192501434672
7.028862327663091,125.53578587445487,4.962704098360656,17865734.754098363,348.07303945520357,46.94214126024653,0.1586317240857636,0.0125,0.992114701314478,0.0100767608870734,17392452.712215837,17392452.712215837,10.0,0.7527814142505187
7.070768035658079,125.61687514311984,4.962704098360656,17865734.754098363,133.70420781476014,57.379657321238454,0.2304650694973783,0.025,0.992114701314478,0.0055523677187274,17408621.208641917,17408621.208641917,10.0,0.7539134648643452
7.314900360288762,125.42070150767732,4.962704098360656,17865734.754098363,107.79388560233394,52.91406979170906,0.1984939442458783,0.0,0.992114701314478,0.0039542562307034,17436149.91622116,17436149.91622116,10.0,0.748961698543855
7.401930357225827,125.45776074693768,4.962704098360656,17865734.754098363,38.37723378154609,45.860017625899665,0.1517931235360942,0.0,0.992114701314478,0.0010765871317287,17411119.581953168,17411119.581953168,10.0,0.7463328798592795
7.429005279870286,125.26324981058424,4.962704098360656,17865734.754098363,55.99150850026849,45.61718487957106,0.1502754923477593,0.0,0.992114701314478,0.0015550120067481,17410306.17406521,17410306.17406521,10.051912568306012,0.7396106002205877
7.2321381213624,125.43878898854902,4.962704098360656,17865734.754098363,119.19376044338443,49.99017787048584,0.1785405389548217,0.0,0.992114701314478,0.0039329079507861,17425455.44883003,17425455.44883003,10.0,0.7528242418145225
7.467733869777792,125.38705370656533,4.962704098360656,17865734.754098363,228.46982380909847,38.31514962299382,0.1076937665843656,0.0,0.992114701314478,0.0045471871856914,17387483.559529394,17387483.559529394,10.0,0.7429868206137612
7.165080726916477,125.41742611265832,4.962704098360656,17865734.754098363,106.18851831008166,41.19776493440487,0.1237796983462749,0.0,0.992114701314478,0.0024291279991207,17396105.16923332,17396105.16923332,10.0,0.7521588645552791
7.536308629703776,125.45320035030716,4.962704098360656,17865734.754098363,17.414719677638455,45.02265454940715,0.1465864308053877,0.0,0.992114701314478,0.000471773646644,17408328.940214984,17408328.940214984,10.0,0.7431217672858661
7.52723897788662,125.28661105602016,4.962704098360656,17865734.754098363,93.13951907140108,39.53942224932796,0.114406625801929,0.0125,0.992114701314478,0.0019446690014529,17368749.29595345,17368749.29595345,10.07103825136612,0.7389496021303333
7.000068644689605,125.47362305158222,4.962704098360656,17865734.754098363,82.8325660050715,31.9103054143267,0.075561686412047,0.0,0.992114701314478,0.0011567144908285,17370261.66288571,17370261.66288571,10.0,0.7487060370237649
7.459393211692497,125.42685061714936,4.962704098360656,17865734.754098363,228.46982380909847,38.31514962299382,0.1076937665843656,0.0,0.992114701314478,0.0045471871856914,17387483.559529394,17387483.559529394,10.0,0.7452279206018052
7.065340413622862,125.61236593693836,4.962704098360656,17865734.754098363,151.79538269280653,45.18974620807737,0.147619407408883,0.0375,0.992114701314478,0.0039858979569752,17341886.08146727,17341886.08146727,10.0,0.7539030647428793
7.515372497888615,125.28802829969332,4.962704098360656,17865734.754098363,93.13951907140108,39.53942224932796,0.114406625801929,0.0125,0.992114701314478,0.0019446690014529,17368749.29595345,17368749.29595345,10.07103825136612,0.7389434777347753
7.016462591624536,125.6104823281891,4.962704098360656,17865734.754098363,22.98765503856812,47.81256226405448,0.1642209251772088,0.025,0.992114701314478,0.0006802228246805,17373116.199298825,17373116.199298825,10.0,0.7538254790301275
7.435471409025069,125.40678638275908,4.962704098360656,17865734.754098363,228.46982380909847,38.31514962299382,0.1076937665843656,0.0,0.992114701314478,0.0045471871856914,17387483.559529394,17387483.559529394,10.0,0.7429233596703985
7.444910751252079,125.34106667757648,4.962704098360656,17865734.754098363,50.8395273486621,60.542292885057634,0.2541095135648224,0.0,0.992114701314478,0.0023875135666907,17465958.306510676,17465958.306510676,10.0,0.7429422483030165
7.443570706595161,125.45939736869448,4.962704098360656,17865734.754098363,40.587195528924525,42.99218060240055,0.1342766149942001,0.0,0.992114701314478,0.0010071933441667,17401731.223090347,17401731.223090347,10.0,0.7451965469833062
7.195194583309951,125.4404535695475,4.962704098360656,17865734.754098363,257.5838428007076,34.842201440151975,0.0896356874882647,0.0,0.992114701314478,0.0042670034178217,17377804.93399041,17377804.93399041,10.0,0.752752459854122
7.091569648640525,125.32271577427728,4.962704098360656,17865734.754098363,109.35345841406912,46.35748317176759,0.1549216340983766,0.0,0.992114701314478,0.003130891451163,17412796.376149606,17412796.376149606,10.021857923497267,0.7363890498572362
7.033451995190396,125.578008896328,4.962704098360656,17865734.754098363,73.39152192348816,44.79879722168667,0.1452072358136139,0.0125,0.992114701314478,0.0019448883515607,17385257.561815444,17385257.561815444,10.0,0.7527904215340397
7.490887488985685,125.30168870772494,4.962704098360656,17865734.754098363,39.90270824959279,45.71687867645084,0.1508977898518764,0.0,0.992114701314478,0.0011127783579826,17410639.70812961,17410639.70812961,10.049180327868852,0.7397338322899317
7.380738910195327,125.2833989485434,4.962704098360656,17865734.754098363,173.53170796352867,51.936756754608304,0.1917345456905353,0.0,0.992114701314478,0.006148973607624,17432527.067570552,17432527.067570552,10.057377049180328,0.7388350933673438
7.211443178767045,125.43280384860454,4.962704098360656,17865734.754098363,212.10327698950513,40.753207485148074,0.1212357795309687,0.0,0.992114701314478,0.0047522754660217,17394741.69986961,17394741.69986961,10.0,0.7527839446234413
7.081125201980561,125.6362173514896,4.962704098360656,17865734.754098363,87.43845107852452,49.73792782983895,0.1768576111463493,0.0,0.992114701314478,0.0028579171150836,17424553.446574938,17424553.446574938,10.0,0.7539334098261415
7.382384991500252,125.32348731292682,4.962704098360656,17865734.754098363,33.45791203407133,44.63520468072129,0.1442027588094497,0.0,0.992114701314478,0.0008916528932097,17407051.358666375,17407051.358666375,10.051912568306012,0.7388378892005742
7.433475609770512,125.35623727955428,4.962704098360656,17865734.754098363,206.4786654020648,39.47360851902966,0.114041254625715,0.0,0.992114701314478,0.0043517164516991,17390885.63566044,17390885.63566044,10.0,0.7429185057339708
7.3140713867437,125.48924880353786,4.962704098360656,17865734.754098363,88.39126889323158,42.438497890511066,0.1309989499432221,0.0,0.992114701314478,0.002139935097912,17399974.48625794,17399974.48625794,10.0,0.7489602025549453
7.272032439108643,125.5061009775382,4.962704098360656,17865734.754098363,7.13023040142218,54.087379528328206,0.2067246153017842,0.0,0.992114701314478,0.0002724075717634,17440561.325799152,17440561.325799152,10.0,0.7506217332119615
7.228162121419124,125.34237728514567,4.962704098360656,17865734.754098363,201.10272402579864,49.82930078150552,0.1774664991076347,0.0,0.992114701314478,0.0065956523190666,17424879.793499272,17424879.793499272,10.0,0.744945605533646
7.206539664463925,125.48675603029542,4.962704098360656,17865734.754098363,67.34443918843697,30.98556177163673,0.0713514698446549,0.0125,0.992114701314478,0.0008769305255939,17345672.93606958,17345672.93606958,10.0,0.7527747388775974
7.295239744491716,125.34741891648528,4.962704098360656,17865734.754098363,50.15307702158783,43.08264223382428,0.1348153794914253,0.0,0.992114701314478,0.0012495695705804,17402019.98579842,17402019.98579842,10.0,0.7436826266999779
7.322637044732224,125.36854677246257,4.962704098360656,17865734.754098363,214.43343652442985,34.357117468314414,0.0872319440915207,0.0,0.992114701314478,0.0034569370888084,17376516.594732117,17376516.594732117,10.0,0.7437354712129857
6.999133717969627,125.54211620661734,5.225479234972678,18811725.24590164,1298.4082969969384,43.452387424583094,0.1370269297339134,0.0,0.992114701314478,0.032880667684881,18324704.87712791,18324704.87712791,10.0,0.7986795903761018
7.265471430497878,125.44298409685608,4.962704098360656,17865734.754098363,335.0476383896127,46.26884056102258,0.1543622582066963,0.0125,0.992114701314478,0.0094386136110627,17390164.397867724,17390164.397867724,10.0,0.7488653429236528
7.3367175562107025,125.3207921169398,4.962704098360656,17865734.754098363,242.0378400884071,19.99361662086948,0.0301346401228208,0.0,0.992114701314478,0.0013479466291257,17345914.03609575,17345914.03609575,10.049180327868852,0.7387501390699198
7.397619776608095,125.31134789916317,4.962704098360656,17865734.754098363,24.7779423895623,46.08917212245779,0.153231006417372,0.0,0.992114701314478,0.000701673882773,17411890.2469781,17411890.2469781,10.05464480874317,0.7388674084556759
7.020620511336551,125.3202712757874,4.962704098360656,17865734.754098363,22.1380307270586,45.533263759349815,0.1497524699964524,0.0,0.992114701314478,0.0006126838026448,17410025.848707244,17410025.848707244,10.021857923497267,0.7362596130927974
7.2308110917387936,125.31686267932814,4.962704098360656,17865734.754098363,59.55014023463298,41.46186718206346,0.1253017214165742,0.0,0.992114701314478,0.0013789967572833,17396920.931047224,17396920.931047224,10.043715846994536,0.7375044859907951
7.164334693220715,125.63018535730713,4.962704098360656,17865734.754098363,69.91418146017537,44.32462100150859,0.1423037268326491,0.0125,0.992114701314478,0.0018156915596293,17383701.362176143,17383701.362176143,10.0,0.7539080642433846
6.992112490266568,125.390612831875,5.225479234972678,18811725.24590164,88.37130218586438,44.94826860944738,0.1461275361796666,0.0125,0.992114701314478,0.0023566974918255,18306326.16381139,18306326.16381139,10.0,0.7813844226464168
7.128224284915414,125.38898742911869,4.962704098360656,17865734.754098363,159.81672402865735,39.2827583549733,0.1129846130706141,0.0,0.992114701314478,0.0033370671492824,17390319.305327833,17390319.305327833,10.0,0.745113975609202
7.089628012740322,125.51038220346128,4.962704098360656,17865734.754098363,205.2683952798506,50.45540125439545,0.1816606719004994,0.0,0.992114701314478,0.0068913835560976,17427127.75285818,17427127.75285818,10.0,0.7525316141890035
7.358672161661855,125.27290293650148,4.962704098360656,17865734.754098363,507.5370546192472,36.99270034855798,0.1006439117119957,0.0,0.992114701314478,0.0094401453687911,17383705.034413252,17383705.034413252,10.060109289617486,0.7387934537819566
7.509903871325109,125.27608870796044,4.962704098360656,17865734.754098363,93.13951907140108,39.53942224932796,0.114406625801929,0.0125,0.992114701314478,0.0019446690014529,17368749.29595345,17368749.29595345,10.07103825136612,0.7389157886530777
7.216865120875362,125.23877858539228,4.962704098360656,17865734.754098363,17.580052938865563,45.524512861116975,0.149697974936967,0.0,0.992114701314478,0.000486361873664,17409996.640878897,17409996.640878897,10.0,0.7431971646773424
7.479898693954736,125.49425600016174,4.962704098360656,17865734.754098363,59.335253228909934,50.27056847784852,0.1804185219735375,0.0375,0.992114701314478,0.0019042241905213,17359465.489896715,17359465.489896715,10.0,0.7452682410713835
7.2768913300938145,125.4567408234168,4.962704098360656,17865734.754098363,269.653502765591,48.61345541757891,0.1694321549992657,0.0125,0.992114701314478,0.0083380102367141,17398241.441233754,17398241.441233754,10.0,0.7488875880698588
7.336055875124653,125.40824605583664,4.962704098360656,17865734.754098363,204.05554439205065,52.01602724132423,0.1922794887669808,0.0,0.992114701314478,0.0072511147370402,17432819.141824346,17432819.141824346,10.0,0.7437796709917209
7.164781881872806,125.27900643934498,4.962704098360656,17865734.754098363,28.83854245371696,44.88403266075533,0.1457317378148104,0.0125,0.992114701314478,0.0007669869483027,17385538.680224385,17385538.680224385,10.046448087431694,0.7365249177814555
7.221674911428192,125.38961243163148,4.962704098360656,17865734.754098363,41.06963103056342,50.09240085697291,0.1792243124540452,0.0125,0.992114701314478,0.0013433161850764,17403489.763866477,17403489.763866477,10.0,0.7449331958205424
7.367493468279044,125.42454964981408,4.962704098360656,17865734.754098363,24.837755346736863,40.24146232586863,0.1183356297092377,0.025,0.992114701314478,0.0005296096694954,17348522.963760503,17348522.963760503,10.0,0.7462652526205786
7.170093424334096,125.40535259296364,4.962704098360656,17865734.754098363,146.2369298103581,53.500129166502035,0.2025895127247988,0.0,0.992114701314478,0.00547516787187,17438345.02642451,17438345.02642451,10.0,0.7448347493328811
7.325130859518931,125.43391508400045,4.962704098360656,17865734.754098363,107.79388560233394,52.91406979170906,0.1984939442458783,0.0,0.992114701314478,0.0039542562307034,17436149.91622116,17436149.91622116,10.0,0.7489817586279515
7.384125572588394,125.43908107869429,4.962704098360656,17865734.754098363,44.80700399409231,49.560103846939775,0.1756749911679109,0.0125,0.992114701314478,0.0014365355221414,17401587.426886823,17401587.426886823,10.0,0.7462978810251641
7.164541483898389,125.4834832021706,4.962704098360656,17865734.754098363,102.677355956358,41.22840327935084,0.1239558580794943,0.0,0.992114701314478,0.0023521507462577,17396199.58592536,17396199.58592536,10.0,0.7521583025865135
7.202137630892037,125.38340542419768,4.962704098360656,17865734.754098363,119.60281164433825,47.84451734362684,0.1644275997239986,0.0125,0.992114701314478,0.0035890262073381,17395559.13952045,17395559.13952045,10.0,0.7448958137354063
7.208960814986372,125.56439921498205,4.962704098360656,17865734.754098363,60.87476560599658,45.382186142343336,0.1488128022968604,0.025,0.992114701314478,0.0016323212394543,17364857.87620566,17364857.87620566,10.0,0.7524245102673683
7.321712863952581,125.32048550613338,4.962704098360656,17865734.754098363,242.0378400884071,19.99361662086948,0.0301346401228208,0.0,0.992114701314478,0.0013479466291257,17345914.03609575,17345914.03609575,10.030054644808743,0.7390688622357392
7.123427225048465,125.57995067786516,4.962704098360656,17865734.754098363,264.8470933596571,52.32452223120128,0.1944058272401516,0.0,0.992114701314478,0.0095154188218914,17433958.799799122,17433958.799799122,10.0,0.7525969152207679
7.390747596802684,125.50410394989068,4.962704098360656,17865734.754098363,71.17008894187332,45.04820772231547,0.1467442084983603,0.0,0.992114701314478,0.001930109274642,17408413.504647367,17408413.504647367,10.0,0.7494632820230072
7.556360894958023,125.40582872051684,4.962704098360656,17865734.754098363,24.21271178177608,45.22184927941484,0.1478182151461869,0.0,0.992114701314478,0.0006614466258044,17408989.14218419,17408989.14218419,10.0,0.7424668471035363
6.973444754649801,125.48744902983702,5.225479234972678,18811725.24590164,330.35538115122387,48.55735912538396,0.1690650337318815,0.0,0.992114701314478,0.0103218751064007,18342785.63742219,18342785.63742219,10.0,0.787928038804149
7.258758420864259,125.45567511597984,4.962704098360656,17865734.754098363,335.0476383896127,46.26884056102258,0.1543622582066963,0.0125,0.992114701314478,0.0094386136110627,17390164.397867724,17390164.397867724,10.0,0.7488523330149462
7.527040750821907,125.37620431933,4.962704098360656,17865734.754098363,25.99833176436132,49.2553251599909,0.1736553298196655,0.025,0.992114701314478,0.0008135076350872,17378172.776425976,17378172.776425976,10.013661202185792,0.7424089876756852
7.32327543902251,125.39651285313823,4.962704098360656,17865734.754098363,136.6832622954209,44.97607386125087,0.1462989999130923,0.0,0.992114701314478,0.0036955587604736,17408174.885292526,17408174.885292526,10.0,0.7437366225092192
7.060525346618656,125.34724867044068,4.962704098360656,17865734.754098363,21.97482359879272,31.692078124261815,0.0745581227595195,0.0125,0.992114701314478,0.0002990066762903,17347391.61238234,17347391.61238234,10.0,0.7442873349656834
7.342239912137006,125.3075699670724,4.962704098360656,17865734.754098363,43.98844146969564,45.794396658722754,0.1513823944744192,0.025,0.992114701314478,0.0011998915088164,17366235.105773777,17366235.105773777,10.051912568306012,0.7387608428708692
7.199455594033427,125.6387537124186,4.962704098360656,17865734.754098363,81.22382742121275,41.80965964622778,0.1273181916870446,0.0,0.992114701314478,0.0019111612490797,17398001.702736977,17398001.702736977,10.0,0.7530939495169788
7.482998469177488,125.26608285983752,4.962704098360656,17865734.754098363,485.9863886478462,42.78291181669305,0.1330337640594828,0.0,0.992114701314478,0.0119483903930202,17401065.089736193,17401065.089736193,10.057377049180328,0.7397186892546167
7.322830324196241,125.44864705546584,4.962704098360656,17865734.754098363,269.46215496992716,41.32578614477728,0.124516489192454,0.0,0.992114701314478,0.0062008048649049,17396500.06852813,17396500.06852813,10.0,0.7489772774351302
7.1965457365989645,125.421413233316,4.962704098360656,17865734.754098363,40.12640376002892,48.107602801338416,0.1661331080108729,0.0,0.992114701314478,0.0012319975598628,17418805.4127233,17418805.4127233,10.0,0.7527549620220267
7.033119885567257,125.41788331504318,4.962704098360656,17865734.754098363,33.92666536693495,47.08009883570312,0.159512365020985,0.0,0.992114701314478,0.0010001357426947,17415256.879579328,17415256.879579328,10.0,0.7487676333276295
7.15355121371219,125.35398964829452,4.962704098360656,17865734.754098363,43.24198674267351,45.214939744067735,0.1477754164711313,0.0,0.992114701314478,0.0011809492922472,17408966.203290902,17408966.203290902,10.0,0.745162985038884
7.2574061645483825,125.46720473912865,4.962704098360656,17865734.754098363,269.653502765591,48.61345541757891,0.1694321549992657,0.0125,0.992114701314478,0.0083380102367141,17398241.441233754,17398241.441233754,10.0,0.7488497360507578
7.062346383167393,125.54857855499408,4.962704098360656,17865734.754098363,357.4101607757319,59.738605834947016,0.2480271228342092,0.0,0.992114701314478,0.0163828512934126,17462698.315126754,17462698.315126754,10.0,0.752845089662215
7.200930196791596,125.53812512727912,4.962704098360656,17865734.754098363,272.637547772646,45.64450837912983,0.1504459428011139,0.0125,0.992114701314478,0.0074856009289185,17388065.36230024,17388065.36230024,10.0,0.7524088093651874
6.9822547889217,125.51432919252562,5.225479234972678,18811725.24590164,32.85513668129037,46.607209325593494,0.1565019584796703,0.0875,0.992114701314478,0.0008671202870283,18171093.047923904,18171093.047923904,10.0,0.7986450938178259
7.295455681391913,125.43903757191497,4.962704098360656,17865734.754098363,309.8529190324687,23.524132856241224,0.041553979593464,0.0,0.992114701314478,0.002379532456963,17352034.48279723,17352034.48279723,10.0,0.7489242204704926
7.046907033663386,125.32038355719264,4.962704098360656,17865734.754098363,21.97482359879272,31.692078124261815,0.0745581227595195,0.0125,0.992114701314478,0.0002990066762903,17347391.61238234,17347391.61238234,10.027322404371585,0.7363075024091292
7.179758341295025,125.30798482806304,4.962704098360656,17865734.754098363,31.336103192586464,45.71450377460954,0.1508829532077962,0.0125,0.992114701314478,0.0008628706317609,17388299.587660555,17388299.587660555,10.040983606557377,0.7374197874167525
7.481703652965625,125.41182822387914,4.962704098360656,17865734.754098363,228.46982380909847,38.31514962299382,0.1076937665843656,0.0,0.992114701314478,0.0045471871856914,17387483.559529394,17387483.559529394,10.0,0.7430141800370738
7.522263361624431,125.53013434082834,4.962704098360656,17865734.754098363,47.48965298319286,44.80753876214117,0.1452609913559093,0.0,0.992114701314478,0.0012748861961065,17407618.541725874,17407618.541725874,10.0,0.745852736795284
7.23489833272367,125.52177245669309,4.962704098360656,17865734.754098363,35.340118680370495,45.15197330322573,0.1473856292193259,0.0,0.992114701314478,0.0009626015628435,17408757.288221363,17408757.288221363,10.0,0.7524747094770587
6.9795290527378695,125.4243373557064,5.225479234972678,18811725.24590164,275.7084437077741,46.24084520273373,0.1541857663765032,0.0,0.992114701314478,0.0078562947626501,18334388.496741697,18334388.496741697,10.0,0.7879396545299845
7.152231419697919,125.55609403685352,4.962704098360656,17865734.754098363,51.03490669266419,61.42117105345735,0.2608162967346097,0.0125,0.992114701314478,0.0024291960849141,17447220.78634299,17447220.78634299,10.0,0.7526522320505906
6.995070650279222,125.27394748373888,5.225479234972678,18811725.24590164,41.97783797054488,46.96671063387074,0.1587884159786914,0.0,0.992114701314478,0.0012318626912616,18336986.01013328,18336986.01013328,10.057377049180328,0.772301847781849
7.057387437669652,125.6179198991096,4.962704098360656,17865734.754098363,59.02467470723451,45.464621298912526,0.1493252275778709,0.0,0.992114701314478,0.0016288841843895,17409796.85871546,17409796.85871546,10.0,0.7538879333726013
7.551063182483741,125.4741305379228,4.962704098360656,17865734.754098363,44.14990640203688,56.46722755253168,0.2237930665295182,0.0,0.992114701314478,0.0018259960486434,17449709.538468093,17449709.538468093,10.0,0.7431509780186971
7.214246216073914,125.48974157713371,4.962704098360656,17865734.754098363,171.0762639781715,54.714970821850024,0.2111778220197191,0.0125,0.992114701314478,0.0065932354817524,17420615.951657362,17420615.951657362,10.0,0.7527747388775974
6.997209623149654,125.43102286794652,5.225479234972678,18811725.24590164,216.1862068159012,22.279999892410046,0.0373289410424778,0.0,0.992114701314478,0.0014914100673957,18268440.142002936,18268440.142002936,10.0,0.7879744706408021
7.142021536332882,125.30841128507868,4.962704098360656,17865734.754098363,38.61756338142857,44.33959970983439,0.1423950718250483,0.0,0.992114701314478,0.0010162562884048,17406082.488980927,17406082.488980927,10.03551912568306,0.7364823916334702
7.473141458051991,125.27847055380154,4.962704098360656,17865734.754098363,52.97655984751353,45.73199256208047,0.1509922243725806,0.0,0.992114701314478,0.0014782972022834,17410690.322392568,17410690.322392568,10.051912568306012,0.739692809099331
7.309255905683035,125.47929947250292,4.962704098360656,17865734.754098363,88.39126889323158,42.438497890511066,0.1309989499432221,0.0,0.992114701314478,0.002139935097912,17399974.48625794,17399974.48625794,10.0,0.7489507683737363
7.2071710450513,125.436484485619,4.962704098360656,17865734.754098363,194.1099875374757,40.087346151992584,0.1174681810947129,0.0,0.992114701314478,0.0042139710214856,17392722.372439947,17392722.372439947,10.0,0.7527756694140848
7.210526397700792,125.39101586242072,4.962704098360656,17865734.754098363,195.81851407504777,52.47358135250113,0.1954364132677012,0.0,0.992114701314478,0.0070726579208879,17434511.165097404,17434511.165097404,10.0,0.7449118557834318
7.291236489952601,125.32248317175248,4.962704098360656,17865734.754098363,195.62911899438225,40.87550767348427,0.1219333583529386,0.0125,0.992114701314478,0.0043532795620099,17372783.41417309,17372783.41417309,10.027322404371585,0.7390107527800884
6.9881157502330185,125.330951132075,5.225479234972678,18811725.24590164,41.97783797054488,46.96671063387074,0.1587884159786914,0.0,0.992114701314478,0.0012318626912616,18336986.01013328,18336986.01013328,10.040983606557377,0.7722880522249363
6.997346885508065,125.29125990752952,5.225479234972678,18811725.24590164,41.97783797054488,46.96671063387074,0.1587884159786914,0.0,0.992114701314478,0.0012318626912616,18336986.01013328,18336986.01013328,10.05464480874317,0.7723059751314464
7.325543660127026,125.31117415432608,4.962704098360656,17865734.754098363,242.0378400884071,19.99361662086948,0.0301346401228208,0.0,0.992114701314478,0.0013479466291257,17345914.03609575,17345914.03609575,10.03551912568306,0.7390762604784163
7.087339497329707,125.5178181937678,4.962704098360656,17865734.754098363,49.2403830689623,45.193541518572125,0.1476429052234738,0.0125,0.992114701314478,0.0013267665952806,17386563.012524202,17386563.012524202,10.0,0.7525272910438564
7.015048434333402,125.38444614701471,4.962704098360656,17865734.754098363,64.36054177089046,40.43067519283573,0.1194043970195707,0.0,0.992114701314478,0.0014202455264055,17393760.13004415,17393760.13004415,10.0,0.7442112173450199
7.240624706950443,125.3259481704464,4.962704098360656,17865734.754098363,347.3671318125524,32.539193316247854,0.0784881462876546,0.0,0.992114701314478,0.0050386734572418,17371830.163562894,17371830.163562894,10.043715846994536,0.7375334689031297
7.20195382114956,125.67114904507976,4.962704098360656,17865734.754098363,3086.674337150231,53.295923684553614,0.2011589060539303,0.0,0.992114701314478,0.1147502116684724,17437578.261244934,17437578.261244934,10.0,0.7534578770022754
7.164553548146494,125.30526762503976,4.962704098360656,17865734.754098363,28.83854245371696,44.88403266075533,0.1457317378148104,0.0125,0.992114701314478,0.0007669869483027,17385538.680224385,17385538.680224385,10.03551912568306,0.736511639872309
7.39328470138901,125.53086449571748,4.962704098360656,17865734.754098363,27.011636452864423,44.404391213582514,0.142790472729079,0.0,0.992114701314478,0.0007128096102155,17406294.41281111,17406294.41281111,10.0,0.7494649244902999
7.104734293753348,125.42610391799302,4.962704098360656,17865734.754098363,113.87990838826556,38.30018675576243,0.1076128248213347,0.0,0.992114701314478,0.002264824527888,17387440.17700733,17387440.17700733,10.0,0.7520411216030752
7.065906976524866,125.56382032403054,4.962704098360656,17865734.754098363,313.87623438101394,40.90919442861233,0.1221258044104278,0.0,0.992114701314478,0.007084175145725,17395218.728322238,17395218.728322238,10.0,0.7528571973904012
7.279473834387623,125.26905936676415,4.962704098360656,17865734.754098363,12.603752069103884,29.566241029020706,0.0651070941627973,0.0,0.992114701314478,0.0001516532014817,17364658.29372309,17364658.29372309,10.043715846994536,0.7389888234687484
7.286323838811186,125.46676933417244,4.962704098360656,17865734.754098363,111.5909646165022,32.65493327485314,0.0790322727533881,0.0,0.992114701314478,0.0016298848461706,17372121.80013618,17372121.80013618,10.0,0.7489136343362133
7.602425835788297,125.42701887588888,4.962704098360656,17865734.754098363,13.512882178045585,44.03456601752277,0.1405397057779118,0.0,0.992114701314478,0.0003509703663442,17405088.06465083,17405088.06465083,10.0,0.7415107116456886
7.266676295087277,125.45081344891028,4.962704098360656,17865734.754098363,335.0476383896127,46.26884056102258,0.1543622582066963,0.0125,0.992114701314478,0.0094386136110627,17390164.397867724,17390164.397867724,10.0,0.7488838261934885
6.9996186610897215,125.41987211591643,5.225479234972678,18811725.24590164,79.05302884012234,37.959692169088115,0.1057781604475094,0.0,0.992114701314478,0.0015453894503075,18307069.57926525,18307069.57926525,10.0,0.7879791589350861
7.104293985742155,125.50197552339527,4.962704098360656,17865734.754098363,675.4934198650843,55.15202363214593,0.2142995234052704,0.0,0.992114701314478,0.0267525846518754,17444621.26476806,17444621.26476806,10.0,0.7525596450245434
6.989230318796378,125.5233908971794,5.225479234972678,18811725.24590164,133.83919514728333,48.54032959421556,0.1689536469957047,0.0875,0.992114701314478,0.0038133544894409,18178120.18022024,18178120.18022024,10.0,0.7986593049356308
7.265126771821695,125.64767812842778,4.962704098360656,17865734.754098363,1164.9823110672337,50.32276024798456,0.1807689350642867,0.0,0.992114701314478,0.0389194370352834,17426649.806844592,17426649.806844592,10.0,0.750959986486924
7.464026804518388,125.5284625723893,4.962704098360656,17865734.754098363,51.41022007436092,47.389593006119945,0.1614951697630881,0.0,0.992114701314478,0.0015343781990096,17416319.607487075,17416319.607487075,10.0,0.7464514693717318
7.370603393455736,125.42294339414651,4.962704098360656,17865734.754098363,4.988685455646019,43.859587041005234,0.1394799920556009,0.025,0.992114701314478,0.0001253793663004,17359855.75083724,17359855.75083724,10.0,0.7462652526205786
7.386578522785652,125.38433720968402,4.962704098360656,17865734.754098363,69.9467236541887,51.16975202226598,0.1864924212866488,0.0,0.992114701314478,0.0024107489329368,17429717.435446117,17429717.435446117,10.0,0.743877808306695
7.23233614239343,125.39548253960096,4.962704098360656,17865734.754098363,58.23637211843828,44.99135052025891,0.1463932403439617,0.0,0.992114701314478,0.0015755738173628,17408225.39552876,17408225.39552876,10.0,0.7449546351289069
7.440282416570213,125.32094408720172,4.962704098360656,17865734.754098363,23.0039130926284,41.65870843568359,0.1264412987961823,0.0,0.992114701314478,0.0005375440825416,17397531.712663103,17397531.712663103,10.040983606557377,0.7396347534217299
7.441624430068906,125.51821886612326,4.962704098360656,17865734.754098363,16.170153829807926,44.59131561002881,0.1439337680043014,0.0,0.992114701314478,0.0004301305260597,17406907.187115096,17406907.187115096,10.0,0.7464117593169826
7.133277609113353,125.64668655779272,4.962704098360656,17865734.754098363,370.4493359179593,43.211008496567345,0.1355814555781376,0.0,0.992114701314478,0.0092822344080264,17402430.581163418,17402430.581163418,10.0,0.7538481491269524
7.084611068300992,125.29165378363084,4.962704098360656,17865734.754098363,109.35345841406912,46.35748317176759,0.1549216340983766,0.0,0.992114701314478,0.003130891451163,17412796.376149606,17412796.376149606,10.032786885245901,0.7363764800426005
7.300094012131218,125.35731440511734,4.962704098360656,17865734.754098363,18.515486281324545,45.45795585432648,0.1492837675106048,0.0,0.992114701314478,0.0005108238059408,17409774.63727852,17409774.63727852,10.0,0.743691959624329
7.070004246544344,125.55722616240104,4.962704098360656,17865734.754098363,129.76134223139826,41.87169126317653,0.1276792907392275,0.0,0.992114701314478,0.0030618873577295,17398195.241733566,17398195.241733566,10.0,0.7528571973904012
7.2669740290285665,125.38913754851818,4.962704098360656,17865734.754098363,125.78261062602778,52.87418688632243,0.1982163714612423,0.0,0.992114701314478,0.004607693101914,17436001.144968804,17436001.144968804,10.0,0.7436281524683196
7.133825341655163,125.28829794111398,4.962704098360656,17865734.754098363,38.61756338142857,44.33959970983439,0.1423950718250483,0.0,0.992114701314478,0.0010162562884048,17406082.488980927,17406082.488980927,10.040983606557377,0.7364673646969785
7.0388863201982295,125.36546944461548,4.962704098360656,17865734.754098363,37.64164548447054,42.97728230925873,0.1341879722741537,0.0,0.992114701314478,0.000933481272049,17401683.713070624,17401683.713070624,10.0,0.7442554735945804
7.414184947519431,125.48148837681444,4.962704098360656,17865734.754098363,17.95251269315846,46.680843723744594,0.1569691808985702,0.0,0.992114701314478,0.0005207904999854,17413893.80399047,17413893.80399047,10.0,0.7463523410111546
7.112599115237571,125.61113324617108,4.962704098360656,17865734.754098363,1724.2721372073584,33.358427417185524,0.0823764697844622,0.0,0.992114701314478,0.0262501872587556,17373914.196249858,17373914.196249858,10.0,0.7538080690112161
7.070767513658454,125.3906377112012,4.962704098360656,17865734.754098363,170.3466013005303,44.67843425597176,0.1444679117364814,0.0,0.992114701314478,0.0045480820101323,17407193.473222286,17407193.473222286,10.0,0.7443149236046618
7.21088573521872,125.44179880707284,4.962704098360656,17865734.754098363,207.41697426536228,54.85215132931135,0.2121558489672503,0.0,0.992114701314478,0.0081324747395086,17443472.315200794,17443472.315200794,10.0,0.7527756694140848
7.444554645759181,125.33314132325738,4.962704098360656,17865734.754098363,30.526032237199,46.13409177346595,0.1535135161122986,0.0,0.992114701314478,0.0008660448759024,17412041.66427635,17412041.66427635,10.03825136612022,0.7396356930462543
7.133419109834751,125.368113765137,4.962704098360656,17865734.754098363,60.65109484315096,45.659864342198425,0.1505417718262642,0.025,0.992114701314478,0.001645218948653,17365784.55553597,17365784.55553597,10.0,0.7451237797346499
7.2412613879898275,125.2803674168127,4.962704098360656,17865734.754098363,147.36915610097228,45.864615772829254,0.1518219209882921,0.0,0.992114701314478,0.004134895114357,17411135.016582448,17411135.016582448,10.05464480874317,0.7375351106068344
7.196083540151484,125.36289466310548,4.962704098360656,17865734.754098363,41.533702710448715,41.33895569883796,0.1245923893382602,0.0,0.992114701314478,0.0009563471840068,17396540.748884313,17396540.748884313,10.0,0.7448866868458837
7.451943524645817,125.33077695354623,4.962704098360656,17865734.754098363,30.526032237199,46.13409177346595,0.1535135161122986,0.0,0.992114701314478,0.0008660448759024,17412041.66427635,17412041.66427635,10.03825136612022,0.739657400428136
7.519511196278974,125.52597568703048,4.962704098360656,17865734.754098363,98.35921390821836,48.54224149792674,0.1689661509159426,0.0,0.992114701314478,0.0030714127232443,17420323.844515968,17420323.844515968,10.0,0.745852736795284
7.277308660245911,125.44645866900402,4.962704098360656,17865734.754098363,227.32068153255776,44.72864979017781,0.14477616782805,0.0125,0.992114701314478,0.0060061551898154,17385026.52142671,17385026.52142671,10.0,0.7488883769856975
7.325282291171455,125.41296407888882,4.962704098360656,17865734.754098363,136.6832622954209,44.97607386125087,0.1462989999130923,0.0,0.992114701314478,0.0036955587604736,17408174.885292526,17408174.885292526,10.0,0.7437404548780107
7.499660396630094,125.4824106576953,4.962704098360656,17865734.754098363,99.38240101259254,44.85860436646877,0.1455751809856175,0.0,0.992114701314478,0.0026737465823924,17407786.93858348,17407786.93858348,10.0,0.7453075127081229
7.160405188269687,125.6443897995495,4.962704098360656,17865734.754098363,494.01726511560184,52.69479072717377,0.1969696393077395,0.0,0.992114701314478,0.0179831114433359,17435332.931389887,17435332.931389887,10.0,0.7539005495424765
7.130353575155284,125.41022998365882,4.962704098360656,17865734.754098363,730.0302196763832,53.313315520149814,0.201280600777634,0.0,0.992114701314478,0.0271560235821093,17437643.486214574,17437643.486214574,10.0,0.7451180010368453
7.566042918848831,125.50837474649178,4.962704098360656,17865734.754098363,20.042841767057737,45.401768913922986,0.1489344649922797,0.0,0.992114701314478,0.0005516681694679,17409587.42089428,17409587.42089428,10.0,0.7459457193002811
7.3180293125822145,125.3828826963091,4.962704098360656,17865734.754098363,214.43343652442985,34.357117468314414,0.0872319440915207,0.0,0.992114701314478,0.0034569370888084,17376516.594732117,17376516.594732117,10.0,0.7437265184714046
7.066509097103162,125.3596981138846,4.962704098360656,17865734.754098363,36.99745728818641,45.05109117980932,0.1467620167768295,0.0,0.992114701314478,0.0010034805693411,17408423.04938675,17408423.04938675,10.0,0.7443069608930605
6.99385008607006,125.3112035485463,5.225479234972678,18811725.24590164,41.97783797054488,46.96671063387074,0.1587884159786914,0.0,0.992114701314478,0.0012318626912616,18336986.01013328,18336986.01013328,10.049180327868852,0.7722991284902571
7.217913968476703,125.6728755519397,4.962704098360656,17865734.754098363,3086.674337150231,53.295923684553614,0.2011589060539303,0.0,0.992114701314478,0.1147502116684724,17437578.261244934,17437578.261244934,10.0,0.7534889051094463
7.070187220620504,125.30963794962356,4.962704098360656,17865734.754098363,21.97482359879272,31.692078124261815,0.0745581227595195,0.0125,0.992114701314478,0.0002990066762903,17347391.61238234,17347391.61238234,10.03551912568306,0.7363501561287693
7.1281622712445945,125.60702359021614,4.962704098360656,17865734.754098363,74.82993071676673,45.69782084360484,0.1507787474037354,0.025,0.992114701314478,0.0020330286966675,17365911.567820277,17365911.567820277,10.0,0.7538380051287282
7.4852791426298415,125.54262277799305,4.962704098360656,17865734.754098363,135.2472842221249,44.62213364130395,0.1441226261534566,0.0,0.992114701314478,0.0036023353446122,17407008.409803063,17407008.409803063,10.0,0.7464935961534099
7.135629666845779,125.33042162849948,4.962704098360656,17865734.754098363,62.69087027861875,44.05466882203616,0.1406616679723585,0.0,0.992114701314478,0.0016296842964133,17405153.432977308,17405153.432977308,10.027322404371585,0.736470364209921
7.237165038875427,125.42380053302898,4.962704098360656,17865734.754098363,128.3321965150191,46.564709761668595,0.1562325498988523,0.0,0.992114701314478,0.0037053613539611,17413498.99036889,17413498.99036889,10.0,0.7528339541392294
7.460151409829477,125.33894817334968,4.962704098360656,17865734.754098363,36.708438962483136,45.90235580908394,0.1520583654628286,0.0,0.992114701314478,0.0010315722554633,17411261.744210433,17411261.744210433,10.0,0.7429721980757175
7.201959142446948,125.58777289745112,4.962704098360656,17865734.754098363,53.57796780659214,43.924041751100624,0.1398699542507868,0.0125,0.992114701314478,0.0013676381064395,17382396.92811416,17382396.92811416,10.0,0.7530985173313676
7.094619832109122,125.61812043370422,4.962704098360656,17865734.754098363,329.5902673044982,39.389963844185765,0.1135776282228128,0.0375,0.992114701314478,0.0066587288611177,17323640.639542393,17323640.639542393,10.0,0.7537735850787605
7.293288504799722,125.31734847534597,4.962704098360656,17865734.754098363,602.2226327376856,67.23713049528281,0.3065409538681753,0.0,0.992114701314478,0.0341168555389001,17494060.092667725,17494060.092667725,10.027322404371585,0.7390107527800884
7.014049988537274,125.60604162105672,4.962704098360656,17865734.754098363,52.11117179254636,51.08471478089991,0.1859146735076856,0.0,0.992114701314478,0.0017904736179436,17429407.778788906,17429407.778788906,10.0,0.7538054483157448
7.441498410999104,125.40714758850594,4.962704098360656,17865734.754098363,228.46982380909847,38.31514962299382,0.1076937665843656,0.0,0.992114701314478,0.0045471871856914,17387483.559529394,17387483.559529394,10.0,0.7429233596703985
7.078874874009173,125.3957851144554,4.962704098360656,17865734.754098363,170.3466013005303,44.67843425597176,0.1444679117364814,0.0,0.992114701314478,0.0045480820101323,17407193.473222286,17407193.473222286,10.0,0.744330081286837
7.222570954214025,125.3113523680094,4.962704098360656,17865734.754098363,59.55014023463298,41.46186718206346,0.1253017214165742,0.0,0.992114701314478,0.0013789967572833,17396920.931047224,17396920.931047224,10.046448087431694,0.7374997396871604
7.516030815326923,125.44752167967788,4.962704098360656,17865734.754098363,50.65071576658682,44.54019227843493,0.143620702723888,0.0125,0.992114701314478,0.0013275875089245,17384407.224434655,17384407.224434655,10.0,0.7430815531455198
7.404683970342584,125.525617901351,4.962704098360656,17865734.754098363,46.88502170962301,43.097903270030336,0.1349063597863586,0.0,0.992114701314478,0.0011689339281304,17402068.748692933,17402068.748692933,10.0,0.7494909039860631
7.5560013936872945,125.41104183984883,4.962704098360656,17865734.754098363,27.1594195595681,46.37355474671445,0.1550231416640348,0.0,0.992114701314478,0.0007781089971772,17412850.78136691,17412850.78136691,10.0,0.7424668471035363
7.430286225898976,125.33551462162904,4.962704098360656,17865734.754098363,30.282662575179664,45.280317732363926,0.1481805822976588,0.0,0.992114701314478,0.0008292944778092,17409183.360846546,17409183.360846546,10.0,0.7429136108869541
7.019731247868999,125.57948718806496,4.962704098360656,17865734.754098363,93.6977182187686,39.5763290836109,0.1146117402774239,0.025,0.992114701314478,0.0019350231111334,17346527.06313523,17346527.06313523,10.0,0.7527644538429398
7.086491932539682,125.44215700592602,4.962704098360656,17865734.754098363,518.345358098301,53.32859580499668,0.2013875432035754,0.0,0.992114701314478,0.0192919104111868,17437700.80436505,17437700.80436505,10.0,0.7520102563517725
7.25750515845535,125.30649852573671,4.962704098360656,17865734.754098363,347.3671318125524,32.539193316247854,0.0784881462876546,0.0,0.992114701314478,0.0050386734572418,17371830.163562894,17371830.163562894,10.030054644808743,0.7389468620118044
7.473318068628738,125.35640328235216,4.962704098360656,17865734.754098363,29.06669669094895,47.612885664193826,0.1629318530275516,0.0,0.992114701314478,0.0008752358425764,17417089.62955093,17417089.62955093,10.0,0.7429980027091209
7.134283098230139,125.34518114498344,4.962704098360656,17865734.754098363,30.773929962237844,50.725891320113696,0.1834844408704821,0.0,0.992114701314478,0.0010435316432225,17428105.242038295,17428105.242038295,10.0,0.7451254053565106
7.043928327100023,125.33976042806438,4.962704098360656,17865734.754098363,21.97482359879272,31.692078124261815,0.0745581227595195,0.0125,0.992114701314478,0.0002990066762903,17347391.61238234,17347391.61238234,10.0,0.7442648423328184
7.217373637532401,125.67024006245862,4.962704098360656,17865734.754098363,3086.674337150231,53.295923684553614,0.2011589060539303,0.0,0.992114701314478,0.1147502116684724,17437578.261244934,17437578.261244934,10.0,0.7534889051094463
7.5061939216746625,125.32535371124696,4.962704098360656,17865734.754098363,166.89018722154665,37.24872294942579,0.1019922532122259,0.0,0.992114701314478,0.0031457297320873,17384427.707761284,17384427.707761284,10.060109289617486,0.7389113091914823
6.9790210291629045,125.4090471252234,5.225479234972678,18811725.24590164,109.92553461105166,47.21333904126712,0.1603647669692766,0.0,0.992114701314478,0.0032578490888119,18337875.626585063,18337875.626585063,10.0,0.7813591467339392
7.371456684865024,125.2952596657515,4.962704098360656,17865734.754098363,173.53170796352867,51.936756754608304,0.1917345456905353,0.0,0.992114701314478,0.006148973607624,17432527.067570552,17432527.067570552,10.05464480874317,0.7388170975408102
7.093229367092368,125.59307534846542,4.962704098360656,17865734.754098363,119.80547555684458,22.184216678558307,0.0370126830846813,0.0,0.992114701314478,0.0008195032023403,17349600.474831264,17349600.474831264,10.0,0.753765551778593
7.104094806680765,125.6244775457615,4.962704098360656,17865734.754098363,39.66342792513192,50.20931338606229,0.180007596441305,0.0,0.992114701314478,0.0013194851215222,17426241.750627704,17426241.750627704,10.0,0.753791821492983
7.519674412698317,125.24182928144296,4.962704098360656,17865734.754098363,173.94691879676287,27.71344592920365,0.0573577428870535,0.0,0.992114701314478,0.0018438781251424,17360504.85809083,17360504.85809083,10.043715846994536,0.7418671550407558
7.358248064223138,125.36425462362357,4.962704098360656,17865734.754098363,97.92496444560784,45.43112011998898,0.1491168932383793,0.0,0.992114701314478,0.0026986321395647,17409685.197333977,17409685.197333977,10.0,0.7438228665988645
7.039546986524665,125.5820740413434,4.962704098360656,17865734.754098363,660.4365540940729,60.807005162578136,0.2561235353558115,0.0,0.992114701314478,0.0312610822859318,17467037.765883878,17467037.765883878,10.0,0.7528020066272112
7.143195708159327,125.57698353091772,4.962704098360656,17865734.754098363,43.84517268074781,45.10777614673847,0.147112285627037,0.0,0.992114701314478,0.0011920491071831,17408610.783697866,17408610.783697866,10.0,0.7526349401241668
7.284429655873915,125.45877212667564,4.962704098360656,17865734.754098363,111.5909646165022,32.65493327485314,0.0790322727533881,0.0,0.992114701314478,0.0016298848461706,17372121.80013618,17372121.80013618,10.0,0.7488875880698588
7.21286165057226,125.4970297282777,4.962704098360656,17865734.754098363,171.0762639781715,54.714970821850024,0.2111778220197191,0.0125,0.992114701314478,0.0065932354817524,17420615.951657362,17420615.951657362,10.0,0.7524340763271391
7.434643618804628,125.33592202778888,4.962704098360656,17865734.754098363,30.526032237199,46.13409177346595,0.1535135161122986,0.0,0.992114701314478,0.0008660448759024,17412041.66427635,17412041.66427635,10.0,0.7429136108869541
7.296001075811004,125.54274902761304,4.962704098360656,17865734.754098363,163.20623067992602,28.836123546261145,0.061998613831074,0.0,0.992114701314478,0.0018700022679182,17362992.235170245,17362992.235170245,10.0,0.7506686787514547
7.472780090028868,125.3080116526386,4.962704098360656,17865734.754098363,34.82923411218502,54.58239918581312,0.2102342270633399,0.025,0.992114701314478,0.0013193966640259,17397778.042698562,17397778.042698562,10.046448087431694,0.7396983053020663
7.370789699871167,125.38643644828676,4.962704098360656,17865734.754098363,69.9467236541887,51.16975202226598,0.1864924212866488,0.0,0.992114701314478,0.0024107489329368,17429717.435446117,17429717.435446117,10.0,0.7438470928481167
7.224081970041323,125.26258255753288,4.962704098360656,17865734.754098363,31.59146477856737,43.141546886713336,0.1351666887947146,0.0,0.992114701314478,0.0007891559891472,17402208.277763296,17402208.277763296,10.060109289617486,0.7375030412723662
7.140724971712449,125.63750272704895,4.962704098360656,17865734.754098363,65.89114664930307,55.10076527205701,0.2139325404890232,0.0,0.992114701314478,0.0026051175987393,17444424.57218483,17444424.57218483,10.0,0.7538624561449893
7.204859632846398,125.59541944186924,4.962704098360656,17865734.754098363,53.57796780659214,43.924041751100624,0.1398699542507868,0.0125,0.992114701314478,0.0013676381064395,17382396.92811416,17382396.92811416,10.0,0.7531042047652414
7.456515054522308,125.36210606670384,4.962704098360656,17865734.754098363,40.60046893701411,49.23637359439856,0.1735300488099335,0.0,0.992114701314478,0.0013020544842982,17422769.966192532,17422769.966192532,10.0,0.7429649107029236
7.35009348110742,125.37914930687816,4.962704098360656,17865734.754098363,49.797903775064064,45.1751714169679,0.1475291852259068,0.0,0.992114701314478,0.0013577269061239,17408834.23022744,17408834.23022744,10.0,0.7438069830570718
7.495101853094152,125.53340105687526,4.962704098360656,17865734.754098363,85.08443703405864,56.88339976082537,0.2268276753229063,0.0,0.992114701314478,0.0035667247095361,17451336.003941644,17451336.003941644,10.0,0.7465131507501434
6.992073221081183,125.45528548495746,5.225479234972678,18811725.24590164,32.61622265509294,62.02394185429844,0.2654487151841732,0.0,0.992114701314478,0.0016000653103266,18397179.93743226,18397179.93743226,10.0,0.7879644822720608
7.5181652285755165,125.38462604957024,4.962704098360656,17865734.754098363,25.99833176436132,49.2553251599909,0.1736553298196655,0.025,0.992114701314478,0.0008135076350872,17378172.776425976,17378172.776425976,10.0,0.7423913608896812
7.2137284544440865,125.2324083787853,4.962704098360656,17865734.754098363,17.580052938865563,45.524512861116975,0.149697974936967,0.0,0.992114701314478,0.000486361873664,17409996.640878897,17409996.640878897,10.0,0.7431912202850403
7.123550810953777,125.5771527774948,4.962704098360656,17865734.754098363,544.9435887028876,42.6741955270274,0.1323900272893156,0.0,0.992114701314478,0.0133330724213281,17400720.064824574,17400720.064824574,10.0,0.7525969152207679
7.09647105384494,125.64237842563608,4.962704098360656,17865734.754098363,117.32356561646375,48.09842214245935,0.1660734736642639,0.0,0.992114701314478,0.0036008824311283,17418773.450380735,17418773.450380735,10.0,0.7537773172319072
7.462411220808077,125.4724013803136,4.962704098360656,17865734.754098363,241.8713140491866,45.38096932959107,0.1488052439075309,0.0,0.992114701314478,0.0066515983829471,17409518.162005536,17409518.162005536,10.0,0.7452337095555361
7.106098877184591,125.33543028641978,4.962704098360656,17865734.754098363,29.118146311129433,43.37663284106612,0.136572585954982,0.0,0.992114701314478,0.0007349379532846,17402961.799336,17402961.799336,10.0,0.7450722421686121
7.248218786177653,125.44594702331614,4.962704098360656,17865734.754098363,208.0041099693236,51.674146248528835,0.1899334571247369,0.0125,0.992114701314478,0.0072099775557773,17409229.56601037,17409229.56601037,10.0,0.7488405817492352
7.087123655915779,125.524748283179,4.962704098360656,17865734.754098363,191.66689864949737,45.31126320721716,0.1483725198878987,0.0,0.992114701314478,0.0052556206112111,17409286.234028842,17409286.234028842,10.0,0.7525272910438564
7.332065215043456,125.38524364700508,4.962704098360656,17865734.754098363,214.43343652442985,34.357117468314414,0.0872319440915207,0.0,0.992114701314478,0.0034569370888084,17376516.594732117,17376516.594732117,10.0,0.7437536700885509
7.066076950500997,125.37689829486987,4.962704098360656,17865734.754098363,19.43185672918197,44.89939849735045,0.1458263759661929,0.0,0.992114701314478,0.0005236894219982,17407921.572070315,17407921.572070315,10.0,0.7443108418033928
7.014673190601051,125.31915853785164,4.962704098360656,17865734.754098363,117.77483059241216,39.51278416598888,0.1142586806366703,0.0,0.992114701314478,0.0024869388802473,17391002.169923652,17391002.169923652,10.021857923497267,0.7362488115365914
7.002528005925289,125.27519744646214,4.962704098360656,17865734.754098363,41.97783797054488,46.96671063387074,0.1587884159786914,0.0,0.992114701314478,0.0012318626912616,17414868.863132372,17414868.863132372,10.03825136612022,0.7362271062618595
7.493581297398592,125.28115960012528,4.962704098360656,17865734.754098363,129.73503302808535,45.32021839171536,0.1484280830616766,0.0,0.992114701314478,0.0035587441338498,17409316.014336586,17409316.014336586,10.051912568306012,0.7397393040789816
7.459258957738127,125.49587670052644,4.962704098360656,17865734.754098363,57.93258307103589,38.88969732341523,0.1108219732423159,0.025,0.992114701314478,0.0011568493487297,17344495.853956357,17344495.853956357,10.0,0.7452273835493817
7.529256775537081,125.5201790131166,4.962704098360656,17865734.754098363,63.31778407524234,41.32218722408725,0.1244957509689624,0.0125,0.992114701314478,0.0014386023320957,17374156.784977503,17374156.784977503,10.0,0.7458718568244247
7.295373962985928,125.52380265863805,4.962704098360656,17865734.754098363,65.31642244806318,48.42989584076824,0.168232032217538,0.0,0.992114701314478,0.0020307408233016,17419930.377417654,17419930.377417654,10.0,0.7506673977713916
7.259989390968155,125.38356514001828,4.962704098360656,17865734.754098363,393.24563518108783,62.866146981925304,0.2719645965396736,0.0,0.992114701314478,0.0197651312451859,17475528.131803907,17475528.131803907,10.0,0.7436147642755101
7.473650189503671,125.29898739211912,4.962704098360656,17865734.754098363,40.274048422546194,45.594598720702216,0.1501346545896375,0.0125,0.992114701314478,0.0011034858289112,17387898.52052169,17387898.52052169,10.046448087431694,0.7397000878086691
7.055941382055268,125.3426262592178,4.962704098360656,17865734.754098363,21.97482359879272,31.692078124261815,0.0745581227595195,0.0125,0.992114701314478,0.0002990066762903,17347391.61238234,17347391.61238234,10.0,0.7442872307354458
7.503205250089865,125.33574322640462,4.962704098360656,17865734.754098363,166.89018722154665,37.24872294942579,0.1019922532122259,0.0,0.992114701314478,0.0031457297320873,17384427.707761284,17384427.707761284,10.027322404371585,0.7423622462796927
7.401856924248082,125.37595743385178,4.962704098360656,17865734.754098363,48.722733038741154,44.1632605161841,0.1413212500510849,0.025,0.992114701314478,0.0012407010405213,17360842.613646075,17360842.613646075,10.0,0.7439076306649086
7.006711415043236,125.6283282142456,4.962704098360656,17865734.754098363,22.98765503856812,47.81256226405448,0.1642209251772088,0.025,0.992114701314478,0.0006802228246805,17373116.199298825,17373116.199298825,10.0,0.7537917308709355
7.156064356611996,125.58449964078196,4.962704098360656,17865734.754098363,140.28107430868528,40.12127034602259,0.1176588873388054,0.0,0.992114701314478,0.0030503329018435,17392824.585655134,17392824.585655134,10.0,0.7538917342341127
7.403709267760647,125.32148470575636,4.962704098360656,17865734.754098363,24.7779423895623,46.08917212245779,0.153231006417372,0.0,0.992114701314478,0.000701673882773,17411890.2469781,17411890.2469781,10.051912568306012,0.7388790811295552
7.147849546177995,125.65393274377476,4.962704098360656,17865734.754098363,77.02066329662746,44.08120165575161,0.1408227083871789,0.0,0.992114701314478,0.0020044875632588,17405239.746137384,17405239.746137384,10.0,0.7538763288359478
7.144481389961042,125.49040615826344,4.962704098360656,17865734.754098363,733.1355992842255,72.9281766235751,0.3532148726371422,0.0,0.992114701314478,0.047857136480178,17519076.008247547,17519076.008247547,10.0,0.7521196704916693
7.360161511879179,125.4834287971998,4.962704098360656,17865734.754098363,142.90148076243838,44.2607436118932,0.1419144564170746,0.0,0.992114701314478,0.003747889569233,17405824.892558996,17405824.892558996,10.0,0.7462508195796205
7.361255632041924,125.5103104172687,4.962704098360656,17865734.754098363,86.11160804075408,48.03023918307044,0.1656308494084742,0.0,0.992114701314478,0.0026358843240334,17418536.216154248,17418536.216154248,10.0,0.7494050557393783
7.406722700458161,125.28237669253905,4.962704098360656,17865734.754098363,38.623501930066595,36.09662929315911,0.0959877275591359,0.0,0.992114701314478,0.0006851580696627,17381209.449882016,17381209.449882016,10.060109289617486,0.7388852889499455
7.399608227558568,125.5412039903208,4.962704098360656,17865734.754098363,25.7123452804964,39.915611369216585,0.1165048261541643,0.0,0.992114701314478,0.0005536165014859,17392206.04112469,17392206.04112469,10.0,0.7494808624136033
7.246469196662407,125.2531165148628,4.962704098360656,17865734.754098363,31.59146477856737,43.141546886713336,0.1351666887947146,0.0,0.992114701314478,0.0007891559891472,17402208.277763296,17402208.277763296,10.060109289617486,0.7375451708901671
7.012536118404329,125.41376633101343,4.962704098360656,17865734.754098363,76.91343194834079,50.52487396405671,0.1821284135084891,0.0125,0.992114701314478,0.0025564683371471,17405046.280840613,17405046.280840613,10.0,0.7441985615642922
7.242652102502685,125.32424029190234,4.962704098360656,17865734.754098363,347.3671318125524,32.539193316247854,0.0784881462876546,0.0,0.992114701314478,0.0050386734572418,17371830.163562894,17371830.163562894,10.043715846994536,0.7375372941523364
7.110201503334628,125.57389174918308,4.962704098360656,17865734.754098363,152.26862698395365,44.469926995913106,0.1431908804028203,0.0,0.992114701314478,0.0040294819061526,17406509.02012989,17406509.02012989,10.0,0.7525714807780367
7.358769685746601,125.45700684857864,4.962704098360656,17865734.754098363,181.765845776919,57.850001447059945,0.2339311954828872,0.0,0.992114701314478,0.0078582138041914,17455143.292151604,17455143.292151604,10.0,0.7462481242430041
7.275683431428298,125.66264903080578,4.962704098360656,17865734.754098363,275.1356092215675,42.51935982231793,0.1314754911168661,0.0,0.992114701314478,0.0066852095202334,17400229.899004173,17400229.899004173,10.0,0.7509870581354356
7.347257476155156,125.47113752405484,4.962704098360656,17865734.754098363,157.49614980779234,50.23101749285902,0.1801531551224683,0.0,0.992114701314478,0.0052436685568577,17426319.766011372,17426319.766011372,10.0,0.7462255869202826
7.002882549881591,125.57130612988432,4.962704098360656,17865734.754098363,65.64001609380634,44.97223773739768,0.1462753391356589,0.0375,0.992114701314478,0.0017079059427004,17341165.698449448,17341165.698449448,10.0,0.7527325608681161
7.269044035360295,125.464917033165,4.962704098360656,17865734.754098363,269.653502765591,48.61345541757891,0.1694321549992657,0.0125,0.992114701314478,0.0083380102367141,17398241.441233754,17398241.441233754,10.0,0.7488823267117944
7.276783826598134,125.6596344304843,4.962704098360656,17865734.754098363,275.1356092215675,42.51935982231793,0.1314754911168661,0.0,0.992114701314478,0.0066852095202334,17400229.899004173,17400229.899004173,10.0,0.7509870581354356
7.581239706012322,125.44219975240868,4.962704098360656,17865734.754098363,12.651785179663015,44.71594075248788,0.1446981255676208,0.0,0.992114701314478,0.0003383281495593,17407316.861399602,17407316.861399602,10.0,0.7432114220857869
7.073709386051673,125.4336896533265,4.962704098360656,17865734.754098363,499.7350210108542,19.47718289268193,0.0286128252673344,0.0,0.992114701314478,0.0026425544647876,17345098.38587916,17345098.38587916,10.0,0.7488440459632467
7.0180420304593465,125.32162559309636,4.962704098360656,17865734.754098363,117.77483059241216,39.51278416598888,0.1142586806366703,0.0,0.992114701314478,0.0024869388802473,17391002.169923652,17391002.169923652,10.021857923497267,0.7362596130927974
7.363264697580567,125.29786075550535,4.962704098360656,17865734.754098363,507.5370546192472,36.99270034855798,0.1006439117119957,0.0,0.992114701314478,0.0094401453687911,17383705.034413252,17383705.034413252,10.05464480874317,0.7388013089751276
7.372957864833626,125.37405680146595,4.962704098360656,17865734.754098363,11.564326124135269,46.39731794312292,0.1551732790056637,0.0,0.992114701314478,0.0003316352506741,17412931.25078458,17412931.25078458,10.0,0.7438513720831729
7.4496619003823135,125.4153123122848,4.962704098360656,17865734.754098363,228.46982380909847,38.31514962299382,0.1076937665843656,0.0,0.992114701314478,0.0045471871856914,17387483.559529394,17387483.559529394,10.0,0.7429511352610382
7.44735593809185,125.45749384831385,4.962704098360656,17865734.754098363,40.587195528924525,42.99218060240055,0.1342766149942001,0.0,0.992114701314478,0.0010071933441667,17401731.223090347,17401731.223090347,10.0,0.7452040233367726
7.142570507639928,125.32499697868846,4.962704098360656,17865734.754098363,38.61756338142857,44.33959970983439,0.1423950718250483,0.0,0.992114701314478,0.0010162562884048,17406082.488980927,17406082.488980927,10.027322404371585,0.7364832734596775
7.12696679029108,125.33770040943602,4.962704098360656,17865734.754098363,62.69087027861875,44.05466882203616,0.1406616679723585,0.0,0.992114701314478,0.0016296842964133,17405153.432977308,17405153.432977308,10.0,0.7451115832058199
7.514833063651027,125.52407108370824,4.962704098360656,17865734.754098363,43.92260725760191,31.366746227678025,0.0730734794293742,0.0,0.992114701314478,0.0005931592644615,17368928.05350674,17368928.05350674,10.0,0.745840636113993
7.49720757516636,125.47108198170096,4.962704098360656,17865734.754098363,99.38240101259254,44.85860436646877,0.1455751809856175,0.0,0.992114701314478,0.0026737465823924,17407786.93858348,17407786.93858348,10.0,0.7453026885538491
7.241902748993344,125.36300854363894,4.962704098360656,17865734.754098363,22.984669621182103,59.708837485438515,0.2478027775473086,0.0,0.992114701314478,0.0010526108796701,17462578.072325084,17462578.072325084,10.0,0.744971992130959
7.164628870767882,125.34666773405986,4.962704098360656,17865734.754098363,43.24198674267351,45.214939744067735,0.1477754164711313,0.0,0.992114701314478,0.0011809492922472,17408966.203290902,17408966.203290902,10.0,0.7451828738720572
7.320481878310702,125.48007026412068,4.962704098360656,17865734.754098363,88.39126889323158,42.438497890511066,0.1309989499432221,0.0,0.992114701314478,0.002139935097912,17399974.48625794,17399974.48625794,10.0,0.7489727323454244
7.369780718110237,125.46003246537042,4.962704098360656,17865734.754098363,181.765845776919,57.850001447059945,0.2339311954828872,0.0,0.992114701314478,0.0078582138041914,17455143.292151604,17455143.292151604,10.0,0.7462696964695452
7.442861470557901,125.41342480163004,4.962704098360656,17865734.754098363,228.46982380909847,38.31514962299382,0.1076937665843656,0.0,0.992114701314478,0.0045471871856914,17387483.559529394,17387483.559529394,10.0,0.7429233596703985
7.171012285587499,125.37756344525884,4.962704098360656,17865734.754098363,41.81428257760997,46.20906493472573,0.153985513306002,0.0,0.992114701314478,0.0011899478642543,17412294.641576372,17412294.641576372,10.0,0.7448364666862783
7.246107700509139,125.62550395478078,4.962704098360656,17865734.754098363,174.1004634625005,45.54239677132304,0.1498093533317893,0.0,0.992114701314478,0.0048201691132644,17410056.336584676,17410056.336584676,10.0,0.7531848384615278
7.449465756919273,125.32687803731343,4.962704098360656,17865734.754098363,30.526032237199,46.13409177346595,0.1535135161122986,0.0,0.992114701314478,0.0008660448759024,17412041.66427635,17412041.66427635,10.03825136612022,0.739657400428136
6.969952312871191,125.48328277749648,5.225479234972678,18811725.24590164,881.4189563732999,55.918022800646426,0.2198107527595049,0.0,0.992114701314478,0.0358059119183561,18371424.07313479,18371424.07313479,10.0,0.7879211658190507
7.071187037742268,125.3693198142062,4.962704098360656,17865734.754098363,36.99745728818641,45.05109117980932,0.1467620167768295,0.0,0.992114701314478,0.0010034805693411,17408423.04938675,17408423.04938675,10.0,0.7443157031249952
7.134865546006075,125.53215029822223,4.962704098360656,17865734.754098363,105.24546223424193,57.23944146440574,0.229435275065643,0.0,0.992114701314478,0.0044625900125081,17452733.604502104,17452733.604502104,10.0,0.7526185997811217
6.970320915767122,125.49658990824652,5.225479234972678,18811725.24590164,308.59291084069565,32.55367921838638,0.0785561545137896,0.0,0.992114701314478,0.0044801193078044,18291706.79237723,18291706.79237723,10.0,0.7986222553730133
7.057153228934753,125.62467483456112,4.962704098360656,17865734.754098363,69.88507999453897,49.42218415462153,0.174759905568521,0.0625,0.992114701314478,0.0021160258230453,17311768.292818453,17311768.292818453,10.0,0.7538879333726013
7.24507206139374,125.50850277011894,4.962704098360656,17865734.754098363,41.368963064049325,36.54591076559921,0.0983100126709318,0.0125,0.992114701314478,0.0007422204405337,17360121.961334318,17360121.961334318,10.0,0.7524944695152542
7.00284799646195,125.42998475242648,4.962704098360656,17865734.754098363,454.08783490546,72.76700311518405,0.3518709250621661,0.0125,0.992114701314478,0.0291597484540932,17496023.521477986,17496023.521477986,10.0,0.7483493779251662
7.087939194204804,125.28955144182284,4.962704098360656,17865734.754098363,109.35345841406912,46.35748317176759,0.1549216340983766,0.0,0.992114701314478,0.003130891451163,17412796.376149606,17412796.376149606,10.032786885245901,0.7363826206032489
7.42703932810746,125.5341230867031,4.962704098360656,17865734.754098363,24.421011442066508,50.366725024912185,0.1810643180694698,0.0,0.992114701314478,0.0008171841591315,17426808.123877235,17426808.123877235,10.0,0.7463783582171725
7.575359923161613,125.50507863601928,4.962704098360656,17865734.754098363,20.042841767057737,45.401768913922986,0.1489344649922797,0.0,0.992114701314478,0.0005516681694679,17409587.42089428,17409587.42089428,10.0,0.7459644867345108
7.151261619858764,125.45454619006884,4.962704098360656,17865734.754098363,244.61985355605145,54.97880778418941,0.2130603099474789,0.0,0.992114701314478,0.0096320266440336,17443957.08099984,17443957.08099984,10.0,0.752132470862395
7.18984327760502,125.44647414898336,4.962704098360656,17865734.754098363,86.70214024956286,50.39145492556068,0.1812305516196736,0.0125,0.992114701314478,0.0028676210109172,17404565.051970072,17404565.051970072,10.0,0.7527421283645204
7.41833004314549,125.38651405722382,4.962704098360656,17865734.754098363,48.59890258355836,48.7941906678642,0.1706171272175059,0.0,0.992114701314478,0.0015324012821354,17421208.72165664,17421208.72165664,10.0,0.7428899307744641
7.352718625975116,125.52646055455791,4.962704098360656,17865734.754098363,80.58210834881298,45.54117193145121,0.1498017241185461,0.0,0.992114701314478,0.0022308935962433,17410052.24753967,17410052.24753967,10.0,0.7493745955999322
7.0229854694918,125.5589279198069,4.962704098360656,17865734.754098363,28.841273451246895,46.94421142030394,0.1586449241702834,0.0375,0.992114701314478,0.0008138882352185,17347795.450206853,17347795.450206853,10.0,0.7527704595823185
7.348172736510418,125.44541400419835,4.962704098360656,17865734.754098363,66.98530784666394,46.829133917908585,0.157911825277192,0.0125,0.992114701314478,0.0019304330057955,17392066.866580922,17392066.866580922,10.0,0.7462225519531465
7.251701961523415,125.32482655450892,4.962704098360656,17865734.754098363,347.3671318125524,32.539193316247854,0.0784881462876546,0.0,0.992114701314478,0.0050386734572418,17371830.163562894,17371830.163562894,10.019125683060109,0.7389357377686838
7.070969797398517,125.41611407445136,4.962704098360656,17865734.754098363,18.035296290100035,60.37363007952008,0.2528290038571757,0.0,0.992114701314478,0.00084270116429,17465271.98910707,17465271.98910707,10.0,0.74431530546011
7.006978701418151,125.481528574109,4.962704098360656,17865734.754098363,99.04394742820726,48.696742142037635,0.1699778079829683,0.0,0.992114701314478,0.003111312144854,17420866.064420614,17420866.064420614,10.0,0.7487189733946318
7.227251094082527,125.5124213178809,4.962704098360656,17865734.754098363,74.86169947148692,45.84355528787304,0.1516900409584071,0.0,0.992114701314478,0.0020986507437721,17411064.332573447,17411064.332573447,10.0,0.752459780794318
7.055972713291808,125.49184888436028,4.962704098360656,17865734.754098363,119.96000051983594,43.71226059664638,0.1385903555175607,0.0125,0.992114701314478,0.0030341007026877,17381711.098967377,17381711.098967377,10.0,0.748810853156401
7.0049397650838365,125.5723875801892,4.962704098360656,17865734.754098363,65.64001609380634,44.97223773739768,0.1462753391356589,0.0375,0.992114701314478,0.0017079059427004,17341165.698449448,17341165.698449448,10.0,0.7527325608681161
7.287387501453912,125.44418921168476,4.962704098360656,17865734.754098363,219.19005971782815,52.34007297437868,0.1945132476529808,0.0,0.992114701314478,0.007879405639343,17434016.374137204,17434016.374137204,10.0,0.7489159150225599
7.195898871103617,125.5692003574975,4.962704098360656,17865734.754098363,84.47746059841938,44.06298605420593,0.1407121409286373,0.0,0.992114701314478,0.0021968269122318,17405180.485070784,17405180.485070784,10.0,0.7523992213980952
7.098845155694881,125.30143014197508,4.962704098360656,17865734.754098363,109.35345841406912,46.35748317176759,0.1549216340983766,0.0,0.992114701314478,0.003130891451163,17412796.376149606,17412796.376149606,10.032786885245901,0.7364026177147079
7.568487334520309,125.44009034183186,4.962704098360656,17865734.754098363,46.537748858021395,53.67202694498153,0.203796709962952,0.0,0.992114701314478,0.0017527741481338,17438992.05039409,17438992.05039409,10.0,0.7431956470955164
7.0960286594903295,125.56969044937816,4.962704098360656,17865734.754098363,195.35421691004356,50.316722298690266,0.1807283830014673,0.0125,0.992114701314478,0.0064433196422236,17404295.90363003,17404295.90363003,10.0,0.7525442906846886
7.201882821998877,125.62983968253442,4.962704098360656,17865734.754098363,34.456832860585216,45.66385067076485,0.1505666526496266,0.0,0.992114701314478,0.0009587989960701,17410462.22784693,17410462.22784693,10.0,0.7530911100477672
7.113213964164854,125.62608010298136,4.962704098360656,17865734.754098363,59.192644097594965,46.01637989660128,0.1527736525182488,0.0,0.992114701314478,0.0016712430756344,17411645.11807459,17411645.11807459,10.0,0.7537996755193345
7.558160300330938,125.51430321427011,4.962704098360656,17865734.754098363,7.887337573353654,35.04732086079143,0.0906609772916587,0.0,0.992114701314478,0.0001321521533099,17378354.460660618,17378354.460660618,10.0,0.7459379783610431
7.4063239342971,125.3412786857329,4.962704098360656,17865734.754098363,29.79329351753754,46.67111694031175,0.1569074303570737,0.0125,0.992114701314478,0.0008531444081087,17391528.53898399,17391528.53898399,10.0,0.7439165488739355
7.394156312147631,125.25999005078556,4.962704098360656,17865734.754098363,206.66440594022143,53.59553603900546,0.2032592026320188,0.0,0.992114701314478,0.0077631740028514,17438703.961492006,17438703.961492006,10.062841530054644,0.738852784554141
7.002488993959043,125.38053027590672,4.962704098360656,17865734.754098363,64.36054177089046,40.43067519283573,0.1194043970195707,0.0,0.992114701314478,0.0014202455264055,17393760.13004415,17393760.13004415,10.0,0.7441879508639029
7.445847299297044,125.44554981507046,4.962704098360656,17865734.754098363,40.587195528924525,42.99218060240055,0.1342766149942001,0.0,0.992114701314478,0.0010071933441667,17401731.223090347,17401731.223090347,10.0,0.7452109122916
7.173850891391359,125.35433748753287,4.962704098360656,17865734.754098363,130.348660660095,41.70644460955616,0.1267183236594274,0.0,0.992114701314478,0.0030525965645899,17397680.190244913,17397680.190244913,10.0,0.7448418421598051
7.246177305781527,125.6217683747963,4.962704098360656,17865734.754098363,174.1004634625005,45.54239677132304,0.1498093533317893,0.0,0.992114701314478,0.0048201691132644,17410056.336584676,17410056.336584676,10.0,0.7531849548302533
7.048216149863402,125.4522448597589,4.962704098360656,17865734.754098363,97.71011264804572,35.3453275641404,0.0921599086192054,0.0,0.992114701314478,0.0016641978951081,17379157.84594599,17379157.84594599,10.0,0.748796118212139
7.402820949964592,125.29082265464668,4.962704098360656,17865734.754098363,75.21923680384404,44.51143388236128,0.1434447188621326,0.0,0.992114701314478,0.0019940539549192,17406645.070447423,17406645.070447423,10.057377049180328,0.7388720198365062
7.242726673363743,125.28463456387956,4.962704098360656,17865734.754098363,359.0068693872487,36.981890642996206,0.10058715771682,0.0,0.992114701314478,0.0066737312555986,17383674.615858532,17383674.615858532,10.05464480874317,0.7375351106068344
7.295212438513857,125.41631716349757,4.962704098360656,17865734.754098363,27.142462515650845,61.20891192845371,0.2591913173260481,0.0,0.992114701314478,0.0013001489651586,17468682.011252787,17468682.011252787,10.0,0.743682389303469
7.19897104729973,125.51225315122092,4.962704098360656,17865734.754098363,104.19782367724775,45.12561847160106,0.1472226087547836,0.0,0.992114701314478,0.0028350229322057,17408669.913809992,17408669.913809992,10.0,0.7524048778673358
7.026798058163011,125.52997392859972,4.962704098360656,17865734.754098363,230.24811737393017,48.34319548277506,0.1676663637012117,0.0,0.992114701314478,0.0071345313789307,17419627.194907513,17419627.194907513,10.0,0.7527774600572449
7.212192667489842,125.43655329182153,4.962704098360656,17865734.754098363,194.1099875374757,40.087346151992584,0.1174681810947129,0.0,0.992114701314478,0.0042139710214856,17392722.372439947,17392722.372439947,10.0,0.7527756694140848
7.201647101616644,125.60621515023529,4.962704098360656,17865734.754098363,1904.1937896041136,47.87858844690003,0.164648074965845,0.0,0.992114701314478,0.0579416983391276,17418009.476528794,17418009.476528794,10.0,0.7530980209392576
7.341748110655647,125.47199296279646,4.962704098360656,17865734.754098363,157.49614980779234,50.23101749285902,0.1801531551224683,0.0,0.992114701314478,0.0052436685568577,17426319.766011372,17426319.766011372,10.0,0.7462148204260798
7.229866656845037,125.38297399960273,4.962704098360656,17865734.754098363,269.2002761886707,41.69803391560881,0.1266694955050336,0.0125,0.992114701314478,0.0062231184192892,17375321.85127664,17375321.85127664,10.0,0.7449488948244789
7.46471764916248,125.26569017700808,4.962704098360656,17865734.754098363,485.9863886478462,42.78291181669305,0.1330337640594828,0.0,0.992114701314478,0.0119483903930202,17401065.089736193,17401065.089736193,10.05464480874317,0.7396829127739759
7.452390813758662,125.50601192033896,4.962704098360656,17865734.754098363,30.46500698527457,43.586331122916874,0.1378318193840923,0.0125,0.992114701314478,0.0007663220008258,17381304.544806518,17381304.544806518,10.0,0.7464284865861164
7.467793443304464,125.3541865030547,4.962704098360656,17865734.754098363,29.06669669094895,47.612885664193826,0.1629318530275516,0.0,0.992114701314478,0.0008752358425764,17417089.62955093,17417089.62955093,10.0,0.7429871390525028
7.55977915806996,125.52087109999964,4.962704098360656,17865734.754098363,7.887337573353654,35.04732086079143,0.0906609772916587,0.0,0.992114701314478,0.0001321521533099,17378354.460660618,17378354.460660618,10.0,0.7459330710951366
7.311524379102545,125.43098531803918,4.962704098360656,17865734.754098363,107.79388560233394,52.91406979170906,0.1984939442458783,0.0,0.992114701314478,0.0039542562307034,17436149.91622116,17436149.91622116,10.0,0.748955113266246
7.1746556957580765,125.28797050683016,4.962704098360656,17865734.754098363,28.83854245371696,44.88403266075533,0.1457317378148104,0.0125,0.992114701314478,0.0007669869483027,17385538.680224385,17385538.680224385,10.046448087431694,0.7374104673898824
7.503584912590579,125.43461598997813,4.962704098360656,17865734.754098363,37.28312676679267,47.34089922693027,0.1611825520682783,0.0125,0.992114701314478,0.0010967076645023,17393819.884700004,17393819.884700004,10.0,0.745302673491414
7.2678792745532546,125.3729359229632,4.962704098360656,17865734.754098363,393.24563518108783,62.866146981925304,0.2719645965396736,0.0,0.992114701314478,0.0197651312451859,17475528.131803907,17475528.131803907,10.0,0.7436299287081126
6.989807168959068,125.28038227551662,5.225479234972678,18811725.24590164,41.97783797054488,46.96671063387074,0.1587884159786914,0.0,0.992114701314478,0.0012318626912616,18336986.01013328,18336986.01013328,10.05464480874317,0.7722918010223451
7.128875321655694,125.67101615714196,4.962704098360656,17865734.754098363,500.9044047307147,58.37455493823158,0.2378179468459773,0.0,0.992114701314478,0.0220152131707953,17457226.482218847,17457226.482218847,10.0,0.7538439774646508
7.015128143234316,125.45934235934172,4.962704098360656,17865734.754098363,270.1616437334409,32.518205139832276,0.0783896590686071,0.0,0.992114701314478,0.0039138653874871,17371777.37716693,17371777.37716693,10.0,0.7487341114400848
7.560391642648229,125.42077811258837,4.962704098360656,17865734.754098363,27.1594195595681,46.37355474671445,0.1550231416640348,0.0,0.992114701314478,0.0007781089971772,17412850.78136691,17412850.78136691,10.0,0.7431699407167315
7.283954366351415,125.3417302928246,4.962704098360656,17865734.754098363,97.53500742968475,38.77877199346353,0.1102149663618526,0.0,0.992114701314478,0.0019866644148867,17388834.852123994,17388834.852123994,10.0,0.7436609053785442
7.247387391956146,125.62982513062563,4.962704098360656,17865734.754098363,36141.5904138944,42.70277950447209,0.1325591521303706,0.0,0.992114701314478,0.8854017914499525,17400810.711011093,17400810.711011093,10.0,0.7531848384615278
7.511913065113051,125.35163491513396,4.962704098360656,17865734.754098363,166.89018722154665,37.24872294942579,0.1019922532122259,0.0,0.992114701314478,0.0031457297320873,17384427.707761284,17384427.707761284,10.024590163934427,0.7423792975898313
7.300959217517058,125.40458402500605,4.962704098360656,17865734.754098363,60.62219109103389,50.108515100550626,0.1793321944726379,0.0,0.992114701314478,0.0020091543919951,17425879.754054967,17425879.754054967,10.0,0.7436934987380878
7.086245713628064,125.40551840608336,4.962704098360656,17865734.754098363,179.1465705515975,26.192954298586233,0.0513436724157535,0.0125,0.992114701314478,0.0016786337509509,17334949.316013224,17334949.316013224,10.0,0.7450349795641967
7.073993272867395,125.54373848710549,4.962704098360656,17865734.754098363,136.5761099836842,49.20670917975241,0.1733340212745139,0.0,0.992114701314478,0.004375039418711,17422664.900913965,17422664.900913965,10.0,0.7528672416241543
7.127359201587558,125.54123391560448,4.962704098360656,17865734.754098363,235.64702161281417,23.87506976045765,0.0427849241155762,0.0,0.992114701314478,0.0018632714948831,17352694.234647106,17352694.234647106,10.0,0.7526042165624951
7.182824102457103,125.38795542576732,4.962704098360656,17865734.754098363,513.6116033893229,30.077977999491825,0.0673279422347474,0.0,0.992114701314478,0.0063907758707022,17365848.60620057,17365848.60620057,10.0,0.7448589667228586
7.510060032111338,125.39087191900713,4.962704098360656,17865734.754098363,25.99833176436132,49.2553251599909,0.1736553298196655,0.025,0.992114701314478,0.0008135076350872,17378172.776425976,17378172.776425976,10.0,0.742375296253339
7.0951108443582935,125.49190099273902,4.962704098360656,17865734.754098363,435.899237777743,48.686657507498055,0.1699117013691987,0.0,0.992114701314478,0.0136877737238431,17420830.633123804,17420830.633123804,10.0,0.7520249433397065
7.178789952693805,125.64927803721676,4.962704098360656,17865734.754098363,634.3723907575767,38.55803708440313,0.1090114066986329,0.0,0.992114701314478,0.0127802584395599,17388189.77779288,17388189.77779288,10.0,0.7530539061697508
7.041144025165786,125.57590826760698,4.962704098360656,17865734.754098363,71.91410937205575,41.700363133756746,0.1266830169397759,0.0,0.992114701314478,0.0016836659258049,17397661.26683026,17397661.26683026,10.0,0.7528020066272112
7.417647878498715,125.50848635103269,4.962704098360656,17865734.754098363,25.124135651031295,42.06790436711369,0.1288243597914032,0.0,0.992114701314478,0.000598153352786,17398808.966732405,17398808.966732405,10.0,0.7463599070265351
7.061998758839405,125.38139467024372,4.962704098360656,17865734.754098363,19.43185672918197,44.89939849735045,0.1458263759661929,0.0,0.992114701314478,0.0005236894219982,17407921.572070315,17407921.572070315,10.0,0.744298546676303
7.302600404444663,125.46658595186628,4.962704098360656,17865734.754098363,364.5650717092,24.035000665052333,0.0433515893967748,0.0125,0.992114701314478,0.0028843011640726,17330665.78295273,17330665.78295273,10.0,0.7489377390875527
7.354475952760715,125.3029193563768,4.962704098360656,17865734.754098363,43.98844146969564,45.794396658722754,0.1513823944744192,0.025,0.992114701314478,0.0011998915088164,17366235.105773777,17366235.105773777,10.051912568306012,0.7387843696439415
7.081541622840903,125.35157133837966,4.962704098360656,17865734.754098363,75.84324120821711,52.06309095049334,0.1926033058524051,0.0,0.992114701314478,0.0026996287254985,17432992.698729057,17432992.698729057,10.0,0.7443350660270994
7.206408615052961,125.39917960548782,4.962704098360656,17865734.754098363,191.93724009530672,41.050466655407746,0.1229342876787122,0.0,0.992114701314478,0.0043606948181438,17395652.052750967,17395652.052750967,10.0,0.7449039873481763
7.1692239063365735,125.38018102601173,4.962704098360656,17865734.754098363,41.81428257760997,46.20906493472573,0.153985513306002,0.0,0.992114701314478,0.0011899478642543,17412294.641576372,17412294.641576372,10.0,0.7448364666862783
7.447717288653823,125.31452660342936,4.962704098360656,17865734.754098363,29.348586276604976,39.55961809347142,0.1145188469864691,0.0,0.992114701314478,0.0006211372454845,17391141.611813575,17391141.611813575,10.040983606557377,0.7396492971994988
7.30167412707881,125.45941691304236,4.962704098360656,17865734.754098363,364.5650717092,24.035000665052333,0.0433515893967748,0.0125,0.992114701314478,0.0028843011640726,17330665.78295273,17330665.78295273,10.0,0.7489353870253648
7.458948608489835,125.36846617550536,4.962704098360656,17865734.754098363,40.60046893701411,49.23637359439856,0.1735300488099335,0.0,0.992114701314478,0.0013020544842982,17422769.966192532,17422769.966192532,10.0,0.7429696553479876
7.238356152363955,125.6470782444346,4.962704098360656,17865734.754098363,178.99003567626508,44.658093634020645,0.1443431252752415,0.0,0.992114701314478,0.0047747251578105,17407126.591167763,17407126.591167763,10.0,0.7531697974385188
7.016797015745469,125.58692945664671,4.962704098360656,17865734.754098363,93.6977182187686,39.5763290836109,0.1146117402774239,0.025,0.992114701314478,0.0019350231111334,17346527.06313523,17346527.06313523,10.0,0.7538104962589074
6.978412108722246,125.5323214141823,5.225479234972678,18811725.24590164,133.83919514728333,48.54032959421556,0.1689536469957047,0.0875,0.992114701314478,0.0038133544894409,18178120.18022024,18178120.18022024,10.0,0.7986402280596345
7.512812757880852,125.50650950316728,4.962704098360656,17865734.754098363,16.385285428835015,45.26746702864138,0.1481009066762103,0.0,0.992114701314478,0.0004484718078886,17409140.65694097,17409140.65694097,10.0,0.7458390302449438
6.983789719567273,125.4162326333819,5.225479234972678,18811725.24590164,275.7084437077741,46.24084520273373,0.1541857663765032,0.0,0.992114701314478,0.0078562947626501,18334388.496741697,18334388.496741697,10.0,0.7879396545299845
7.128488197239462,125.43255761131776,4.962704098360656,17865734.754098363,96.75359653110088,54.784687610003346,0.2116746605594372,0.0125,0.992114701314478,0.0037376317720516,17420882.24322435,17420882.24322435,10.0,0.7520972496343818
7.23234969563088,125.40594875436804,4.962704098360656,17865734.754098363,64.76455934309413,37.90306634076379,0.1054743957261841,0.0,0.992114701314478,0.0012624316667841,17386294.038797196,17386294.038797196,10.0,0.744943088041147
7.131818950101517,125.63936007796885,4.962704098360656,17865734.754098363,121.57640384148422,44.71358320939108,0.1446836505484196,0.0,0.992114701314478,0.0032508143637968,17407309.103193995,17407309.103193995,10.0,0.7538452854743811
7.232913750998279,125.64623344951583,4.962704098360656,17865734.754098363,376.9834691142676,30.454494255662365,0.0689840058326982,0.0,0.992114701314478,0.0048061147460997,17366736.209989876,17366736.209989876,10.0,0.7531591635328428
7.282633637808936,125.37480946958335,4.962704098360656,17865734.754098363,34.408133958172385,45.204876372460774,0.1477130916351541,0.0,0.992114701314478,0.0009392982805123,17408932.798921257,17408932.798921257,10.0,0.7436608100608962
7.123394713815308,125.4179427827235,4.962704098360656,17865734.754098363,193.86794878164696,43.03041018543846,0.1345041886839669,0.0,0.992114701314478,0.0048190922889868,17401853.1962257,17401853.1962257,10.0,0.752078567297153
7.0548177225208,125.45867831060258,4.962704098360656,17865734.754098363,194.9018277151623,13.78725195064501,0.0144063357615741,0.025,0.992114701314478,0.0005059382088191,17292819.76779501,17292819.76779501,10.0,0.7487988973109034
7.323738143598965,125.38637854530567,4.962704098360656,17865734.754098363,214.43343652442985,34.357117468314414,0.0872319440915207,0.0,0.992114701314478,0.0034569370888084,17376516.594732117,17376516.594732117,10.0,0.7437375480659711
7.491410234314529,125.41586368618916,4.962704098360656,17865734.754098363,228.46982380909847,38.31514962299382,0.1076937665843656,0.0,0.992114701314478,0.0045471871856914,17387483.559529394,17387483.559529394,10.0,0.7430332999972298
7.048518179201591,125.61956440322436,4.962704098360656,17865734.754098363,41.93983534952473,48.7650964308501,0.170426152179588,0.0,0.992114701314478,0.0013209499989257,17421106.364375476,17421106.364375476,10.0,0.7538710441139693
7.066625078705999,125.47008362297277,4.962704098360656,17865734.754098363,160.45947921567142,46.59887609989021,0.1564491185076512,0.0125,0.992114701314478,0.0045814085510412,17391282.896645896,17391282.896645896,10.0,0.7488308259789356
7.322485864655231,125.27283560761605,4.962704098360656,17865734.754098363,69.58041270400645,41.95731767718502,0.1281784569448578,0.0,0.992114701314478,0.0016482590098634,17398462.780864406,17398462.780864406,10.049180327868852,0.7390707430148608
6.994436785929112,125.56340488051548,5.225479234972678,18811725.24590164,65.64001609380634,44.97223773739768,0.1462753391356589,0.0375,0.992114701314478,0.0017079059427004,18259380.26355459,18259380.26355459,10.0,0.7986704272673509
7.486206319915743,125.50432528838016,4.962704098360656,17865734.754098363,71.84685863426319,46.324887032859216,0.1547158412886233,0.0,0.992114701314478,0.0020543100289466,17412686.076957002,17412686.076957002,10.0,0.7464955436227525
7.386835015804495,125.34159674317736,4.962704098360656,17865734.754098363,36.94326946917393,41.83202490241288,0.1274483341991761,0.0,0.992114701314478,0.0008701475668533,17398071.45548504,17398071.45548504,10.0,0.7438785453834458
7.077015763352868,125.64670607513898,4.962704098360656,17865734.754098363,33.01914479500748,42.01114272881309,0.1284926596462489,0.0375,0.992114701314478,0.0007546894804512,17331634.6794002,17331634.6794002,10.0,0.7539256271067702
7.337928153665515,125.37263119397964,4.962704098360656,17865734.754098363,81.30777061390162,46.11243921382981,0.1533773117424826,0.0,0.992114701314478,0.0023047116323095,17411968.66254205,17411968.66254205,10.0,0.7437971348520531
7.160645212809575,125.67201203838678,4.962704098360656,17865734.754098363,119.06393785351642,53.93711397953755,0.2056635753356493,0.0,0.992114701314478,0.0045254424097664,17439992.6380412,17439992.6380412,10.0,0.753905252885617
7.250114269079972,125.387930032198,4.962704098360656,17865734.754098363,68.6218456503959,47.47185137610401,0.1620238298865536,0.0,0.992114701314478,0.0020547770542952,17416602.9545333,17416602.9545333,10.0,0.7435958293370066
7.079660088577463,125.41718424054832,4.962704098360656,17865734.754098363,170.3466013005303,44.67843425597176,0.1444679117364814,0.0,0.992114701314478,0.0045480820101323,17407193.473222286,17407193.473222286,10.0,0.7488552143059439
7.120754340489055,125.64845509023824,4.962704098360656,17865734.754098363,169.86174408046116,51.31710042291418,0.1874951488700994,0.025,0.992114701314478,0.0057387016816873,17385590.53251197,17385590.53251197,10.0,0.7538240310753285
6.999832973912498,125.55584244023926,5.225479234972678,18811725.24590164,65.64001609380634,44.97223773739768,0.1462753391356589,0.0375,0.992114701314478,0.0017079059427004,18259380.26355459,18259380.26355459,10.0,0.7986812116767308
7.381985830798447,125.3801849189302,4.962704098360656,17865734.754098363,69.9467236541887,51.16975202226598,0.1864924212866488,0.0,0.992114701314478,0.0024107489329368,17429717.435446117,17429717.435446117,10.0,0.7438688930424593
7.164181238865596,125.28304370524909,4.962704098360656,17865734.754098363,28.83854245371696,44.88403266075533,0.1457317378148104,0.0125,0.992114701314478,0.0007669869483027,17385538.680224385,17385538.680224385,10.046448087431694,0.7365249177814555
7.305148618742523,125.39425084517936,4.962704098360656,17865734.754098363,39.98330632701681,45.52344669644767,0.1496913360961374,0.0,0.992114701314478,0.0011061111952606,17409993.082645815,17409993.082645815,10.0,0.7437045630093896
6.995594478223585,125.35997093813371,5.225479234972678,18811725.24590164,41.97783797054488,46.96671063387074,0.1587884159786914,0.0,0.992114701314478,0.0012318626912616,18336986.01013328,18336986.01013328,10.0,0.7813911960942183
7.121560938357643,125.3945070567098,4.962704098360656,17865734.754098363,205.14059837392296,45.20530383029724,0.1477157387614492,0.0,0.992114701314478,0.0056001776981969,17408934.217706945,17408934.217706945,10.0,0.7451014053556113
7.08415152662115,125.40268087759686,4.962704098360656,17865734.754098363,170.3466013005303,44.67843425597176,0.1444679117364814,0.0,0.992114701314478,0.0045480820101323,17407193.473222286,17407193.473222286,10.0,0.744330081286837
7.363468097193057,125.34319822979256,4.962704098360656,17865734.754098363,47.5985964895131,46.982735091509774,0.1588906462297284,0.0,0.992114701314478,0.0013977062187452,17414923.65568884,17414923.65568884,10.0,0.7438312644032041
7.180565329683629,125.40375161063284,4.962704098360656,17865734.754098363,337.04623202851417,32.26071262719131,0.0771859816563442,0.0,0.992114701314478,0.0048078546224884,17371132.23972562,17371132.23972562,10.0,0.7448546788022328
7.457598189121724,125.47365452282716,4.962704098360656,17865734.754098363,241.8713140491866,45.38096932959107,0.1488052439075309,0.0,0.992114701314478,0.0066515983829471,17409518.162005536,17409518.162005536,10.0,0.7452337095555361
7.337853138308241,125.39929808114758,4.962704098360656,17865734.754098363,136.6832622954209,44.97607386125087,0.1462989999130923,0.0,0.992114701314478,0.0036955587604736,17408174.885292526,17408174.885292526,10.0,0.743783190493358
7.2349455900541475,125.24575372064425,4.962704098360656,17865734.754098363,378.3686503948254,38.19054198065508,0.1070205173227087,0.0,0.992114701314478,0.0074835146090167,17387122.71674743,17387122.71674743,10.0,0.7432315691142458
7.0164816742691,125.43743046934416,4.962704098360656,17865734.754098363,103.95729375339748,37.108211791908474,0.1012512664139063,0.0,0.992114701314478,0.001945265337273,17384030.559553433,17384030.559553433,10.0,0.7487365484680217
7.038423552312188,125.4871330490143,4.962704098360656,17865734.754098363,251.96543187960648,40.17788850745053,0.1179774671422532,0.0,0.992114701314478,0.0054936811462558,17392995.33552313,17392995.33552313,10.0,0.7487778666576324
7.354040672985397,125.5192370785065,4.962704098360656,17865734.754098363,28.11870043600369,46.28484301459469,0.154463179938503,0.0125,0.992114701314478,0.0007926486780571,17390218.489094466,17390218.489094466,10.0,0.7493908588871002
7.096694848216325,125.48434230120093,4.962704098360656,17865734.754098363,60.46656328295216,36.540899028165384,0.0982839710777663,0.0125,0.992114701314478,0.0010845722895254,17360108.003768433,17360108.003768433,10.0,0.7520279136527848
7.078399253351248,125.4191318094779,4.962704098360656,17865734.754098363,170.3466013005303,44.67843425597176,0.1444679117364814,0.0,0.992114701314478,0.0045480820101323,17407193.473222286,17407193.473222286,10.0,0.7488552143059439
7.413372641063526,125.38018864464786,4.962704098360656,17865734.754098363,49.80585876727402,45.48265139442765,0.1494374012624975,0.025,0.992114701314478,0.0013411204160545,17365192.643789094,17365192.643789094,10.0,0.7439300894244139
7.016999712039564,125.3156034283464,4.962704098360656,17865734.754098363,117.77483059241216,39.51278416598888,0.1142586806366703,0.0,0.992114701314478,0.0024869388802473,17391002.169923652,17391002.169923652,10.021857923497267,0.7362596130927974
7.14609068932089,125.31341422825147,4.962704098360656,17865734.754098363,38.61756338142857,44.33959970983439,0.1423950718250483,0.0,0.992114701314478,0.0010162562884048,17406082.488980927,17406082.488980927,10.032786885245901,0.7364898986229585
7.1560403343642935,125.51039991847377,4.962704098360656,17865734.754098363,767.8886473734274,34.585702856282396,0.0883609808885113,0.0,0.992114701314478,0.0125395570073229,17377121.726890393,17377121.726890393,10.0,0.752659286269307
6.984255648345918,125.56697375172264,5.225479234972678,18811725.24590164,65.64001609380634,44.97223773739768,0.1462753391356589,0.0375,0.992114701314478,0.0017079059427004,18259380.26355459,18259380.26355459,10.0,0.798649941957552
7.271937063204325,125.4437918673599,4.962704098360656,17865734.754098363,227.32068153255776,44.72864979017781,0.14477616782805,0.0125,0.992114701314478,0.0060061551898154,17385026.52142671,17385026.52142671,10.0,0.7488653429236528
7.167093129249299,125.42676417502992,4.962704098360656,17865734.754098363,56.09098105838049,47.692567728016776,0.163445774484832,0.0,0.992114701314478,0.0016942993819413,17417365.077084135,17417365.077084135,10.0,0.7526980082168867
7.2362785926888415,125.46780748923764,4.962704098360656,17865734.754098363,27.54978111013737,45.249654035968376,0.1479904936537012,0.0,0.992114701314478,0.000753486352254,17409081.478647765,17409081.478647765,10.0,0.7528368318595962
7.539614403808247,125.50447485087048,4.962704098360656,17865734.754098363,31.30902447918925,46.35906976558169,0.1549316537676214,0.025,0.992114701314478,0.0008740529188306,17368137.40952695,17368137.40952695,10.0,0.7458926668962775
7.073593607682846,125.40208721672872,4.962704098360656,17865734.754098363,170.3466013005303,44.67843425597176,0.1444679117364814,0.0,0.992114701314478,0.0045480820101323,17407193.473222286,17407193.473222286,10.0,0.7443202068116312
7.142947659522664,125.38646992438382,4.962704098360656,17865734.754098363,140.851708047259,32.27212890713198,0.0772391675942364,0.0,0.992114701314478,0.0020105881637053,17371160.74590139,17371160.74590139,10.0,0.7451417967786582
7.452541508308432,125.30130052721732,4.962704098360656,17865734.754098363,29.348586276604976,39.55961809347142,0.1145188469864691,0.0,0.992114701314478,0.0006211372454845,17391141.611813575,17391141.611813575,10.046448087431694,0.7396588206875451
7.553337198052669,125.45561337215388,4.962704098360656,17865734.754098363,75.39725970040838,37.10818661482754,0.1012511338571112,0.0,0.992114701314478,0.0014108436119272,17384030.488506697,17384030.488506697,10.0,0.7431398676924742
7.008356586980532,125.41100307823,4.962704098360656,17865734.754098363,76.91343194834079,50.52487396405671,0.1821284135084891,0.0125,0.992114701314478,0.0025564683371471,17405046.280840613,17405046.280840613,10.0,0.7441985615642922
7.0849038743727535,125.31780962925268,4.962704098360656,17865734.754098363,109.35345841406912,46.35748317176759,0.1549216340983766,0.0,0.992114701314478,0.003130891451163,17412796.376149606,17412796.376149606,10.021857923497267,0.7363768195560234
7.279701571126069,125.49271154149204,4.962704098360656,17865734.754098363,315.03239565895984,56.31836040632021,0.2227111001764945,0.0,0.992114701314478,0.0129664323355996,17449129.63475181,17449129.63475181,10.0,0.7488931370491407
7.200931021980404,125.4959717003904,4.962704098360656,17865734.754098363,1900.7135914320784,36.972530991421905,0.1005380283970739,0.0,0.992114701314478,0.0353159150445567,17383648.28391668,17383648.28391668,10.0,0.7527639110516611
7.046229450502366,125.61410931203528,4.962704098360656,17865734.754098363,82.57187653851352,52.105061512314734,0.192892255014684,0.0125,0.992114701314478,0.0029067485737103,17410815.398959156,17410815.398959156,10.0,0.7538666430918602
7.404268167488259,125.42305024108792,4.962704098360656,17865734.754098363,73.35406427475853,31.888393781435155,0.0754606428827002,0.0,0.992114701314478,0.0010229822571124,17370207.506378893,17370207.506378893,10.0,0.7463375388039591
7.19627761321513,125.63400038052713,4.962704098360656,17865734.754098363,89.16842740650077,32.12596703747655,0.0765595004595045,0.0,0.992114701314478,0.001261634677014,17370796.463318884,17370796.463318884,10.0,0.7530911100477672
7.00112192277958,125.4898842519148,4.962704098360656,17865734.754098363,77.06330641498778,49.72437792414576,0.1767673876812815,0.0125,0.992114701314478,0.0024860525566154,17402172.92087745,17402172.92087745,10.0,0.7487080734670826
7.001120764868837,125.29927754342424,4.962704098360656,17865734.754098363,41.97783797054488,46.96671063387074,0.1587884159786914,0.0,0.992114701314478,0.0012318626912616,17414868.863132372,17414868.863132372,10.030054644808743,0.736224365755427
7.143328933140394,125.56668552271664,4.962704098360656,17865734.754098363,43.84517268074781,45.10777614673847,0.147112285627037,0.0,0.992114701314478,0.0011920491071831,17408610.783697866,17408610.783697866,10.0,0.75263513110261
6.99934097961353,125.5647020781647,5.225479234972678,18811725.24590164,65.64001609380634,44.97223773739768,0.1462753391356589,0.0375,0.992114701314478,0.0017079059427004,18259380.26355459,18259380.26355459,10.0,0.7986812116767308
7.312359439389589,125.33015645663768,4.962704098360656,17865734.754098363,132.76640719825255,47.18874565367403,0.1602072928328846,0.0,0.992114701314478,0.0039309172694209,17415629.341458146,17415629.341458146,10.027322404371585,0.7390509268180121
7.472970592087338,125.42201984283123,4.962704098360656,17865734.754098363,228.46982380909847,38.31514962299382,0.1076937665843656,0.0,0.992114701314478,0.0045471871856914,17387483.559529394,17387483.559529394,10.0,0.7452548109037567
7.281431121718362,125.45206889874126,4.962704098360656,17865734.754098363,227.32068153255776,44.72864979017781,0.14477616782805,0.0125,0.992114701314478,0.0060061551898154,17385026.52142671,17385026.52142671,10.0,0.7488883769856975
6.989825522273277,125.615999702712,5.225479234972678,18811725.24590164,93.6977182187686,39.5763290836109,0.1146117402774239,0.025,0.992114701314478,0.0019350231111334,18265025.512451444,18265025.512451444,10.0,0.7953357811003554
7.531958886170156,125.44667359624424,4.962704098360656,17865734.754098363,17.414719677638455,45.02265454940715,0.1465864308053877,0.0,0.992114701314478,0.000471773646644,17408328.940214984,17408328.940214984,10.0,0.7431131677590039
7.401314358870716,125.53663031441724,4.962704098360656,17865734.754098363,25.7123452804964,39.915611369216585,0.1165048261541643,0.0,0.992114701314478,0.0005536165014859,17392206.04112469,17392206.04112469,10.0,0.7494808624136033
7.228109312844176,125.34387970053167,4.962704098360656,17865734.754098363,201.10272402579864,49.82930078150552,0.1774664991076347,0.0,0.992114701314478,0.0065956523190666,17424879.793499272,17424879.793499272,10.0,0.744945605533646
7.294931022660234,125.3934052578487,4.962704098360656,17865734.754098363,52.2547424055079,49.47711836329792,0.1751241639090945,0.0125,0.992114701314478,0.0016700609037783,17401292.198875785,17401292.198875785,10.0,0.7436710263326789
7.168557737075168,125.43927772464392,4.962704098360656,17865734.754098363,65.265909807132,44.62103686466563,0.1441159031520336,0.0,0.992114701314478,0.0017382879641687,17407004.806462258,17407004.806462258,10.0,0.7527009174550678
7.119159800028768,125.36410133484668,4.962704098360656,17865734.754098363,32.49785229895129,47.07080062150294,0.159452948532281,0.0,0.992114701314478,0.0009576584253378,17415225.03400251,17415225.03400251,10.0,0.7451053837512281
7.053609329984762,125.39266963571932,4.962704098360656,17865734.754098363,251.92004597571196,36.8827947267021,0.1000675390905797,0.0,0.992114701314478,0.0046588568395939,17383396.11480204,17383396.11480204,10.0,0.7442829032511844
7.40692982991062,125.28175639080224,4.962704098360656,17865734.754098363,38.623501930066595,36.09662929315911,0.0959877275591359,0.0,0.992114701314478,0.0006851580696627,17381209.449882016,17381209.449882016,10.060109289617486,0.7388852889499455
7.110509143255096,125.62413497245134,4.962704098360656,17865734.754098363,46.60107629441113,45.5986604232234,0.150159977644256,0.025,0.992114701314478,0.0012608928349135,17365579.924528375,17365579.924528375,10.0,0.7538041459254855
7.451356208511793,125.2402534759164,4.962704098360656,17865734.754098363,40.74935278788705,48.543572196250665,0.168974853949235,0.0,0.992114701314478,0.0012725246799978,17420328.5090985,17420328.5090985,10.046448087431694,0.741734691344753
7.002890234694283,125.576368727345,4.962704098360656,17865734.754098363,65.64001609380634,44.97223773739768,0.1462753391356589,0.0375,0.992114701314478,0.0017079059427004,17341165.698449448,17341165.698449448,10.0,0.7527326134883053
7.447344333083449,125.50158042394256,4.962704098360656,17865734.754098363,30.46500698527457,43.586331122916874,0.1378318193840923,0.0125,0.992114701314478,0.0007663220008258,17381304.544806518,17381304.544806518,10.0,0.7464185160702425
7.079300258647764,125.34114603427516,4.962704098360656,17865734.754098363,21.97482359879272,31.692078124261815,0.0745581227595195,0.0125,0.992114701314478,0.0002990066762903,17347391.61238234,17347391.61238234,10.0,0.7443308694827422
7.316895033173844,125.27702725558672,4.962704098360656,17865734.754098363,15.134142288459191,49.35265131440839,0.1742992752271613,0.0,0.992114701314478,0.0004875024616092,17423182.25004661,17423182.25004661,10.043715846994536,0.7390584494875968
7.47085639717375,125.50364860112144,4.962704098360656,17865734.754098363,66.5817242049405,44.23258804983788,0.1417430170116283,0.0125,0.992114701314478,0.0017223334381112,17383400.83738805,17383400.83738805,10.0,0.7464650701116056
7.116830515075202,125.60404261997944,4.962704098360656,17865734.754098363,904.870994683936,35.807310455952404,0.094505411627438,0.0,0.992114701314478,0.015803990657873,17380414.969984293,17380414.969984293,10.0,0.7538161573697661
7.149403839259431,125.48419223748418,4.962704098360656,17865734.754098363,118.33733991946572,44.35156063438482,0.1424680309496793,0.0125,0.992114701314478,0.003076803407292,17383789.42458936,17383789.42458936,10.0,0.75212910730806
7.561586130725209,125.3757579595178,4.962704098360656,17865734.754098363,37.6958936029642,48.39423031257563,0.1679992437073814,0.0,0.992114701314478,0.001170374332108,17419805.609284367,17419805.609284367,10.021857923497267,0.7424754902825735
7.305320709880841,125.4175443532004,4.962704098360656,17865734.754098363,294.0166291258601,48.06719622461004,0.1658707052125783,0.0,0.992114701314478,0.0090129093734952,17418664.772159506,17418664.772159506,10.0,0.748961698543855
7.02590168816061,125.45121382446892,4.962704098360656,17865734.754098363,169.56543518775092,43.85729961805577,0.139466161129422,0.0,0.992114701314478,0.0043704846041292,17404512.67473273,17404512.67473273,10.0,0.7487646907839485
7.29895399595781,125.33111494465976,4.962704098360656,17865734.754098363,50.15307702158783,43.08264223382428,0.1348153794914253,0.0,0.992114701314478,0.0012495695705804,17402019.98579842,17402019.98579842,10.024590163934427,0.7390292620433487
7.019176856474032,125.5846419957719,4.962704098360656,17865734.754098363,93.6977182187686,39.5763290836109,0.1146117402774239,0.025,0.992114701314478,0.0019350231111334,17346527.06313523,17346527.06313523,10.0,0.7527644538429398
7.405622689012298,125.25050282775948,4.962704098360656,17865734.754098363,34.022922963141454,46.919578298621225,0.158487883434948,0.0,0.992114701314478,0.0009965316724591,17414707.78609103,17414707.78609103,10.019125683060109,0.7420042160762749
7.448172001121757,125.52052266473386,4.962704098360656,17865734.754098363,16.170153829807926,44.59131561002881,0.1439337680043014,0.0,0.992114701314478,0.0004301305260597,17406907.187115096,17406907.187115096,10.0,0.7464201091323377
7.165676809076621,125.49872365803506,4.962704098360656,17865734.754098363,2763.6650927347528,80.60795828429433,0.418405536246873,0.0,0.992114701314478,0.2137008523788487,17554016.3813824,17554016.3813824,10.0,0.7521606020830407
7.387757696320457,125.49936895599392,4.962704098360656,17865734.754098363,36.35739738907891,38.60447790593973,0.1092641443900513,0.0,0.992114701314478,0.0007341653361838,17388325.238129597,17388325.238129597,10.0,0.7494632820230072
7.447373906912387,125.42723975814631,4.962704098360656,17865734.754098363,228.46982380909847,38.31514962299382,0.1076937665843656,0.0,0.992114701314478,0.0045471871856914,17387483.559529394,17387483.559529394,10.0,0.7452041726626084
7.306619998855576,125.31466615782269,4.962704098360656,17865734.754098363,45.00512874643664,48.76063597433894,0.1703968811832957,0.0125,0.992114701314478,0.0013995363188802,17398758.50749718,17398758.50749718,10.030054644808743,0.739040110272959
7.327492458369948,125.44846089582764,4.962704098360656,17865734.754098363,269.46215496992716,41.32578614477728,0.124516489192454,0.0,0.992114701314478,0.0062008048649049,17396500.06852813,17396500.06852813,10.0,0.7489864126534688
7.218821338891895,125.24112813106628,4.962704098360656,17865734.754098363,17.580052938865563,45.524512861116975,0.149697974936967,0.0,0.992114701314478,0.000486361873664,17409996.640878897,17409996.640878897,10.0,0.7431971646773424
7.336340814303488,125.49718987363448,4.962704098360656,17865734.754098363,38.64999470044047,45.55150440316568,0.1498660874523535,0.0,0.992114701314478,0.0010704742551551,17410086.74448716,17410086.74448716,10.0,0.7462042388072664
7.424050725048475,125.53285104566562,4.962704098360656,17865734.754098363,24.421011442066508,50.366725024912185,0.1810643180694698,0.0,0.992114701314478,0.0008171841591315,17426808.123877235,17426808.123877235,10.0,0.7463724705026455
7.469539246923437,125.52527967843557,4.962704098360656,17865734.754098363,26.791839957889454,36.03127449674832,0.0956519822802505,0.0,0.992114701314478,0.0004736089860776,17381029.49979909,17381029.49979909,10.0,0.7464624030718834
7.305366238713866,125.51722879982024,4.962704098360656,17865734.754098363,55.444382147138946,48.698236732698874,0.1699876061665641,0.0,0.992114701314478,0.0017417997552193,17420871.315973092,17420871.315973092,10.0,0.7506869484016279
7.021943322307107,125.50832536216602,4.962704098360656,17865734.754098363,198.7925519857941,51.66115650965558,0.1898445370228996,0.0125,0.992114701314478,0.0068874544010947,17409181.907321762,17409181.907321762,10.0,0.7527681008371242
7.298800317338966,125.34859863250766,4.962704098360656,17865734.754098363,50.15307702158783,43.08264223382428,0.1348153794914253,0.0,0.992114701314478,0.0012495695705804,17402019.98579842,17402019.98579842,10.0,0.7436826266999779
7.340942209091963,125.26095203141452,4.962704098360656,17865734.754098363,69.58041270400645,41.95731767718502,0.1281784569448578,0.0,0.992114701314478,0.0016482590098634,17398462.780864406,17398462.780864406,10.060109289617486,0.7387587742818447
7.433015333178766,125.32393817104192,4.962704098360656,17865734.754098363,30.282662575179664,45.280317732363926,0.1481805822976588,0.0,0.992114701314478,0.0008292944778092,17409183.360846546,17409183.360846546,10.03825136612022,0.7396205804205302
7.176153385624087,125.5012110269072,4.962704098360656,17865734.754098363,1520.347044662701,79.47385608066968,0.408657918383232,0.0,0.992114701314478,0.1148222549768047,17548791.930725317,17548791.930725317,10.0,0.7527263427297444
7.517520920137294,125.431614681149,4.962704098360656,17865734.754098363,50.65071576658682,44.54019227843493,0.143620702723888,0.0125,0.992114701314478,0.0013275875089245,17384407.224434655,17384407.224434655,10.0,0.7430846115259675
6.988935587030354,125.39419723620244,5.225479234972678,18811725.24590164,34.23246179952801,42.65626515716841,0.1322839840960263,0.0,0.992114701314478,0.0008368908460458,18322028.187422022,18322028.187422022,10.0,0.7813844226464168
7.569510590085489,125.39666774346736,4.962704098360656,17865734.754098363,20.60223821544115,51.83042104988083,0.1910044702640131,0.0,0.992114701314478,0.0007272460230216,17432135.767552927,17432135.767552927,10.005464480874316,0.7424930739725067
7.108758183062633,125.4598648805424,4.962704098360656,17865734.754098363,73.12803808653696,48.75408851543827,0.1703539182027966,0.0,0.992114701314478,0.0023022870359696,17421067.64898339,17421067.64898339,10.0,0.7520508174915578
7.175967657385349,125.26831011972688,4.962704098360656,17865734.754098363,28.83854245371696,44.88403266075533,0.1457317378148104,0.0125,0.992114701314478,0.0007669869483027,17385538.680224385,17385538.680224385,10.051912568306012,0.737413089267647
7.205223160117609,125.6088184705638,4.962704098360656,17865734.754098363,1904.1937896041136,47.87858844690003,0.164648074965845,0.0,0.992114701314478,0.0579416983391276,17418009.476528794,17418009.476528794,10.0,0.7531049911408296
7.351585519348243,125.27074200711736,4.962704098360656,17865734.754098363,152.45941267805347,44.75721412280223,0.1449516363187597,0.025,0.992114701314478,0.0039820379933013,17362788.399189472,17362788.399189472,10.060109289617486,0.7387791118454197
7.217432279889572,125.67757687382333,4.962704098360656,17865734.754098363,3086.674337150231,53.295923684553614,0.2011589060539303,0.0,0.992114701314478,0.1147502116684724,17437578.261244934,17437578.261244934,10.0,0.7534879877618261
7.093753396028057,125.48245402192448,4.962704098360656,17865734.754098363,63.21609720922325,47.31600077061624,0.1610227966644507,0.0375,0.992114701314478,0.0018106695684037,17349069.923384648,17349069.923384648,10.0,0.7520172849048854
6.990848837968865,125.35053699332052,5.225479234972678,18811725.24590164,41.97783797054488,46.96671063387074,0.1587884159786914,0.0,0.992114701314478,0.0012318626912616,18336986.01013328,18336986.01013328,10.0,0.7813820463151878
7.373449006238466,125.47293976513106,4.962704098360656,17865734.754098363,31.255447135955343,45.27491372255917,0.1481470747510913,0.0125,0.992114701314478,0.0008450439950899,17386833.233295746,17386833.233295746,10.0,0.7462768749464522
7.22888269215109,125.43945619935704,4.962704098360656,17865734.754098363,164.18669916230806,52.376583418776335,0.1947655405533318,0.0,0.992114701314478,0.0059098099013471,17434151.596078344,17434151.596078344,10.0,0.7528242418145225
7.499678393605973,125.32921099610306,4.962704098360656,17865734.754098363,166.89018722154665,37.24872294942579,0.1019922532122259,0.0,0.992114701314478,0.0031457297320873,17384427.707761284,17384427.707761284,10.043715846994536,0.7397508322810394
7.095955561703523,125.48070871952469,4.962704098360656,17865734.754098363,71.09346398644684,42.73606127848969,0.1327561879846631,0.0,0.992114701314478,0.0017442465306652,17400916.31672039,17400916.31672039,10.0,0.7520279136527848
7.322131086542002,125.2958664176867,4.962704098360656,17865734.754098363,80.20288985798338,49.74769741627148,0.1769226741730934,0.0,0.992114701314478,0.0026223878919752,17424588.31853828,17424588.31853828,10.040983606557377,0.7390698691758603
7.362952941381181,125.39413051619384,4.962704098360656,17865734.754098363,29.39143371892187,35.78621086014096,0.0943977125700473,0.0125,0.992114701314478,0.0005063406158143,17358025.077857893,17358025.077857893,10.0,0.7438318368997545
7.371432208255991,125.51501592527244,4.962704098360656,17865734.754098363,86.11160804075408,48.03023918307044,0.1656308494084742,0.0,0.992114701314478,0.0026358843240334,17418536.216154248,17418536.216154248,10.0,0.7494251303088144
6.966916278736714,125.5487554235534,5.225479234972678,18811725.24590164,133.83919514728333,48.54032959421556,0.1689536469957047,0.0875,0.992114701314478,0.0038133544894409,18178120.18022024,18178120.18022024,10.0,0.798614748343459
7.201286059329388,125.59238499209542,4.962704098360656,17865734.754098363,53.57796780659214,43.924041751100624,0.1398699542507868,0.0125,0.992114701314478,0.0013676381064395,17382396.92811416,17382396.92811416,10.0,0.7530985173313676
7.240071080955293,125.4608416984802,4.962704098360656,17865734.754098363,95.12410277889737,50.32288236051902,0.1807697552328192,0.0,0.992114701314478,0.0031778966003625,17426650.246432,17426650.246432,10.0,0.7528347551074975
7.118492804371616,125.38052121449708,4.962704098360656,17865734.754098363,105.91015786574744,45.2216545931053,0.1478170091605134,0.0,0.992114701314478,0.0028932465578455,17408988.49580959,17408988.49580959,10.0,0.7450956147299905
7.1999844876781,125.47060388791655,4.962704098360656,17865734.754098363,2036.290415130128,79.91230929556484,0.4124223931939542,0.0,0.992114701314478,0.1552048805880936,17550809.58397902,17550809.58397902,10.0,0.7527619276098073
7.147161806733208,125.37090447343132,4.962704098360656,17865734.754098363,106.1364944112582,45.27067783419117,0.1481208123262496,0.0,0.992114701314478,0.0029053887013267,17409151.325812884,17409151.325812884,10.0,0.7451497688976164
7.280534316230372,125.4781644848648,4.962704098360656,17865734.754098363,111.5909646165022,32.65493327485314,0.0790322727533881,0.0,0.992114701314478,0.0016298848461706,17372121.80013618,17372121.80013618,10.0,0.7488947277578384
7.573315935137208,125.5263315721946,4.962704098360656,17865734.754098363,12.78623504042829,58.14158304727009,0.2360889775055422,0.0,0.992114701314478,0.0005578813121591,17456299.802989822,17456299.802989822,10.0,0.7459479664683235
7.406223234874409,125.35438481713346,4.962704098360656,17865734.754098363,30.20928597221454,53.28138654536931,0.2010572074318924,0.0125,0.992114701314478,0.0011084615417594,17415191.585184127,17415191.585184127,10.0,0.7439162762900309
6.976343427979166,125.43999319447452,5.225479234972678,18811725.24590164,382.79175439489904,55.79080142167752,0.2188919226729578,0.0,0.992114701314478,0.0154851611430562,18370905.529760715,18370905.529760715,10.0,0.7879498372727787
7.396829621741197,125.51382785568823,4.962704098360656,17865734.754098363,18.53903098099958,45.98858313261939,0.1525991531493312,0.0,0.992114701314478,0.0005228324958524,17411551.59129139,17411551.59129139,10.0,0.7494753316751963
7.21348746900606,125.50724541079094,4.962704098360656,17865734.754098363,269.30981672749436,53.11640402513912,0.1999043761975193,0.0,0.992114701314478,0.0099494232189735,17436905.868315265,17436905.868315265,10.0,0.7524330069113084
7.358897388046706,125.47907367911814,4.962704098360656,17865734.754098363,76.06484366462419,44.35262059872918,0.1424744972609122,0.0,0.992114701314478,0.0020028320344258,17406125.05879402,17406125.05879402,10.0,0.7462508195796205
7.064036089213262,125.3779515875958,4.962704098360656,17865734.754098363,19.43185672918197,44.89939849735045,0.1458263759661929,0.0,0.992114701314478,0.0005236894219982,17407921.572070315,17407921.572070315,10.0,0.744298546676303
7.217583508485784,125.43393602373794,4.962704098360656,17865734.754098363,27.11797447910052,54.2173827748432,0.2076442089340585,0.0,0.992114701314478,0.0010406399396127,17441054.202276625,17441054.202276625,10.0,0.7527958855850888
7.037024735273647,125.5305649201089,4.962704098360656,17865734.754098363,264.71982712637,32.01156744865061,0.0760294532803013,0.0125,0.992114701314478,0.0036730670928631,17348180.20440694,17348180.20440694,10.0,0.7527968473936909
7.220496865631603,125.26014937580938,4.962704098360656,17865734.754098363,378.3686503948254,38.19054198065508,0.1070205173227087,0.0,0.992114701314478,0.0074835146090167,17387122.71674743,17387122.71674743,10.060109289617486,0.7375030412723662
7.389740240377836,125.41480613060028,4.962704098360656,17865734.754098363,26.342358265585588,45.820464729828785,0.1515455027652252,0.0,0.992114701314478,0.0007377702247831,17410986.864142813,17410986.864142813,10.0,0.7438837943907678
7.445645837087379,125.43664838516,4.962704098360656,17865734.754098363,228.46982380909847,38.31514962299382,0.1076937665843656,0.0,0.992114701314478,0.0045471871856914,17387483.559529394,17387483.559529394,10.0,0.7452007266334294
7.107271998612494,125.51216332025663,4.962704098360656,17865734.754098363,76.68092278817687,47.71364955096496,0.1635818538052891,0.0125,0.992114701314478,0.0022891960053804,17395105.843352858,17395105.843352858,10.0,0.7525654305180123
7.184358599478898,125.537032381255,4.962704098360656,17865734.754098363,2863.8242348812805,24.95131170429312,0.0466667057312879,0.0,0.992114701314478,0.0246988608508637,17354774.761068694,17354774.761068694,10.0,0.7523767279211423
7.458270214123952,125.45395829172372,4.962704098360656,17865734.754098363,40.587195528924525,42.99218060240055,0.1342766149942001,0.0,0.992114701314478,0.0010071933441667,17401731.223090347,17401731.223090347,10.0,0.7452201355463114
7.27727309113849,125.34763048096929,4.962704098360656,17865734.754098363,97.53500742968475,38.77877199346353,0.1102149663618526,0.0,0.992114701314478,0.0019866644148867,17388834.852123994,17388834.852123994,10.0,0.7436480383102955
7.515427839158392,125.31230496603057,4.962704098360656,17865734.754098363,90.52395806752692,43.6704163154196,0.1383381126481793,0.0125,0.992114701314478,0.0022854193721123,17381575.90384144,17381575.90384144,10.065573770491802,0.7389261392303952
7.230655873340414,125.49154731748408,4.962704098360656,17865734.754098363,516.8187276621609,31.810027023261277,0.0750997698498854,0.0,0.992114701314478,0.0071729906968012,17370014.088522367,17370014.088522367,10.0,0.75281376685885
7.178758812023021,125.48634876540356,4.962704098360656,17865734.754098363,1577.257650579072,80.8624670923549,0.4205975693915031,0.0,0.992114701314478,0.1226006634026443,17555191.249864426,17555191.249864426,10.0,0.7527209227562494
7.112963705315096,125.3559828146657,4.962704098360656,17865734.754098363,42.04168088567761,47.510969023513375,0.1622754766242942,0.0,0.992114701314478,0.0012608295643269,17416737.830149345,17416737.830149345,10.0,0.7450851825617405
7.278770461117928,125.25712476157082,4.962704098360656,17865734.754098363,12.603752069103884,29.566241029020706,0.0651070941627973,0.0,0.992114701314478,0.0001516532014817,17364658.29372309,17364658.29372309,10.049180327868852,0.7389875835646279
7.234616930786979,125.4674532638112,4.962704098360656,17865734.754098363,27.54978111013737,45.249654035968376,0.1479904936537012,0.0,0.992114701314478,0.000753486352254,17409081.478647765,17409081.478647765,10.0,0.7528292321714809
7.092152979328382,125.44032023454562,4.962704098360656,17865734.754098363,82.32573373206071,28.82714785155074,0.0619608412746219,0.0,0.992114701314478,0.0009427061379674,17362971.99013601,17362971.99013601,10.0,0.7520102563517725
7.0850761583351565,125.61227412174792,4.962704098360656,17865734.754098363,470.3759292191877,38.89354455375101,0.1108430522873905,0.0,0.992114701314478,0.0096355605455616,17389171.48862045,17389171.48862045,10.0,0.7537552435009655
7.51675312522657,125.4933006722422,4.962704098360656,17865734.754098363,16.385285428835015,45.26746702864138,0.1481009066762103,0.0,0.992114701314478,0.0004484718078886,17409140.65694097,17409140.65694097,10.0,0.7430826844025977
7.528894405528991,125.35718054755618,4.962704098360656,17865734.754098363,25.99833176436132,49.2553251599909,0.1736553298196655,0.025,0.992114701314478,0.0008135076350872,17378172.776425976,17378172.776425976,10.024590163934427,0.7424128261718049
7.505980836251318,125.5363261236806,4.962704098360656,17865734.754098363,85.08443703405864,56.88339976082537,0.2268276753229063,0.0,0.992114701314478,0.0035667247095361,17451336.003941644,17451336.003941644,10.0,0.7458248196120204
7.229140893742389,125.69388469799664,4.962704098360656,17865734.754098363,61.67460371866925,44.84658263905889,0.1455011899598585,0.0,0.992114701314478,0.001658426893452,17407747.281462267,17407747.281462267,10.0,0.7535108519041039
7.558341217126944,125.43478971836387,4.962704098360656,17865734.754098363,46.537748858021395,53.67202694498153,0.203796709962952,0.0,0.992114701314478,0.0017527741481338,17438992.05039409,17438992.05039409,10.0,0.7431774294100814
7.323527481398158,125.40675972244524,4.962704098360656,17865734.754098363,136.6832622954209,44.97607386125087,0.1462989999130923,0.0,0.992114701314478,0.0036955587604736,17408174.885292526,17408174.885292526,10.0,0.7437370790950475
7.213804122871871,125.6207920010588,4.962704098360656,17865734.754098363,1904.1937896041136,47.87858844690003,0.164648074965845,0.0,0.992114701314478,0.0579416983391276,17418009.476528794,17418009.476528794,10.0,0.7531217621410852
7.1159951075146415,125.40659577508538,4.962704098360656,17865734.754098363,222.49489219852103,37.81901575963989,0.1050242236993355,0.0,0.992114701314478,0.0043185002033113,17386052.759176433,17386052.759176433,10.0,0.7450909182069375
7.479655746767071,125.45336959619388,4.962704098360656,17865734.754098363,36.3674426163565,50.72851328956448,0.1835021539867949,0.0125,0.992114701314478,0.0012179079123257,17405782.567330804,17405782.567330804,10.0,0.7452679306643397
7.259743143590985,125.49327750227252,4.962704098360656,17865734.754098363,315.03239565895984,56.31836040632021,0.2227111001764945,0.0,0.992114701314478,0.0129664323355996,17449129.63475181,17449129.63475181,10.0,0.748854334968531
7.246752963987327,125.5122031497626,4.962704098360656,17865734.754098363,13.604560598458598,45.333256519978946,0.1485089945480414,0.0,0.992114701314478,0.0003733882921213,17409359.38063121,17409359.38063121,10.0,0.7524944695152542
7.262736002267011,125.40878311282889,4.962704098360656,17865734.754098363,59.27070093628309,45.71946843534763,0.1509139694488212,0.0,0.992114701314478,0.0016530763954697,17410648.379941236,17410648.379941236,10.0,0.7436228187288835
7.281640528449829,125.49672027894948,4.962704098360656,17865734.754098363,7.13023040142218,54.087379528328206,0.2067246153017842,0.0,0.992114701314478,0.0002724075717634,17440561.325799152,17440561.325799152,10.0,0.748887196809485
7.4874626773344035,125.44403371185618,4.962704098360656,17865734.754098363,16.810209271145602,45.76571781839095,0.1512030339320315,0.0125,0.992114701314478,0.0004638677170399,17388471.141980127,17388471.141980127,10.0,0.7452834543943103
7.177963810177744,125.57520666615284,4.962704098360656,17865734.754098363,107.9645271234512,26.78733071886814,0.0536572525130892,0.0,0.992114701314478,0.0010706140463527,17358521.498706385,17358521.498706385,10.0,0.7523709995272934
7.334711079025652,125.29120733007876,4.962704098360656,17865734.754098363,43.98844146969564,45.794396658722754,0.1513823944744192,0.025,0.992114701314478,0.0011998915088164,17366235.105773777,17366235.105773777,10.05464480874317,0.738746558064765
7.436364435318145,125.35442841687896,4.962704098360656,17865734.754098363,206.4786654020648,39.47360851902966,0.114041254625715,0.0,0.992114701314478,0.0043517164516991,17390885.63566044,17390885.63566044,10.0,0.7429254107643191
7.392342888267472,125.33211411704522,4.962704098360656,17865734.754098363,36.94326946917393,41.83202490241288,0.1274483341991761,0.0,0.992114701314478,0.0008701475668533,17398071.45548504,17398071.45548504,10.051912568306012,0.7388550798784962
7.288240663767005,125.33995049734442,4.962704098360656,17865734.754098363,50.15307702158783,43.08264223382428,0.1348153794914253,0.0,0.992114701314478,0.0012495695705804,17402019.98579842,17402019.98579842,10.0,0.7436691616402501
7.203901090452946,125.67256522276412,4.962704098360656,17865734.754098363,3086.674337150231,53.295923684553614,0.2011589060539303,0.0,0.992114701314478,0.1147502116684724,17437578.261244934,17437578.261244934,10.0,0.7534578770022754
7.0639536688116165,125.637172666729,4.962704098360656,17865734.754098363,18.309081441588575,45.78694924657221,0.1513358091627688,0.0375,0.992114701314478,0.0004928700368428,17343877.968906507,17343877.968906507,10.0,0.7539006061031348
7.521824428793323,125.40622062734673,4.962704098360656,17865734.754098363,50.65071576658682,44.54019227843493,0.143620702723888,0.0125,0.992114701314478,0.0013275875089245,17384407.224434655,17384407.224434655,10.0,0.7423984040272283
7.302269517573976,125.54791931424496,4.962704098360656,17865734.754098363,77.82426705422398,39.56593939091423,0.1145539820495176,0.0,0.992114701314478,0.0016475881078482,17391160.443225086,17391160.443225086,10.0,0.7506809654705552
7.483865043365038,125.40361261730328,4.962704098360656,17865734.754098363,228.46982380909847,38.31514962299382,0.1076937665843656,0.0,0.992114701314478,0.0045471871856914,17387483.559529394,17387483.559529394,10.0,0.7430184929212211
7.105580322191104,125.64562973008816,4.962704098360656,17865734.754098363,315.9892260160648,45.35953835768618,0.1486721486270549,0.0125,0.992114701314478,0.0085735841798259,17387114.658213574,17387114.658213574,10.0,0.7537948295649467
7.373764933291994,125.2993122767321,4.962704098360656,17865734.754098363,173.53170796352867,51.936756754608304,0.1917345456905353,0.0,0.992114701314478,0.006148973607624,17432527.067570552,17432527.067570552,10.05464480874317,0.7388170975408102
7.046825961504325,125.33733461294555,4.962704098360656,17865734.754098363,21.97482359879272,31.692078124261815,0.0745581227595195,0.0125,0.992114701314478,0.0002990066762903,17347391.61238234,17347391.61238234,10.0,0.7442702374159502
7.103273987809818,125.63032044646177,4.962704098360656,17865734.754098363,296.4350884294534,42.44427082101008,0.1310329470282422,0.0,0.992114701314478,0.0071784972211635,17399992.707745045,17399992.707745045,10.0,0.7537902879960674
7.4807148387922275,125.463287154375,4.962704098360656,17865734.754098363,36.3674426163565,50.72851328956448,0.1835021539867949,0.0125,0.992114701314478,0.0012179079123257,17405782.567330804,17405782.567330804,10.0,0.7452699890123641
7.222761004381483,125.3879859790452,4.962704098360656,17865734.754098363,41.06963103056342,50.09240085697291,0.1792243124540452,0.0125,0.992114701314478,0.0013433161850764,17403489.763866477,17403489.763866477,10.0,0.7449331958205424
7.437431643671471,125.29813555854638,4.962704098360656,17865734.754098363,10.185925843251336,48.272103656656135,0.1672030993698453,0.0,0.992114701314478,0.0003147518217936,17419378.898177557,17419378.898177557,10.046448087431694,0.7396293944152841
7.044984047563792,125.593940376148,4.962704098360656,17865734.754098363,85.68515673309395,31.288441489529323,0.0727181912763803,0.0,0.992114701314478,0.0011515215834237,17368737.62898966,17368737.62898966,10.0,0.753861478394943
7.536226766379172,125.40629505698178,4.962704098360656,17865734.754098363,27.1594195595681,46.37355474671445,0.1550231416640348,0.0,0.992114701314478,0.0007781089971772,17412850.78136691,17412850.78136691,10.0,0.7424303846238491
7.173231825961508,125.48379171201267,4.962704098360656,17865734.754098363,755.1485917219889,30.68843900373138,0.0700223649299802,0.025,0.992114701314478,0.0095279007809976,17322628.404550977,17322628.404550977,10.0,0.7527102256005054
7.255042827604614,125.34806562563809,4.962704098360656,17865734.754098363,1490.0147818170883,77.93766237760279,0.3955121055147191,0.0,0.992114701314478,0.1089115092623875,17541746.14255024,17541746.14255024,10.0,0.7436053595604104
7.300245941410997,125.30465101830488,4.962704098360656,17865734.754098363,16.94171018702364,49.36900569659127,0.1744075740755165,0.0,0.992114701314478,0.0005460670961748,17423240.29520158,17423240.29520158,10.03551912568306,0.7390280469759477
7.45301956804858,125.3015118908058,4.962704098360656,17865734.754098363,29.348586276604976,39.55961809347142,0.1145188469864691,0.0,0.992114701314478,0.0006211372454845,17391141.611813575,17391141.611813575,10.046448087431694,0.7396588206875451
7.46467918234408,125.39051999248436,4.962704098360656,17865734.754098363,228.46982380909847,38.31514962299382,0.1076937665843656,0.0,0.992114701314478,0.0045471871856914,17387483.559529394,17387483.559529394,10.0,0.7429807898560746
7.077462471965523,125.31652107952816,4.962704098360656,17865734.754098363,21.97482359879272,31.692078124261815,0.0745581227595195,0.0125,0.992114701314478,0.0002990066762903,17347391.61238234,17347391.61238234,10.021857923497267,0.7363768195560234
6.977604418052624,125.45596688870792,5.225479234972678,18811725.24590164,382.79175439489904,55.79080142167752,0.2188919226729578,0.0,0.992114701314478,0.0154851611430562,18370905.529760715,18370905.529760715,10.0,0.7879360420225496
7.426516692026594,125.32564524439364,4.962704098360656,17865734.754098363,30.282662575179664,45.280317732363926,0.1481805822976588,0.0,0.992114701314478,0.0008292944778092,17409183.360846546,17409183.360846546,10.03825136612022,0.7396079263154807
7.008686604083787,125.61920322591564,4.962704098360656,17865734.754098363,22.98765503856812,47.81256226405448,0.1642209251772088,0.025,0.992114701314478,0.0006802228246805,17373116.199298825,17373116.199298825,10.0,0.753795395892155
7.29730202041706,125.54091752904156,4.962704098360656,17865734.754098363,207.2234455238327,50.746727366030605,0.1836252202631364,0.0,0.992114701314478,0.0070322554640587,17428180.695856933,17428180.695856933,10.0,0.7506686787514547
7.553248908080733,125.53067041955538,4.962704098360656,17865734.754098363,105.13765504565971,47.69748582052827,0.1634775158003857,0.0,0.992114701314478,0.0031764332609588,17417382.08954187,17417382.08954187,10.0,0.745919911044321
7.161325347306518,125.26580269313226,4.962704098360656,17865734.754098363,28.83854245371696,44.88403266075533,0.1457317378148104,0.0125,0.992114701314478,0.0007669869483027,17385538.680224385,17385538.680224385,10.049180327868852,0.7365186001922331
7.394902865243062,125.43114248613044,4.962704098360656,17865734.754098363,73.35406427475853,31.888393781435155,0.0754606428827002,0.0,0.992114701314478,0.0010229822571124,17370207.506378893,17370207.506378893,10.0,0.7463190847520271
7.475560536326652,125.29518335503508,4.962704098360656,17865734.754098363,10.394589890937905,48.934922593666144,0.1715420919539418,0.0125,0.992114701314478,0.000325415761799,17399372.308453158,17399372.308453158,10.049180327868852,0.7397038603598581
7.186633699461736,125.57925574248236,4.962704098360656,17865734.754098363,47.6564254232504,43.18236195934515,0.1354103374263772,0.0,0.992114701314478,0.0011926052126945,17402338.86661809,17402338.86661809,10.0,0.7523811047386778
7.290127337590169,125.52866067782152,4.962704098360656,17865734.754098363,34.33817632642737,45.173861391425255,0.1475210769050109,0.0125,0.992114701314478,0.0009244678740844,17386497.715951506,17386497.715951506,10.0,0.7506571476877479
7.044047373782406,125.34216510748216,4.962704098360656,17865734.754098363,37.64164548447054,42.97728230925873,0.1341879722741537,0.0,0.992114701314478,0.000933481272049,17401683.713070624,17401683.713070624,10.0,0.7442648423328184
7.184480671918773,125.52347773394465,4.962704098360656,17865734.754098363,100.58242934692105,32.41219982086918,0.0778930928259059,0.0,0.992114701314478,0.0014479197367772,17371511.23154353,17371511.23154353,10.0,0.7523666895825807
7.4056473936258,125.3214900168838,4.962704098360656,17865734.754098363,442.48778437671024,53.31181280279338,0.2012700848278542,0.0,0.992114701314478,0.0164590185364624,17437637.849959493,17437637.849959493,10.051912568306012,0.7388828291264666
7.306444957772916,125.54700680018055,4.962704098360656,17865734.754098363,77.82426705422398,39.56593939091423,0.1145539820495176,0.0,0.992114701314478,0.0016475881078482,17391160.443225086,17391160.443225086,10.0,0.7506891436194914
7.206568733740913,125.66600011286762,4.962704098360656,17865734.754098363,3086.674337150231,53.295923684553614,0.2011589060539303,0.0,0.992114701314478,0.1147502116684724,17437578.261244934,17437578.261244934,10.0,0.7531079298448413
7.0050190797040495,125.61847398709187,4.962704098360656,17865734.754098363,22.98765503856812,47.81256226405448,0.1642209251772088,0.025,0.992114701314478,0.0006802228246805,17373116.199298825,17373116.199298825,10.0,0.753795395892155
7.185701044668314,125.51819060868986,4.962704098360656,17865734.754098363,348.5537784012911,40.72782164863393,0.1210911993512737,0.0,0.992114701314478,0.0078002010109445,17394664.208935376,17394664.208935376,10.0,0.7523792223221183
7.456646445707074,125.54347484144112,4.962704098360656,17865734.754098363,17.123032355193214,56.02840162301848,0.2206090603303009,0.0,0.992114701314478,0.0006981157579047,17448003.000161774,17448003.000161774,10.0,0.7464368174567912
7.431075228428199,125.375275734534,4.962704098360656,17865734.754098363,36.47092000109686,44.7686477365944,0.1450218968588121,0.0125,0.992114701314478,0.0009652522515957,17385158.225317262,17385158.225317262,10.0,0.7429149295930311
7.063880211947526,125.30574691735164,4.962704098360656,17865734.754098363,21.97482359879272,31.692078124261815,0.0745581227595195,0.0125,0.992114701314478,0.0002990066762903,17347391.61238234,17347391.61238234,10.03551912568306,0.736338643344899
6.982158296905699,125.5501989659342,5.225479234972678,18811725.24590164,133.83919514728333,48.54032959421556,0.1689536469957047,0.0875,0.992114701314478,0.0038133544894409,18178120.18022024,18178120.18022024,10.0,0.7986454580369338
7.343833768636879,125.35309627693968,4.962704098360656,17865734.754098363,46.409893411108925,50.9463226251158,0.1849759092117925,0.0,0.992114701314478,0.0015865331853093,17428904.627371695,17428904.627371695,10.0,0.7437949938604717
7.555979044469513,125.4260293057066,4.962704098360656,17865734.754098363,27.1594195595681,46.37355474671445,0.1550231416640348,0.0,0.992114701314478,0.0007781089971772,17412850.78136691,17412850.78136691,10.0,0.7431774294100814
7.397371868755621,125.35562599431712,4.962704098360656,17865734.754098363,30.20928597221454,53.28138654536931,0.2010572074318924,0.0125,0.992114701314478,0.0011084615417594,17415191.585184127,17415191.585184127,10.0,0.7438989989777609
7.099113984289991,125.44070911787182,4.962704098360656,17865734.754098363,85.07777422977442,49.18749413186493,0.1732070916720785,0.0,0.992114701314478,0.0027233609633033,17422596.870195676,17422596.870195676,10.0,0.7520391926645106
7.249312071004441,125.32404179006312,4.962704098360656,17865734.754098363,347.3671318125524,32.539193316247854,0.0784881462876546,0.0,0.992114701314478,0.0050386734572418,17371830.163562894,17371830.163562894,10.019125683060109,0.7389357377686838
7.493033018616638,125.43955158129438,4.962704098360656,17865734.754098363,16.810209271145602,45.76571781839095,0.1512030339320315,0.0125,0.992114701314478,0.0004638677170399,17388471.141980127,17388471.141980127,10.0,0.7452834543943103
7.374001238553186,125.54556565183388,4.962704098360656,17865734.754098363,61.9315725523175,43.98745511746323,0.1402540608993499,0.0,0.992114701314478,0.0016052806517251,17404934.966981802,17404934.966981802,10.0,0.7494302400092556
7.131902817186612,125.52925089144716,4.962704098360656,17865734.754098363,30.86182501671059,33.348695565795886,0.0823297769041561,0.0,0.992114701314478,0.0004695717507501,17373889.170171425,17373889.170171425,10.0,0.7526185997811217
6.9858712037218025,125.39586571232128,5.225479234972678,18811725.24590164,34.23246179952801,42.65626515716841,0.1322839840960263,0.0,0.992114701314478,0.0008368908460458,18322028.187422022,18322028.187422022,10.0,0.781372371358761
7.1155892776075245,125.42777226783126,4.962704098360656,17865734.754098363,63.60921862885479,51.39407703111467,0.1880198083521599,0.0,0.992114701314478,0.0022102789386066,17430536.072211497,17430536.072211497,10.0,0.7520635848148521
7.338049596643748,125.3180339268134,4.962704098360656,17865734.754098363,242.0378400884071,19.99361662086948,0.0301346401228208,0.0,0.992114701314478,0.0013479466291257,17345914.03609575,17345914.03609575,10.049180327868852,0.7387501390699198
6.997918761897956,125.32912508421892,5.225479234972678,18811725.24590164,41.97783797054488,46.96671063387074,0.1587884159786914,0.0,0.992114701314478,0.0012318626912616,18336986.01013328,18336986.01013328,10.040983606557377,0.7723066485673872
7.200758334020256,125.58569049872224,4.962704098360656,17865734.754098363,53.57796780659214,43.924041751100624,0.1398699542507868,0.0125,0.992114701314478,0.0013676381064395,17382396.92811416,17382396.92811416,10.0,0.7530985173313676
7.236387283975638,125.39995399860352,4.962704098360656,17865734.754098363,64.76455934309413,37.90306634076379,0.1054743957261841,0.0,0.992114701314478,0.0012624316667841,17386294.038797196,17386294.038797196,10.0,0.7449614128382189
7.164620310463238,125.60848955341407,4.962704098360656,17865734.754098363,561.7332947093377,18.53024465984006,0.0259219860837897,0.0,0.992114701314478,0.0026910505630797,17343656.171305586,17343656.171305586,10.0,0.7539053963426544
7.236622952939621,125.5345460728492,4.962704098360656,17865734.754098363,35.340118680370495,45.15197330322573,0.1473856292193259,0.0,0.992114701314478,0.0009626015628435,17408757.288221363,17408757.288221363,10.0,0.7524781291776368
7.297425396111147,125.41635241384893,4.962704098360656,17865734.754098363,27.142462515650845,61.20891192845371,0.2591913173260481,0.0,0.992114701314478,0.0013001489651586,17468682.011252787,17468682.011252787,10.0,0.743682389303469
7.023929003767093,125.36997249430814,4.962704098360656,17865734.754098363,117.77483059241216,39.51278416598888,0.1142586806366703,0.0,0.992114701314478,0.0024869388802473,17391002.169923652,17391002.169923652,10.0,0.7442276804866343
7.036665185428561,125.41655611749516,4.962704098360656,17865734.754098363,33.92666536693495,47.08009883570312,0.159512365020985,0.0,0.992114701314478,0.0010001357426947,17415256.879579328,17415256.879579328,10.0,0.7442513707043703
7.317985101440835,125.41444081577671,4.962704098360656,17865734.754098363,136.6832622954209,44.97607386125087,0.1462989999130923,0.0,0.992114701314478,0.0036955587604736,17408174.885292526,17408174.885292526,10.0,0.7437370790950475
7.25354729080546,125.5156450432585,4.962704098360656,17865734.754098363,109.18697159449732,37.66410612897532,0.1041967606397585,0.0,0.992114701314478,0.0021025602857387,17385609.2621102,17385609.2621102,10.0,0.7505857468111886
7.216891994954809,125.34927664773244,4.962704098360656,17865734.754098363,201.10272402579864,49.82930078150552,0.1774664991076347,0.0,0.992114701314478,0.0065956523190666,17424879.793499272,17424879.793499272,10.0,0.7449240111155175
7.016988955099222,125.29522503384402,4.962704098360656,17865734.754098363,21.97482359879272,31.692078124261815,0.0745581227595195,0.0125,0.992114701314478,0.0002990066762903,17347391.61238234,17347391.61238234,10.032786885245901,0.7362532094427845
7.169971569337199,125.48121678150255,4.962704098360656,17865734.754098363,755.1485917219889,30.68843900373138,0.0700223649299802,0.025,0.992114701314478,0.0095279007809976,17322628.404550977,17322628.404550977,10.0,0.7527102256005054
7.100302634466827,125.48060497035682,4.962704098360656,17865734.754098363,71.09346398644684,42.73606127848969,0.1327561879846631,0.0,0.992114701314478,0.0017442465306652,17400916.31672039,17400916.31672039,10.0,0.7520279136527848
7.35264447107458,125.51382343357012,4.962704098360656,17865734.754098363,37.50535686525314,48.357661025847776,0.1677606899515116,0.0,0.992114701314478,0.0011628050914052,17419677.75114056,17419677.75114056,10.0,0.74938810199362
7.229089388708718,125.51641868847996,4.962704098360656,17865734.754098363,52.82492024665848,54.77321207017766,0.2115928504506722,0.0125,0.992114701314478,0.0020398600026298,17420838.395293247,17420838.395293247,10.0,0.7524747094770587
7.561130745660002,125.401736311228,4.962704098360656,17865734.754098363,20.60223821544115,51.83042104988083,0.1910044702640131,0.0,0.992114701314478,0.0007272460230216,17432135.767552927,17432135.767552927,10.0,0.742470639630929
7.377643691800014,125.39942138919966,4.962704098360656,17865734.754098363,29.39143371892187,35.78621086014096,0.0943977125700473,0.0125,0.992114701314478,0.0005063406158143,17358025.077857893,17358025.077857893,10.0,0.7438603426169947
7.053117403660885,125.5554225337101,4.962704098360656,17865734.754098363,139.03975514253094,34.58946268055186,0.0883796063609386,0.0,0.992114701314478,0.0022709861004464,17377131.709622897,17377131.709622897,10.0,0.7528291769398348
7.393713634920197,125.4734059919564,4.962704098360656,17865734.754098363,46.01234612115003,47.52829740329945,0.1623870017011831,0.0,0.992114701314478,0.0013808581263373,17416797.60447261,17416797.60447261,10.0,0.7463166826935622
7.056885638430398,125.43640940361666,4.962704098360656,17865734.754098363,306.5527388770074,57.06000992107346,0.2281198312701147,0.0,0.992114701314478,0.0129238426357177,17452028.56340406,17452028.56340406,10.0,0.7488123593064819
7.5112098430625585,125.33467219429684,4.962704098360656,17865734.754098363,166.89018722154665,37.24872294942579,0.1019922532122259,0.0,0.992114701314478,0.0031457297320873,17384427.707761284,17384427.707761284,10.060109289617486,0.7389113091914823
7.394123253794656,125.29482999599009,4.962704098360656,17865734.754098363,75.21923680384404,44.51143388236128,0.1434447188621326,0.0,0.992114701314478,0.0019940539549192,17406645.070447423,17406645.070447423,10.057377049180328,0.7388608123828404
7.338260333837234,125.54564019126812,4.962704098360656,17865734.754098363,26.64886744254802,48.73939274187158,0.1702575034545806,0.0,0.992114701314478,0.0008385103669533,17421015.97337385,17421015.97337385,10.0,0.7493598714324908
7.409153332140874,125.3927355600122,4.962704098360656,17865734.754098363,48.59890258355836,48.7941906678642,0.1706171272175059,0.0,0.992114701314478,0.0015324012821354,17421208.72165664,17421208.72165664,10.0,0.7439217747058077
7.091087547088608,125.50261713398206,4.962704098360656,17865734.754098363,166.05323244704314,28.150588010029026,0.0591446735149933,0.0375,0.992114701314478,0.0017469767697926,17294466.09762164,17294466.09762164,10.0,0.7525343495372936
7.529082782310138,125.48767325822872,4.962704098360656,17865734.754098363,21.12142317651646,41.19443674180269,0.1237605688834775,0.0125,0.992114701314478,0.0004770523045173,17373762.747933444,17373762.747933444,10.0,0.7431071805119518
7.262678056076377,125.53740694421704,4.962704098360656,17865734.754098363,19.918625957029217,47.00376640688542,0.1590248589125141,0.0125,0.992114701314478,0.0005780759724677,17392663.42149196,17392663.42149196,10.0,0.7506027190563415
7.012000033237159,125.37182460753804,4.962704098360656,17865734.754098363,117.77483059241216,39.51278416598888,0.1142586806366703,0.0,0.992114701314478,0.0024869388802473,17391002.169923652,17391002.169923652,10.0,0.7441961949003545
7.065758767495869,125.60840855781416,4.962704098360656,17865734.754098363,110.04841562206522,42.535173165218346,0.131568769249887,0.025,0.992114701314478,0.0026089433025393,17355615.556590416,17355615.556590416,10.0,0.7539030647428793
7.227916079616835,125.3536078919936,4.962704098360656,17865734.754098363,201.10272402579864,49.82930078150552,0.1774664991076347,0.0,0.992114701314478,0.0065956523190666,17424879.793499272,17424879.793499272,10.0,0.7449451395936165
7.474805853861046,125.37317783509592,4.962704098360656,17865734.754098363,29.06669669094895,47.612885664193826,0.1629318530275516,0.0,0.992114701314478,0.0008752358425764,17417089.62955093,17417089.62955093,10.0,0.7430008292534348
7.46073447014428,125.29124841357503,4.962704098360656,17865734.754098363,290.222593503994,30.292271410078605,0.068268200924855,0.0,0.992114701314478,0.0036616185173837,17366352.5585713,17366352.5585713,10.051912568306012,0.7396750487525523
7.174717573618554,125.46596790779924,4.962704098360656,17865734.754098363,142.64696526585797,45.407720214935495,0.1489714470124298,0.0,0.992114701314478,0.0039272540108209,17409607.24222316,17409607.24222316,10.0,0.7527129861310201
7.34087971457501,125.26591756735746,4.962704098360656,17865734.754098363,152.45941267805347,44.75721412280223,0.1449516363187597,0.025,0.992114701314478,0.0039820379933013,17362788.399189472,17362788.399189472,10.060109289617486,0.7387529506783757
7.308896107884975,125.3409220845063,4.962704098360656,17865734.754098363,132.76640719825255,47.18874565367403,0.1602072928328846,0.0,0.992114701314478,0.0039309172694209,17415629.341458146,17415629.341458146,10.0,0.7437089919449265
7.140344471028946,125.37128303220796,4.962704098360656,17865734.754098363,106.1364944112582,45.27067783419117,0.1481208123262496,0.0,0.992114701314478,0.0029053887013267,17409151.325812884,17409151.325812884,10.0,0.7451368706847769
7.075290299855312,125.49280968407972,4.962704098360656,17865734.754098363,122.12498984075263,55.37420886160258,0.2158928928258336,0.0125,0.992114701314478,0.0048117539275813,17423143.09778843,17423143.09778843,10.0,0.7488472416480764
7.378967129620044,125.44258962229208,4.962704098360656,17865734.754098363,44.80700399409231,49.560103846939775,0.1756749911679109,0.0125,0.992114701314478,0.0014365355221414,17401587.426886823,17401587.426886823,10.0,0.7462978810251641
7.488562203946911,125.46013887959748,4.962704098360656,17865734.754098363,36.3674426163565,50.72851328956448,0.1835021539867949,0.0125,0.992114701314478,0.0012179079123257,17405782.567330804,17405782.567330804,10.0,0.7452855682942379
7.417415164403389,125.5312067138989,4.962704098360656,17865734.754098363,71.86725319130794,47.972661934391446,0.1652574431266159,0.0125,0.992114701314478,0.002167467521364,17396003.912384007,17396003.912384007,10.0,0.7463724705026455
7.136935193748933,125.51187873930157,4.962704098360656,17865734.754098363,34.91084804740453,47.16882195861897,0.1600797651469034,0.0,0.992114701314478,0.0010328095764521,17415560.9901838,17415560.9901838,10.0,0.7526224470638413
7.352720711309069,125.2944906495341,4.962704098360656,17865734.754098363,43.98844146969564,45.794396658722754,0.1513823944744192,0.025,0.992114701314478,0.0011998915088164,17366235.105773777,17366235.105773777,10.05464480874317,0.7387691739496843
7.312801945852181,125.36604990940722,4.962704098360656,17865734.754098363,18.515486281324545,45.45795585432648,0.1492837675106048,0.0,0.992114701314478,0.0005108238059408,17409774.63727852,17409774.63727852,10.0,0.7437164652756424
7.263389789198587,125.48761341176323,4.962704098360656,17865734.754098363,315.03239565895984,56.31836040632021,0.2227111001764945,0.0,0.992114701314478,0.0129664323355996,17449129.63475181,17449129.63475181,10.0,0.748854334968531
7.092678997267923,125.53178629460064,4.962704098360656,17865734.754098363,99.86191043202804,37.47474674526575,0.1031892118452663,0.05,0.992114701314478,0.0018091775490919,17295740.57035428,17295740.57035428,10.0,0.7525376100640463
7.44058847333142,125.3350250244055,4.962704098360656,17865734.754098363,30.526032237199,46.13409177346595,0.1535135161122986,0.0,0.992114701314478,0.0008660448759024,17412041.66427635,17412041.66427635,10.0,0.7429422483030165
7.459259366897929,125.25810934032089,4.962704098360656,17865734.754098363,143.41008999076496,35.16958584436684,0.0912746154396498,0.0,0.992114701314478,0.0024190961992156,17378683.353552226,17378683.353552226,10.057377049180328,0.73967231336993
7.028151368050303,125.50055042855227,4.962704098360656,17865734.754098363,434.0922822783725,47.77561118114848,0.1639820684061935,0.0,0.992114701314478,0.013155332934636,17417652.51563262,17417652.51563262,10.0,0.7527797966394278
7.443941194069891,125.25572315887246,4.962704098360656,17865734.754098363,55.99150850026849,45.61718487957106,0.1502754923477593,0.0,0.992114701314478,0.0015550120067481,17410306.17406521,17410306.17406521,10.05464480874317,0.7396424406708586
7.533886220219325,125.35808486380542,4.962704098360656,17865734.754098363,25.99833176436132,49.2553251599909,0.1736553298196655,0.025,0.992114701314478,0.0008135076350872,17378172.776425976,17378172.776425976,10.024590163934427,0.7424128261718049
7.416728929127495,125.35121223149751,4.962704098360656,17865734.754098363,29.79329351753754,46.67111694031175,0.1569074303570737,0.0125,0.992114701314478,0.0008531444081087,17391528.53898399,17391528.53898399,10.0,0.7428882367400677
7.108649119289284,125.37402048589526,4.962704098360656,17865734.754098363,66.22955639163489,52.19052547060291,0.1934811466626044,0.0125,0.992114701314478,0.0023385734884669,17411131.028418574,17411131.028418574,10.0,0.7450770667121378
7.438417337970442,125.40619580825889,4.962704098360656,17865734.754098363,228.46982380909847,38.31514962299382,0.1076937665843656,0.0,0.992114701314478,0.0045471871856914,17387483.559529394,17387483.559529394,10.0,0.7429233596703985
7.326947341265196,125.44503998023382,4.962704098360656,17865734.754098363,269.46215496992716,41.32578614477728,0.124516489192454,0.0,0.992114701314478,0.0062008048649049,17396500.06852813,17396500.06852813,10.0,0.7489864126534688
7.047988989658287,125.3682615382941,4.962704098360656,17865734.754098363,37.64164548447054,42.97728230925873,0.1341879722741537,0.0,0.992114701314478,0.000933481272049,17401683.713070624,17401683.713070624,10.0,0.7442755446904594
7.514644526706066,125.34561411867128,4.962704098360656,17865734.754098363,166.89018722154665,37.24872294942579,0.1019922532122259,0.0,0.992114701314478,0.0031457297320873,17384427.707761284,17384427.707761284,10.024590163934427,0.7423792975898313
7.201745207686754,125.50651272084949,4.962704098360656,17865734.754098363,269.30981672749436,53.11640402513912,0.1999043761975193,0.0,0.992114701314478,0.0099494232189735,17436905.868315265,17436905.868315265,10.0,0.7524048778673358
6.998080236141019,125.59643290461474,5.225479234972678,18811725.24590164,93.6977182187686,39.5763290836109,0.1146117402774239,0.025,0.992114701314478,0.0019350231111334,18265025.512451444,18265025.512451444,10.0,0.7953517816615698
7.105681096256129,125.3393588751062,4.962704098360656,17865734.754098363,29.118146311129433,43.37663284106612,0.136572585954982,0.0,0.992114701314478,0.0007349379532846,17402961.799336,17402961.799336,10.0,0.7450722421686121
7.369047345917012,125.3059876193463,4.962704098360656,17865734.754098363,33.45791203407133,44.63520468072129,0.1442027588094497,0.0,0.992114701314478,0.0008916528932097,17407051.358666375,17407051.358666375,10.05464480874317,0.7388123595745754
7.556607726035894,125.399706400307,4.962704098360656,17865734.754098363,20.60223821544115,51.83042104988083,0.1910044702640131,0.0,0.992114701314478,0.0007272460230216,17432135.767552927,17432135.767552927,10.0,0.742470639630929
7.373584429115952,125.4386796098808,4.962704098360656,17865734.754098363,50.56741738497368,45.15910710596039,0.1474297689063393,0.0125,0.992114701314478,0.0013605561871649,17386448.77741695,17386448.77741695,10.0,0.7462771833871297
7.117744856266504,125.65818585417848,4.962704098360656,17865734.754098363,805.6273409398274,44.739378762101346,0.1448420647238415,0.0,0.992114701314478,0.02156514202262,17407394.008763175,17407394.008763175,10.0,0.7538183067181673
7.019573210067833,125.64278740313334,4.962704098360656,17865734.754098363,82.57187653851352,52.105061512314734,0.192892255014684,0.0125,0.992114701314478,0.0029067485737103,17410815.398959156,17410815.398959156,10.0,0.7538162177100299
7.464729074965203,125.52858939888944,4.962704098360656,17865734.754098363,51.41022007436092,47.389593006119945,0.1614951697630881,0.0,0.992114701314478,0.0015343781990096,17416319.607487075,17416319.607487075,10.0,0.7464514693717318
7.278101328881067,125.51235871780838,4.962704098360656,17865734.754098363,41.27795170070718,43.53215612521165,0.1375060343118271,0.0,0.992114701314478,0.0010489705962705,17403462.101558503,17403462.101558503,10.0,0.7506335983872984
7.054728064102899,125.5136732507574,4.962704098360656,17865734.754098363,289.54501240602633,40.56513337528003,0.1201664064124745,0.0,0.992114701314478,0.0064301718675809,17394168.545774966,17394168.545774966,10.0,0.7528303429538777
7.13153207641434,125.32098033004408,4.962704098360656,17865734.754098363,62.69087027861875,44.05466882203616,0.1406616679723585,0.0,0.992114701314478,0.0016296842964133,17405153.432977308,17405153.432977308,10.027322404371585,0.7364628515272048
7.24326169965794,125.50428850643658,4.962704098360656,17865734.754098363,74.57875061072244,43.000707790890104,0.1343273616771608,0.0,0.992114701314478,0.0018514117144636,17401758.42189367,17401758.42189367,10.0,0.752490919318239
7.529668782054605,125.33484330079824,4.962704098360656,17865734.754098363,19.09001216948704,43.073059346121134,0.1347582633259648,0.0,0.992114701314478,0.0004754282999796,17401989.373130552,17401989.373130552,10.032786885245901,0.7424145595351506
7.245944902113745,125.39692591201704,4.962704098360656,17865734.754098363,59.27070093628309,45.71946843534763,0.1509139694488212,0.0,0.992114701314478,0.0016530763954697,17410648.379941236,17410648.379941236,10.0,0.7449797699940395
7.0743969872433805,125.41408571959548,4.962704098360656,17865734.754098363,170.3466013005303,44.67843425597176,0.1444679117364814,0.0,0.992114701314478,0.0045480820101323,17407193.473222286,17407193.473222286,10.0,0.7443217097417797
7.353078865448237,125.37945297315729,4.962704098360656,17865734.754098363,49.797903775064064,45.1751714169679,0.1475291852259068,0.0,0.992114701314478,0.0013577269061239,17408834.23022744,17408834.23022744,10.0,0.7438069830570718
7.129843368254563,125.50957778643374,4.962704098360656,17865734.754098363,34.91084804740453,47.16882195861897,0.1600797651469034,0.0,0.992114701314478,0.0010328095764521,17415560.9901838,17415560.9901838,10.0,0.7526087776046341
7.030202064386536,125.32404093247942,4.962704098360656,17865734.754098363,22.1380307270586,45.533263759349815,0.1497524699964524,0.0,0.992114701314478,0.0006126838026448,17410025.848707244,17410025.848707244,10.021857923497267,0.7362770182614785
7.463482416145435,125.5338007707156,4.962704098360656,17865734.754098363,34.71188914905268,42.34736610063807,0.1304627666907239,0.0,0.992114701314478,0.0008369283000534,17399687.107024882,17399687.107024882,10.0,0.7464514693717318
7.161657219495938,125.5825469752635,4.962704098360656,17865734.754098363,48.27071000245962,45.89082757100521,0.1519861240714398,0.0,0.992114701314478,0.0013558481272017,17411223.024844326,17411223.024844326,10.0,0.7538917342341127
7.250870348581521,125.31603521690676,4.962704098360656,17865734.754098363,347.3671318125524,32.539193316247854,0.0784881462876546,0.0,0.992114701314478,0.0050386734572418,17371830.163562894,17371830.163562894,10.019125683060109,0.7389357377686838
7.553234268660465,125.47984514788364,4.962704098360656,17865734.754098363,39.356645583876386,46.23727506941879,0.1541632650313976,0.0,0.992114701314478,0.0011213014777597,17412389.911531713,17412389.911531713,10.0,0.7431552621538009
6.987047738598628,125.44084701584228,5.225479234972678,18811725.24590164,32.61622265509294,62.02394185429844,0.2654487151841732,0.0,0.992114701314478,0.0016000653103266,18397179.93743226,18397179.93743226,10.0,0.7879545215297308
7.209726954359888,125.2576686511673,4.962704098360656,17865734.754098363,378.3686503948254,38.19054198065508,0.1070205173227087,0.0,0.992114701314478,0.0074835146090167,17387122.71674743,17387122.71674743,10.057377049180328,0.7374762034332996
7.066600440080864,125.34117944742356,4.962704098360656,17865734.754098363,21.97482359879272,31.692078124261815,0.0745581227595195,0.0125,0.992114701314478,0.0002990066762903,17347391.61238234,17347391.61238234,10.0,0.7443071256338657
7.395341002976387,125.52499118262088,4.962704098360656,17865734.754098363,15.429342294452429,46.24749573942572,0.1542276860443383,0.0,0.992114701314478,0.000439777671478,17412424.439393606,17412424.439393606,10.0,0.7494723966275589
7.376118555018163,125.3765679811653,4.962704098360656,17865734.754098363,11.564326124135269,46.39731794312292,0.1551732790056637,0.0,0.992114701314478,0.0003316352506741,17412931.25078458,17412931.25078458,10.0,0.7438688930424593
7.121974851957642,125.36233291014912,4.962704098360656,17865734.754098363,118.69772763630036,47.06578574057252,0.1594209066806764,0.025,0.992114701314478,0.0034096964252706,17370543.52358061,17370543.52358061,10.0,0.7451053837512281
7.367036844649251,125.43403614435483,4.962704098360656,17865734.754098363,24.837755346736863,40.24146232586863,0.1183356297092377,0.025,0.992114701314478,0.0005296096694954,17348522.963760503,17348522.963760503,10.0,0.7462643468822635
7.3935931972338835,125.29408535999988,4.962704098360656,17865734.754098363,96.5454195523464,42.95504434648603,0.1340557055805989,0.0,0.992114701314478,0.0023918855545184,17401612.821820706,17401612.821820706,10.057377049180328,0.7388608123828404
7.133439666924192,125.34737763888128,4.962704098360656,17865734.754098363,30.773929962237844,50.725891320113696,0.1834844408704821,0.0,0.992114701314478,0.0010435316432225,17428105.242038295,17428105.242038295,10.0,0.7451254053565106
7.1721166685984725,125.29537398603088,4.962704098360656,17865734.754098363,28.83854245371696,44.88403266075533,0.1457317378148104,0.0125,0.992114701314478,0.0007669869483027,17385538.680224385,17385538.680224385,10.046448087431694,0.737405674729894
7.2512372553913105,125.37646090352786,4.962704098360656,17865734.754098363,80.97256003620116,44.37229489865581,0.1425945425157016,0.0,0.992114701314478,0.0021338515039921,17406189.39969444,17406189.39969444,10.0,0.7435980052873533
7.081584365270417,125.3089177514448,4.962704098360656,17865734.754098363,109.35345841406912,46.35748317176759,0.1549216340983766,0.0,0.992114701314478,0.003130891451163,17412796.376149606,17412796.376149606,10.03551912568306,0.736371052013512
7.039926438698687,125.47741121914224,4.962704098360656,17865734.754098363,122.9159457686336,44.413636786098785,0.1428469326232979,0.0,0.992114701314478,0.0032449093231575,17406324.673735943,17406324.673735943,10.0,0.7487806488338445
7.569382932990467,125.54798875838426,4.962704098360656,17865734.754098363,28.342035013412815,45.135877540445506,0.1472860583874712,0.0,0.992114701314478,0.0007714647537892,17408703.921039227,17408703.921039227,10.0,0.7459522626088115
7.541553564069264,125.42228430445972,4.962704098360656,17865734.754098363,27.1594195595681,46.37355474671445,0.1550231416640348,0.0,0.992114701314478,0.0007781089971772,17412850.78136691,17412850.78136691,10.0,0.7431324067635954
6.9931175718510765,125.62192485570696,5.225479234972678,18811725.24590164,22.98765503856812,47.81256226405448,0.1642209251772088,0.025,0.992114701314478,0.0006802228246805,18293022.54313168,18293022.54313168,10.0,0.7953357811003554
7.200803349166555,125.59019858813424,4.962704098360656,17865734.754098363,53.57796780659214,43.924041751100624,0.1398699542507868,0.0125,0.992114701314478,0.0013676381064395,17382396.92811416,17382396.92811416,10.0,0.7530985173313676
7.06860332282904,125.36307355664472,4.962704098360656,17865734.754098363,36.99745728818641,45.05109117980932,0.1467620167768295,0.0,0.992114701314478,0.0010034805693411,17408423.04938675,17408423.04938675,10.0,0.7443069608930605
7.075598143043031,125.62929933928386,4.962704098360656,17865734.754098363,28.14134048254343,34.10303515691205,0.0859846827693532,0.0,0.992114701314478,0.0004471871268102,17375848.097533587,17375848.097533587,10.0,0.7539227889873601
7.036620006832594,125.3873035526802,4.962704098360656,17865734.754098363,24.618467103700965,35.472149087110154,0.0928011519304324,0.0,0.992114701314478,0.0004222190202613,17379501.534433328,17379501.534433328,10.0,0.7442512711382411
7.171708844909306,125.3068646932014,4.962704098360656,17865734.754098363,31.336103192586464,45.71450377460954,0.1508829532077962,0.0125,0.992114701314478,0.0008628706317609,17388299.587660555,17388299.587660555,10.040983606557377,0.7374048123364567
7.158946745966996,125.65692049028064,4.962704098360656,17865734.754098363,1920.919563174769,54.42297857643356,0.2091015860930017,0.0,0.992114701314478,0.0742317887096974,17441835.315689377,17441835.315689377,10.0,0.7539066976669659
7.42061330284981,125.28596962917516,4.962704098360656,17865734.754098363,17.13347381319338,44.89516281829226,0.1458002858854542,0.0,0.992114701314478,0.0004616652857394,17407907.58851645,17407907.58851645,10.046448087431694,0.7395967817339393
7.40484319553006,125.50573956675709,4.962704098360656,17865734.754098363,66.59861914307231,48.54424618113728,0.1689792620133696,0.0,0.992114701314478,0.0020798022926704,17420330.871697634,17420330.871697634,10.0,0.7494753316751963
6.982311018728764,125.54276806860852,5.225479234972678,18811725.24590164,133.83919514728333,48.54032959421556,0.1689536469957047,0.0875,0.992114701314478,0.0038133544894409,18178120.18022024,18178120.18022024,10.0,0.7986318073763494
7.193098991980907,125.63341006698428,4.962704098360656,17865734.754098363,67.34433230192738,44.52223931292417,0.1435108309810292,0.0,0.992114701314478,0.0017861138967902,17406680.50469483,17406680.50469483,10.0,0.753081570464728
7.123367674310072,125.66698674325626,4.962704098360656,17865734.754098363,436.1629774599237,31.426268138891153,0.0733440786840606,0.0125,0.992114701314478,0.005838138311301,17346740.918699384,17346740.918699384,10.0,0.7538333604714605
7.069092438006303,125.45332299742776,4.962704098360656,17865734.754098363,88.71024162009576,43.78274630259271,0.1390156884532826,0.0,0.992114701314478,0.0022790874827856,17404271.233972352,17404271.233972352,10.0,0.7488354136127993
7.143496915048166,125.28631856722272,4.962704098360656,17865734.754098363,38.61756338142857,44.33959970983439,0.1423950718250483,0.0,0.992114701314478,0.0010162562884048,17406082.488980927,17406082.488980927,10.040983606557377,0.7364853105933006
7.410868152943345,125.48301911323308,4.962704098360656,17865734.754098363,88.22026110124524,39.75445818644005,0.1156039625115822,0.0,0.992114701314478,0.001884796550306,17391723.203398053,17391723.203398053,10.0,0.7463523410111546
7.208283191886847,125.52831569473844,4.962704098360656,17865734.754098363,298.0492493960961,28.466251258682995,0.0604509902899846,0.0125,0.992114701314478,0.0032881526825211,17339830.583777092,17339830.583777092,10.0,0.7524230154084378
7.017335132231777,125.48377634597736,4.962704098360656,17865734.754098363,404.0060741483075,48.846949868058914,0.1709636560699217,0.0125,0.992114701314478,0.0126052718016442,17399062.282990873,17399062.282990873,10.0,0.7487383430684037
7.22689414310795,125.66277758340736,4.962704098360656,17865734.754098363,376.9834691142676,30.454494255662365,0.0689840058326982,0.0,0.992114701314478,0.0048061147460997,17366736.209989876,17366736.209989876,10.0,0.7531475029344696
7.411744206346567,125.38626941073753,4.962704098360656,17865734.754098363,48.59890258355836,48.7941906678642,0.1706171272175059,0.0,0.992114701314478,0.0015324012821354,17421208.72165664,17421208.72165664,10.0,0.7439217747058077
7.442034838700301,125.28782324076435,4.962704098360656,17865734.754098363,290.222593503994,30.292271410078605,0.068268200924855,0.0,0.992114701314478,0.0036616185173837,17366352.5585713,17366352.5585713,10.049180327868852,0.7396384490842898
7.170962629541279,125.3521630758202,4.962704098360656,17865734.754098363,130.348660660095,41.70644460955616,0.1267183236594274,0.0,0.992114701314478,0.0030525965645899,17397680.190244913,17397680.190244913,10.0,0.7448418421598051
7.48358780514925,125.34912091687988,4.962704098360656,17865734.754098363,29.06669669094895,47.612885664193826,0.1629318530275516,0.0,0.992114701314478,0.0008752358425764,17417089.62955093,17417089.62955093,10.0,0.7430182898213002
7.480965924752819,125.28425926926668,4.962704098360656,17865734.754098363,52.97655984751353,45.73199256208047,0.1509922243725806,0.0,0.992114701314478,0.0014782972022834,17410690.322392568,17410690.322392568,10.051912568306012,0.7397145426442887
7.082773202186634,125.54236731643604,4.962704098360656,17865734.754098363,295.1190686323768,45.25995626539881,0.1480543474050222,0.0125,0.992114701314478,0.0079740500865613,17386783.534030665,17386783.534030665,10.0,0.7528839812658845
7.270291270863227,125.52841950438844,4.962704098360656,17865734.754098363,48.94474323429765,45.9499490123083,0.1523567560631997,0.0,0.992114701314478,0.0013781331855357,17411421.67323001,17411421.67323001,10.0,0.7506184080154753
7.029043146657997,125.4283054441064,4.962704098360656,17865734.754098363,134.53266922482527,36.423292966506466,0.0976737585236457,0.0,0.992114701314478,0.0024284495062528,17382113.11534199,17382113.11534199,10.0,0.7487600336484184
7.021123834179046,125.4661720746256,4.962704098360656,17865734.754098363,270.1616437334409,32.518205139832276,0.0783896590686071,0.0,0.992114701314478,0.0039138653874871,17371777.37716693,17371777.37716693,10.0,0.7487474865983589
7.165428205184386,125.38794894608702,4.962704098360656,17865734.754098363,38.459281615844205,40.882861473905,0.1219753580747228,0.0,0.992114701314478,0.0008669552650186,17395138.093292385,17395138.093292385,10.0,0.7448325534122298
7.151036210004779,125.65842339351217,4.962704098360656,17865734.754098363,132.6001149732459,61.862560894437166,0.2642059031128264,0.05,0.992114701314478,0.0061508260019327,17382041.015269343,17382041.015269343,10.0,0.7538825178014474
7.317520474259916,125.27266708546078,4.962704098360656,17865734.754098363,69.58041270400645,41.95731767718502,0.1281784569448578,0.0,0.992114701314478,0.0016482590098634,17398462.780864406,17398462.780864406,10.049180327868852,0.7390707430148608
7.477115789098304,125.38331247055127,4.962704098360656,17865734.754098363,29.06669669094895,47.612885664193826,0.1629318530275516,0.0,0.992114701314478,0.0008752358425764,17417089.62955093,17417089.62955093,10.0,0.7430053169324632
7.263186033281112,125.6393656775302,4.962704098360656,17865734.754098363,39.456259477321694,36.93727631915705,0.1003530704127833,0.0,0.992114701314478,0.0007317622386152,17383549.151608035,17383549.151608035,10.0,0.7509561860245595
7.27384051785205,125.34752617087702,4.962704098360656,17865734.754098363,97.53500742968475,38.77877199346353,0.1102149663618526,0.0,0.992114701314478,0.0019866644148867,17388834.852123994,17388834.852123994,10.0,0.743641440168059
7.478476230888672,125.23548620578114,4.962704098360656,17865734.754098363,165.75069324833808,45.46823609725401,0.1493477141517625,0.025,0.992114701314478,0.0044604838167379,17365144.574005157,17365144.574005157,10.051912568306012,0.7417879142064852
7.156767870780282,125.2662405938339,4.962704098360656,17865734.754098363,28.83854245371696,44.88403266075533,0.1457317378148104,0.0125,0.992114701314478,0.0007669869483027,17385538.680224385,17385538.680224385,10.049180327868852,0.7365186001922331
6.984125666910752,125.48871927270328,5.225479234972678,18811725.24590164,330.35538115122387,48.55735912538396,0.1690650337318815,0.0,0.992114701314478,0.0103218751064007,18342785.63742219,18342785.63742219,10.0,0.7879490203868621
7.408395956878599,125.255632675208,4.962704098360656,17865734.754098363,186.3307598138087,29.775068677564892,0.0660091893447776,0.0,0.992114701314478,0.0022730677123483,17365141.791520417,17365141.791520417,10.065573770491802,0.738888789173132
7.104366502561783,125.38003133865811,4.962704098360656,17865734.754098363,105.91015786574744,45.2216545931053,0.1478170091605134,0.0,0.992114701314478,0.0028932465578455,17408988.49580959,17408988.49580959,10.0,0.7450690100340882
7.452109690851373,125.30813091248476,4.962704098360656,17865734.754098363,29.348586276604976,39.55961809347142,0.1145188469864691,0.0,0.992114701314478,0.0006211372454845,17391141.611813575,17391141.611813575,10.040983606557377,0.7396492971994988
7.417366729397284,125.52533397039718,4.962704098360656,17865734.754098363,32.854069590535595,42.80493287508188,0.1331643173277595,0.0,0.992114701314478,0.0008085380424229,17401135.062638063,17401135.062638063,10.0,0.7463724705026455
7.302671064719726,125.44946482551111,4.962704098360656,17865734.754098363,219.19005971782815,52.34007297437868,0.1945132476529808,0.0,0.992114701314478,0.007879405639343,17434016.374137204,17434016.374137204,10.0,0.748933266449556
7.02458338037729,125.37290030756624,4.962704098360656,17865734.754098363,117.77483059241216,39.51278416598888,0.1142586806366703,0.0,0.992114701314478,0.0024869388802473,17391002.169923652,17391002.169923652,10.0,0.7442276804866343
6.978042208306872,125.53635513070468,5.225479234972678,18811725.24590164,133.83919514728333,48.54032959421556,0.1689536469957047,0.0875,0.992114701314478,0.0038133544894409,18178120.18022024,18178120.18022024,10.0,0.7986318073763494
7.017419940535315,125.34978733202372,4.962704098360656,17865734.754098363,117.77483059241216,39.51278416598888,0.1142586806366703,0.0,0.992114701314478,0.0024869388802473,17391002.169923652,17391002.169923652,10.0,0.7442155857513487
7.371119272942806,125.30906530239716,4.962704098360656,17865734.754098363,33.45791203407133,44.63520468072129,0.1442027588094497,0.0,0.992114701314478,0.0008916528932097,17407051.358666375,17407051.358666375,10.05464480874317,0.7388123595745754
7.22972036091988,125.5190110001902,4.962704098360656,17865734.754098363,52.82492024665848,54.77321207017766,0.2115928504506722,0.0125,0.992114701314478,0.0020398600026298,17420838.395293247,17420838.395293247,10.0,0.7524747094770587
7.237722592161544,125.26083879633713,4.962704098360656,17865734.754098363,31.59146477856737,43.141546886713336,0.1351666887947146,0.0,0.992114701314478,0.0007891559891472,17402208.277763296,17402208.277763296,10.060109289617486,0.7375286550831284
7.424208654486526,125.38676938713093,4.962704098360656,17865734.754098363,48.59890258355836,48.7941906678642,0.1706171272175059,0.0,0.992114701314478,0.0015324012821354,17421208.72165664,17421208.72165664,10.0,0.7428899307744641
7.275523104879567,125.49529465095613,4.962704098360656,17865734.754098363,315.03239565895984,56.31836040632021,0.2227111001764945,0.0,0.992114701314478,0.0129664323355996,17449129.63475181,17449129.63475181,10.0,0.748887196809485
7.583900987103238,125.45114987543047,4.962704098360656,17865734.754098363,57.6251297210752,44.809870530293495,0.1452753318097128,0.0,0.992114701314478,0.0015471314375513,17407626.227808192,17407626.227808192,10.0,0.7414766729936164
6.9734101084858136,125.44742841527582,5.225479234972678,18811725.24590164,382.79175439489904,55.79080142167752,0.2188919226729578,0.0,0.992114701314478,0.0154851611430562,18370905.529760715,18370905.529760715,10.0,0.7879277622237134
7.1635401010287,125.6696218047104,4.962704098360656,17865734.754098363,2125.232635633344,66.9875927587621,0.3045347739575298,0.0,0.992114701314478,0.1196098060110596,17492984.836323146,17492984.836323146,10.0,0.753905252885617
6.986976463523976,125.56227739130878,5.225479234972678,18811725.24590164,65.64001609380634,44.97223773739768,0.1462753391356589,0.0375,0.992114701314478,0.0017079059427004,18259380.26355459,18259380.26355459,10.0,0.7986704272673509
7.002696875677593,125.50517076329172,4.962704098360656,17865734.754098363,32.85513668129037,46.607209325593494,0.1565019584796703,0.0875,0.992114701314478,0.0008671202870283,17257318.20673789,17257318.20673789,10.0,0.7527316936946905
7.356768668603586,125.47948094094214,4.962704098360656,17865734.754098363,76.06484366462419,44.35262059872918,0.1424744972609122,0.0,0.992114701314478,0.0020028320344258,17406125.05879402,17406125.05879402,10.0,0.7462508195796205
6.9977652591794985,125.35758535551808,5.225479234972678,18811725.24590164,41.97783797054488,46.96671063387074,0.1587884159786914,0.0,0.992114701314478,0.0012318626912616,18336986.01013328,18336986.01013328,10.0,0.7813911960942183
7.0223282802513385,125.57127989941904,4.962704098360656,17865734.754098363,65.64001609380634,44.97223773739768,0.1462753391356589,0.0375,0.992114701314478,0.0017079059427004,17341165.698449448,17341165.698449448,10.0,0.7527693071096081
7.158375345536249,125.25862574997076,4.962704098360656,17865734.754098363,28.83854245371696,44.88403266075533,0.1457317378148104,0.0125,0.992114701314478,0.0007669869483027,17385538.680224385,17385538.680224385,10.051912568306012,0.7365131755223994
7.506325886417809,125.5074193332395,4.962704098360656,17865734.754098363,16.385285428835015,45.26746702864138,0.1481009066762103,0.0,0.992114701314478,0.0004484718078886,17409140.65694097,17409140.65694097,10.0,0.7458390302449438
7.507558720733551,125.412551532532,4.962704098360656,17865734.754098363,37.28312676679267,47.34089922693027,0.1611825520682783,0.0125,0.992114701314478,0.0010967076645023,17393819.884700004,17393819.884700004,10.0,0.7423701713303477
7.101090467080483,125.46049791525095,4.962704098360656,17865734.754098363,500.70050355568,65.70846161353762,0.2943101223334737,0.0,0.992114701314478,0.027233699829346,17487504.708907094,17487504.708907094,10.0,0.7520361366180799
7.134826462601872,125.67040661808792,4.962704098360656,17865734.754098363,22.786205783810153,41.10960331936715,0.1232734003233396,0.0125,0.992114701314478,0.0005126275161869,17373501.639205165,17373501.639205165,10.0,0.7538439774646508
7.184440938074678,125.39345633442922,4.962704098360656,17865734.754098363,513.6116033893229,30.077977999491825,0.0673279422347474,0.0,0.992114701314478,0.0063907758707022,17365848.60620057,17365848.60620057,10.0,0.7448589667228586
7.529875057478488,125.46922389673117,4.962704098360656,17865734.754098363,278.17627017856563,28.15697469993596,0.0591709712093844,0.0,0.992114701314478,0.0030419508756939,17361476.69777849,17361476.69777849,10.0,0.743108877550028
7.294494110831732,125.35779821533356,4.962704098360656,17865734.754098363,97.53500742968475,38.77877199346353,0.1102149663618526,0.0,0.992114701314478,0.0019866644148867,17388834.852123994,17388834.852123994,10.0,0.743674013303371
7.490020577531799,125.38072355852248,4.962704098360656,17865734.754098363,29.06669669094895,47.612885664193826,0.1629318530275516,0.0,0.992114701314478,0.0008752358425764,17417089.62955093,17417089.62955093,10.0,0.743030781541782
7.392657327078167,125.45882983064136,4.962704098360656,17865734.754098363,38.37723378154609,45.860017625899665,0.1517931235360942,0.0,0.992114701314478,0.0010765871317287,17411119.581953168,17411119.581953168,10.0,0.746314626697987
7.211307988493257,125.58873230276802,4.962704098360656,17865734.754098363,50.700260436067936,47.57165186266243,0.1626661653231059,0.0,0.992114701314478,0.0015241609759919,17416947.22836928,17416947.22836928,10.0,0.7531167151506504
7.169886330934217,125.23616355248367,4.962704098360656,17865734.754098363,26.520992778625683,55.84636928353773,0.2192930798501773,0.0,0.992114701314478,0.0010748259005004,17447297.671415787,17447297.671415787,10.0,0.7431081209691227
7.187667943199054,125.45523093645168,4.962704098360656,17865734.754098363,211.91854336466065,45.3998064435461,0.1489222708221501,0.0,0.992114701314478,0.005832463491239,17409580.885160007,17409580.885160007,10.0,0.7527379697012483
7.268405857297283,125.4864569536806,4.962704098360656,17865734.754098363,315.03239565895984,56.31836040632021,0.2227111001764945,0.0,0.992114701314478,0.0129664323355996,17449129.63475181,17449129.63475181,10.0,0.7488711488286091
7.38945785014482,125.54273509483669,4.962704098360656,17865734.754098363,12.942168890986624,48.42346835838412,0.1681900706119351,0.0,0.992114701314478,0.0004022822168921,17419907.887170188,17419907.887170188,10.0,0.7494607746739059
7.181105174635616,125.37013642830728,4.962704098360656,17865734.754098363,41.81428257760997,46.20906493472573,0.153985513306002,0.0,0.992114701314478,0.0011899478642543,17412294.641576372,17412294.641576372,10.0,0.7448556738307162
7.343642867152145,125.49823039961394,4.962704098360656,17865734.754098363,7.797856323858228,43.8905118129082,0.1396670353923719,0.0,0.992114701314478,0.0002012762640457,17404620.337721754,17404620.337721754,10.0,0.7462042388072664
7.170779012608909,125.36852293386016,4.962704098360656,17865734.754098363,41.81428257760997,46.20906493472573,0.153985513306002,0.0,0.992114701314478,0.0011899478642543,17412294.641576372,17412294.641576372,10.0,0.7448360126357567
7.242703580679625,125.28236279004636,4.962704098360656,17865734.754098363,359.0068693872487,36.981890642996206,0.10058715771682,0.0,0.992114701314478,0.0066737312555986,17383674.615858532,17383674.615858532,10.05464480874317,0.7375351106068344
7.062207668931801,125.6277307811273,4.962704098360656,17865734.754098363,29.691905578692538,45.352143510223755,0.1486262349432678,0.0375,0.992114701314478,0.0007849783956375,17342425.712877445,17342425.712877445,10.0,0.753887319352379
7.231851982146454,125.46086976152536,4.962704098360656,17865734.754098363,27.54978111013737,45.249654035968376,0.1479904936537012,0.0,0.992114701314478,0.000753486352254,17409081.478647765,17409081.478647765,10.0,0.7528238087980483
7.57608739057175,125.43577533085008,4.962704098360656,17865734.754098363,12.651785179663015,44.71594075248788,0.1446981255676208,0.0,0.992114701314478,0.0003383281495593,17407316.861399602,17407316.861399602,10.0,0.7432114220857869
7.518928841881373,125.355115163095,4.962704098360656,17865734.754098363,25.99833176436132,49.2553251599909,0.1736553298196655,0.025,0.992114701314478,0.0008135076350872,17378172.776425976,17378172.776425976,10.021857923497267,0.7423931303312655
7.401335673511192,125.31479685348803,4.962704098360656,17865734.754098363,24.7779423895623,46.08917212245779,0.153231006417372,0.0,0.992114701314478,0.000701673882773,17411890.2469781,17411890.2469781,10.05464480874317,0.7388674084556759
7.569761341822113,125.4808832982549,4.962704098360656,17865734.754098363,124.85606764145994,45.181972818870875,0.1475712850378402,0.0,0.992114701314478,0.0034051396734366,17408856.794549637,17408856.794549637,10.0,0.743188210252875
7.13063194984256,125.42826803509726,4.962704098360656,17865734.754098363,745.278045225251,37.39024899007816,0.1027410116794161,0.0,0.992114701314478,0.0141509496121156,17384829.021366376,17384829.021366376,10.0,0.7520972496343818
7.410031097671839,125.2839148778054,4.962704098360656,17865734.754098363,17.13347381319338,44.89516281829226,0.1458002858854542,0.0,0.992114701314478,0.0004616652857394,17407907.58851645,17407907.58851645,10.060109289617486,0.7388852889499455
7.377116535956903,125.54945638511352,4.962704098360656,17865734.754098363,44.39033633626069,54.10477396996509,0.206847569589741,0.0,0.992114701314478,0.0016969235502799,17440627.22586002,17440627.22586002,10.0,0.7494363943393506
7.545510870720703,125.46862743364365,4.962704098360656,17865734.754098363,44.14990640203688,56.46722755253168,0.2237930665295182,0.0,0.992114701314478,0.0018259960486434,17449709.538468093,17449709.538468093,10.0,0.7431509780186971
7.119716981023355,125.46501844879616,4.962704098360656,17865734.754098363,13.230386728952793,20.79639155728688,0.032575980551662,0.0125,0.992114701314478,7.865576498374586e-05,17324890.35786951,17324890.35786951,10.0,0.7520678104304694
7.021695188281405,125.46025916601698,4.962704098360656,17865734.754098363,169.56543518775092,43.85729961805577,0.139466161129422,0.0,0.992114701314478,0.0043704846041292,17404512.67473273,17404512.67473273,10.0,0.7487341114400848
7.043239198168822,125.5335762940386,4.962704098360656,17865734.754098363,87.2623867123441,47.47298604134801,0.1620311270545583,0.0125,0.992114701314478,0.0025803942371936,17394274.69716872,17394274.69716872,10.0,0.7527968473936909
6.99153537662177,125.46275187963046,5.225479234972678,18811725.24590164,82.8325660050715,31.9103054143267,0.075561686412047,0.0,0.992114701314478,0.0011567144908285,18290016.859041605,18290016.859041605,10.0,0.7879644822720608
7.106965523587862,125.3612390091657,4.962704098360656,17865734.754098363,51.29621093481734,44.52794442341953,0.1435457423347527,0.0,0.992114701314478,0.0013608147908707,17406699.216204397,17406699.216204397,10.0,0.7450851825617405
7.467293995578443,125.5149607159602,4.962704098360656,17865734.754098363,40.9988316635147,31.870982874645616,0.0753803983168878,0.0,0.992114701314478,0.0005711541382651,17370164.497535046,17370164.497535046,10.0,0.7464579780918082
7.178542317033033,125.63041835234267,4.962704098360656,17865734.754098363,198.0273688105529,43.25963789319157,0.1358721485435584,0.0,0.992114701314478,0.0049725490862294,17402586.384465873,17402586.384465873,10.0,0.753051172478325
7.217740804369963,125.53365203164913,4.962704098360656,17865734.754098363,205.58807591984188,39.175071465377926,0.1123902990895541,0.0,0.992114701314478,0.004270219190275,17390000.769649442,17390000.769649442,10.0,0.7524414008148823
7.299620507098625,125.29154241715626,4.962704098360656,17865734.754098363,92.4217315423895,43.66262158778803,0.1382911463069381,0.0125,0.992114701314478,0.0023325394660791,17381550.731195588,17381550.731195588,10.040983606557377,0.7390269634665391
7.318416990497215,125.48738193678206,4.962704098360656,17865734.754098363,88.39126889323158,42.438497890511066,0.1309989499432221,0.0,0.992114701314478,0.002139935097912,17399974.48625794,17399974.48625794,10.0,0.7489791053944088
7.165595906097372,125.37527846179516,4.962704098360656,17865734.754098363,41.81428257760997,46.20906493472573,0.153985513306002,0.0,0.992114701314478,0.0011899478642543,17412294.641576372,17412294.641576372,10.0,0.7448364666862783
7.078239663526759,125.34422329729227,4.962704098360656,17865734.754098363,21.97482359879272,31.692078124261815,0.0745581227595195,0.0125,0.992114701314478,0.0002990066762903,17347391.61238234,17347391.61238234,10.0,0.7443308694827422
7.192893259601807,125.23698335133273,4.962704098360656,17865734.754098363,26.520992778625683,55.84636928353773,0.2192930798501773,0.0,0.992114701314478,0.0010748259005004,17447297.671415787,17447297.671415787,10.0,0.7431516572885654
7.174905770883574,125.63914768072183,4.962704098360656,17865734.754098363,127.3595501060142,37.55203450827736,0.1035999238987116,0.0,0.992114701314478,0.0024384529012098,17385289.374302987,17385289.374302987,10.0,0.7530463218439715
7.4476507296385535,125.54327772095148,4.962704098360656,17865734.754098363,24.755571283619545,48.575475693634,0.169183562652363,0.0,0.992114701314478,0.0007740241978547,17420440.37112843,17420440.37112843,10.0,0.7464190251574319
7.489934621704283,125.37495003552957,4.962704098360656,17865734.754098363,166.89018722154665,37.24872294942579,0.1019922532122259,0.0,0.992114701314478,0.0031457297320873,17384427.707761284,17384427.707761284,10.0,0.7430306487039995
7.319484671661147,125.54941924528744,4.962704098360656,17865734.754098363,6.991616932037779,40.635665618108305,0.1205669676406318,0.0125,0.992114701314478,0.0001538390137028,17372051.066951994,17372051.066951994,10.0,0.7507147273554143
7.469094313255024,125.43396268157754,4.962704098360656,17865734.754098363,228.46982380909847,38.31514962299382,0.1076937665843656,0.0,0.992114701314478,0.0045471871856914,17387483.559529394,17387483.559529394,10.0,0.7452470866202626
7.151900990942118,125.51480871005758,4.962704098360656,17865734.754098363,767.8886473734274,34.585702856282396,0.0883609808885113,0.0,0.992114701314478,0.0125395570073229,17377121.726890393,17377121.726890393,10.0,0.7526513237120221
7.246655437567258,125.42823931526996,4.962704098360656,17865734.754098363,31.644444891758223,36.31892341519222,0.0971336446950306,0.0,0.992114701314478,0.0005680552597906,17381823.62943002,17381823.62943002,10.0,0.7528524953561926
7.222215988840418,125.48249221261403,4.962704098360656,17865734.754098363,2456.957463243798,9.09082415373758,0.0062804385490798,0.0,0.992114701314478,0.0028517472226924,17333128.850953132,17333128.850953132,10.0,0.7528051730104036
7.237048002963668,125.48265470879268,4.962704098360656,17865734.754098363,516.8187276621609,31.810027023261277,0.0750997698498854,0.0,0.992114701314478,0.0071729906968012,17370014.088522367,17370014.088522367,10.0,0.7528340529672117
7.414322569922255,125.4296476093165,4.962704098360656,17865734.754098363,73.35406427475853,31.888393781435155,0.0754606428827002,0.0,0.992114701314478,0.0010229822571124,17370207.506378893,17370207.506378893,10.0,0.7463573535766579
7.440886343504935,125.54199217865867,4.962704098360656,17865734.754098363,24.755571283619545,48.575475693634,0.169183562652363,0.0,0.992114701314478,0.0007740241978547,17420440.37112843,17420440.37112843,10.0,0.7464056628923079
7.279945981264971,125.31765890224266,4.962704098360656,17865734.754098363,195.62911899438225,40.87550767348427,0.1219333583529386,0.0125,0.992114701314478,0.0043532795620099,17372783.41417309,17372783.41417309,10.027322404371585,0.7389893313405408
7.486502437539218,125.27952619460966,4.962704098360656,17865734.754098363,129.73503302808535,45.32021839171536,0.1484280830616766,0.0,0.992114701314478,0.0035587441338498,17409316.014336586,17409316.014336586,10.051912568306012,0.7397393040789816
7.511086237369712,125.40561660561086,4.962704098360656,17865734.754098363,37.28312676679267,47.34089922693027,0.1611825520682783,0.0125,0.992114701314478,0.0010967076645023,17393819.884700004,17393819.884700004,10.0,0.7423701713303477
7.326803488759755,125.41616072205689,4.962704098360656,17865734.754098363,204.05554439205065,52.01602724132423,0.1922794887669808,0.0,0.992114701314478,0.0072511147370402,17432819.141824346,17432819.141824346,10.0,0.7437433883912341
7.482331717320489,125.45574290039528,4.962704098360656,17865734.754098363,36.3674426163565,50.72851328956448,0.1835021539867949,0.0125,0.992114701314478,0.0012179079123257,17405782.567330804,17405782.567330804,10.0,0.7452699890123641
7.136842230439704,125.54438009044696,4.962704098360656,17865734.754098363,474.2500550706811,46.47937253146322,0.1556921608204179,0.0,0.992114701314478,0.0136457545458622,17413209.35693071,17413209.35693071,10.0,0.7526224882103076
7.068049060049008,125.50987588776162,4.962704098360656,17865734.754098363,76.01915307219426,49.7636715023893,0.1770290778663559,0.0125,0.992114701314478,0.0024559988392981,17402313.17950048,17402313.17950048,10.0,0.7528546061226667
7.453386272535954,125.47818474383983,4.962704098360656,17865734.754098363,36.67297216167149,45.03976571455776,0.1466920756710809,0.0,0.992114701314478,0.0009942055462548,17408385.562909443,17408385.562909443,10.0,0.7452158502564918
7.520204206458,125.46739644337237,4.962704098360656,17865734.754098363,278.17627017856563,28.15697469993596,0.0591709712093844,0.0,0.992114701314478,0.0030419508756939,17361476.69777849,17361476.69777849,10.0,0.7430896976597028
7.2036625693289285,125.2701833324265,4.962704098360656,17865734.754098363,283.14378232074347,38.53767200521743,0.108900657991567,0.0125,0.992114701314478,0.0056272739246539,17365798.25113951,17365798.25113951,10.05464480874317,0.737464742892218
7.237041424689427,125.46025384947212,4.962704098360656,17865734.754098363,95.12410277889737,50.32288236051902,0.1807697552328192,0.0,0.992114701314478,0.0031778966003625,17426650.246432,17426650.246432,10.0,0.7528347551074975
7.062987539614522,125.44467203913744,4.962704098360656,17865734.754098363,150.6175134656595,53.46713509894571,0.2023581091220595,0.0125,0.992114701314478,0.0055623281874101,17415888.83212026,17415888.83212026,10.0,0.7488123593064819
7.34087854621717,125.32708374928814,4.962704098360656,17865734.754098363,9.831483517944504,49.00300173666657,0.1719902556433516,0.0,0.992114701314478,0.0003124973338793,17421944.680103824,17421944.680103824,10.046448087431694,0.7387580579725949
7.153412224228084,125.29166412168274,4.962704098360656,17865734.754098363,28.83854245371696,44.88403266075533,0.1457317378148104,0.0125,0.992114701314478,0.0007669869483027,17385538.680224385,17385538.680224385,10.040983606557377,0.7365036724956175
7.102527137204482,125.64246644432404,4.962704098360656,17865734.754098363,559.1310920724053,46.101190428276645,0.1533065713435761,0.0,0.992114701314478,0.0158415558548523,17411930.74766595,17411930.74766595,10.0,0.7537773172319072
7.262132815192975,125.37587256708048,4.962704098360656,17865734.754098363,393.24563518108783,62.866146981925304,0.2719645965396736,0.0,0.992114701314478,0.0197651312451859,17475528.131803907,17475528.131803907,10.0,0.7436147642755101
7.29349082549584,125.38259315158628,4.962704098360656,17865734.754098363,54.65294294508439,43.70918353583127,0.1385718000194114,0.0,0.992114701314478,0.0013996254475749,17404033.322181754,17404033.322181754,10.0,0.743680989352062
7.475297352519645,125.35786031314773,4.962704098360656,17865734.754098363,29.06669669094895,47.612885664193826,0.1629318530275516,0.0,0.992114701314478,0.0008752358425764,17417089.62955093,17417089.62955093,10.0,0.7430018925592418
7.557622243676584,125.45656798038746,4.962704098360656,17865734.754098363,75.39725970040838,37.10818661482754,0.1012511338571112,0.0,0.992114701314478,0.0014108436119272,17384030.488506697,17384030.488506697,10.0,0.7431641681503791
7.290303463977768,125.5162363632124,4.962704098360656,17865734.754098363,31.719489310386933,41.94876226005255,0.1281285450788988,0.0,0.992114701314478,0.0007510960881748,17398436.029499657,17398436.029499657,10.0,0.7506574554769639
7.15548532833864,125.61911597234602,4.962704098360656,17865734.754098363,294.6849856473639,35.154691116004955,0.0911997603792353,0.0,0.992114701314478,0.0049667823036045,17378643.233332593,17378643.233332593,10.0,0.753890857109536
7.047443917822022,125.583024275115,4.962704098360656,17865734.754098363,126.73614560325538,43.62968262990477,0.1380927498828754,0.0125,0.992114701314478,0.0031939778210328,17381444.396258935,17381444.396258935,10.0,0.7528170005818
7.245750640115667,125.36485493582022,4.962704098360656,17865734.754098363,22.984669621182103,59.708837485438515,0.2478027775473086,0.0,0.992114701314478,0.0010526108796701,17462578.072325084,17462578.072325084,10.0,0.7449793878771508
7.207609942140754,125.37217741038891,4.962704098360656,17865734.754098363,107.3672995474239,39.06888979796633,0.1118056329318891,0.0,0.992114701314478,0.0022184984698657,17389687.40493467,17389687.40493467,10.0,0.7449062652141786
7.1229423297240455,125.61091630384963,4.962704098360656,17865734.754098363,60.02675345081769,41.47006265039662,0.1253490794816814,0.0,0.992114701314478,0.0013905590091046,17396946.313646115,17396946.313646115,10.0,0.753827975445159
7.004091902815444,125.57503073884014,4.962704098360656,17865734.754098363,65.64001609380634,44.97223773739768,0.1462753391356589,0.0375,0.992114701314478,0.0017079059427004,17341165.698449448,17341165.698449448,10.0,0.7527326134883053
7.425519951027765,125.41024779680804,4.962704098360656,17865734.754098363,75.94976107917395,58.30229414695552,0.2372812080906622,0.0,0.992114701314478,0.0033305286645008,17456938.805251807,17456938.805251807,10.0,0.7429038581057641
7.270747196724155,125.404851183458,4.962704098360656,17865734.754098363,135.00635633214915,44.84659922236247,0.1455012920156101,0.0,0.992114701314478,0.0036303164620818,17407747.336161297,17407747.336161297,10.0,0.7436353589657502
7.14627455183093,125.59137384893738,4.962704098360656,17865734.754098363,392.6993889995576,26.256600024233737,0.0515891063021701,0.0,0.992114701314478,0.0037440500783285,17357413.03015728,17357413.03015728,10.0,0.7538728502858152
7.1693195634906495,125.60313619157073,4.962704098360656,17865734.754098363,23.686192339680368,44.75832247411055,0.1449584466140555,0.0,0.992114701314478,0.0006345446647891,17407456.386202596,17407456.386202596,10.0,0.7530352852261899
7.012593905233669,125.6041471176895,4.962704098360656,17865734.754098363,52.11117179254636,51.08471478089991,0.1859146735076856,0.0,0.992114701314478,0.0017904736179436,17429407.778788906,17429407.778788906,10.0,0.753800185095699
7.240933093029593,125.673828245944,4.962704098360656,17865734.754098363,28.543796151979283,45.18213302840086,0.147572276774306,0.025,0.992114701314478,0.00075900483687,17364192.989207413,17364192.989207413,10.0,0.7531744089781365
7.040671895371208,125.35515912042992,4.962704098360656,17865734.754098363,37.64164548447054,42.97728230925873,0.1341879722741537,0.0,0.992114701314478,0.000933481272049,17401683.713070624,17401683.713070624,10.0,0.7442587897712944
7.0991496342229725,125.45797320334697,4.962704098360656,17865734.754098363,192.60275471320963,46.06632128846915,0.1530873742109077,0.0,0.992114701314478,0.0054491063902171,17411813.264131017,17411813.264131017,10.0,0.7520361366180799
7.102871827680725,125.3130122163762,4.962704098360656,17865734.754098363,64.61935644368404,38.36247948481963,0.1079499740317596,0.0125,0.992114701314478,0.0012730506820871,17365288.711115684,17365288.711115684,10.027322404371585,0.7364099520199388
7.168956404132592,125.5322341059016,4.962704098360656,17865734.754098363,500.7953720987118,69.41073052387479,0.3241668328882884,0.025,0.992114701314478,0.029252091247687,17458842.734163914,17458842.734163914,10.0,0.7523469552518715
7.534507276647073,125.51255926961936,4.962704098360656,17865734.754098363,171.54842391278294,41.95659940922901,0.1281742662875354,0.0,0.992114701314478,0.0040636003717417,17398460.53478924,17398460.53478924,10.0,0.7458824006083189
7.40736729705481,125.50657977088235,4.962704098360656,17865734.754098363,20.39931245432154,49.434633415084974,0.1748424280700596,0.0,0.992114701314478,0.0006591523093755,17423473.364785276,17423473.364785276,10.0,0.7494962048759592
7.05997330067377,125.39288835903488,4.962704098360656,17865734.754098363,251.92004597571196,36.8827947267021,0.1000675390905797,0.0,0.992114701314478,0.0046588568395939,17383396.11480204,17383396.11480204,10.0,0.7442947707444958
7.136476566259761,125.51581433233105,4.962704098360656,17865734.754098363,67.14703124842406,45.186711479776754,0.1476006196809822,0.0,0.992114701314478,0.0018316328160105,17408872.51709824,17408872.51709824,10.0,0.752634950691456
7.498945851560487,125.4338521443276,4.962704098360656,17865734.754098363,37.28312676679267,47.34089922693027,0.1611825520682783,0.0125,0.992114701314478,0.0010967076645023,17393819.884700004,17393819.884700004,10.0,0.745302673491414
7.320400983088068,125.53817924077504,4.962704098360656,17865734.754098363,46.878632916445696,44.19559572951377,0.1415179020343013,0.0,0.992114701314478,0.0012260543959487,17405612.350496452,17405612.350496452,10.0,0.7507164982783829
7.079480102572361,125.52584682143876,4.962704098360656,17865734.754098363,115.06591364835458,43.24096769893703,0.1357605122987236,0.0,0.992114701314478,0.0028869786841023,17402526.5505597,17402526.5505597,10.0,0.7528775810944569
7.226231116351997,125.50480601156022,4.962704098360656,17865734.754098363,47.55204299446869,31.562907729229273,0.0739670125929057,0.0125,0.992114701314478,0.0006419006009417,17347074.793858927,17347074.793858927,10.0,0.752457758617035
6.996361779464397,125.5000878993585,5.225479234972678,18811725.24590164,116.50507103887529,45.73555002969664,0.1510144556588099,0.025,0.992114701314478,0.0031702344806559,18285569.448850226,18285569.448850226,10.0,0.798673338470504
7.096939238567684,125.61188631366986,4.962704098360656,17865734.754098363,147.48257227321113,42.48413201386302,0.1312677938511708,0.0,0.992114701314478,0.0035778514822778,17400118.57907643,17400118.57907643,10.0,0.7537779883161763
7.070835437474241,125.60886773521467,4.962704098360656,17865734.754098363,177.90917471945025,43.68295160281946,0.1384136567892276,0.0,0.992114701314478,0.0045509357750295,17403948.561831646,17403948.561831646,10.0,0.7539030647428793
7.447216006664118,125.24243795779316,4.962704098360656,17865734.754098363,68.53346654659873,38.07948284995486,0.1064220364986095,0.0,0.992114701314478,0.0013479000333904,17386801.947757665,17386801.947757665,10.046448087431694,0.741734691344753
7.209114957488448,125.38547366955382,4.962704098360656,17865734.754098363,119.60281164433825,47.84451734362684,0.1644275997239986,0.0125,0.992114701314478,0.0035890262073381,17395559.13952045,17395559.13952045,10.0,0.7449118557834318
7.514318550659389,125.33608630782204,4.962704098360656,17865734.754098363,166.89018722154665,37.24872294942579,0.1019922532122259,0.0,0.992114701314478,0.0031457297320873,17384427.707761284,17384427.707761284,10.027322404371585,0.742367821409473
7.09274749328692,125.36019205431155,4.962704098360656,17865734.754098363,75.84324120821711,52.06309095049334,0.1926033058524051,0.0,0.992114701314478,0.0026996287254985,17432992.698729057,17432992.698729057,10.0,0.7450471522683373
7.088172474580411,125.36590901095016,4.962704098360656,17865734.754098363,88.7479946019441,44.29516821647423,0.1421241855545708,0.0,0.992114701314478,0.0023310412357945,17405937.301513217,17405937.301513217,10.0,0.7450385649973215
7.010083768276466,125.3699403062707,4.962704098360656,17865734.754098363,64.36054177089046,40.43067519283573,0.1194043970195707,0.0,0.992114701314478,0.0014202455264055,17393760.13004415,17393760.13004415,10.0,0.7441961949003545
7.227120705323868,125.29362348243777,4.962704098360656,17865734.754098363,38.45276005870878,40.157453871939715,0.1178624422323365,0.0,0.992114701314478,0.0008375801432219,17392933.68538721,17392933.68538721,10.051912568306012,0.7375154620838537
7.22891204943603,125.3329237936806,4.962704098360656,17865734.754098363,201.10272402579864,49.82930078150552,0.1774664991076347,0.0,0.992114701314478,0.0065956523190666,17424879.793499272,17424879.793499272,10.040983606557377,0.7375114199225272
7.0397387766881385,125.31889419586284,4.962704098360656,17865734.754098363,21.97482359879272,31.692078124261815,0.0745581227595195,0.0125,0.992114701314478,0.0002990066762903,17347391.61238234,17347391.61238234,10.027322404371585,0.7362944372608755
7.3302543742545,125.399840242005,4.962704098360656,17865734.754098363,136.6832622954209,44.97607386125087,0.1462989999130923,0.0,0.992114701314478,0.0036955587604736,17408174.885292526,17408174.885292526,10.0,0.7437501182955473
7.352991738037252,125.39021667499134,4.962704098360656,17865734.754098363,36.740708516948416,43.720966180345904,0.1386428581573986,0.0,0.992114701314478,0.0009413875468149,17404071.407357115,17404071.407357115,10.0,0.7438125414436064
7.180868772980124,125.35967658209928,4.962704098360656,17865734.754098363,142.86920772291398,37.957235064549735,0.1057649715131692,0.0125,0.992114701314478,0.0027576618838013,17364117.610852662,17364117.610852662,10.0,0.7448552125862894
7.327457391755811,125.37204041838407,4.962704098360656,17865734.754098363,214.43343652442985,34.357117468314414,0.0872319440915207,0.0,0.992114701314478,0.0034569370888084,17376516.594732117,17376516.594732117,10.0,0.7437447885963845
6.99085504589927,125.3509993989442,5.225479234972678,18811725.24590164,41.97783797054488,46.96671063387074,0.1587884159786914,0.0,0.992114701314478,0.0012318626912616,18336986.01013328,18336986.01013328,10.0,0.7813820463151878
7.067290877955516,125.57147017503767,4.962704098360656,17865734.754098363,136.35254034232173,37.317620203634945,0.1023564583576282,0.0,0.992114701314478,0.0025793002660056,17384622.911537003,17384622.911537003,10.0,0.7528546625894753
7.272586805884854,125.42176484809907,4.962704098360656,17865734.754098363,227.32068153255776,44.72864979017781,0.14477616782805,0.0125,0.992114701314478,0.0060061551898154,17385026.52142671,17385026.52142671,10.0,0.7488791283335374
7.0176313712719365,125.30606511450412,4.962704098360656,17865734.754098363,21.97482359879272,31.692078124261815,0.0745581227595195,0.0125,0.992114701314478,0.0002990066762903,17347391.61238234,17347391.61238234,10.027322404371585,0.7362542911573591
7.574799674655939,125.38449997706748,4.962704098360656,17865734.754098363,20.60223821544115,51.83042104988083,0.1910044702640131,0.0,0.992114701314478,0.0007272460230216,17432135.767552927,17432135.767552927,10.01639344262295,0.7425037167832838
7.203967796229939,125.51261260528386,4.962704098360656,17865734.754098363,83.18809348319462,50.36704987861763,0.1810665013399664,0.0125,0.992114701314478,0.0027489054634212,17404477.125606563,17404477.125606563,10.0,0.7524048778673358
7.308637810610557,125.26183908601097,4.962704098360656,17865734.754098363,22.199960247118057,34.418118453467706,0.0875326003036769,0.0,0.992114701314478,0.0003591248402613,17376677.738056272,17376677.738056272,10.049180327868852,0.739044398106924
6.986989754355441,125.3611905715016,5.225479234972678,18811725.24590164,41.97783797054488,46.96671063387074,0.1587884159786914,0.0,0.992114701314478,0.0012318626912616,18336986.01013328,18336986.01013328,10.0,0.7813745819180867
7.114749049318429,125.6412466118578,4.962704098360656,17865734.754098363,229.59355786969877,39.3727971183276,0.1134825781742848,0.0,0.992114701314478,0.0048151776096455,17390586.2007016,17390586.2007016,10.0,0.7538124236329563
7.400724016862604,125.49291049830616,4.962704098360656,17865734.754098363,147.39336014014808,38.99095955888283,0.1113773753039844,0.025,0.992114701314478,0.0029580324465202,17344793.533933826,17344793.533933826,10.0,0.7463304476428755
7.391491705464078,125.37647324518834,4.962704098360656,17865734.754098363,69.9467236541887,51.16975202226598,0.1864924212866488,0.0,0.992114701314478,0.0024107489329368,17429717.435446117,17429717.435446117,10.0,0.743877808306695
7.433131289452001,125.42815439350886,4.962704098360656,17865734.754098363,228.46982380909847,38.31514962299382,0.1076937665843656,0.0,0.992114701314478,0.0045471871856914,17387483.559529394,17387483.559529394,10.0,0.7451760799910637
7.264896952334837,125.66586841932497,4.962704098360656,17865734.754098363,62.83270646003048,66.33928741369431,0.2993400913984994,0.0,0.992114701314478,0.0034759544190774,17490200.631701205,17490200.631701205,10.0,0.7509500088826462
7.290706458580044,125.52371608855732,4.962704098360656,17865734.754098363,19.56233228440215,44.70326958660317,0.1446203332695951,0.0,0.992114701314478,0.0005228455408988,17407275.16690273,17407275.16690273,10.0,0.7506574554769639
7.236414125679566,125.62575148154608,4.962704098360656,17865734.754098363,121.01347279551176,46.22607096532959,0.154092658065153,0.0125,0.992114701314478,0.0034031116227984,17390019.89972917,17390019.89972917,10.0,0.7531658905110411
7.332418516832223,125.49265647973743,4.962704098360656,17865734.754098363,27.198566895834844,50.76199336669353,0.1837283920300318,0.0,0.992114701314478,0.0009235187443079,17428235.99303958,17428235.99303958,10.0,0.748987574074741
7.42698696914733,125.33989908715448,4.962704098360656,17865734.754098363,30.282662575179664,45.280317732363926,0.1481805822976588,0.0,0.992114701314478,0.0008292944778092,17409183.360846546,17409183.360846546,10.0,0.7429136108869541
7.078955398911076,125.31888111499087,4.962704098360656,17865734.754098363,21.97482359879272,31.692078124261815,0.0745581227595195,0.0125,0.992114701314478,0.0002990066762903,17347391.61238234,17347391.61238234,10.021857923497267,0.7363768195560234
7.42197429230105,125.26082201291432,4.962704098360656,17865734.754098363,186.3307598138087,29.775068677564892,0.0660091893447776,0.0,0.992114701314478,0.0022730677123483,17365141.791520417,17365141.791520417,10.051912568306012,0.7395996364114803
7.525501970690184,125.33757473733584,4.962704098360656,17865734.754098363,19.09001216948704,43.073059346121134,0.1347582633259648,0.0,0.992114701314478,0.0004754282999796,17401989.373130552,17401989.373130552,10.032786885245901,0.7424062871217685
7.086302486974525,125.36606347155228,4.962704098360656,17865734.754098363,88.7479946019441,44.29516821647423,0.1421241855545708,0.0,0.992114701314478,0.0023310412357945,17405937.301513217,17405937.301513217,10.0,0.7450385649973215
7.288492295320971,125.2582904131892,4.962704098360656,17865734.754098363,6.771728371212082,49.506296720874,0.1753177615375938,0.0,0.992114701314478,0.000219406184551,17423728.1302348,17423728.1302348,10.049180327868852,0.7390060544829077
7.444250273533531,125.43376692888786,4.962704098360656,17865734.754098363,228.46982380909847,38.31514962299382,0.1076937665843656,0.0,0.992114701314478,0.0045471871856914,17387483.559529394,17387483.559529394,10.0,0.7451979834066487
7.17954715550256,125.440416615864,4.962704098360656,17865734.754098363,125.46220052706444,46.38841930395879,0.1551170499057312,0.0,0.992114701314478,0.0035966307743846,17412901.113559034,17412901.113559034,10.0,0.7527221631028218
7.136889458953389,125.34308242550937,4.962704098360656,17865734.754098363,30.773929962237844,50.725891320113696,0.1834844408704821,0.0,0.992114701314478,0.0010435316432225,17428105.242038295,17428105.242038295,10.0,0.7451303310950749
7.469400634581504,125.24560777662892,4.962704098360656,17865734.754098363,165.75069324833808,45.46823609725401,0.1493477141517625,0.025,0.992114701314478,0.0044604838167379,17365144.574005157,17365144.574005157,10.046448087431694,0.7417700136188278
7.1751109169259575,125.4634137069817,4.962704098360656,17865734.754098363,142.64696526585797,45.407720214935495,0.1489714470124298,0.0,0.992114701314478,0.0039272540108209,17409607.24222316,17409607.24222316,10.0,0.7527137303827975
7.3658677821068705,125.53511267930034,4.962704098360656,17865734.754098363,28.99445121771368,47.449125672591855,0.161877706083719,0.0,0.992114701314478,0.00086741185554,17416524.636260223,17416524.636260223,10.0,0.7494141824437918
7.487450086627755,125.5440496724502,4.962704098360656,17865734.754098363,25.618083343740633,48.18875185126216,0.1666605964061298,0.0,0.992114701314478,0.0007890472032045,17419088.131755963,17419088.131755963,10.0,0.7464935961534099
7.007045522724826,125.55545198564072,4.962704098360656,17865734.754098363,65.64001609380634,44.97223773739768,0.1462753391356589,0.0375,0.992114701314478,0.0017079059427004,17341165.698449448,17341165.698449448,10.0,0.7527402990570055
7.558931835886618,125.46929280512424,4.962704098360656,17865734.754098363,78.81533502212338,48.47038473225891,0.1684964585701014,0.0,0.992114701314478,0.0024542845998686,17420072.102549963,17420072.102549963,10.0,0.7431666893649289
7.40971349802073,125.38497536418652,4.962704098360656,17865734.754098363,49.80585876727402,45.48265139442765,0.1494374012624975,0.025,0.992114701314478,0.0013411204160545,17365192.643789094,17365192.643789094,10.0,0.7439300894244139
7.167175601462089,125.3238520880459,4.962704098360656,17865734.754098363,320.7440734088234,31.604074449396425,0.0741551649941035,0.0,0.992114701314478,0.0043956536445002,17369507.806728344,17369507.806728344,10.03551912568306,0.7373962289158961
7.380446753557156,125.48728667511354,4.962704098360656,17865734.754098363,26.670044781796925,42.33305582502658,0.1303786556055198,0.0,0.992114701314478,0.0006426191485609,17399642.025834735,17399642.025834735,10.0,0.7462905891630548
7.461820441558139,125.52881177158196,4.962704098360656,17865734.754098363,34.71188914905268,42.34736610063807,0.1304627666907239,0.0,0.992114701314478,0.0008369283000534,17399687.107024882,17399687.107024882,10.0,0.7464514693717318
7.133864975466009,125.41676206270452,4.962704098360656,17865734.754098363,161.79815889159175,41.915584155427354,0.1279350641485417,0.0,0.992114701314478,0.0038254857242041,17398332.329130206,17398332.329130206,10.0,0.7520986833956482
7.071970076122064,125.36741404446283,4.962704098360656,17865734.754098363,36.99745728818641,45.05109117980932,0.1467620167768295,0.0,0.992114701314478,0.0010034805693411,17408423.04938675,17408423.04938675,10.0,0.7443157031249952
7.365178502049559,125.53705504452994,4.962704098360656,17865734.754098363,28.99445121771368,47.449125672591855,0.161877706083719,0.0,0.992114701314478,0.00086741185554,17416524.636260223,17416524.636260223,10.0,0.7494141824437918
7.045564143696934,125.48988929625172,4.962704098360656,17865734.754098363,71.94985292376975,44.396382649641694,0.1427415743871434,0.0,0.992114701314478,0.0018980332317512,17406268.204666905,17406268.204666905,10.0,0.7488005342510201
6.996220884527395,125.48812229812889,5.225479234972678,18811725.24590164,134.29253664935453,47.46657456881105,0.1619898958488241,0.0125,0.992114701314478,0.0039700897677523,18315278.114366822,18315278.114366822,10.0,0.7883521591083817
7.209715578303624,125.424245530922,4.962704098360656,17865734.754098363,56.31316116891539,37.08911463726171,0.101150742423354,0.0,0.992114701314478,0.0010526946143401,17383976.681504887,17383976.681504887,10.0,0.7527805373421641
7.137980223322335,125.4227726297236,4.962704098360656,17865734.754098363,161.79815889159175,41.915584155427354,0.1279350641485417,0.0,0.992114701314478,0.0038254857242041,17398332.329130206,17398332.329130206,10.0,0.7521066481085357
7.5024740231291505,125.54651802867346,4.962704098360656,17865734.754098363,20.091910749016623,45.052588978003875,0.1467712675549067,0.0,0.992114701314478,0.000544986449528,17408428.007545173,17408428.007545173,10.0,0.7458182452803824
6.97640149531159,125.47578355778764,5.225479234972678,18811725.24590164,68.6629422085186,42.35325885664912,0.1304974090700215,0.0,0.992114701314478,0.0016559518974409,18321019.93066641,18321019.93066641,10.0,0.7879337826875015
7.169170741319186,125.34744015767691,4.962704098360656,17865734.754098363,27.684261208840432,46.152281224208906,0.1536279742101655,0.0,0.992114701314478,0.0007860074475366,17412103.01061686,17412103.01061686,10.0,0.7448418421598051
7.359550713643268,125.4458408458516,4.962704098360656,17865734.754098363,66.98530784666394,46.829133917908585,0.157911825277192,0.0125,0.992114701314478,0.0019304330057955,17392066.866580922,17392066.866580922,10.0,0.7462496656250079
7.26163272281099,125.41602391204472,4.962704098360656,17865734.754098363,128.3321965150191,46.564709761668595,0.1562325498988523,0.0,0.992114701314478,0.0037053613539611,17413498.99036889,17413498.99036889,10.0,0.7436178403661806
7.241931498367513,125.35682511625922,4.962704098360656,17865734.754098363,22.984669621182103,59.708837485438515,0.2478027775473086,0.0,0.992114701314478,0.0010526108796701,17462578.072325084,17462578.072325084,10.0,0.744971992130959
6.9821553474479465,125.54640378009856,5.225479234972678,18811725.24590164,133.83919514728333,48.54032959421556,0.1689536469957047,0.0875,0.992114701314478,0.0038133544894409,18178120.18022024,18178120.18022024,10.0,0.7986454580369338
7.140028766964717,125.598889152605,4.962704098360656,17865734.754098363,267.9375113676743,65.14183023308476,0.2898132546037019,0.0,0.992114701314478,0.0143507692800646,17485094.513524562,17485094.513524562,10.0,0.7538608392581715
7.3737139736287265,125.54494941507372,4.962704098360656,17865734.754098363,61.9315725523175,43.98745511746323,0.1402540608993499,0.0,0.992114701314478,0.0016052806517251,17404934.966981802,17404934.966981802,10.0,0.7494141824437918
7.351240696375784,125.53059407867548,4.962704098360656,17865734.754098363,32.63962474142744,39.459902199705475,0.1139652267470892,0.0,0.992114701314478,0.0006874497128267,17390844.886843037,17390844.886843037,10.0,0.7493745955999322
7.140240725234087,125.33090659710489,4.962704098360656,17865734.754098363,62.69087027861875,44.05466882203616,0.1406616679723585,0.0,0.992114701314478,0.0016296842964133,17405153.432977308,17405153.432977308,10.027322404371585,0.736470364209921
7.136597915771392,125.42095171791712,4.962704098360656,17865734.754098363,161.79815889159175,41.915584155427354,0.1279350641485417,0.0,0.992114701314478,0.0038254857242041,17398332.329130206,17398332.329130206,10.0,0.7521066481085357
7.2101715767261885,125.39348297043024,4.962704098360656,17865734.754098363,195.81851407504777,52.47358135250113,0.1954364132677012,0.0,0.992114701314478,0.0070726579208879,17434511.165097404,17434511.165097404,10.0,0.7449118557834318
7.099046819487025,125.50720699270096,4.962704098360656,17865734.754098363,101.14082023924752,32.80738321366563,0.079751604377409,0.0,0.992114701314478,0.0014906967990962,17372507.34177603,17372507.34177603,10.0,0.7525496256507184
7.00911345716708,125.55630847094916,4.962704098360656,17865734.754098363,65.64001609380634,44.97223773739768,0.1462753391356589,0.0375,0.992114701314478,0.0017079059427004,17341165.698449448,17341165.698449448,10.0,0.7527402990570055
6.974540665055737,125.442988630939,5.225479234972678,18811725.24590164,382.79175439489904,55.79080142167752,0.2188919226729578,0.0,0.992114701314478,0.0154851611430562,18370905.529760715,18370905.529760715,10.0,0.7879299577487558
7.179478369769088,125.54176015425872,4.962704098360656,17865734.754098363,227.42439559566787,51.36007646722619,0.1877879967970124,0.025,0.992114701314478,0.0076954303716922,17385747.490813535,17385747.490813535,10.0,0.7523767279211423
7.123404628186283,125.48799476182346,4.962704098360656,17865734.754098363,62.27228475915422,47.10805801045257,0.1596910808684953,0.025,0.992114701314478,0.0017918576091326,17370688.329391923,17370688.329391923,10.0,0.7520791274281815
7.259593078081652,125.51499960511346,4.962704098360656,17865734.754098363,97.24109305019844,40.54243317562976,0.120037611612455,0.0,0.992114701314478,0.0021572009186753,17394099.51536292,17394099.51536292,10.0,0.750597514401879
7.088523103239704,125.39534630372592,4.962704098360656,17865734.754098363,145.1005994802513,41.56186938413664,0.125880114528116,0.0,0.992114701314478,0.0033755904927376,17397230.933584657,17397230.933584657,10.0,0.7450392460927766
7.228116675358054,125.22717451961245,4.962704098360656,17865734.754098363,17.580052938865563,45.524512861116975,0.149697974936967,0.0,0.992114701314478,0.000486361873664,17409996.640878897,17409996.640878897,10.0,0.7432183611888836
7.1217058667667015,125.66310916564584,4.962704098360656,17865734.754098363,238.29220824236745,71.5384868052913,0.3416662122465236,0.0125,0.992114701314478,0.0148584120581991,17490554.080705807,17490554.080705807,10.0,0.7538183067181673
7.38708889143062,125.28591533336692,4.962704098360656,17865734.754098363,60.863461394342,41.02169043235032,0.1227694188823117,0.0,0.992114701314478,0.0013809255555554,17395563.687685397,17395563.687685397,10.057377049180328,0.7388608123828404
7.296051393562565,125.4649995245208,4.962704098360656,17865734.754098363,364.5650717092,24.035000665052333,0.0433515893967748,0.0125,0.992114701314478,0.0028843011640726,17330665.78295273,17330665.78295273,10.0,0.7489353870253648
7.216086654004116,125.36677906186937,4.962704098360656,17865734.754098363,117.4263139327984,49.46332515011844,0.1750326756309024,0.0,0.992114701314478,0.003798463687503,17423575.33215907,17423575.33215907,10.0,0.7449224804207755
7.482562233676839,125.28634313771266,4.962704098360656,17865734.754098363,52.97655984751353,45.73199256208047,0.1509922243725806,0.0,0.992114701314478,0.0014782972022834,17410690.322392568,17410690.322392568,10.051912568306012,0.7397176511818765
7.39045309563434,125.3971398114906,4.962704098360656,17865734.754098363,69.9467236541887,51.16975202226598,0.1864924212866488,0.0,0.992114701314478,0.0024107489329368,17429717.435446117,17429717.435446117,10.0,0.7438852814982525
7.488794202937665,125.47994239588672,4.962704098360656,17865734.754098363,36.3674426163565,50.72851328956448,0.1835021539867949,0.0125,0.992114701314478,0.0012179079123257,17405782.567330804,17405782.567330804,10.0,0.7452859440207055
7.264456995814053,125.46281566239102,4.962704098360656,17865734.754098363,269.653502765591,48.61345541757891,0.1694321549992657,0.0125,0.992114701314478,0.0083380102367141,17398241.441233754,17398241.441233754,10.0,0.7488523330149462
7.2071921429267265,125.63265529499282,4.962704098360656,17865734.754098363,51.858754710181586,49.00613899296809,0.1720109193081016,0.0,0.992114701314478,0.0016485477072046,17421955.755250424,17421955.755250424,10.0,0.7531089587931503
7.15427532278896,125.40747277105837,4.962704098360656,17865734.754098363,1067.0954216137022,82.78085171825468,0.4371676040749022,0.0,0.992114701314478,0.0862133750368978,17564072.325200018,17564072.325200018,10.0,0.7451632408303501
7.310135727739144,125.46636269377424,4.962704098360656,17865734.754098363,93.46712197838087,51.97822822587666,0.1920195667996294,0.0,0.992114701314478,0.0033168648402565,17432679.830916584,17432679.830916584,10.0,0.7489524648930036
7.235857241760908,125.53435085039764,4.962704098360656,17865734.754098363,35.340118680370495,45.15197330322573,0.1473856292193259,0.0,0.992114701314478,0.0009626015628435,17408757.288221363,17408757.288221363,10.0,0.7524781291776368
7.519296694323674,125.32206738799688,4.962704098360656,17865734.754098363,166.89018722154665,37.24872294942579,0.1019922532122259,0.0,0.992114701314478,0.0031457297320873,17384427.707761284,17384427.707761284,10.065573770491802,0.7389335897143658
7.555739255316486,125.38353494632943,4.962704098360656,17865734.754098363,20.60223821544115,51.83042104988083,0.1910044702640131,0.0,0.992114701314478,0.0007272460230216,17432135.767552927,17432135.767552927,10.021857923497267,0.7424754902825735
7.320014243660679,125.31703925616748,4.962704098360656,17865734.754098363,242.0378400884071,19.99361662086948,0.0301346401228208,0.0,0.992114701314478,0.0013479466291257,17345914.03609575,17345914.03609575,10.030054644808743,0.7390688622357392
7.494486332242164,125.47495398673296,4.962704098360656,17865734.754098363,99.38240101259254,44.85860436646877,0.1455751809856175,0.0,0.992114701314478,0.0026737465823924,17407786.93858348,17407786.93858348,10.0,0.7452972660629186
7.336937153873445,125.47246632680134,4.962704098360656,17865734.754098363,157.49614980779234,50.23101749285902,0.1801531551224683,0.0,0.992114701314478,0.0052436685568577,17426319.766011372,17426319.766011372,10.0,0.7462148204260798
6.979610913889801,125.46226907866472,5.225479234972678,18811725.24590164,382.79175439489904,55.79080142167752,0.2188919226729578,0.0,0.992114701314478,0.0154851611430562,18370905.529760715,18370905.529760715,10.0,0.7879360420225496
7.127407423145269,125.45599797442004,4.962704098360656,17865734.754098363,60.38736494635895,48.4974698918732,0.1686734397532113,0.0,0.992114701314478,0.0018824185754017,17420166.95951618,17420166.95951618,10.0,0.7520865724730486
7.377855907936859,125.38194617376084,4.962704098360656,17865734.754098363,69.9467236541887,51.16975202226598,0.1864924212866488,0.0,0.992114701314478,0.0024107489329368,17429717.435446117,17429717.435446117,10.0,0.7438688930424593
7.016762787422843,125.4562888377689,4.962704098360656,17865734.754098363,169.56543518775092,43.85729961805577,0.139466161129422,0.0,0.992114701314478,0.0043704846041292,17404512.67473273,17404512.67473273,10.0,0.7487341114400848
7.351352321406714,125.3091410744204,4.962704098360656,17865734.754098363,43.98844146969564,45.794396658722754,0.1513823944744192,0.025,0.992114701314478,0.0011998915088164,17366235.105773777,17366235.105773777,10.051912568306012,0.7387783141559563
7.5289607943643455,125.30287234371096,4.962704098360656,17865734.754098363,90.52395806752692,43.6704163154196,0.1383381126481793,0.0125,0.992114701314478,0.0022854193721123,17381575.90384144,17381575.90384144,10.065573770491802,0.7389527695733343
7.015407256185284,125.3181938162558,4.962704098360656,17865734.754098363,117.77483059241216,39.51278416598888,0.1142586806366703,0.0,0.992114701314478,0.0024869388802473,17391002.169923652,17391002.169923652,10.021857923497267,0.7362596130927974
7.148049856776501,125.63760199123652,4.962704098360656,17865734.754098363,52.59855220377192,43.907541323436995,0.1397700803750694,0.025,0.992114701314478,0.0013246954351125,17360011.230066366,17360011.230066366,10.0,0.7538766057599723
7.579178182340254,125.42162581428258,4.962704098360656,17865734.754098363,42.27861757156095,32.67563487405459,0.0791297780259439,0.0,0.992114701314478,0.0006182785000885,17372174.06023628,17372174.06023628,10.0,0.743207704078617
7.213423843400845,125.26843114981855,4.962704098360656,17865734.754098363,147.36915610097228,45.864615772829254,0.1518219209882921,0.0,0.992114701314478,0.004134895114357,17411135.016582448,17411135.016582448,10.05464480874317,0.7374690624749165
7.040479041514148,125.3689242806232,4.962704098360656,17865734.754098363,37.64164548447054,42.97728230925873,0.1341879722741537,0.0,0.992114701314478,0.000933481272049,17401683.713070624,17401683.713070624,10.0,0.7442554735945804
7.134097298069089,125.55081903759086,4.962704098360656,17865734.754098363,474.2500550706811,46.47937253146322,0.1556921608204179,0.0,0.992114701314478,0.0136457545458622,17413209.35693071,17413209.35693071,10.0,0.752617245962905
7.014905407670876,125.38299056685682,4.962704098360656,17865734.754098363,64.36054177089046,40.43067519283573,0.1194043970195707,0.0,0.992114701314478,0.0014202455264055,17393760.13004415,17393760.13004415,10.0,0.7442109510039941
7.058953060992916,125.45641853631238,4.962704098360656,17865734.754098363,268.90605065084947,44.67275578753877,0.1444330707320013,0.0,0.992114701314478,0.0071777881814315,17407174.799417946,17407174.799417946,10.0,0.7488163277050961
7.049322557005417,125.42482370416576,4.962704098360656,17865734.754098363,76.36387622183933,40.75925220306556,0.1212702170278443,0.0,0.992114701314478,0.0017114552136703,17394760.157405153,17394760.157405153,10.0,0.7487980878185199
7.084164701943957,125.46789043151593,4.962704098360656,17865734.754098363,47.19675823068408,44.91180805086456,0.1459028249706986,0.0,0.992114701314478,0.0012726215975006,17407962.546599414,17407962.546599414,10.0,0.7488519758769542
7.379618828975319,125.45426828642522,4.962704098360656,17865734.754098363,44.80700399409231,49.560103846939775,0.1756749911679109,0.0125,0.992114701314478,0.0014365355221414,17401587.426886823,17401587.426886823,10.0,0.7462890085668938
7.242688474095817,125.25948048492398,4.962704098360656,17865734.754098363,31.59146477856737,43.141546886713336,0.1351666887947146,0.0,0.992114701314478,0.0007891559891472,17402208.277763296,17402208.277763296,10.060109289617486,0.7375286550831284
7.108359021923588,125.49635956715332,4.962704098360656,17865734.754098363,324.1910044189051,77.45683022150291,0.3914124263408308,0.0125,0.992114701314478,0.0231577356725592,17517216.66068669,17517216.66068669,10.0,0.7525637816563328
7.002872503571497,125.39604179915128,4.962704098360656,17865734.754098363,64.36054177089046,40.43067519283573,0.1194043970195707,0.0,0.992114701314478,0.0014202455264055,17393760.13004415,17393760.13004415,10.0,0.7441886751623112
7.259405072656007,125.32316749439438,4.962704098360656,17865734.754098363,347.3671318125524,32.539193316247854,0.0784881462876546,0.0,0.992114701314478,0.0050386734572418,17371830.163562894,17371830.163562894,10.024590163934427,0.7389541109514676
7.231039974084428,125.68742100935924,4.962704098360656,17865734.754098363,61.67460371866925,44.84658263905889,0.1455011899598585,0.0,0.992114701314478,0.001658426893452,17407747.281462267,17407747.281462267,10.0,0.7535108519041039
7.166397924734202,125.2562866031206,4.962704098360656,17865734.754098363,28.83854245371696,44.88403266075533,0.1457317378148104,0.0125,0.992114701314478,0.0007669869483027,17385538.680224385,17385538.680224385,10.051912568306012,0.7365281202629282
7.250596065894493,125.26326636805496,4.962704098360656,17865734.754098363,31.59146477856737,43.141546886713336,0.1351666887947146,0.0,0.992114701314478,0.0007891559891472,17402208.277763296,17402208.277763296,10.043715846994536,0.7389341181780472
7.07336464602033,125.38049503283044,4.962704098360656,17865734.754098363,19.43185672918197,44.89939849735045,0.1458263759661929,0.0,0.992114701314478,0.0005236894219982,17407921.572070315,17407921.572070315,10.0,0.7443108418033928
7.188186384379588,125.56103536456786,4.962704098360656,17865734.754098363,40.75455117533087,45.55307438184182,0.1498758682058379,0.0,0.992114701314478,0.0011288370250359,17410091.98669758,17410091.98669758,10.0,0.7523842554954764
7.1127446799655045,125.62614996809889,4.962704098360656,17865734.754098363,69.15437258145963,49.682045332238104,0.1764856281746322,0.0625,0.992114701314478,0.0021145778849154,17312693.231888648,17312693.231888648,10.0,0.7537996755193345
7.0758236444744,125.47580690998991,4.962704098360656,17865734.754098363,48.441924161369,39.5921685974286,0.1146998194572188,0.0375,0.992114701314478,0.0009883443339337,17324242.102670513,17324242.102670513,10.0,0.7488481879929103
7.055249550508169,125.45513946434014,4.962704098360656,17865734.754098363,97.71011264804572,35.3453275641404,0.0921599086192054,0.0,0.992114701314478,0.0016641978951081,17379157.84594599,17379157.84594599,10.0,0.7488163277050961
7.353900393819474,125.29508559603728,4.962704098360656,17865734.754098363,765.5640457553708,47.58283995118855,0.1627382378831613,0.0375,0.992114701314478,0.0221613031792847,17349989.35191864,17349989.35191864,10.051912568306012,0.7387843696439415
7.068176744210677,125.344104518914,4.962704098360656,17865734.754098363,21.97482359879272,31.692078124261815,0.0745581227595195,0.0125,0.992114701314478,0.0002990066762903,17347391.61238234,17347391.61238234,10.0,0.7443071256338657
7.312353283912572,125.4886384912044,4.962704098360656,17865734.754098363,88.39126889323158,42.438497890511066,0.1309989499432221,0.0,0.992114701314478,0.002139935097912,17399974.48625794,17399974.48625794,10.0,0.7489602025549453
7.250323117108888,125.337784717625,4.962704098360656,17865734.754098363,290.64670410310447,40.23551212417383,0.1183020874882864,0.0125,0.992114701314478,0.0062750665159551,17370837.154510446,17370837.154510446,10.0,0.7435963373307924
7.424735462850865,125.25967135133712,4.962704098360656,17865734.754098363,186.3307598138087,29.775068677564892,0.0660091893447776,0.0,0.992114701314478,0.0022730677123483,17365141.791520417,17365141.791520417,10.051912568306012,0.7395996364114803
7.081829793593181,125.32391858443468,4.962704098360656,17865734.754098363,21.97482359879272,31.692078124261815,0.0745581227595195,0.0125,0.992114701314478,0.0002990066762903,17347391.61238234,17347391.61238234,10.021857923497267,0.7363768195560234
7.542375032995189,125.36860857389024,4.962704098360656,17865734.754098363,25.99833176436132,49.2553251599909,0.1736553298196655,0.025,0.992114701314478,0.0008135076350872,17378172.776425976,17378172.776425976,10.021857923497267,0.7424394315679319
7.386833105698721,125.5302748058671,4.962704098360656,17865734.754098363,31.08613043262231,45.93052569916593,0.1522349505727845,0.0,0.992114701314478,0.0008745898933978,17411356.38889251,17411356.38889251,10.0,0.7494649244902999
7.544204524233911,125.4478161193992,4.962704098360656,17865734.754098363,17.414719677638455,45.02265454940715,0.1465864308053877,0.0,0.992114701314478,0.000471773646644,17408328.940214984,17408328.940214984,10.0,0.7431217672858661
7.186851147545337,125.4626100068952,4.962704098360656,17865734.754098363,16.676555764358255,45.258356764381226,0.1480444328686881,0.0125,0.992114701314478,0.0004505665679225,17386778.220116377,17386778.220116377,10.0,0.7527379697012483
7.310973340523219,125.52471749165652,4.962704098360656,17865734.754098363,53.810579126950515,45.56689716186475,0.1499619935897452,0.0,0.992114701314478,0.0014913249727104,17410138.14749552,17410138.14749552,10.0,0.7506869484016279
7.211317963088516,125.2770723010702,4.962704098360656,17865734.754098363,283.14378232074347,38.53767200521743,0.108900657991567,0.0125,0.992114701314478,0.0056272739246539,17365798.25113951,17365798.25113951,10.05464480874317,0.737478995207158
7.506299624956964,125.3678637191419,4.962704098360656,17865734.754098363,166.89018722154665,37.24872294942579,0.1019922532122259,0.0,0.992114701314478,0.0031457297320873,17384427.707761284,17384427.707761284,10.013661202185792,0.7423680736814652
7.489879080705072,125.39928589954644,4.962704098360656,17865734.754098363,228.46982380909847,38.31514962299382,0.1076937665843656,0.0,0.992114701314478,0.0045471871856914,17387483.559529394,17387483.559529394,10.0,0.7430303839565098
7.445671836055422,125.42976321096992,4.962704098360656,17865734.754098363,228.46982380909847,38.31514962299382,0.1076937665843656,0.0,0.992114701314478,0.0045471871856914,17387483.559529394,17387483.559529394,10.0,0.7452041726626084
7.124970561526392,125.4480697769709,4.962704098360656,17865734.754098363,191.9808287863916,26.09754789811335,0.0509767984372508,0.0,0.992114701314478,0.0018086471050448,17357084.850260206,17357084.850260206,10.0,0.7520818299995604
7.128399744944871,125.33341109478762,4.962704098360656,17865734.754098363,62.69087027861875,44.05466882203616,0.1406616679723585,0.0,0.992114701314478,0.0016296842964133,17405153.432977308,17405153.432977308,10.0,0.7451142870854307
7.4222991233694176,125.39347389346948,4.962704098360656,17865734.754098363,48.59890258355836,48.7941906678642,0.1706171272175059,0.0,0.992114701314478,0.0015324012821354,17421208.72165664,17421208.72165664,10.0,0.7428899307744641
7.247611793102345,125.48001435674384,4.962704098360656,17865734.754098363,516.8187276621609,31.810027023261277,0.0750997698498854,0.0,0.992114701314478,0.0071729906968012,17370014.088522367,17370014.088522367,10.0,0.7528546435933107
7.475927852521131,125.40709037647063,4.962704098360656,17865734.754098363,228.46982380909847,38.31514962299382,0.1076937665843656,0.0,0.992114701314478,0.0045471871856914,17387483.559529394,17387483.559529394,10.0,0.7430141800370738
7.336955063730789,125.29507221612774,4.962704098360656,17865734.754098363,43.98844146969564,45.794396658722754,0.1513823944744192,0.025,0.992114701314478,0.0011998915088164,17366235.105773777,17366235.105773777,10.05464480874317,0.7387508234124748
7.468823979568829,125.27455789330172,4.962704098360656,17865734.754098363,485.9863886478462,42.78291181669305,0.1330337640594828,0.0,0.992114701314478,0.0119483903930202,17401065.089736193,17401065.089736193,10.051912568306012,0.7396908633084757
7.407810334187066,125.35251153254632,4.962704098360656,17865734.754098363,29.79329351753754,46.67111694031175,0.1569074303570737,0.0125,0.992114701314478,0.0008531444081087,17391528.53898399,17391528.53898399,10.0,0.7439162762900309
7.376567904967616,125.40600766225194,4.962704098360656,17865734.754098363,29.39143371892187,35.78621086014096,0.0943977125700473,0.0125,0.992114701314478,0.0005063406158143,17358025.077857893,17358025.077857893,10.0,0.7438582153646056
7.069769339822031,125.41886136829206,4.962704098360656,17865734.754098363,18.035296290100035,60.37363007952008,0.2528290038571757,0.0,0.992114701314478,0.00084270116429,17465271.98910707,17465271.98910707,10.0,0.74431530546011
7.220329470557939,125.23153491592724,4.962704098360656,17865734.754098363,17.580052938865563,45.524512861116975,0.149697974936967,0.0,0.992114701314478,0.000486361873664,17409996.640878897,17409996.640878897,10.0,0.7431957089512553
7.3290608300637885,125.52895430725034,4.962704098360656,17865734.754098363,56.02371982982882,49.598363098417536,0.175929171284069,0.0,0.992114701314478,0.0018215169519946,17424055.828765497,17424055.828765497,10.0,0.7507334902756017
7.248973085249186,125.2925257735682,4.962704098360656,17865734.754098363,359.0068693872487,36.981890642996206,0.10058715771682,0.0,0.992114701314478,0.0066737312555986,17383674.615858532,17383674.615858532,10.05464480874317,0.7375465670971478
7.134327275552076,125.39479130047904,4.962704098360656,17865734.754098363,313.75210523401756,31.07207910160871,0.0717406521965188,0.0,0.992114701314478,0.0041598281359528,17368213.695372283,17368213.695372283,10.0,0.745113975609202
7.157354797168788,125.56735233880644,4.962704098360656,17865734.754098363,78.35206618873316,42.61352773980696,0.1320313731243993,0.0125,0.992114701314478,0.0018879396902362,17378195.66777659,17378195.66777659,10.0,0.752671633906425
7.555921213901639,125.4766454766796,4.962704098360656,17865734.754098363,44.14990640203688,56.46722755253168,0.2237930665295182,0.0,0.992114701314478,0.0018259960486434,17449709.538468093,17449709.538468093,10.0,0.7431773215753087
7.357018095180611,125.47623015535116,4.962704098360656,17865734.754098363,26.499185853818624,47.43499553221959,0.1617868776354429,0.0,0.992114701314478,0.0007923174913483,17416475.954751268,17416475.954751268,10.0,0.7462508195796205
7.453020183688665,125.26600853746626,4.962704098360656,17865734.754098363,87.86633358265026,47.928910017004306,0.1649739244084969,0.0,0.992114701314478,0.002678929158968,17418184.122720156,17418184.122720156,10.051912568306012,0.7396600611869094
7.077328131111094,125.61850185661832,4.962704098360656,17865734.754098363,239.1684289374068,45.5641758842868,0.1499450365564105,0.025,0.992114701314478,0.0064619557506913,17365464.722114477,17365464.722114477,10.0,0.7539260159646622
7.166160080900067,125.32275535799492,4.962704098360656,17865734.754098363,320.7440734088234,31.604074449396425,0.0741551649941035,0.0,0.992114701314478,0.0043956536445002,17369507.806728344,17369507.806728344,10.03551912568306,0.7373962289158961
7.36011874529225,125.50107434367736,4.962704098360656,17865734.754098363,14.20316317009895,52.5580470147152,0.1960213193416032,0.0,0.992114701314478,0.0005145313051232,17434824.658400577,17434824.658400577,10.0,0.7494028011975771
7.544208702909993,125.54696094672596,4.962704098360656,17865734.754098363,176.83310325868894,44.67895695662406,0.1444711190119479,0.0,0.992114701314478,0.0047213698685954,17407195.19223227,17407195.19223227,10.0,0.7459017017352301
7.384129196872591,125.35909405947848,4.962704098360656,17865734.754098363,67.52187915695609,43.78900357251129,0.1390534732009437,0.0,0.992114701314478,0.0017352009636671,17404291.485540736,17404291.485540736,10.0,0.7438731803733946
7.154876769727329,125.4860365201698,4.962704098360656,17865734.754098363,102.677355956358,41.22840327935084,0.1239558580794943,0.0,0.992114701314478,0.0023521507462577,17396199.58592536,17396199.58592536,10.0,0.7521373051252873
7.01823422531914,125.65279060128675,4.962704098360656,17865734.754098363,41.93983534952473,48.7650964308501,0.170426152179588,0.0,0.992114701314478,0.0013209499989257,17421106.364375476,17421106.364375476,10.0,0.753819766356165
7.493897043612552,125.37184294530356,4.962704098360656,17865734.754098363,166.89018722154665,37.24872294942579,0.1019922532122259,0.0,0.992114701314478,0.0031457297320873,17384427.707761284,17384427.707761284,10.0,0.7430306487039995
7.130217485462436,125.58585834021169,4.962704098360656,17865734.754098363,264.8470933596571,52.32452223120128,0.1944058272401516,0.0,0.992114701314478,0.0095154188218914,17433958.799799122,17433958.799799122,10.0,0.7538418116813789
7.518219288849964,125.5003207508767,4.962704098360656,17865734.754098363,16.385285428835015,45.26746702864138,0.1481009066762103,0.0,0.992114701314478,0.0004484718078886,17409140.65694097,17409140.65694097,10.0,0.7458498565923658
7.270316176852287,125.37009823157688,4.962704098360656,17865734.754098363,393.24563518108783,62.866146981925304,0.2719645965396736,0.0,0.992114701314478,0.0197651312451859,17475528.131803907,17475528.131803907,10.0,0.7436299287081126
7.206460142375578,125.64301814304416,4.962704098360656,17865734.754098363,3633.1338001234694,34.412654024432,0.0875056486433619,0.0,0.992114701314478,0.0587544681814897,17376663.29271984,17376663.29271984,10.0,0.7531075928448792
7.267538164547542,125.46639571675996,4.962704098360656,17865734.754098363,269.653502765591,48.61345541757891,0.1694321549992657,0.0125,0.992114701314478,0.0083380102367141,17398241.441233754,17398241.441233754,10.0,0.7488694162247915
7.287709403615499,125.422588165761,4.962704098360656,17865734.754098363,27.142462515650845,61.20891192845371,0.2591913173260481,0.0,0.992114701314478,0.0013001489651586,17468682.011252787,17468682.011252787,10.0,0.7489139703157704
6.9694407407203345,125.46185375254338,5.225479234972678,18811725.24590164,207.51233624660404,50.01233978960658,0.1786886940895246,0.0,0.992114701314478,0.0068527425112158,18348216.767057423,18348216.767057423,10.0,0.7879200504581328
7.512234893051549,125.45885407530528,4.962704098360656,17865734.754098363,99.38240101259254,44.85860436646877,0.1455751809856175,0.0,0.992114701314478,0.0026737465823924,17407786.93858348,17407786.93858348,10.0,0.7430739564492023
7.299822409818838,125.40486963825695,4.962704098360656,17865734.754098363,60.62219109103389,50.108515100550626,0.1793321944726379,0.0,0.992114701314478,0.0020091543919951,17425879.754054967,17425879.754054967,10.0,0.7436934987380878
7.204999150165514,125.2336509000516,4.962704098360656,17865734.754098363,26.520992778625683,55.84636928353773,0.2192930798501773,0.0,0.992114701314478,0.0010748259005004,17447297.671415787,17447297.671415787,10.0,0.7431746323769707
7.121989394399839,125.44512317372902,4.962704098360656,17865734.754098363,191.9808287863916,26.09754789811335,0.0509767984372508,0.0,0.992114701314478,0.0018086471050448,17357084.850260206,17357084.850260206,10.0,0.7520818299995604
7.226227728098076,125.4262612295177,4.962704098360656,17865734.754098363,66.55995254285591,39.07592757541824,0.1118443436833015,0.0,0.992114701314478,0.0013757846130612,17389708.152815174,17389708.152815174,10.0,0.7528126590193327
7.305575883251848,125.33748634720028,4.962704098360656,17865734.754098363,74.57547401262664,46.3288364776733,0.1547407698068734,0.0,0.992114701314478,0.0021326726255488,17412699.43794585,17412699.43794585,10.0,0.7437089919449265
7.264102572123471,125.42767079556172,4.962704098360656,17865734.754098363,227.32068153255776,44.72864979017781,0.14477616782805,0.0125,0.992114701314478,0.0060061551898154,17385026.52142671,17385026.52142671,10.0,0.7488626443923101
7.090915864001361,125.43385669103216,4.962704098360656,17865734.754098363,33.947126304981694,27.434282965470665,0.0562300673026493,0.0,0.992114701314478,0.0003527727564282,17359900.45550444,17359900.45550444,10.0,0.7520164570385935
7.138242779061913,125.46879938142747,4.962704098360656,17865734.754098363,74.79145069424479,45.2065577800325,0.1477235042330142,0.0,0.992114701314478,0.0020418553732113,17408938.379782602,17408938.379782602,10.0,0.7521075029918778
7.213678825292595,125.63005328048642,4.962704098360656,17865734.754098363,649.7387958150828,40.5145679193201,0.1198795932206414,0.0,0.992114701314478,0.0143948611051551,17394014.821922686,17394014.821922686,10.0,0.7531089587931503
7.11787806399313,125.52394079755987,4.962704098360656,17865734.754098363,275.08859670538413,44.24342265213337,0.141808978739544,0.0,0.992114701314478,0.0072094101927398,17405768.359472718,17405768.359472718,10.0,0.7525858734338117
7.218742141108175,125.22689933635168,4.962704098360656,17865734.754098363,17.580052938865563,45.524512861116975,0.149697974936967,0.0,0.992114701314478,0.000486361873664,17409996.640878897,17409996.640878897,10.0,0.7431957089512553
7.2547243145693585,125.47489230795972,4.962704098360656,17865734.754098363,269.653502765591,48.61345541757891,0.1694321549992657,0.0125,0.992114701314478,0.0083380102367141,17398241.441233754,17398241.441233754,10.0,0.7488445498824543
7.540067041836853,125.53124593056992,4.962704098360656,17865734.754098363,17.922888003937814,41.51829398550603,0.1256279427625085,0.0,0.992114701314478,0.0004161191071017,17397095.776568353,17397095.776568353,10.0,0.7458934644483035
7.038957724710286,125.56566365437192,4.962704098360656,17865734.754098363,97.78751570706164,45.14805601970093,0.1473613937463682,0.0,0.992114701314478,0.0026631188731372,17408744.298685417,17408744.298685417,10.0,0.7528007718174083
7.426299785689038,125.25633042956808,4.962704098360656,17865734.754098363,55.99150850026849,45.61718487957106,0.1502754923477593,0.0,0.992114701314478,0.0015550120067481,17410306.17406521,17410306.17406521,10.051912568306012,0.7396106002205877
7.499187484007746,125.48250460132422,4.962704098360656,17865734.754098363,99.38240101259254,44.85860436646877,0.1455751809856175,0.0,0.992114701314478,0.0026737465823924,17407786.93858348,17407786.93858348,10.0,0.7453075127081229
7.293435402880766,125.35178283175664,4.962704098360656,17865734.754098363,50.15307702158783,43.08264223382428,0.1348153794914253,0.0,0.992114701314478,0.0012495695705804,17402019.98579842,17402019.98579842,10.0,0.7436791378382092
7.479925017240076,125.31593485917315,4.962704098360656,17865734.754098363,40.82090922287595,44.333268716804554,0.1423564604061667,0.0,0.992114701314478,0.0010739480498257,17406061.79433988,17406061.79433988,10.046448087431694,0.7397122201254003
6.996239681849322,125.3087457573634,5.225479234972678,18811725.24590164,41.97783797054488,46.96671063387074,0.1587884159786914,0.0,0.992114701314478,0.0012318626912616,18336986.01013328,18336986.01013328,10.049180327868852,0.7723036852306645
7.0877410012509365,125.43284071879248,4.962704098360656,17865734.754098363,33.947126304981694,27.434282965470665,0.0562300673026493,0.0,0.992114701314478,0.0003527727564282,17359900.45550444,17359900.45550444,10.0,0.7520164570385935
7.187911742579207,125.55296405825302,4.962704098360656,17865734.754098363,17.49362853590059,48.268855058777945,0.1671819423713549,0.0,0.992114701314478,0.0005404962510829,17419367.55861786,17419367.55861786,10.0,0.7523836826363131
7.029927730829422,125.43310332856896,4.962704098360656,17865734.754098363,44.27929193752823,47.58121428149776,0.162727764681156,0.0,0.992114701314478,0.0013316366675391,17416980.243903037,17416980.243903037,10.0,0.7487600336484184
7.076723300855109,125.4897905795492,4.962704098360656,17865734.754098363,71.5299212488893,45.37590281977614,0.1487737743313114,0.0,0.992114701314478,0.0019666974146653,17409501.29519249,17409501.29519249,10.0,0.7488472416480764
7.002439849776597,125.54323525254038,4.962704098360656,17865734.754098363,230.24811737393017,48.34319548277506,0.1676663637012117,0.0,0.992114701314478,0.0071345313789307,17419627.194907513,17419627.194907513,10.0,0.7585161663085653
7.055474797160068,125.37800130581256,4.962704098360656,17865734.754098363,41.49012457509043,44.15953206559172,0.1412985822025088,0.0,0.992114701314478,0.001083442735292,17405494.801198218,17405494.801198218,10.0,0.744298546676303
7.523134565702196,125.32234269955134,4.962704098360656,17865734.754098363,166.89018722154665,37.24872294942579,0.1019922532122259,0.0,0.992114701314478,0.0031457297320873,17384427.707761284,17384427.707761284,10.065573770491802,0.7389335897143658
7.07083382102242,125.50689050265156,4.962704098360656,17865734.754098363,76.01915307219426,49.7636715023893,0.1770290778663559,0.0125,0.992114701314478,0.0024559988392981,17402313.17950048,17402313.17950048,10.0,0.7528546061226667
7.122360796708617,125.48456728455226,4.962704098360656,17865734.754098363,69.49277896088789,48.03718715883576,0.1656759320213975,0.025,0.992114701314478,0.0020745654277555,17373896.042289138,17373896.042289138,10.0,0.7520770976461162
7.520149445282506,125.40190649604224,4.962704098360656,17865734.754098363,25.99833176436132,49.2553251599909,0.1736553298196655,0.025,0.992114701314478,0.0008135076350872,17378172.776425976,17378172.776425976,10.0,0.7423951307572729
7.381886741447191,125.47513855926536,4.962704098360656,17865734.754098363,14.38961016173115,36.16787655185007,0.0963543428833683,0.0,0.992114701314478,0.0002562381211568,17381405.945446204,17381405.945446204,10.0,0.7462918866630016
7.286713734894975,125.44601930994584,4.962704098360656,17865734.754098363,219.19005971782815,52.34007297437868,0.1945132476529808,0.0,0.992114701314478,0.007879405639343,17434016.374137204,17434016.374137204,10.0,0.7489066972785859
7.127272761759631,125.56194943227337,4.962704098360656,17865734.754098363,10.357499693799664,45.17622114781464,0.1475356826020977,0.0,0.992114701314478,0.0002824069747098,17408837.71263943,17408837.71263943,10.0,0.7526041893677634
7.476007019857407,125.31148463027164,4.962704098360656,17865734.754098363,40.82090922287595,44.333268716804554,0.1423564604061667,0.0,0.992114701314478,0.0010739480498257,17406061.79433988,17406061.79433988,10.046448087431694,0.7397095627333321
7.053538755741449,125.38078075504345,4.962704098360656,17865734.754098363,41.49012457509043,44.15953206559172,0.1412985822025088,0.0,0.992114701314478,0.001083442735292,17405494.801198218,17405494.801198218,10.0,0.7442763384446163
7.300980725822161,125.3071601290506,4.962704098360656,17865734.754098363,16.94171018702364,49.36900569659127,0.1744075740755165,0.0,0.992114701314478,0.0005460670961748,17423240.29520158,17423240.29520158,10.03551912568306,0.7390186142475818
7.002103295748675,125.62342279230953,4.962704098360656,17865734.754098363,22.98765503856812,47.81256226405448,0.1642209251772088,0.025,0.992114701314478,0.0006802228246805,17373116.199298825,17373116.199298825,10.0,0.753782969408667
7.486886336456184,125.35338436215964,4.962704098360656,17865734.754098363,166.89018722154665,37.24872294942579,0.1019922532122259,0.0,0.992114701314478,0.0031457297320873,17384427.707761284,17384427.707761284,10.0,0.7430247701753186
7.288681488221025,125.54653570439352,4.962704098360656,17865734.754098363,18.853518839229725,45.91966819966582,0.1521668795483375,0.0,0.992114701314478,0.000530195421333,17411319.904726494,17411319.904726494,10.0,0.7506543720991178
7.485947486855909,125.42042369720212,4.962704098360656,17865734.754098363,228.46982380909847,38.31514962299382,0.1076937665843656,0.0,0.992114701314478,0.0045471871856914,17387483.559529394,17387483.559529394,10.0,0.7430332999972298
7.512732399444184,125.4117104050858,4.962704098360656,17865734.754098363,37.28312676679267,47.34089922693027,0.1611825520682783,0.0125,0.992114701314478,0.0010967076645023,17393819.884700004,17393819.884700004,10.0,0.7423701713303477
7.41092530592278,125.35624672750876,4.962704098360656,17865734.754098363,30.20928597221454,53.28138654536931,0.2010572074318924,0.0125,0.992114701314478,0.0011084615417594,17415191.585184127,17415191.585184127,10.0,0.7439254482287235
7.1870488560136385,125.22111628513076,4.962704098360656,17865734.754098363,26.520992778625683,55.84636928353773,0.2192930798501773,0.0,0.992114701314478,0.0010748259005004,17447297.671415787,17447297.671415787,10.0,0.743140627505727
7.040497933483105,125.51279538404609,4.962704098360656,17865734.754098363,20.92436533713832,45.37840821306568,0.148789335719513,0.0,0.992114701314478,0.000575370402837,17409509.635661513,17409509.635661513,10.0,0.7528033029387242
7.0577228220338135,125.64760692692248,4.962704098360656,17865734.754098363,18.309081441588575,45.78694924657221,0.1513358091627688,0.0375,0.992114701314478,0.0004928700368428,17343877.968906507,17343877.968906507,10.0,0.7538887984222328
7.096772797608314,125.65393126768842,4.962704098360656,17865734.754098363,1084.5369665264177,21.687852996698687,0.0353945305555552,0.0,0.992114701314478,0.0070942082838447,17348733.190314952,17348733.190314952,10.0,0.7537779801619211
7.217967970539075,125.6058682284263,4.962704098360656,17865734.754098363,162.01320027571774,41.59600592646868,0.1260778145994877,0.0125,0.992114701314478,0.0037277741833125,17375004.726853114,17375004.726853114,10.0,0.7531297887184011
7.339001740483595,125.4309363977574,4.962704098360656,17865734.754098363,197.47863461585575,49.95804069128911,0.1783257834327514,0.0,0.992114701314478,0.0065081518194206,17425340.3458742,17425340.3458742,10.0,0.7462094916835198
7.403163799253376,125.473239653353,4.962704098360656,17865734.754098363,88.22026110124524,39.75445818644005,0.1156039625115822,0.0,0.992114701314478,0.001884796550306,17391723.203398053,17391723.203398053,10.0,0.7463352844151858
7.419922393404863,125.44386166367592,4.962704098360656,17865734.754098363,100.2659098210938,53.70318923519687,0.2040158411128284,0.0,0.992114701314478,0.0037804248399335,17439109.498564094,17439109.498564094,10.0,0.7451500234342335
7.179834153681908,125.4830588315538,4.962704098360656,17865734.754098363,175.1205745868893,36.24076663260184,0.0967300575403501,0.0,0.992114701314478,0.0031305600485642,17381607.31799835,17381607.31799835,10.0,0.7527229819766403
7.474603630806134,125.46715569604147,4.962704098360656,17865734.754098363,36.3674426163565,50.72851328956448,0.1835021539867949,0.0125,0.992114701314478,0.0012179079123257,17405782.567330804,17405782.567330804,10.0,0.7452578623617984
7.488698985872339,125.34161242277084,4.962704098360656,17865734.754098363,166.89018722154665,37.24872294942579,0.1019922532122259,0.0,0.992114701314478,0.0031457297320873,17384427.707761284,17384427.707761284,10.0,0.7430284224082584
7.214065237794692,125.62699710727593,4.962704098360656,17865734.754098363,3379.2357130362007,46.340913250033665,0.1548170074171828,0.0,0.992114701314478,0.0966853277236495,17412740.29917357,17412740.29917357,10.0,0.7531089587931503
6.99448017946171,125.5142454819235,5.225479234972678,18811725.24590164,133.83919514728333,48.54032959421556,0.1689536469957047,0.0875,0.992114701314478,0.0038133544894409,18178120.18022024,18178120.18022024,10.0,0.7986697599577147
7.31410753417628,125.31425677768893,4.962704098360656,17865734.754098363,242.0378400884071,19.99361662086948,0.0301346401228208,0.0,0.992114701314478,0.0013479466291257,17345914.03609575,17345914.03609575,10.030054644808743,0.739040110272959
7.4378419048445155,125.24579322845469,4.962704098360656,17865734.754098363,55.99150850026849,45.61718487957106,0.1502754923477593,0.0,0.992114701314478,0.0015550120067481,17410306.17406521,17410306.17406521,10.046448087431694,0.7417082192188726
7.001882711726594,125.62057850609554,4.962704098360656,17865734.754098363,22.98765503856812,47.81256226405448,0.1642209251772088,0.025,0.992114701314478,0.0006802228246805,17373116.199298825,17373116.199298825,10.0,0.753782969408667
7.483410203221102,125.4627985338821,4.962704098360656,17865734.754098363,36.3674426163565,50.72851328956448,0.1835021539867949,0.0125,0.992114701314478,0.0012179079123257,17405782.567330804,17405782.567330804,10.0,0.7452699890123641
7.108404443846493,125.49026853619434,4.962704098360656,17865734.754098363,90.90594221032092,45.329164701050914,0.1484835997445332,0.0,0.992114701314478,0.0024945612924364,17409345.7697265,17409345.7697265,10.0,0.752050375785974
7.496871252606634,125.4667868202179,4.962704098360656,17865734.754098363,16.810209271145602,45.76571781839095,0.1512030339320315,0.0125,0.992114701314478,0.0004638677170399,17388471.141980127,17388471.141980127,10.0,0.7453026885538491
7.00060741653912,125.30531290600766,4.962704098360656,17865734.754098363,41.97783797054488,46.96671063387074,0.1587884159786914,0.0,0.992114701314478,0.0012318626912616,17414868.863132372,17414868.863132372,10.049180327868852,0.7334666336863354
6.989957230786924,125.53218878590326,5.225479234972678,18811725.24590164,133.83919514728333,48.54032959421556,0.1689536469957047,0.0875,0.992114701314478,0.0038133544894409,18178120.18022024,18178120.18022024,10.0,0.7986609084566828
7.438000116594578,125.45075479187304,4.962704098360656,17865734.754098363,46.82475006944004,50.419822291022406,0.1814213092121375,0.0,0.992114701314478,0.0015699549251295,17426999.46114917,17426999.46114917,10.0,0.7451855936709235
7.308186186518063,125.33402948409658,4.962704098360656,17865734.754098363,132.76640719825255,47.18874565367403,0.1602072928328846,0.0,0.992114701314478,0.0039309172694209,17415629.341458146,17415629.341458146,10.027322404371585,0.7390509268180121
7.032945645686937,125.57475358720654,4.962704098360656,17865734.754098363,58.483745683694,44.9738033396282,0.1462849954013846,0.0,0.992114701314478,0.0015810965143996,17408167.37926578,17408167.37926578,10.0,0.7527894385436048
7.338665956928733,125.44556316408372,4.962704098360656,17865734.754098363,212.1386902533137,26.545040189370837,0.052708335398925,0.0125,0.992114701314478,0.00204060857474,17335680.737219807,17335680.737219807,10.0,0.7462088241094913
7.236808068747814,125.28791291121328,4.962704098360656,17865734.754098363,38.45276005870878,40.157453871939715,0.1178624422323365,0.0,0.992114701314478,0.0008375801432219,17392933.68538721,17392933.68538721,10.05464480874317,0.7375266715769102
7.0333982058609985,125.35380197112862,4.962704098360656,17865734.754098363,22.1380307270586,45.533263759349815,0.1497524699964524,0.0,0.992114701314478,0.0006126838026448,17410025.848707244,17410025.848707244,10.0,0.7442452598670248
7.063802348986248,125.4631686401897,4.962704098360656,17865734.754098363,121.45764509901964,40.05001908953772,0.117258500445273,0.0,0.992114701314478,0.0026320407650932,17392609.98947397,17392609.98947397,10.0,0.7488163277050961
7.066442162942479,125.50081525844747,4.962704098360656,17865734.754098363,63.97913902368718,43.922938217259166,0.1398632738432585,0.0,0.992114701314478,0.0016537334087791,17404725.516045116,17404725.516045116,10.0,0.7528525430460627
7.083035593026592,125.56462996198772,4.962704098360656,17865734.754098363,214.085976063975,52.32956212413826,0.1944406390197049,0.0,0.992114701314478,0.0076930521759636,17433977.457939714,17433977.457939714,10.0,0.7528846338308757
7.164144730275076,125.46794329962088,4.962704098360656,17865734.754098363,126.1252705742164,40.56100804559494,0.120142995972719,0.0,0.992114701314478,0.0028004252673696,17394155.99843375,17394155.99843375,10.0,0.752152177778305
7.262555461182047,125.32553934194516,4.962704098360656,17865734.754098363,195.62911899438225,40.87550767348427,0.1219333583529386,0.0125,0.992114701314478,0.0043532795620099,17372783.41417309,17372783.41417309,10.021857923497267,0.7389562804145169
7.056403935288091,125.3630308650604,4.962704098360656,17865734.754098363,36.99745728818641,45.05109117980932,0.1467620167768295,0.0,0.992114701314478,0.0010034805693411,17408423.04938675,17408423.04938675,10.0,0.7442881021845624
7.450085907297726,125.31399992734453,4.962704098360656,17865734.754098363,29.348586276604976,39.55961809347142,0.1145188469864691,0.0,0.992114701314478,0.0006211372454845,17391141.611813575,17391141.611813575,10.040983606557377,0.7396492971994988
7.38064496329538,125.46647238217516,4.962704098360656,17865734.754098363,33.24733062445311,35.36044584949749,0.0922362458459391,0.0,0.992114701314478,0.0005667373294384,17379198.760565333,17379198.760565333,10.0,0.7462910072550726
7.241440581990311,125.38993196310253,4.962704098360656,17865734.754098363,26.313660664534787,45.3164003732792,0.1484043928040435,0.0,0.992114701314478,0.0007216912588064,17409303.317020815,17409303.317020815,10.0,0.7449711130346627
7.447630530323291,125.30408460320166,4.962704098360656,17865734.754098363,29.348586276604976,39.55961809347142,0.1145188469864691,0.0,0.992114701314478,0.0006211372454845,17391141.611813575,17391141.611813575,10.046448087431694,0.7396588206875451
7.461782846199553,125.29289510789036,4.962704098360656,17865734.754098363,40.274048422546194,45.594598720702216,0.1501346545896375,0.0125,0.992114701314478,0.0011034858289112,17387898.52052169,17387898.52052169,10.051912568306012,0.7396750487525523
7.343065978367685,125.44220800545354,4.962704098360656,17865734.754098363,66.98530784666394,46.829133917908585,0.157911825277192,0.0125,0.992114701314478,0.0019304330057955,17392066.866580922,17392066.866580922,10.0,0.7462174219929921
7.200197442481042,125.65845322499042,4.962704098360656,17865734.754098363,3086.674337150231,53.295923684553614,0.2011589060539303,0.0,0.992114701314478,0.1147502116684724,17437578.261244934,17437578.261244934,10.0,0.7530955014270363
7.062370799733865,125.63725538373996,4.962704098360656,17865734.754098363,18.309081441588575,45.78694924657221,0.1513358091627688,0.0375,0.992114701314478,0.0004928700368428,17343877.968906507,17343877.968906507,10.0,0.7539006061031348
6.990171273401961,125.39565911288231,5.225479234972678,18811725.24590164,34.23246179952801,42.65626515716841,0.1322839840960263,0.0,0.992114701314478,0.0008368908460458,18322028.187422022,18322028.187422022,10.0,0.781372371358761
7.054071365980128,125.57369174596457,4.962704098360656,17865734.754098363,94.74831231603828,43.77325750671091,0.1389583982357259,0.0125,0.992114701314478,0.0024027954758633,17381908.359574806,17381908.359574806,10.0,0.7528295267009281
7.459789049462653,125.34085951635304,4.962704098360656,17865734.754098363,36.708438962483136,45.90235580908394,0.1520583654628286,0.0,0.992114701314478,0.0010315722554633,17411261.744210433,17411261.744210433,10.0,0.7429721980757175
6.965286159162538,125.47404352099603,5.225479234972678,18811725.24590164,367.4166930125826,50.11969917673035,0.1794070848018958,0.0,0.992114701314478,0.0121820924835746,18348622.192118436,18348622.192118436,10.0,0.7879119683585083
7.073337184428764,125.36384949628734,4.962704098360656,17865734.754098363,36.99745728818641,45.05109117980932,0.1467620167768295,0.0,0.992114701314478,0.0010034805693411,17408423.04938675,17408423.04938675,10.0,0.7443069608930605
7.104598445575035,125.51187322515408,4.962704098360656,17865734.754098363,76.68092278817687,47.71364955096496,0.1635818538052891,0.0125,0.992114701314478,0.0022891960053804,17395105.843352858,17395105.843352858,10.0,0.7525496256507184
7.202574907025419,125.50161607028606,4.962704098360656,17865734.754098363,269.30981672749436,53.11640402513912,0.1999043761975193,0.0,0.992114701314478,0.0099494232189735,17436905.868315265,17436905.868315265,10.0,0.7527639110516611
7.045920369475154,125.30715603418535,4.962704098360656,17865734.754098363,21.97482359879272,31.692078124261815,0.0745581227595195,0.0125,0.992114701314478,0.0002990066762903,17347391.61238234,17347391.61238234,10.032786885245901,0.7363058103395201
7.5421053060534575,125.3653705304973,4.962704098360656,17865734.754098363,25.99833176436132,49.2553251599909,0.1736553298196655,0.025,0.992114701314478,0.0008135076350872,17378172.776425976,17378172.776425976,10.021857923497267,0.7424394315679319
7.19785749990611,125.6163153708426,4.962704098360656,17865734.754098363,34.456832860585216,45.66385067076485,0.1505666526496266,0.0,0.992114701314478,0.0009587989960701,17410462.22784693,17410462.22784693,10.0,0.7530907142163517
7.324758211574756,125.49376328547253,4.962704098360656,17865734.754098363,88.39126889323158,42.438497890511066,0.1309989499432221,0.0,0.992114701314478,0.002139935097912,17399974.48625794,17399974.48625794,10.0,0.7489791053944088
7.109700040190827,125.6150566127674,4.962704098360656,17865734.754098363,181.42139500907143,48.81372136301658,0.1707453746598087,0.0,0.992114701314478,0.0057248072496625,17421277.45870025,17421277.45870025,10.0,0.7538041459254855
7.152244779729839,125.3597402509551,4.962704098360656,17865734.754098363,43.24198674267351,45.214939744067735,0.1477754164711313,0.0,0.992114701314478,0.0011809492922472,17408966.203290902,17408966.203290902,10.0,0.7451593929835543
7.160625995393206,125.23719344518248,4.962704098360656,17865734.754098363,26.520992778625683,55.84636928353773,0.2192930798501773,0.0,0.992114701314478,0.0010748259005004,17447297.671415787,17447297.671415787,10.0,0.7441310515306128
7.253757337116229,125.27017347495544,4.962704098360656,17865734.754098363,359.0068693872487,36.981890642996206,0.10058715771682,0.0,0.992114701314478,0.0066737312555986,17383674.615858532,17383674.615858532,10.040983606557377,0.7389400476452683
7.274089751187166,125.4004879484388,4.962704098360656,17865734.754098363,135.00635633214915,44.84659922236247,0.1455012920156101,0.0,0.992114701314478,0.0036303164620818,17407747.336161297,17407747.336161297,10.0,0.7436353589657502
6.9693694724449955,125.4836369150654,5.225479234972678,18811725.24590164,881.4189563732999,55.918022800646426,0.2198107527595049,0.0,0.992114701314478,0.0358059119183561,18371424.07313479,18371424.07313479,10.0,0.7879211658190507
7.385229105025148,125.5309666160085,4.962704098360656,17865734.754098363,31.08613043262231,45.93052569916593,0.1522349505727845,0.0,0.992114701314478,0.0008745898933978,17411356.38889251,17411356.38889251,10.0,0.7494649244902999
7.173348460157098,125.47081250696726,4.962704098360656,17865734.754098363,755.1479968154531,30.688461604911726,0.0700224655914511,0.025,0.992114701314478,0.009527906971846,17322628.45850271,17322628.45850271,10.0,0.7527129861310201
7.335608077620874,125.28904222202328,4.962704098360656,17865734.754098363,43.98844146969564,45.794396658722754,0.1513823944744192,0.025,0.992114701314478,0.0011998915088164,17366235.105773777,17366235.105773777,10.05464480874317,0.7387482960630108
7.2256275323742996,125.4194623612542,4.962704098360656,17865734.754098363,1685.2655781548683,81.62113324423962,0.4271409346084492,0.0,0.992114701314478,0.1330340960114284,17558698.310685378,17558698.310685378,10.0,0.7528114509041679
7.0544968852975,125.30148269034952,4.962704098360656,17865734.754098363,21.97482359879272,31.692078124261815,0.0745581227595195,0.0125,0.992114701314478,0.0002990066762903,17347391.61238234,17347391.61238234,10.03551912568306,0.7363215205228018
7.383978813978375,125.2969814054166,4.962704098360656,17865734.754098363,129.44751138576504,37.0883310932109,0.1011466189344863,0.0,0.992114701314478,0.0024197388345345,17383974.471430134,17383974.471430134,10.057377049180328,0.7388412125848757
7.137194642581649,125.65192837711533,4.962704098360656,17865734.754098363,26.0212418752644,27.110209066163865,0.0549341896699118,0.15,0.992114701314478,0.0002245500142342,17091219.880011156,17091219.880011156,10.0,0.7538557411364187
6.98251718334237,125.5283264566519,5.225479234972678,18811725.24590164,133.83919514728333,48.54032959421556,0.1689536469957047,0.0875,0.992114701314478,0.0038133544894409,18178120.18022024,18178120.18022024,10.0,0.7986402280596345
7.381408073346356,125.45530893577627,4.962704098360656,17865734.754098363,33.24733062445311,35.36044584949749,0.0922362458459391,0.0,0.992114701314478,0.0005667373294384,17379198.760565333,17379198.760565333,10.0,0.7462925209419686
7.110703832003669,125.47481235232344,4.962704098360656,17865734.754098363,55.38834302904074,47.198011119644114,0.1602666132710553,0.0,0.992114701314478,0.0016405325501045,17415661.13555456,17415661.13555456,10.0,0.7520546628978966
7.369292870734476,125.43782364956456,4.962704098360656,17865734.754098363,50.56741738497368,45.15910710596039,0.1474297689063393,0.0125,0.992114701314478,0.0013605561871649,17386448.77741695,17386448.77741695,10.0,0.7462771833871297
7.113077202401666,125.59667620049038,4.962704098360656,17865734.754098363,110.8570429550054,46.25439655065361,0.1542711881677091,0.0,0.992114701314478,0.00316061453645,17412447.755315527,17412447.755315527,10.0,0.7538088804704687
7.138223808935161,125.63218457785396,4.962704098360656,17865734.754098363,113.38988359162494,34.45193367741458,0.0876994672068295,0.0125,0.992114701314478,0.0018148126074006,17354435.005608577,17354435.005608577,10.0,0.7538575912102908
7.029027601426255,125.58968241535985,4.962704098360656,17865734.754098363,38.27753850905734,42.423367034773776,0.1309098613316929,0.025,0.992114701314478,0.0009029098681142,17355262.400367603,17355262.400367603,10.0,0.7538318896972713
7.302840831254375,125.35590305508552,4.962704098360656,17865734.754098363,18.515486281324545,45.45795585432648,0.1492837675106048,0.0,0.992114701314478,0.0005108238059408,17409774.63727852,17409774.63727852,10.0,0.743691959624329
7.508636445672748,125.46934599691282,4.962704098360656,17865734.754098363,99.38240101259254,44.85860436646877,0.1455751809856175,0.0,0.992114701314478,0.0026737465823924,17407786.93858348,17407786.93858348,10.0,0.7430667608475099
7.188499883069009,125.3477504998344,4.962704098360656,17865734.754098363,80.29538520852496,36.8644447014863,0.0999714502616875,0.0125,0.992114701314478,0.0014649645027802,17361012.445433524,17361012.445433524,10.0,0.7448697479476024
7.27704571477013,125.44728251778986,4.962704098360656,17865734.754098363,227.32068153255776,44.72864979017781,0.14477616782805,0.0125,0.992114701314478,0.0060061551898154,17385026.52142671,17385026.52142671,10.0,0.7488883769856975
7.25527544516491,125.51402179619907,4.962704098360656,17865734.754098363,109.18697159449732,37.66410612897532,0.1041967606397585,0.0,0.992114701314478,0.0021025602857387,17385609.2621102,17385609.2621102,10.0,0.750597514401879
7.214402624422331,125.28024987833854,4.962704098360656,17865734.754098363,283.14378232074347,38.53767200521743,0.108900657991567,0.0125,0.992114701314478,0.0056272739246539,17365798.25113951,17365798.25113951,10.05464480874317,0.737478995207158
7.07814701608338,125.41502315935789,4.962704098360656,17865734.754098363,170.3466013005303,44.67843425597176,0.1444679117364814,0.0,0.992114701314478,0.0045480820101323,17407193.473222286,17407193.473222286,10.0,0.7488552143059439
7.1649865358298745,125.58031880723736,4.962704098360656,17865734.754098363,165.89353741252677,60.826273960171704,0.2562703427490844,0.0,0.992114701314478,0.0078569001979113,17467116.450542323,17467116.450542323,10.0,0.7538917342341127
7.291219928586974,125.5000718181262,4.962704098360656,17865734.754098363,54.133861822500336,35.69994874172761,0.0939579755287997,0.0,0.992114701314478,0.0009399961604467,17380121.559540298,17380121.559540298,10.0,0.7506591993429388
7.0354686841036695,125.63840823301716,4.962704098360656,17865734.754098363,59.02467470723451,45.464621298912526,0.1493252275778709,0.0,0.992114701314478,0.0016288841843895,17409796.85871546,17409796.85871546,10.0,0.753846362695267
7.151292642043505,125.2723929129896,4.962704098360656,17865734.754098363,28.83854245371696,44.88403266075533,0.1457317378148104,0.0125,0.992114701314478,0.0007669869483027,17385538.680224385,17385538.680224385,10.046448087431694,0.7364998972872847
7.1501380576760845,125.42440383362909,4.962704098360656,17865734.754098363,105.9270199765441,44.30982589668546,0.1422135255124941,0.0,0.992114701314478,0.0027840118296275,17405985.185232956,17405985.185232956,10.0,0.7521300792162859
7.115530541010064,125.58361845636576,4.962704098360656,17865734.754098363,140.08718294131194,47.318621916228125,0.1610396116477259,0.0,0.992114701314478,0.0041692173415791,17416075.44107345,17416075.44107345,10.0,0.7525969152207679
7.225007559843727,125.25825027009296,4.962704098360656,17865734.754098363,378.3686503948254,38.19054198065508,0.1070205173227087,0.0,0.992114701314478,0.0074835146090167,17387122.71674743,17387122.71674743,10.060109289617486,0.7375072657456454
7.313974029460587,125.32999489942456,4.962704098360656,17865734.754098363,132.76640719825255,47.18874565367403,0.1602072928328846,0.0,0.992114701314478,0.0039309172694209,17415629.341458146,17415629.341458146,10.027322404371585,0.7390509268180121
7.1622063031596985,125.5871781853958,4.962704098360656,17865734.754098363,71.52753737324116,45.30936184052637,0.1483607238084118,0.0,0.992114701314478,0.0019611717797563,17409279.911660027,17409279.911660027,10.0,0.7538959027467806
7.268971826473499,125.531239190701,4.962704098360656,17865734.754098363,48.94474323429765,45.9499490123083,0.1523567560631997,0.0,0.992114701314478,0.0013781331855357,17411421.67323001,17411421.67323001,10.0,0.7506184080154753
7.014708038679197,125.45890829249448,4.962704098360656,17865734.754098363,270.1616437334409,32.518205139832276,0.0783896590686071,0.0,0.992114701314478,0.0039138653874871,17371777.37716693,17371777.37716693,10.0,0.7487333238171828
7.5185464068798415,125.53711145140166,4.962704098360656,17865734.754098363,41.906057438272406,39.14252135597906,0.1122109274359946,0.0,0.992114701314478,0.000869031211903,17389904.6314579,17389904.6314579,10.0,0.7458503681696015
7.194026190316909,125.2854228851723,4.962704098360656,17865734.754098363,95.89604120293568,36.7092847023162,0.0991606053083309,0.0,0.992114701314478,0.0017573702376873,17382910.023650248,17382910.023650248,10.049180327868852,0.7374465993992261
7.134765533405509,125.3880998745831,4.962704098360656,17865734.754098363,159.81672402865735,39.2827583549733,0.1129846130706141,0.0,0.992114701314478,0.0033370671492824,17390319.305327833,17390319.305327833,10.0,0.745113975609202
7.140534504033431,125.56564358829596,4.962704098360656,17865734.754098363,43.84517268074781,45.10777614673847,0.147112285627037,0.0,0.992114701314478,0.0011920491071831,17408610.783697866,17408610.783697866,10.0,0.75263513110261
7.400055461348007,125.251399035944,4.962704098360656,17865734.754098363,48.25416059034451,42.170937261575126,0.1294273875794186,0.025,0.992114701314478,0.0011253535495824,17354467.83588246,17354467.83588246,10.065573770491802,0.7388726959089392
7.4408672953172035,125.33767331777936,4.962704098360656,17865734.754098363,30.526032237199,46.13409177346595,0.1535135161122986,0.0,0.992114701314478,0.0008660448759024,17412041.66427635,17412041.66427635,10.0,0.7429422483030165
7.484663774240691,125.34911757741185,4.962704098360656,17865734.754098363,166.89018722154665,37.24872294942579,0.1019922532122259,0.0,0.992114701314478,0.0031457297320873,17384427.707761284,17384427.707761284,10.0,0.7430182898213002
7.385314484444051,125.29451879265724,4.962704098360656,17865734.754098363,129.44751138576504,37.0883310932109,0.1011466189344863,0.0,0.992114701314478,0.0024197388345345,17383974.471430134,17383974.471430134,10.057377049180328,0.7388608123828404
6.980348682495464,125.57970456271258,5.225479234972678,18811725.24590164,65.64001609380634,44.97223773739768,0.1462753391356589,0.0375,0.992114701314478,0.0017079059427004,18259380.26355459,18259380.26355459,10.0,0.7986422608621756
7.33029052587195,125.48317772943862,4.962704098360656,17865734.754098363,27.198566895834844,50.76199336669353,0.1837283920300318,0.0,0.992114701314478,0.0009235187443079,17428235.99303958,17428235.99303958,10.0,0.7489919544530769
7.525469438629318,125.36312404185206,4.962704098360656,17865734.754098363,25.99833176436132,49.2553251599909,0.1736553298196655,0.025,0.992114701314478,0.0008135076350872,17378172.776425976,17378172.776425976,10.024590163934427,0.7424128261718049
7.1927848654380675,125.29564725597554,4.962704098360656,17865734.754098363,95.89604120293568,36.7092847023162,0.0991606053083309,0.0,0.992114701314478,0.0017573702376873,17382910.023650248,17382910.023650248,10.046448087431694,0.7374441876769939
7.0800482415999735,125.62461563916072,4.962704098360656,17865734.754098363,44.40182776786066,54.99510662937386,0.213176802854591,0.0125,0.992114701314478,0.001727433412817,17421687.349498596,17421687.349498596,10.0,0.7539260159646622
7.007571796232139,125.61152510708068,4.962704098360656,17865734.754098363,22.98765503856812,47.81256226405448,0.1642209251772088,0.025,0.992114701314478,0.0006802228246805,17373116.199298825,17373116.199298825,10.0,0.7538054483157448
7.005143315633328,125.45222753477408,4.962704098360656,17865734.754098363,32.61622265509294,62.02394185429844,0.2654487151841732,0.0,0.992114701314478,0.0016000653103266,17472035.80156431,17472035.80156431,10.0,0.7487154172438235
7.46977201484714,125.5427162863641,4.962704098360656,17865734.754098363,57.083545193620765,44.85359602202696,0.1455443538567779,0.0,0.992114701314478,0.0015354289280925,17407770.41610427,17407770.41610427,10.0,0.74646281932048
7.45578024495843,125.53989245325262,4.962704098360656,17865734.754098363,43.20884815858504,50.32223998281891,0.1807654407208525,0.0,0.992114701314478,0.0014434824649184,17426647.933974206,17426647.933974206,10.0,0.7464368174567912
7.549109261037911,125.46015498410276,4.962704098360656,17865734.754098363,75.39725970040838,37.10818661482754,0.1012511338571112,0.0,0.992114701314478,0.0014108436119272,17384030.488506697,17384030.488506697,10.0,0.7431398676924742
7.530150821743795,125.52634016512296,4.962704098360656,17865734.754098363,70.42471336441187,44.06758781143009,0.1407400698532087,0.0,0.992114701314478,0.0018317502910962,17405195.454193532,17405195.454193532,10.0,0.7458736217404038
7.278882763571297,125.3305154524447,4.962704098360656,17865734.754098363,195.62911899438225,40.87550767348427,0.1219333583529386,0.0125,0.992114701314478,0.0043532795620099,17372783.41417309,17372783.41417309,10.021857923497267,0.738987210160412
7.087894569032372,125.5676150061076,4.962704098360656,17865734.754098363,136.46447265746912,42.60182970551623,0.1319622644369094,0.0125,0.992114701314478,0.0032864716012249,17378158.62745219,17378158.62745219,10.0,0.7525283348673006
7.074314163716671,125.42603227207444,4.962704098360656,17865734.754098363,499.7350210108542,19.47718289268193,0.0286128252673344,0.0,0.992114701314478,0.0026425544647876,17345098.38587916,17345098.38587916,10.0,0.7488440459632467
7.214339007108017,125.37656297331164,4.962704098360656,17865734.754098363,117.4263139327984,49.46332515011844,0.1750326756309024,0.0,0.992114701314478,0.003798463687503,17423575.33215907,17423575.33215907,10.0,0.7449191412818079
7.555785531187273,125.51642528488732,4.962704098360656,17865734.754098363,7.887337573353654,35.04732086079143,0.0906609772916587,0.0,0.992114701314478,0.0001321521533099,17378354.460660618,17378354.460660618,10.0,0.7459330710951366
7.1652648759169395,125.55327654405224,4.962704098360656,17865734.754098363,160.15790141908525,42.00091450564924,0.128432927350472,0.0,0.992114701314478,0.0038014402603672,17398599.16988749,17398599.16988749,10.0,0.7526773892317479
7.097688079125254,125.62868741955783,4.962704098360656,17865734.754098363,79.8819008857985,37.64479227843966,0.1040937967814998,0.0,0.992114701314478,0.0015367267790766,17385554.076360773,17385554.076360773,10.0,0.7537902879960674
7.153452812167359,125.63203508333596,4.962704098360656,17865734.754098363,363.41032411120847,61.09387145669476,0.2583119884854278,0.0,0.992114701314478,0.0173486323088043,17468210.71557794,17468210.71557794,10.0,0.7538810726519182
7.259577492787403,125.54140559598606,4.962704098360656,17865734.754098363,35.62790476539818,50.005047572144285,0.178639939417965,0.0,0.992114701314478,0.0011762300338688,17425508.7246993,17425508.7246993,10.0,0.7506027190563415
7.142493724954779,125.37256516317508,4.962704098360656,17865734.754098363,106.1364944112582,45.27067783419117,0.1481208123262496,0.0,0.992114701314478,0.0029053887013267,17409151.325812884,17409151.325812884,10.0,0.7451368706847769
7.313038101952493,125.2828311891938,4.962704098360656,17865734.754098363,15.134142288459191,49.35265131440839,0.1742992752271613,0.0,0.992114701314478,0.0004875024616092,17423182.25004661,17423182.25004661,10.043715846994536,0.7390526167708876
7.288917957300045,125.4317809444124,4.962704098360656,17865734.754098363,309.8529190324687,23.524132856241224,0.041553979593464,0.0,0.992114701314478,0.002379532456963,17352034.48279723,17352034.48279723,10.0,0.7489109633193746
7.540576163305895,125.523861970379,4.962704098360656,17865734.754098363,21.014203282934727,46.21337028931432,0.1540126358715541,0.0,0.992114701314478,0.0005981260283478,17412309.178513233,17412309.178513233,10.0,0.7458945155051108
7.1711706431112345,125.6249960269301,4.962704098360656,17865734.754098363,64.2880246960898,44.64358543532083,0.144254147184386,0.0375,0.992114701314478,0.0016496148086413,17340082.39607079,17340082.39607079,10.0,0.753039003998066
7.128363379416829,125.31118323226124,4.962704098360656,17865734.754098363,38.61756338142857,44.33959970983439,0.1423950718250483,0.0,0.992114701314478,0.0010162562884048,17406082.488980927,17406082.488980927,10.032786885245901,0.7364570645827665
7.246703126590579,125.34849177039015,4.962704098360656,17865734.754098363,626.4591831032208,41.77822348083958,0.1271353619326516,0.0,0.992114701314478,0.0147191442853102,17397903.711100064,17397903.711100064,10.0,0.7449812140918824
7.132425078628169,125.3739250262056,4.962704098360656,17865734.754098363,110.98513672866166,33.569929293709514,0.0833942179812305,0.0,0.992114701314478,0.0017105043416001,17374459.680829756,17374459.680829756,10.0,0.7451237797346499
6.99065869602982,125.52862015474462,5.225479234972678,18811725.24590164,133.83919514728333,48.54032959421556,0.1689536469957047,0.0875,0.992114701314478,0.0038133544894409,18178120.18022024,18178120.18022024,10.0,0.7986609084566828
7.404261747969067,125.38083138486888,4.962704098360656,17865734.754098363,49.80585876727402,45.48265139442765,0.1494374012624975,0.025,0.992114701314478,0.0013411204160545,17365192.643789094,17365192.643789094,10.0,0.7439076306649086
7.099720970726071,125.30193006179456,4.962704098360656,17865734.754098363,64.61935644368404,38.36247948481963,0.1079499740317596,0.0125,0.992114701314478,0.0012730506820871,17365288.711115684,17365288.711115684,10.032786885245901,0.7364026177147079
6.9815167179517195,125.44481225082104,5.225479234972678,18811725.24590164,382.79175439489904,55.79080142167752,0.2188919226729578,0.0,0.992114701314478,0.0154851611430562,18370905.529760715,18370905.529760715,10.0,0.7879498372727787
7.257424916479709,125.36627001035176,4.962704098360656,17865734.754098363,80.97256003620116,44.37229489865581,0.1425945425157016,0.0,0.992114701314478,0.0021338515039921,17406189.39969444,17406189.39969444,10.0,0.743609885948065
7.52141000459549,125.417457889125,4.962704098360656,17865734.754098363,50.65071576658682,44.54019227843493,0.143620702723888,0.0125,0.992114701314478,0.0013275875089245,17384407.224434655,17384407.224434655,10.0,0.7430924185252814
7.02595287031253,125.6406421825702,4.962704098360656,17865734.754098363,41.93983534952473,48.7650964308501,0.170426152179588,0.0,0.992114701314478,0.0013209499989257,17421106.364375476,17421106.364375476,10.0,0.7538283050546329
7.057333863951878,125.49302645762177,4.962704098360656,17865734.754098363,119.96000051983594,43.71226059664638,0.1385903555175607,0.0125,0.992114701314478,0.0030341007026877,17381711.098967377,17381711.098967377,10.0,0.748810853156401
7.5515103498526255,125.54666136378768,4.962704098360656,17865734.754098363,24.42156435715089,48.80879157533603,0.1707129998177172,0.0,0.992114701314478,0.0007704837662082,17421260.106690004,17421260.106690004,10.0,0.745916351937636
7.010178966040393,125.4357005441176,4.962704098360656,17865734.754098363,103.95729375339748,37.108211791908474,0.1012512664139063,0.0,0.992114701314478,0.001945265337273,17384030.559553433,17384030.559553433,10.0,0.7487247534177526
7.22157571520853,125.4954038025611,4.962704098360656,17865734.754098363,171.0762639781715,54.714970821850024,0.2111778220197191,0.0125,0.992114701314478,0.0065932354817524,17420615.951657362,17420615.951657362,10.0,0.752805868841389
7.177292120358498,125.60650108777637,4.962704098360656,17865734.754098363,313.2680062430233,66.66543881946289,0.3019502783511385,0.0,0.992114701314478,0.0174813471123337,17491599.618933838,17491599.618933838,10.0,0.7530507472060991
7.134001187703157,125.63719489709992,4.962704098360656,17865734.754098363,47.61039112176895,52.68496028852082,0.1969014074019247,0.0,0.992114701314478,0.0017325029730872,17435296.360995956,17435296.360995956,10.0,0.7538452854743811
7.155294541364225,125.29313793621456,4.962704098360656,17865734.754098363,28.83854245371696,44.88403266075533,0.1457317378148104,0.0125,0.992114701314478,0.0007669869483027,17385538.680224385,17385538.680224385,10.040983606557377,0.7365071572111638
7.048634489027599,125.53418610149214,4.962704098360656,17865734.754098363,125.15855547049271,13.71576107619581,0.0142580334153389,0.0,0.992114701314478,0.0003297946371256,17337404.618768815,17337404.618768815,10.0,0.7528189122721387
7.250524732288767,125.3545228976363,4.962704098360656,17865734.754098363,527.2297262597307,58.38047678050507,0.2378619516098969,0.0,0.992114701314478,0.0231765231547128,17457250.06754205,17457250.06754205,10.0,0.7449812140918824
7.115073883361863,125.44378401307596,4.962704098360656,17865734.754098363,161.70004948824075,50.43389345775769,0.181515960368106,0.0125,0.992114701314478,0.0053565540789289,17404718.02307995,17404718.02307995,10.0,0.7520668164008026
7.390512308813812,125.40940967030292,4.962704098360656,17865734.754098363,31.004682571324793,46.1153903906503,0.1533958730629584,0.0,0.992114701314478,0.0008789504319171,17411978.6108909,17411978.6108909,10.0,0.7438837943907678
7.267031525069729,125.40953474586514,4.962704098360656,17865734.754098363,135.00635633214915,44.84659922236247,0.1455012920156101,0.0,0.992114701314478,0.0036303164620818,17407747.336161297,17407747.336161297,10.0,0.7436282140095288
7.460109009893592,125.46934037801128,4.962704098360656,17865734.754098363,241.8713140491866,45.38096932959107,0.1488052439075309,0.0,0.992114701314478,0.0066515983829471,17409518.162005536,17409518.162005536,10.0,0.7452337095555361
7.244862982701043,125.6864063160026,4.962704098360656,17865734.754098363,61.67460371866925,44.84658263905889,0.1455011899598585,0.0,0.992114701314478,0.001658426893452,17407747.281462267,17407747.281462267,10.0,0.7535414922605489
7.198888552425664,125.38176719855235,4.962704098360656,17865734.754098363,149.6006734053115,46.91080690291925,0.1584319793940451,0.0,0.992114701314478,0.0043802592514136,17414677.823088035,17414677.823088035,10.0,0.7448958137354063
7.149096442148209,125.28180561900612,4.962704098360656,17865734.754098363,28.83854245371696,44.88403266075533,0.1457317378148104,0.0125,0.992114701314478,0.0007669869483027,17385538.680224385,17385538.680224385,10.043715846994536,0.7364957401214112
7.234163095421307,125.25905248687752,4.962704098360656,17865734.754098363,31.59146477856737,43.141546886713336,0.1351666887947146,0.0,0.992114701314478,0.0007891559891472,17402208.277763296,17402208.277763296,10.060109289617486,0.7375072657456454
7.181230083599064,125.29785704801904,4.962704098360656,17865734.754098363,95.89604120293568,36.7092847023162,0.0991606053083309,0.0,0.992114701314478,0.0017573702376873,17382910.023650248,17382910.023650248,10.043715846994536,0.7374134413597392
7.115960440758588,125.5981938931948,4.962704098360656,17865734.754098363,83.66725937056222,47.502978811959906,0.1622240622012565,0.05,0.992114701314478,0.002382965966524,17327381.59968552,17327381.59968552,10.0,0.7538161573697661
7.541603001395617,125.51105822894274,4.962704098360656,17865734.754098363,171.54842391278294,41.95659940922901,0.1281742662875354,0.0,0.992114701314478,0.0040636003717417,17398460.53478924,17398460.53478924,10.0,0.7458966267155559
7.082094338712938,125.48949269872942,4.962704098360656,17865734.754098363,49.155175204665795,50.09631846091947,0.1792505377873601,0.0,0.992114701314478,0.0016283701575919,17425835.988354567,17425835.988354567,10.0,0.7488472416480764
7.339704268190217,125.38294279406496,4.962704098360656,17865734.754098363,81.30777061390162,46.11243921382981,0.1533773117424826,0.0,0.992114701314478,0.0023047116323095,17411968.66254205,17411968.66254205,10.0,0.7437868525144613
7.052750812314047,125.46056401849556,4.962704098360656,17865734.754098363,194.9018277151623,13.78725195064501,0.0144063357615741,0.025,0.992114701314478,0.0005059382088191,17292819.76779501,17292819.76779501,10.0,0.7487988973109034
7.308977298866587,125.43187669922484,4.962704098360656,17865734.754098363,107.79388560233394,52.91406979170906,0.1984939442458783,0.0,0.992114701314478,0.0039542562307034,17436149.91622116,17436149.91622116,10.0,0.748955113266246
7.354044691370177,125.34580551145235,4.962704098360656,17865734.754098363,218.5527506353673,46.2316659354418,0.1541279152655257,0.0,0.992114701314478,0.0062253102455774,17412370.965045493,17412370.965045493,10.0,0.7438148120294313
7.1748643442737325,125.25124105209736,4.962704098360656,17865734.754098363,26.520992778625683,55.84636928353773,0.2192930798501773,0.0,0.992114701314478,0.0010748259005004,17447297.671415787,17447297.671415787,10.057377049180328,0.7374111913854087
7.124637035898563,125.60332519926452,4.962704098360656,17865734.754098363,60.02675345081769,41.47006265039662,0.1253490794816814,0.0,0.992114701314478,0.0013905590091046,17396946.313646115,17396946.313646115,10.0,0.7538161573697661
7.222558564559713,125.50783636968592,4.962704098360656,17865734.754098363,74.86169947148692,45.84355528787304,0.1516900409584071,0.0,0.992114701314478,0.0020986507437721,17411064.332573447,17411064.332573447,10.0,0.7524538378948142
7.551314461198854,125.3693671438067,4.962704098360656,17865734.754098363,15.589343822209786,41.13883555607827,0.1234411775890332,0.025,0.992114701314478,0.0003467495660574,17351259.394686345,17351259.394686345,10.021857923497267,0.7424571616684805
7.109950649794314,125.38222124381949,4.962704098360656,17865734.754098363,105.91015786574744,45.2216545931053,0.1478170091605134,0.0,0.992114701314478,0.0028932465578455,17408988.49580959,17408988.49580959,10.0,0.7450795216783295
6.988386820668052,125.54458487900897,5.225479234972678,18811725.24590164,1298.4082969969384,43.452387424583094,0.1370269297339134,0.0,0.992114701314478,0.032880667684881,18324704.87712791,18324704.87712791,10.0,0.7986579311333306
7.370865318553325,125.2805183140512,4.962704098360656,17865734.754098363,507.5370546192472,36.99270034855798,0.1006439117119957,0.0,0.992114701314478,0.0094401453687911,17383705.034413252,17383705.034413252,10.057377049180328,0.7388160965548508
7.102780592949107,125.3180365910368,4.962704098360656,17865734.754098363,109.35345841406912,46.35748317176759,0.1549216340983766,0.0,0.992114701314478,0.003130891451163,17412796.376149606,17412796.376149606,10.027322404371585,0.7364097446230308
7.1419420577427815,125.59126880189125,4.962704098360656,17865734.754098363,119.42968705900846,33.569599545838265,0.0833926268106093,0.0,0.992114701314478,0.0018406167390696,17374458.828006785,17374458.828006785,10.0,0.7538644789270001
7.357086735145277,125.43014132631,4.962704098360656,17865734.754098363,15.9764019739974,44.95691065249789,0.1461808192371122,0.0,0.992114701314478,0.0004316112831595,17408111.543754224,17408111.543754224,10.0,0.746244857000289
7.0281864953842,125.63431154325926,4.962704098360656,17865734.754098363,82.57187653851352,52.105061512314734,0.192892255014684,0.0125,0.992114701314478,0.0029067485737103,17410815.398959156,17410815.398959156,10.0,0.7538365585519705
7.300359858975902,125.31191685950266,4.962704098360656,17865734.754098363,16.94171018702364,49.36900569659127,0.1744075740755165,0.0,0.992114701314478,0.0005460670961748,17423240.29520158,17423240.29520158,10.03551912568306,0.7390186142475818
7.269658452491089,125.39221934439132,4.962704098360656,17865734.754098363,125.78261062602778,52.87418688632243,0.1982163714612423,0.0,0.992114701314478,0.004607693101914,17436001.144968804,17436001.144968804,10.0,0.7436281524683196
7.598934329185619,125.41668494113902,4.962704098360656,17865734.754098363,13.512882178045585,44.03456601752277,0.1405397057779118,0.0,0.992114701314478,0.0003509703663442,17405088.06465083,17405088.06465083,10.0,0.7415069893640402
7.28344190803903,125.45819032344302,4.962704098360656,17865734.754098363,111.5909646165022,32.65493327485314,0.0790322727533881,0.0,0.992114701314478,0.0016298848461706,17372121.80013618,17372121.80013618,10.0,0.7488875880698588
7.133214011368436,125.42785319279528,4.962704098360656,17865734.754098363,745.278045225251,37.39024899007816,0.1027410116794161,0.0,0.992114701314478,0.0141509496121156,17384829.021366376,17384829.021366376,10.0,0.7520972496343818
7.326242207672525,125.53356220252589,4.962704098360656,17865734.754098363,28.77914647452583,57.80351104775981,0.2335877895457684,0.0,0.992114701314478,0.0012423714580713,17454959.23617004,17454959.23617004,10.0,0.7507334902756017
7.41703319184107,125.3203926859892,4.962704098360656,17865734.754098363,442.48778437671024,53.31181280279338,0.2012700848278542,0.0,0.992114701314478,0.0164590185364624,17437637.849959493,17437637.849959493,10.03825136612022,0.7395895438494353
7.214311553038587,125.52649770258712,4.962704098360656,17865734.754098363,216.21596232347375,43.88871864243638,0.1396561868317295,0.0125,0.992114701314478,0.0055107214089828,17382282.354753923,17382282.354753923,10.0,0.7524230154084378
7.009423570624607,125.42411364269356,4.962704098360656,17865734.754098363,216.1862068159012,22.279999892410046,0.0373289410424778,0.0,0.992114701314478,0.0014914100673957,17349769.9802549,17349769.9802549,10.0,0.7487232893128579
7.38200660180142,125.34980190364136,4.962704098360656,17865734.754098363,36.94326946917393,41.83202490241288,0.1274483341991761,0.0,0.992114701314478,0.0008701475668533,17398071.45548504,17398071.45548504,10.0,0.7438740561504842
7.443135652730995,125.37053659499234,4.962704098360656,17865734.754098363,206.4786654020648,39.47360851902966,0.114041254625715,0.0,0.992114701314478,0.0043517164516991,17390885.63566044,17390885.63566044,10.0,0.7429298137486698
7.400883557819068,125.28321695200458,4.962704098360656,17865734.754098363,96.5454195523464,42.95504434648603,0.1340557055805989,0.0,0.992114701314478,0.0023918855545184,17401612.821820706,17401612.821820706,10.060109289617486,0.7388653571289341
6.967139565971388,125.45311612258318,5.225479234972678,18811725.24590164,207.51233624660404,50.01233978960658,0.1786886940895246,0.0,0.992114701314478,0.0068527425112158,18348216.767057423,18348216.767057423,10.0,0.7879277622237134
7.074079665328868,125.369065638244,4.962704098360656,17865734.754098363,36.99745728818641,45.05109117980932,0.1467620167768295,0.0,0.992114701314478,0.0010034805693411,17408423.04938675,17408423.04938675,10.0,0.7443157031249952
7.267499113063155,125.3075326318515,4.962704098360656,17865734.754098363,195.62911899438225,40.87550767348427,0.1219333583529386,0.0125,0.992114701314478,0.0043532795620099,17372783.41417309,17372783.41417309,10.030054644808743,0.7389657908409307
7.091795406468579,125.42710737125994,4.962704098360656,17865734.754098363,33.947126304981694,27.434282965470665,0.0562300673026493,0.0,0.992114701314478,0.0003527727564282,17359900.45550444,17359900.45550444,10.0,0.7520164570385935
7.342519218845724,125.41355800879587,4.962704098360656,17865734.754098363,197.47863461585575,49.95804069128911,0.1783257834327514,0.0,0.992114701314478,0.0065081518194206,17425340.3458742,17425340.3458742,10.0,0.7437796709917209
7.332329474366776,125.42681697843746,4.962704098360656,17865734.754098363,197.47863461585575,49.95804069128911,0.1783257834327514,0.0,0.992114701314478,0.0065081518194206,17425340.3458742,17425340.3458742,10.0,0.7489817586279515
7.3985549122656815,125.46578885722371,4.962704098360656,17865734.754098363,143.3128750250639,43.607751006256855,0.1379607186601254,0.0,0.992114701314478,0.0036539624121442,17403705.79965741,17403705.79965741,10.0,0.7463352844151858
7.567215836816975,125.4610904798597,4.962704098360656,17865734.754098363,57.6251297210752,44.809870530293495,0.1452753318097128,0.0,0.992114701314478,0.0015471314375513,17407626.227808192,17407626.227808192,10.0,0.7431832707245511
6.966548680568638,125.4228754431542,5.225479234972678,18811725.24590164,275.7084437077741,46.24084520273373,0.1541857663765032,0.0,0.992114701314478,0.0078562947626501,18334388.496741697,18334388.496741697,10.0,0.7879141668765718
7.281396055498411,125.33095741487864,4.962704098360656,17865734.754098363,195.62911899438225,40.87550767348427,0.1219333583529386,0.0125,0.992114701314478,0.0043532795620099,17372783.41417309,17372783.41417309,10.021857923497267,0.738987210160412
7.315030186695917,125.47685165753823,4.962704098360656,17865734.754098363,88.39126889323158,42.438497890511066,0.1309989499432221,0.0,0.992114701314478,0.002139935097912,17399974.48625794,17399974.48625794,10.0,0.7489727323454244
7.134616821468507,125.56029300125536,4.962704098360656,17865734.754098363,32.36726664964639,56.81597664696079,0.2263350627074595,0.0,0.992114701314478,0.0013538834596803,17451071.977351923,17451071.977351923,10.0,0.7526041893677634
7.413538011311552,125.53648150023712,4.962704098360656,17865734.754098363,118.15436312579176,52.87364106908126,0.198212573754684,0.025,0.992114701314478,0.0042199664581803,17391334.772619016,17391334.772619016,10.0,0.7495084729316379
7.217452432750594,125.41484333603076,4.962704098360656,17865734.754098363,37.42410011916514,31.814206577123308,0.0751189963208896,0.0,0.992114701314478,0.000519546665552,17370024.393373303,17370024.393373303,10.0,0.7449251229380979
7.225129400013683,125.30340485662032,4.962704098360656,17865734.754098363,59.55014023463298,41.46186718206346,0.1253017214165742,0.0,0.992114701314478,0.0013789967572833,17396920.931047224,17396920.931047224,10.049180327868852,0.7375046106875733
7.1506759749285616,125.50229041122776,4.962704098360656,17865734.754098363,52.39007315820133,57.25242684152242,0.2295305762405406,0.0,0.992114701314478,0.0022223526271298,17452784.683267478,17452784.683267478,10.0,0.7526488748519896
7.436997056873448,125.54481988656453,4.962704098360656,17865734.754098363,70.3073260113274,47.503476182270354,0.1622272624263735,0.0,0.992114701314478,0.0021078894940908,17416711.988687206,17416711.988687206,10.0,0.7464056628923079
7.493122214022184,125.37692214601388,4.962704098360656,17865734.754098363,166.89018722154665,37.24872294942579,0.1019922532122259,0.0,0.992114701314478,0.0031457297320873,17384427.707761284,17384427.707761284,10.0,0.743030781541782
7.232271141550219,125.6391285736314,4.962704098360656,17865734.754098363,59.08403877778916,39.68012883778146,0.1151894777798679,0.0,0.992114701314478,0.0012577849758928,17391501.05116976,17391501.05116976,10.0,0.7531578713545067
7.234930158865716,125.34944999930504,4.962704098360656,17865734.754098363,626.4591831032208,41.77822348083958,0.1271353619326516,0.0,0.992114701314478,0.0147191442853102,17397903.711100064,17397903.711100064,10.0,0.7449451395936165
7.152034466576828,125.40695873975736,4.962704098360656,17865734.754098363,1017.95695381149,79.54807699875303,0.4092947948248898,0.0,0.992114701314478,0.0769997036967677,17549133.278692648,17549133.278692648,10.0,0.7451632408303501
7.38228208622548,125.28372907068378,4.962704098360656,17865734.754098363,173.53170796352867,51.936756754608304,0.1917345456905353,0.0,0.992114701314478,0.006148973607624,17432527.067570552,17432527.067570552,10.057377049180328,0.7388350933673438
7.459913250292263,125.2831078994237,4.962704098360656,17865734.754098363,290.222593503994,30.292271410078605,0.068268200924855,0.0,0.992114701314478,0.0036616185173837,17366352.5585713,17366352.5585713,10.051912568306012,0.7396719824838366
7.431297018584277,125.31432215522054,4.962704098360656,17865734.754098363,49.43015931920385,51.18956797049052,0.1866271512082724,0.0,0.992114701314478,0.0017048660243848,17429789.646917414,17429789.646917414,10.040983606557377,0.7396173175820744
7.0376195083311295,125.6039531296982,4.962704098360656,17865734.754098363,22.98765503856812,47.81256226405448,0.1642209251772088,0.025,0.992114701314478,0.0006802228246805,17373116.199298825,17373116.199298825,10.0,0.7538501788922812
7.365600782837182,125.43967045983088,4.962704098360656,17865734.754098363,50.56741738497368,45.15910710596039,0.1474297689063393,0.0125,0.992114701314478,0.0013605561871649,17386448.77741695,17386448.77741695,10.0,0.7462771833871297
7.531883202750237,125.45998202808106,4.962704098360656,17865734.754098363,75.39725970040838,37.10818661482754,0.1012511338571112,0.0,0.992114701314478,0.0014108436119272,17384030.488506697,17384030.488506697,10.0,0.7431129280160177
7.459761810876502,125.34777509611848,4.962704098360656,17865734.754098363,36.708438962483136,45.90235580908394,0.1520583654628286,0.0,0.992114701314478,0.0010315722554633,17411261.744210433,17411261.744210433,10.0,0.742971378719529
7.031087781015557,125.5351910097039,4.962704098360656,17865734.754098363,348.07303945520357,46.94214126024653,0.1586317240857636,0.0125,0.992114701314478,0.0100767608870734,17392452.712215837,17392452.712215837,10.0,0.7527814142505187
7.110722443605155,125.35829553697144,4.962704098360656,17865734.754098363,42.04168088567761,47.510969023513375,0.1622754766242942,0.0,0.992114701314478,0.0012608295643269,17416737.830149345,17416737.830149345,10.0,0.7450851825617405
7.368912849536095,125.42982939306636,4.962704098360656,17865734.754098363,24.837755346736863,40.24146232586863,0.1183356297092377,0.025,0.992114701314478,0.0005296096694954,17348522.963760503,17348522.963760503,10.0,0.7462643468822635
7.115056820384134,125.4254612549493,4.962704098360656,17865734.754098363,63.60921862885479,51.39407703111467,0.1880198083521599,0.0,0.992114701314478,0.0022102789386066,17430536.072211497,17430536.072211497,10.0,0.7520635848148521
7.316351966113228,125.46665629634994,4.962704098360656,17865734.754098363,93.46712197838087,51.97822822587666,0.1920195667996294,0.0,0.992114701314478,0.0033168648402565,17432679.830916584,17432679.830916584,10.0,0.7489646251875187
7.398207034518,125.32401618252408,4.962704098360656,17865734.754098363,24.7779423895623,46.08917212245779,0.153231006417372,0.0,0.992114701314478,0.000701673882773,17411890.2469781,17411890.2469781,10.051912568306012,0.7388790811295552
7.1923126892518505,125.40343828684568,4.962704098360656,17865734.754098363,24.18220714654123,43.45208550657072,0.1370251176981341,0.0,0.992114701314478,0.0006123779432084,17403204.343698733,17403204.343698733,10.0,0.7448770718082526
7.3439058621778175,125.28940498564684,4.962704098360656,17865734.754098363,43.98844146969564,45.794396658722754,0.1513823944744192,0.025,0.992114701314478,0.0011998915088164,17366235.105773777,17366235.105773777,10.05464480874317,0.7387482960630108
7.177263655405671,125.50663139769269,4.962704098360656,17865734.754098363,239.82670457849136,35.73043082645703,0.0941132584705775,0.0,0.992114701314478,0.0041713033004063,17380204.78685579,17380204.78685579,10.0,0.7523628501946109
7.407695724618635,125.26989480711931,4.962704098360656,17865734.754098363,38.623501930066595,36.09662929315911,0.0959877275591359,0.0,0.992114701314478,0.0006851580696627,17381209.449882016,17381209.449882016,10.062841530054644,0.7388872938383796
7.1384338196072274,125.32551397285349,4.962704098360656,17865734.754098363,38.61756338142857,44.33959970983439,0.1423950718250483,0.0,0.992114701314478,0.0010162562884048,17406082.488980927,17406082.488980927,10.027322404371585,0.736470364209921
7.130762841755124,125.42962733992404,4.962704098360656,17865734.754098363,745.278045225251,37.39024899007816,0.1027410116794161,0.0,0.992114701314478,0.0141509496121156,17384829.021366376,17384829.021366376,10.0,0.7520972496343818
7.268600059415728,125.54947377930304,4.962704098360656,17865734.754098363,73.5435477574859,45.21110351706768,0.1477516565300582,0.0,0.992114701314478,0.0020081694417969,17408953.468626752,17408953.468626752,10.0,0.75061517542365
7.28514234546558,125.32352611930304,4.962704098360656,17865734.754098363,195.62911899438225,40.87550767348427,0.1219333583529386,0.0125,0.992114701314478,0.0043532795620099,17372783.41417309,17372783.41417309,10.027322404371585,0.7390107527800884
7.14360996566714,125.45683164934452,4.962704098360656,17865734.754098363,113.45791321400164,51.52858505987634,0.1889379433495296,0.0,0.992114701314478,0.0039616617654486,17431028.16690144,17431028.16690144,10.0,0.7521177450201643
7.526793426409435,125.30386608019884,4.962704098360656,17865734.754098363,90.52395806752692,43.6704163154196,0.1383381126481793,0.0125,0.992114701314478,0.0022854193721123,17381575.90384144,17381575.90384144,10.065573770491802,0.7389527695733343
7.0352578001406965,125.63937106684251,4.962704098360656,17865734.754098363,59.02467470723451,45.464621298912526,0.1493252275778709,0.0,0.992114701314478,0.0016288841843895,17409796.85871546,17409796.85871546,10.0,0.753846362695267
7.09698261576033,125.54491559954089,4.962704098360656,17865734.754098363,89.79343691833847,58.078380730385,0.2356206812965161,0.0,0.992114701314478,0.0039100419891474,17456048.809314117,17456048.809314117,10.0,0.7525459437825701
7.258661678046897,125.27542133009712,4.962704098360656,17865734.754098363,245.10145098971097,37.51361070634278,0.103395647183762,0.0,0.992114701314478,0.0046835111354883,17385179.887694813,17385179.887694813,10.040983606557377,0.7389492935512357
7.567581300191974,125.403386678858,4.962704098360656,17865734.754098363,20.60223821544115,51.83042104988083,0.1910044702640131,0.0,0.992114701314478,0.0007272460230216,17432135.767552927,17432135.767552927,10.005464480874316,0.7424930739725067
7.485557413514714,125.37297346817309,4.962704098360656,17865734.754098363,29.06669669094895,47.612885664193826,0.1629318530275516,0.0,0.992114701314478,0.0008752358425764,17417089.62955093,17417089.62955093,10.0,0.7430306487039995
7.221191112093988,125.65901837579275,4.962704098360656,17865734.754098363,1146.9283070701988,43.60245950159363,0.1379288710573208,0.0,0.992114701314478,0.0292357925835739,17403688.730232682,17403688.730232682,10.0,0.7531363633891092
7.060758619483998,125.40447933600822,4.962704098360656,17865734.754098363,18.035296290100035,60.37363007952008,0.2528290038571757,0.0,0.992114701314478,0.00084270116429,17465271.98910707,17465271.98910707,10.0,0.7442962391392918
7.527698673366782,125.34984825323642,4.962704098360656,17865734.754098363,13.275323515173165,51.695068531915304,0.1900767122599013,0.0125,0.992114701314478,0.0004605052101349,17409306.346757784,17409306.346757784,10.027322404371585,0.7424192501434672
7.177947458847927,125.44510690946142,4.962704098360656,17865734.754098363,125.46220052706444,46.38841930395879,0.1551170499057312,0.0,0.992114701314478,0.0035966307743846,17412901.113559034,17412901.113559034,10.0,0.7527190990683872
7.2712322646823235,125.32123996028636,4.962704098360656,17865734.754098363,195.62911899438225,40.87550767348427,0.1219333583529386,0.0125,0.992114701314478,0.0043532795620099,17372783.41417309,17372783.41417309,10.024590163934427,0.738972763411068
7.142440338672117,125.56130653167168,4.962704098360656,17865734.754098363,112.71069997732464,51.766343531863825,0.1905650431526409,0.0125,0.992114701314478,0.0039198451209365,17409568.07846384,17409568.07846384,10.0,0.7526333839015462
7.119196655635969,125.5953089951442,4.962704098360656,17865734.754098363,70.49938330691332,46.276566615885095,0.1544109802962756,0.0,0.992114701314478,0.0020118097895434,17412522.67998822,17412522.67998822,10.0,0.7538161573697661
7.056073723912063,125.52023471268151,4.962704098360656,17865734.754098363,28.016842242462587,44.70848062540249,0.1446523233821874,0.0,0.992114701314478,0.000748976199624,17407292.31270872,17407292.31270872,10.0,0.7528329505955766
7.426742645156395,125.39207000575892,4.962704098360656,17865734.754098363,48.59890258355836,48.7941906678642,0.1706171272175059,0.0,0.992114701314478,0.0015324012821354,17421208.72165664,17421208.72165664,10.0,0.7429063530721828
7.078241077765866,125.52054177372824,4.962704098360656,17865734.754098363,193.13379892266877,50.4848415979524,0.1818588289399303,0.025,0.992114701314478,0.0063287903298192,17382569.622606117,17382569.622606117,10.0,0.7528751794443238
7.476313543698066,125.47250304500314,4.962704098360656,17865734.754098363,62.94705107650544,42.91841622348439,0.1338379694470637,0.025,0.992114701314478,0.0015180384187169,17356831.784455217,17356831.784455217,10.0,0.745260218620614
7.464891574887432,125.50304232317583,4.962704098360656,17865734.754098363,30.46500698527457,43.586331122916874,0.1378318193840923,0.0125,0.992114701314478,0.0007663220008258,17381304.544806518,17381304.544806518,10.0,0.7452273835493817
7.405158205870951,125.53201662074233,4.962704098360656,17865734.754098363,46.88502170962301,43.097903270030336,0.1349063597863586,0.0,0.992114701314478,0.0011689339281304,17402068.748692933,17402068.748692933,10.0,0.7494918500484095
7.438084918868625,125.3268508748078,4.962704098360656,17865734.754098363,30.526032237199,46.13409177346595,0.1535135161122986,0.0,0.992114701314478,0.0008660448759024,17412041.66427635,17412041.66427635,10.03825136612022,0.7396356930462543
7.109955912798181,125.32683938347424,4.962704098360656,17865734.754098363,45.49366738038527,47.351547195752495,0.161250891924587,0.0125,0.992114701314478,0.0013387935050537,17393856.512952384,17393856.512952384,10.021857923497267,0.7364229148812702
7.114049501053015,125.62941378939956,4.962704098360656,17865734.754098363,36.05146310809134,39.407433485141,0.1136743910874741,0.0875,0.992114701314478,0.000691101480555,17234363.827962123,17234363.827962123,10.0,0.7537996755193345
7.420428728851365,125.39068194592512,4.962704098360656,17865734.754098363,48.59890258355836,48.7941906678642,0.1706171272175059,0.0,0.992114701314478,0.0015324012821354,17421208.72165664,17421208.72165664,10.0,0.7428899307744641
7.059540214509394,125.293728300058,4.962704098360656,17865734.754098363,21.97482359879272,31.692078124261815,0.0745581227595195,0.0125,0.992114701314478,0.0002990066762903,17347391.61238234,17347391.61238234,10.03825136612022,0.7363308052792815
7.114511285510538,125.45085076705888,4.962704098360656,17865734.754098363,246.4486270841145,29.210352287247655,0.0635830420960779,0.0,0.992114701314478,0.0028959504364406,17363841.44442383,17363841.44442383,10.0,0.7520617762650037
7.162940263746407,125.39526061301756,4.962704098360656,17865734.754098363,109.94008691454457,43.927243939972776,0.1398893399373922,0.0,0.992114701314478,0.0028422620467397,17404739.48674283,17404739.48674283,10.0,0.7451796666349926
7.0022005748967615,125.51813742926124,4.962704098360656,17865734.754098363,133.83919514728333,48.54032959421556,0.1689536469957047,0.0875,0.992114701314478,0.0038133544894409,17263991.963665936,17263991.963665936,10.0,0.7527308608769333
7.523170470537359,125.36964599447111,4.962704098360656,17865734.754098363,25.99833176436132,49.2553251599909,0.1736553298196655,0.025,0.992114701314478,0.0008135076350872,17378172.776425976,17378172.776425976,10.01639344262295,0.7424013891677809
7.22382201271502,125.49680082313108,4.962704098360656,17865734.754098363,55.08962333968588,43.06409024084748,0.1347048146982222,0.0125,0.992114701314478,0.0013542955301008,17379628.557717744,17379628.557717744,10.0,0.752805868841389
7.091505114389586,125.440656101136,4.962704098360656,17865734.754098363,82.32573373206071,28.82714785155074,0.0619608412746219,0.0,0.992114701314478,0.0009427061379674,17362971.99013601,17362971.99013601,10.0,0.7520102563517725
7.101673965073368,125.65434876025682,4.962704098360656,17865734.754098363,872.6531629549972,51.21206090469736,0.1867801275526716,0.0,0.992114701314478,0.0301228288133153,17429871.637961194,17429871.637961194,10.0,0.7537779801619211
7.06054773273871,125.36662387820223,4.962704098360656,17865734.754098363,36.99745728818641,45.05109117980932,0.1467620167768295,0.0,0.992114701314478,0.0010034805693411,17408423.04938675,17408423.04938675,10.0,0.7442958339541937
7.172394844686499,125.3649265009728,4.962704098360656,17865734.754098363,109.99659431299222,51.05667097478036,0.1857242939611924,0.0,0.992114701314478,0.0037754730437839,17429305.740674496,17429305.740674496,10.0,0.7448390830227931
7.079401012005471,125.52123113094996,4.962704098360656,17865734.754098363,111.17721551728386,31.250293245248525,0.0725453922345611,0.025,0.992114701314478,0.0014532946023478,17323980.676649008,17323980.676649008,10.0,0.7528751794443238
7.023181497105737,125.6585370714794,4.962704098360656,17865734.754098363,69.88507999453897,49.42218415462153,0.174759905568521,0.0625,0.992114701314478,0.0021160258230453,17311768.292818453,17311768.292818453,10.0,0.7538182934910254
7.187045892633292,125.55512178885212,4.962704098360656,17865734.754098363,17.49362853590059,48.268855058777945,0.1671819423713549,0.0,0.992114701314478,0.0005404962510829,17419367.55861786,17419367.55861786,10.0,0.7523842554954764
7.101420438262783,125.50319518815378,4.962704098360656,17865734.754098363,675.4934198650843,55.15202363214593,0.2142995234052704,0.0,0.992114701314478,0.0267525846518754,17444621.26476806,17444621.26476806,10.0,0.7525596450245434
7.262260781144692,125.29835217962548,4.962704098360656,17865734.754098363,149.21146837072516,51.56986205003762,0.1892200389262822,0.0125,0.992114701314478,0.0051526406446376,17408847.193801302,17408847.193801302,10.032786885245901,0.7389559333268108
7.355853481715933,125.38698183078496,4.962704098360656,17865734.754098363,49.797903775064064,45.1751714169679,0.1475291852259068,0.0,0.992114701314478,0.0013577269061239,17408834.23022744,17408834.23022744,10.0,0.7438318368997545
7.386837126319279,125.32221697247353,4.962704098360656,17865734.754098363,33.45791203407133,44.63520468072129,0.1442027588094497,0.0,0.992114701314478,0.0008916528932097,17407051.358666375,17407051.358666375,10.051912568306012,0.7388464874998496
7.064453922323851,125.58538072560488,4.962704098360656,17865734.754098363,143.2443629634338,38.232566562858466,0.1072473666076129,0.0125,0.992114701314478,0.0028036558373282,17364912.133179404,17364912.133179404,10.0,0.7539011615240198
7.217887810682054,125.55421625762696,4.962704098360656,17865734.754098363,78.16373084631066,46.834922125627365,0.1579486660018914,0.0,0.992114701314478,0.0022816270753528,17414418.780622017,17414418.780622017,10.0,0.7524417873628678
7.301644887669843,125.33027254737269,4.962704098360656,17865734.754098363,74.57547401262664,46.3288364776733,0.1547407698068734,0.0,0.992114701314478,0.0021326726255488,17412699.43794585,17412699.43794585,10.024590163934427,0.7390292620433487
7.427956459770956,125.3156063771998,4.962704098360656,17865734.754098363,49.43015931920385,51.18956797049052,0.1866271512082724,0.0,0.992114701314478,0.0017048660243848,17429789.646917414,17429789.646917414,10.03825136612022,0.7396205804205302
7.145409745224349,125.31205768499768,4.962704098360656,17865734.754098363,38.61756338142857,44.33959970983439,0.1423950718250483,0.0,0.992114701314478,0.0010162562884048,17406082.488980927,17406082.488980927,10.032786885245901,0.7364898986229585
7.272368831873648,125.46053219139118,4.962704098360656,17865734.754098363,269.653502765591,48.61345541757891,0.1694321549992657,0.0125,0.992114701314478,0.0083380102367141,17398241.441233754,17398241.441233754,10.0,0.7488823267117944
7.240366844604518,125.50576090296332,4.962704098360656,17865734.754098363,74.57875061072244,43.000707790890104,0.1343273616771608,0.0,0.992114701314478,0.0018514117144636,17401758.42189367,17401758.42189367,10.0,0.7524852839160582
7.351935600522546,125.52214342046584,4.962704098360656,17865734.754098363,26.324371766319633,48.84771827150563,0.1709687050993307,0.0125,0.992114701314478,0.0008213630489506,17399064.98912948,17399064.98912948,10.0,0.7493908588871002
7.1654447012290765,125.4261635841825,4.962704098360656,17865734.754098363,85.66904459359169,50.11872811920079,0.1794005819639862,0.0,0.992114701314478,0.0028403456250989,17425916.407838397,17425916.407838397,10.0,0.7526980082168867
6.972794780555294,125.5015181056274,5.225479234972678,18811725.24590164,330.35538115122387,48.55735912538396,0.1690650337318815,0.0,0.992114701314478,0.0103218751064007,18342785.63742219,18342785.63742219,10.0,0.7986222553730133
7.084938619474429,125.51254170708128,4.962704098360656,17865734.754098363,49.2403830689623,45.193541518572125,0.1476429052234738,0.0125,0.992114701314478,0.0013267665952806,17386563.012524202,17386563.012524202,10.0,0.7525226601478814
7.0796929288241275,125.64718675978597,4.962704098360656,17865734.754098363,62.39712802833182,44.03031963812905,0.1405139489756264,0.0125,0.992114701314478,0.0016000905608428,17382742.09128227,17382742.09128227,10.0,0.7539256271067702
7.05413074372954,125.3330529982933,4.962704098360656,17865734.754098363,21.97482359879272,31.692078124261815,0.0745581227595195,0.0125,0.992114701314478,0.0002990066762903,17347391.61238234,17347391.61238234,10.021857923497267,0.7363205893903569
7.21471214002528,125.36925806676382,4.962704098360656,17865734.754098363,117.4263139327984,49.46332515011844,0.1750326756309024,0.0,0.992114701314478,0.003798463687503,17423575.33215907,17423575.33215907,10.0,0.7449062652141786
7.49577704264128,125.32773391162613,4.962704098360656,17865734.754098363,166.89018722154665,37.24872294942579,0.1019922532122259,0.0,0.992114701314478,0.0031457297320873,17384427.707761284,17384427.707761284,10.043715846994536,0.7397508322810394
7.230131964677112,125.32575369184887,4.962704098360656,17865734.754098363,299.9972938276951,43.67373670338749,0.1383581213423301,0.0,0.992114701314478,0.0076708839496767,17403918.796384733,17403918.796384733,10.040983606557377,0.7375114199225272
7.03434541207967,125.48548076697564,4.962704098360656,17865734.754098363,251.96543187960648,40.17788850745053,0.1179774671422532,0.0,0.992114701314478,0.0054936811462558,17392995.33552313,17392995.33552313,10.0,0.7487702103944857
7.134641109466604,125.60934096473112,4.962704098360656,17865734.754098363,677.4198494120149,56.85070635739637,0.2265887606532438,0.0,0.992114701314478,0.0283674109965731,17451207.952358134,17451207.952358134,10.0,0.7538380051287282
7.313243194175505,125.48102326305592,4.962704098360656,17865734.754098363,88.39126889323158,42.438497890511066,0.1309989499432221,0.0,0.992114701314478,0.002139935097912,17399974.48625794,17399974.48625794,10.0,0.7489507683737363
6.992252525716206,125.506620003193,5.225479234972678,18811725.24590164,32.85513668129037,46.607209325593494,0.1565019584796703,0.0875,0.992114701314478,0.0008671202870283,18171093.047923904,18171093.047923904,10.0,0.7986697599577147
7.060917650284804,125.29846206285946,4.962704098360656,17865734.754098363,21.97482359879272,31.692078124261815,0.0745581227595195,0.0125,0.992114701314478,0.0002990066762903,17347391.61238234,17347391.61238234,10.03551912568306,0.736333284761487
7.050343661142914,125.36245660893888,4.962704098360656,17865734.754098363,37.64164548447054,42.97728230925873,0.1341879722741537,0.0,0.992114701314478,0.000933481272049,17401683.713070624,17401683.713070624,10.0,0.7442768042847364
7.188428406174266,125.51666023741856,4.962704098360656,17865734.754098363,348.5537784012911,40.72782164863393,0.1210911993512737,0.0,0.992114701314478,0.0078002010109445,17394664.208935376,17394664.208935376,10.0,0.7523792223221183
7.283065689901273,125.3500804122306,4.962704098360656,17865734.754098363,97.53500742968475,38.77877199346353,0.1102149663618526,0.0,0.992114701314478,0.0019866644148867,17388834.852123994,17388834.852123994,10.0,0.7436480383102955
7.179436698113021,125.35875010510593,4.962704098360656,17865734.754098363,109.99659431299222,51.05667097478036,0.1857242939611924,0.0,0.992114701314478,0.0037754730437839,17429305.740674496,17429305.740674496,10.0,0.7448552125862894
7.284726363176069,125.4347325059024,4.962704098360656,17865734.754098363,309.8529190324687,23.524132856241224,0.041553979593464,0.0,0.992114701314478,0.002379532456963,17352034.48279723,17352034.48279723,10.0,0.7489027986035596
7.053330178637965,125.45162663982052,4.962704098360656,17865734.754098363,97.71011264804572,35.3453275641404,0.0921599086192054,0.0,0.992114701314478,0.0016641978951081,17379157.84594599,17379157.84594599,10.0,0.748796118212139
7.4221634810933965,125.38545257200492,4.962704098360656,17865734.754098363,48.59890258355836,48.7941906678642,0.1706171272175059,0.0,0.992114701314478,0.0015324012821354,17421208.72165664,17421208.72165664,10.0,0.7428899307744641
7.333846382168979,125.30126456285672,4.962704098360656,17865734.754098363,80.20288985798338,49.74769741627148,0.1769226741730934,0.0,0.992114701314478,0.0026223878919752,17424588.31853828,17424588.31853828,10.051912568306012,0.7387448119902413
6.989714962246298,125.41744291098568,5.225479234972678,18811725.24590164,79.05302884012234,37.959692169088115,0.1057781604475094,0.0,0.992114701314478,0.0015453894503075,18307069.57926525,18307069.57926525,10.0,0.787959645314757
7.224879806364957,125.66509722519363,4.962704098360656,17865734.754098363,1146.9283070701988,43.60245950159363,0.1379288710573208,0.0,0.992114701314478,0.0292357925835739,17403688.730232682,17403688.730232682,10.0,0.7534889051094463
7.144894668860761,125.66715235989396,4.962704098360656,17865734.754098363,36.71358096666031,32.53070413605486,0.0784483039154542,0.0,0.992114701314478,0.0005322721265411,17371808.809165284,17371808.809165284,10.0,0.7538748168152504
7.449155996303861,125.41529890894378,4.962704098360656,17865734.754098363,228.46982380909847,38.31514962299382,0.1076937665843656,0.0,0.992114701314478,0.0045471871856914,17387483.559529394,17387483.559529394,10.0,0.7429511352610382
7.192890333133312,125.38241576921024,4.962704098360656,17865734.754098363,513.6116033893229,30.077977999491825,0.0673279422347474,0.0,0.992114701314478,0.0063907758707022,17365848.60620057,17365848.60620057,10.0,0.7448781561359923
7.374192664949109,125.54822062009328,4.962704098360656,17865734.754098363,44.39033633626069,54.10477396996509,0.206847569589741,0.0,0.992114701314478,0.0016969235502799,17440627.22586002,17440627.22586002,10.0,0.7494302400092556
7.147548701767796,125.48773109294748,4.962704098360656,17865734.754098363,733.1355992842255,72.9281766235751,0.3532148726371422,0.0,0.992114701314478,0.047857136480178,17519076.008247547,17519076.008247547,10.0,0.7521373051252873
7.143343291690447,125.29658556027417,4.962704098360656,17865734.754098363,38.61756338142857,44.33959970983439,0.1423950718250483,0.0,0.992114701314478,0.0010162562884048,17406082.488980927,17406082.488980927,10.03825136612022,0.7364849406331652
7.499704683952754,125.46218401456731,4.962704098360656,17865734.754098363,16.810209271145602,45.76571781839095,0.1512030339320315,0.0125,0.992114701314478,0.0004638677170399,17388471.141980127,17388471.141980127,10.0,0.7453076897944462
7.353852648507852,125.29996532106196,4.962704098360656,17865734.754098363,43.98844146969564,45.794396658722754,0.1513823944744192,0.025,0.992114701314478,0.0011998915088164,17366235.105773777,17366235.105773777,10.051912568306012,0.7387843696439415
7.454247013981091,125.50605737339176,4.962704098360656,17865734.754098363,30.46500698527457,43.586331122916874,0.1378318193840923,0.0125,0.992114701314478,0.0007663220008258,17381304.544806518,17381304.544806518,10.0,0.7464284865861164
7.155524145090111,125.51620678600035,4.962704098360656,17865734.754098363,721.0095413973379,54.36118231203709,0.208663145296425,0.0,0.992114701314478,0.0278041856943791,17441600.323680066,17441600.323680066,10.0,0.7526583280977986
7.316273066196903,125.42461257576586,4.962704098360656,17865734.754098363,107.79388560233394,52.91406979170906,0.1984939442458783,0.0,0.992114701314478,0.0039542562307034,17436149.91622116,17436149.91622116,10.0,0.748964392881535
6.983402289678333,125.48259541803016,5.225479234972678,18811725.24590164,330.35538115122387,48.55735912538396,0.1690650337318815,0.0,0.992114701314478,0.0103218751064007,18342785.63742219,18342785.63742219,10.0,0.7879337826875015
7.095102616408003,125.42836861000748,4.962704098360656,17865734.754098363,33.947126304981694,27.434282965470665,0.0562300673026493,0.0,0.992114701314478,0.0003527727564282,17359900.45550444,17359900.45550444,10.0,0.7520411216030752
7.070007383643551,125.361303470643,4.962704098360656,17865734.754098363,36.99745728818641,45.05109117980932,0.1467620167768295,0.0,0.992114701314478,0.0010034805693411,17408423.04938675,17408423.04938675,10.0,0.7443069608930605
7.26655006436687,125.3228668176048,4.962704098360656,17865734.754098363,195.62911899438225,40.87550767348427,0.1219333583529386,0.0125,0.992114701314478,0.0043532795620099,17372783.41417309,17372783.41417309,10.024590163934427,0.738972763411068
7.503660690426027,125.326649343259,4.962704098360656,17865734.754098363,166.89018722154665,37.24872294942579,0.1019922532122259,0.0,0.992114701314478,0.0031457297320873,17384427.707761284,17384427.707761284,10.043715846994536,0.7397508322810394
7.3218982833812705,125.5156556669472,4.962704098360656,17865734.754098363,38.99859616707268,49.10411385156885,0.1726567292209938,0.0,0.992114701314478,0.0012443882520766,17422301.891308587,17422301.891308587,10.0,0.7507074362407334
7.4985764818320755,125.37642598111162,4.962704098360656,17865734.754098363,166.89018722154665,37.24872294942579,0.1019922532122259,0.0,0.992114701314478,0.0031457297320873,17384427.707761284,17384427.707761284,10.0,0.742364950967495
7.136016769677612,125.6464953799372,4.962704098360656,17865734.754098363,109.37636740353948,45.60850057998891,0.1502213342873738,0.0,0.992114701314478,0.0030365366662534,17410277.14685896,17410277.14685896,10.0,0.7538557411364187
7.013349570010589,125.53337835143772,4.962704098360656,17865734.754098363,230.24811737393017,48.34319548277506,0.1676663637012117,0.0,0.992114701314478,0.0071345313789307,17419627.194907513,17419627.194907513,10.0,0.7527520398902169
7.097385026572769,125.44489208652082,4.962704098360656,17865734.754098363,111.93800138101984,44.54642393287033,0.1436588484891315,0.0,0.992114701314478,0.0029718942271962,17406759.837940995,17406759.837940995,10.0,0.7520391926645106
7.339159518580747,125.3733439944501,4.962704098360656,17865734.754098363,81.30777061390162,46.11243921382981,0.1533773117424826,0.0,0.992114701314478,0.0023047116323095,17411968.66254205,17411968.66254205,10.0,0.7437971348520531
7.152234298540278,125.43592166728632,4.962704098360656,17865734.754098363,648.2735744250513,51.160351868869,0.1864285221447856,0.0,0.992114701314478,0.0223354185169314,17429683.18729253,17429683.18729253,10.0,0.7521342076093817
7.225856967177256,125.2778557275272,4.962704098360656,17865734.754098363,147.36915610097228,45.864615772829254,0.1518219209882921,0.0,0.992114701314478,0.004134895114357,17411135.016582448,17411135.016582448,10.05464480874317,0.7375110338556202
7.432673806269926,125.52878064677596,4.962704098360656,17865734.754098363,24.421011442066508,50.366725024912185,0.1810643180694698,0.0,0.992114701314478,0.0008171841591315,17426808.123877235,17426808.123877235,10.0,0.7463783582171725
7.440982648928422,125.39330506478775,4.962704098360656,17865734.754098363,48.59890258355836,48.7941906678642,0.1706171272175059,0.0,0.992114701314478,0.0015324012821354,17421208.72165664,17421208.72165664,10.0,0.7429342386890535
7.171749971909188,125.277134744152,4.962704098360656,17865734.754098363,28.83854245371696,44.88403266075533,0.1457317378148104,0.0125,0.992114701314478,0.0007669869483027,17385538.680224385,17385538.680224385,10.049180327868852,0.7374051574777346
6.986647286269328,125.61912012835217,5.225479234972678,18811725.24590164,93.6977182187686,39.5763290836109,0.1146117402774239,0.025,0.992114701314478,0.0019350231111334,18265025.512451444,18265025.512451444,10.0,0.7953357811003554
6.987711019278928,125.30123078640806,5.225479234972678,18811725.24590164,41.97783797054488,46.96671063387074,0.1587884159786914,0.0,0.992114701314478,0.0012318626912616,18336986.01013328,18336986.01013328,10.049180327868852,0.7722876047092327
7.299394436825128,125.45941257078992,4.962704098360656,17865734.754098363,364.5650717092,24.035000665052333,0.0433515893967748,0.0125,0.992114701314478,0.0028843011640726,17330665.78295273,17330665.78295273,10.0,0.7489353870253648
7.206242782576377,125.5331185773026,4.962704098360656,17865734.754098363,272.637547772646,45.64450837912983,0.1504459428011139,0.0125,0.992114701314478,0.0074856009289185,17388065.36230024,17388065.36230024,10.0,0.7524230154084378
7.518860412983443,125.24363023598252,4.962704098360656,17865734.754098363,173.94691879676287,27.71344592920365,0.0573577428870535,0.0,0.992114701314478,0.0018438781251424,17360504.85809083,17360504.85809083,10.043715846994536,0.7418671550407558
7.39897340578966,125.50939023184266,4.962704098360656,17865734.754098363,14.101110064844702,60.76470738746149,0.2558013688181382,0.0,0.992114701314478,0.000666621912896,17466865.09362662,17466865.09362662,10.0,0.7494753316751963
7.394631748331057,125.27629967715276,4.962704098360656,17865734.754098363,63.70412972015328,48.88221261255955,0.1711954216405845,0.0,0.992114701314478,0.0020155016218877,17421518.67129981,17421518.67129981,10.060109289617486,0.7388619726295889
7.179994642923563,125.43008090221706,4.962704098360656,17865734.754098363,154.49319768793535,43.73422795163601,0.1387228548132348,0.0,0.992114701314478,0.0039607807162254,17404114.28332815,17404114.28332815,10.0,0.7527229632787623
7.068040759197525,125.3409960298078,4.962704098360656,17865734.754098363,21.97482359879272,31.692078124261815,0.0745581227595195,0.0125,0.992114701314478,0.0002990066762903,17347391.61238234,17347391.61238234,10.0,0.7443071256338657
7.254483893899882,125.299234960717,4.962704098360656,17865734.754098363,359.0068693872487,36.981890642996206,0.10058715771682,0.0,0.992114701314478,0.0066737312555986,17383674.615858532,17383674.615858532,10.030054644808743,0.7389411982563386
7.1154229953304045,125.43398316133016,4.962704098360656,17865734.754098363,26.33768217170764,50.322639211524766,0.1807681221246383,0.0,0.992114701314478,0.0008798787272872,17426649.37113167,17426649.37113167,10.0,0.7520635848148521
7.247698649927947,125.41170793344654,4.962704098360656,17865734.754098363,59.27070093628309,45.71946843534763,0.1509139694488212,0.0,0.992114701314478,0.0016530763954697,17410648.379941236,17410648.379941236,10.0,0.7449831442379141
6.980806934873344,125.3974975082878,5.225479234972678,18811725.24590164,34.23246179952801,42.65626515716841,0.1322839840960263,0.0,0.992114701314478,0.0008368908460458,18322028.187422022,18322028.187422022,10.0,0.7813626051042669
7.035896459886471,125.35804214693896,4.962704098360656,17865734.754098363,22.1380307270586,45.533263759349815,0.1497524699964524,0.0,0.992114701314478,0.0006126838026448,17410025.848707244,17410025.848707244,10.0,0.7442587897712944
7.320536572252783,125.26668915596404,4.962704098360656,17865734.754098363,69.58041270400645,41.95731767718502,0.1281784569448578,0.0,0.992114701314478,0.0016482590098634,17398462.780864406,17398462.780864406,10.049180327868852,0.7390707430148608
7.243509380550534,125.44804763086027,4.962704098360656,17865734.754098363,63.94083131623563,42.40407200608602,0.1307962919256427,0.0125,0.992114701314478,0.0015262800708841,17377533.698783685,17377533.698783685,10.0,0.7528464646457957
7.1094416048082625,125.31014310541052,4.962704098360656,17865734.754098363,64.61935644368404,38.36247948481963,0.1079499740317596,0.0125,0.992114701314478,0.0012730506820871,17365288.711115684,17365288.711115684,10.027322404371585,0.7364220966850521
7.219308702615429,125.41228400730178,4.962704098360656,17865734.754098363,37.42410011916514,31.814206577123308,0.0751189963208896,0.0,0.992114701314478,0.000519546665552,17370024.393373303,17370024.393373303,10.0,0.7449251229380979
7.323113336905229,125.4274718130267,4.962704098360656,17865734.754098363,107.79388560233394,52.91406979170906,0.1984939442458783,0.0,0.992114701314478,0.0039542562307034,17436149.91622116,17436149.91622116,10.0,0.7489777937032175
7.146715556924279,125.28411659937322,4.962704098360656,17865734.754098363,28.83854245371696,44.88403266075533,0.1457317378148104,0.0125,0.992114701314478,0.0007669869483027,17385538.680224385,17385538.680224385,10.043715846994536,0.7364957401214112
7.1259449090035405,125.3643230953513,4.962704098360656,17865734.754098363,118.69772763630036,47.06578574057252,0.1594209066806764,0.025,0.992114701314478,0.0034096964252706,17370543.52358061,17370543.52358061,10.0,0.745109664822077
7.380429551275828,125.43857430914058,4.962704098360656,17865734.754098363,44.80700399409231,49.560103846939775,0.1756749911679109,0.0125,0.992114701314478,0.0014365355221414,17401587.426886823,17401587.426886823,10.0,0.7462978810251641
7.087072719967847,125.46189671071797,4.962704098360656,17865734.754098363,66.19285100900325,42.04423525081084,0.1286859993764436,0.0125,0.992114701314478,0.0015545436101747,17376402.640975557,17376402.640975557,10.0,0.7520093407794389
7.490083849332729,125.26696191401766,4.962704098360656,17865734.754098363,129.73503302808535,45.32021839171536,0.1484280830616766,0.0,0.992114701314478,0.0035587441338498,17409316.014336586,17409316.014336586,10.057377049180328,0.739732572576952
6.996574338428175,125.44746777616268,5.225479234972678,18811725.24590164,32.61622265509294,62.02394185429844,0.2654487151841732,0.0,0.992114701314478,0.0016000653103266,18397179.93743226,18397179.93743226,10.0,0.7879733034390386
7.478497419108027,125.34138779072352,4.962704098360656,17865734.754098363,36.708438962483136,45.90235580908394,0.1520583654628286,0.0,0.992114701314478,0.0010315722554633,17411261.744210433,17411261.744210433,10.0,0.7430083013930171
7.230922755335823,125.5063548663612,4.962704098360656,17865734.754098363,47.55204299446869,31.562907729229273,0.0739670125929057,0.0125,0.992114701314478,0.0006419006009417,17347074.793858927,17347074.793858927,10.0,0.752459780794318
7.082229083101917,125.42220726875112,4.962704098360656,17865734.754098363,33.947126304981694,27.434282965470665,0.0562300673026493,0.0,0.992114701314478,0.0003527727564282,17359900.45550444,17359900.45550444,10.0,0.7488552143059439
7.336261178378448,125.52971684386148,4.962704098360656,17865734.754098363,56.91797108379447,44.13000228344526,0.1411191037486092,0.0,0.992114701314478,0.0014844262964096,17405398.605764676,17405398.605764676,10.0,0.7493559188193448
6.988519221183867,125.39431033463146,5.225479234972678,18811725.24590164,34.23246179952801,42.65626515716841,0.1322839840960263,0.0,0.992114701314478,0.0008368908460458,18322028.187422022,18322028.187422022,10.0,0.7813844226464168
7.521254965126219,125.3748445765202,4.962704098360656,17865734.754098363,25.99833176436132,49.2553251599909,0.1736553298196655,0.025,0.992114701314478,0.0008135076350872,17378172.776425976,17378172.776425976,10.01639344262295,0.7424013891677809
7.274764812596707,125.65736667927511,4.962704098360656,17865734.754098363,102.44314763482984,44.91768456914204,0.1459390330335852,0.0,0.992114701314478,0.0027629803565465,17407981.95310884,17407981.95310884,10.0,0.7509667792973909
7.447600047352432,125.40074046417716,4.962704098360656,17865734.754098363,228.46982380909847,38.31514962299382,0.1076937665843656,0.0,0.992114701314478,0.0045471871856914,17387483.559529394,17387483.559529394,10.0,0.7429471749441479
7.423705128491676,125.49448527148893,4.962704098360656,17865734.754098363,17.95251269315846,46.680843723744594,0.1569691808985702,0.0,0.992114701314478,0.0005207904999854,17413893.80399047,17413893.80399047,10.0,0.7451574372823171
7.431311702204588,125.3028587438824,4.962704098360656,17865734.754098363,10.185925843251336,48.272103656656135,0.1672030993698453,0.0,0.992114701314478,0.0003147518217936,17419378.898177557,17419378.898177557,10.043715846994536,0.7396174422074434
7.029149071984427,125.31337996850768,4.962704098360656,17865734.754098363,21.97482359879272,31.692078124261815,0.0745581227595195,0.0125,0.992114701314478,0.0002990066762903,17347391.61238234,17347391.61238234,10.027322404371585,0.7362751866460294
7.351449507547219,125.36489300555542,4.962704098360656,17865734.754098363,49.797903775064064,45.1751714169679,0.1475291852259068,0.0,0.992114701314478,0.0013577269061239,17408834.23022744,17408834.23022744,10.0,0.7438096835558962
7.247455859943777,125.3768686267314,4.962704098360656,17865734.754098363,83.72664813092938,45.7528612939173,0.1511226562154856,0.0,0.992114701314478,0.0023383886940079,17410760.230213832,17410760.230213832,10.0,0.7435980052873533
7.016334533429083,125.34338757017952,4.962704098360656,17865734.754098363,117.77483059241216,39.51278416598888,0.1142586806366703,0.0,0.992114701314478,0.0024869388802473,17391002.169923652,17391002.169923652,10.0,0.7442135669259587
7.354638230230864,125.48330118283992,4.962704098360656,17865734.754098363,142.90148076243838,44.2607436118932,0.1419144564170746,0.0,0.992114701314478,0.003747889569233,17405824.892558996,17405824.892558996,10.0,0.7462400086750974
7.174110106995602,125.56576501267004,4.962704098360656,17865734.754098363,77.1495847876557,46.77164177560181,0.1575460895016154,0.0,0.992114701314478,0.0022462838769538,17414203.010872852,17414203.010872852,10.0,0.752357081783052
7.139241092062761,125.30580750484684,4.962704098360656,17865734.754098363,38.61756338142857,44.33959970983439,0.1423950718250483,0.0,0.992114701314478,0.0010162562884048,17406082.488980927,17406082.488980927,10.03551912568306,0.7364823916334702
7.119198799314601,125.4216223827002,4.962704098360656,17865734.754098363,193.86794878164696,43.03041018543846,0.1345041886839669,0.0,0.992114701314478,0.0048190922889868,17401853.1962257,17401853.1962257,10.0,0.752078567297153
7.370778777535358,125.38399496087033,4.962704098360656,17865734.754098363,11.564326124135269,46.39731794312292,0.1551732790056637,0.0,0.992114701314478,0.0003316352506741,17412931.25078458,17412931.25078458,10.0,0.7438470847445035
7.213483372406029,125.38306835055688,4.962704098360656,17865734.754098363,570.2738523059575,41.93941791414868,0.1280740401164511,0.0,0.992114701314478,0.0134979553663658,17398406.8163636,17398406.8163636,10.0,0.7449191412818079
7.169366576163,125.41273558290146,4.962704098360656,17865734.754098363,2258.8988041083144,45.21105476178019,0.1477513545709265,0.0,0.992114701314478,0.0616810368568543,17408953.3067851,17408953.3067851,10.0,0.7448347493328811
7.55462657124696,125.50644456608444,4.962704098360656,17865734.754098363,19.10587699420732,45.306861619200575,0.1483452130240017,0.0,0.992114701314478,0.0005237981170445,17409271.598313224,17409271.598313224,10.0,0.7459227807481831
7.179540970985489,125.4275468594887,4.962704098360656,17865734.754098363,154.49319768793535,43.73422795163601,0.1387228548132348,0.0,0.992114701314478,0.0039607807162254,17404114.28332815,17404114.28332815,10.0,0.7527229632787623
7.060679979981314,125.33593693661209,4.962704098360656,17865734.754098363,21.97482359879272,31.692078124261815,0.0745581227595195,0.0125,0.992114701314478,0.0002990066762903,17347391.61238234,17347391.61238234,10.0,0.7442872307354458
7.460029486617162,125.38919865029048,4.962704098360656,17865734.754098363,228.46982380909847,38.31514962299382,0.1076937665843656,0.0,0.992114701314478,0.0045471871856914,17387483.559529394,17387483.559529394,10.0,0.7429807898560746
7.136229199951066,125.61538802808282,4.962704098360656,17865734.754098363,215.30531507569629,40.18374013936508,0.1180104144554138,0.0,0.992114701314478,0.004695680135719,17393012.99436186,17393012.99436186,10.0,0.7538536235172573
6.983712742386346,125.38050522997612,5.225479234972678,18811725.24590164,18.400992238608502,45.02512391872138,0.146601674822334,0.0125,0.992114701314478,0.0004923123123033,18306593.744787615,18306593.744787615,10.0,0.7813682320469101
7.001301588989964,125.36057226668092,4.962704098360656,17865734.754098363,41.97783797054488,46.96671063387074,0.1587884159786914,0.0,0.992114701314478,0.0012318626912616,17414868.863132372,17414868.863132372,10.0,0.7420971583480013
7.088582619365751,125.53709298038312,4.962704098360656,17865734.754098363,74.9903340483521,35.521692786853535,0.0930522001282933,0.0,0.992114701314478,0.0012896009761405,17379636.08924873,17379636.08924873,10.0,0.752529810084912
7.379052652835195,125.53305361140605,4.962704098360656,17865734.754098363,31.08613043262231,45.93052569916593,0.1522349505727845,0.0,0.992114701314478,0.0008745898933978,17411356.38889251,17411356.38889251,10.0,0.7494401981488917
7.226871607651519,125.50326123520752,4.962704098360656,17865734.754098363,47.55204299446869,31.562907729229273,0.0739670125929057,0.0125,0.992114701314478,0.0006419006009417,17347074.793858927,17347074.793858927,10.0,0.752457758617035
7.488270455628233,125.39203978955824,4.962704098360656,17865734.754098363,228.46982380909847,38.31514962299382,0.1076937665843656,0.0,0.992114701314478,0.0045471871856914,17387483.559529394,17387483.559529394,10.0,0.7430272557690345
7.006400500176098,125.52674636803737,4.962704098360656,17865734.754098363,1298.4082969969384,43.452387424583094,0.1370269297339134,0.0,0.992114701314478,0.032880667684881,17403205.31489925,17403205.31489925,10.0,0.7527520398902169
7.465523355847154,125.42279045077298,4.962704098360656,17865734.754098363,228.46982380909847,38.31514962299382,0.1076937665843656,0.0,0.992114701314478,0.0045471871856914,17387483.559529394,17387483.559529394,10.0,0.7452548109037567
7.1612814535910685,125.61481081084,4.962704098360656,17865734.754098363,17.264273506604837,42.471561961298,0.1311937166627276,0.0,0.992114701314478,0.0004185860610481,17400078.875774432,17400078.875774432,10.0,0.7539053963426544
7.399089352450815,125.529435467207,4.962704098360656,17865734.754098363,48.49993185160476,44.643888226520595,0.1442560039553399,0.0,0.992114701314478,0.001292999761913,17407079.89657598,17407079.89657598,10.0,0.7494909039860631
7.424936248302398,125.34019177951416,4.962704098360656,17865734.754098363,30.282662575179664,45.280317732363926,0.1481805822976588,0.0,0.992114701314478,0.0008292944778092,17409183.360846546,17409183.360846546,10.0,0.7429031105276772
7.494739935035678,125.32137784990864,4.962704098360656,17865734.754098363,40.82090922287595,44.333268716804554,0.1423564604061667,0.0,0.992114701314478,0.0010739480498257,17406061.79433988,17406061.79433988,10.043715846994536,0.739724663297587
7.4087789982031635,125.322680982771,4.962704098360656,17865734.754098363,442.48778437671024,53.31181280279338,0.2012700848278542,0.0,0.992114701314478,0.0164590185364624,17437637.849959493,17437637.849959493,10.051912568306012,0.7388828291264666
7.078945893051955,125.59331908799834,4.962704098360656,17865734.754098363,112.13934570698692,36.07766083441968,0.0958902272901107,0.0125,0.992114701314478,0.0019624241922676,17358825.024021048,17358825.024021048,10.0,0.7539359760582364
7.462303256753147,125.33173099063616,4.962704098360656,17865734.754098363,36.708438962483136,45.90235580908394,0.1520583654628286,0.0,0.992114701314478,0.0010315722554633,17411261.744210433,17411261.744210433,10.040983606557377,0.7396776154578788
7.560441277056322,125.43606581588286,4.962704098360656,17865734.754098363,46.537748858021395,53.67202694498153,0.203796709962952,0.0,0.992114701314478,0.0017527741481338,17438992.05039409,17438992.05039409,10.0,0.743169932388087
7.2080391436538465,125.48707005812147,4.962704098360656,17865734.754098363,67.34443918843697,30.98556177163673,0.0713514698446549,0.0125,0.992114701314478,0.0008769305255939,17345672.93606958,17345672.93606958,10.0,0.7527747388775974
7.22360738543449,125.42561243434446,4.962704098360656,17865734.754098363,66.55995254285591,39.07592757541824,0.1118443436833015,0.0,0.992114701314478,0.0013757846130612,17389708.152815174,17389708.152815174,10.0,0.7527958855850888
7.167775934997022,125.3673144120544,4.962704098360656,17865734.754098363,41.81428257760997,46.20906493472573,0.153985513306002,0.0,0.992114701314478,0.0011899478642543,17412294.641576372,17412294.641576372,10.0,0.7448360126357567
6.982735862914407,125.54748040475113,5.225479234972678,18811725.24590164,133.83919514728333,48.54032959421556,0.1689536469957047,0.0875,0.992114701314478,0.0038133544894409,18178120.18022024,18178120.18022024,10.0,0.7986454580369338
7.086908983071946,125.5445930379801,4.962704098360656,17865734.754098363,429.9900913433138,41.77610545266455,0.1271230477172165,0.0,0.992114701314478,0.0101019720628234,17397897.111024864,17397897.111024864,10.0,0.752529810084912
7.0513991159133225,125.40185918043608,4.962704098360656,17865734.754098363,251.92004597571196,36.8827947267021,0.1000675390905797,0.0,0.992114701314478,0.0046588568395939,17383396.11480204,17383396.11480204,10.0,0.7442787876995024
7.429984298238924,125.48269282733966,4.962704098360656,17865734.754098363,36.36747155257376,46.86392109324998,0.1581332908793512,0.0,0.992114701314478,0.0010628202874766,17414517.734394707,17414517.734394707,10.0,0.745169684629707
7.062362543129887,125.38768576545002,4.962704098360656,17865734.754098363,251.92004597571196,36.8827947267021,0.1000675390905797,0.0,0.992114701314478,0.0046588568395939,17383396.11480204,17383396.11480204,10.0,0.7442947707444958
7.487643007501392,125.3262247207076,4.962704098360656,17865734.754098363,40.82090922287595,44.333268716804554,0.1423564604061667,0.0,0.992114701314478,0.0010739480498257,17406061.79433988,17406061.79433988,10.043715846994536,0.7397272491801007
7.459444341589383,125.34595707569169,4.962704098360656,17865734.754098363,36.708438962483136,45.90235580908394,0.1520583654628286,0.0,0.992114701314478,0.0010315722554633,17411261.744210433,17411261.744210433,10.0,0.742971378719529
7.078807404200085,125.37643613038284,4.962704098360656,17865734.754098363,88.7479946019441,44.29516821647423,0.1421241855545708,0.0,0.992114701314478,0.0023310412357945,17405937.301513217,17405937.301513217,10.0,0.7443299530023786
7.185777323414397,125.28845500686484,4.962704098360656,17865734.754098363,95.89604120293568,36.7092847023162,0.0991606053083309,0.0,0.992114701314478,0.0017573702376873,17382910.023650248,17382910.023650248,10.049180327868852,0.7374465993992261
7.274135678508847,125.40214053045106,4.962704098360656,17865734.754098363,135.00635633214915,44.84659922236247,0.1455012920156101,0.0,0.992114701314478,0.0036303164620818,17407747.336161297,17407747.336161297,10.0,0.7436353589657502
7.243919721647806,125.38895834572943,4.962704098360656,17865734.754098363,26.313660664534787,45.3164003732792,0.1484043928040435,0.0,0.992114701314478,0.0007216912588064,17409303.317020815,17409303.317020815,10.0,0.7449711130346627
7.233537933274014,125.53318597533776,4.962704098360656,17865734.754098363,35.340118680370495,45.15197330322573,0.1473856292193259,0.0,0.992114701314478,0.0009626015628435,17408757.288221363,17408757.288221363,10.0,0.7524615944608666
7.015872729231734,125.56850412296583,4.962704098360656,17865734.754098363,65.64001609380634,44.97223773739768,0.1462753391356589,0.0375,0.992114701314478,0.0017079059427004,17341165.698449448,17341165.698449448,10.0,0.7527693071096081
7.088847434549804,125.61565568882112,4.962704098360656,17865734.754098363,293.6189230759315,44.55413068933948,0.143706029612048,0.0125,0.992114701314478,0.0077005111726459,17384452.957261194,17384452.957261194,10.0,0.7537735850787605
7.483591674982635,125.27953955844478,4.962704098360656,17865734.754098363,129.73503302808535,45.32021839171536,0.1484280830616766,0.0,0.992114701314478,0.0035587441338498,17409316.014336586,17409316.014336586,10.051912568306012,0.7397145426442887
7.184889701279884,125.61405481917672,4.962704098360656,17865734.754098363,198.0273688105529,43.25963789319157,0.1358721485435584,0.0,0.992114701314478,0.0049725490862294,17402586.384465873,17402586.384465873,10.0,0.7530507472060991
7.245664483373517,125.47532977057976,4.962704098360656,17865734.754098363,516.8187276621609,31.810027023261277,0.0750997698498854,0.0,0.992114701314478,0.0071729906968012,17370014.088522367,17370014.088522367,10.0,0.7528546435933107
7.069596187898074,125.57609771778571,4.962704098360656,17865734.754098363,70.38597239696753,38.49846069802128,0.1086875595108478,0.0125,0.992114701314478,0.0013961319800726,17365684.036311522,17365684.036311522,10.0,0.7528590849645547
7.3758071006907455,125.30307931090168,4.962704098360656,17865734.754098363,173.53170796352867,51.936756754608304,0.1917345456905353,0.0,0.992114701314478,0.006148973607624,17432527.067570552,17432527.067570552,10.057377049180328,0.7388412125848757
6.997479965579082,125.30963869161846,5.225479234972678,18811725.24590164,41.97783797054488,46.96671063387074,0.1587884159786914,0.0,0.992114701314478,0.0012318626912616,18336986.01013328,18336986.01013328,10.049180327868852,0.7723036852306645
7.028115358285581,125.54627093502084,4.962704098360656,17865734.754098363,348.07303945520357,46.94214126024653,0.1586317240857636,0.0125,0.992114701314478,0.0100767608870734,17392452.712215837,17392452.712215837,10.0,0.7527800780259521
7.436865421528964,125.26853424316322,4.962704098360656,17865734.754098363,87.86633358265026,47.928910017004306,0.1649739244084969,0.0,0.992114701314478,0.002678929158968,17418184.122720156,17418184.122720156,10.051912568306012,0.7396285433905639
7.48222304533344,125.24406722353196,4.962704098360656,17865734.754098363,680.607454662747,42.43737357212217,0.1309923292101461,0.0,0.992114701314478,0.0164765387869291,17399970.93773011,17399970.93773011,10.051912568306012,0.7417879142064852
7.048056651002495,125.59942695540452,4.962704098360656,17865734.754098363,53.866215891122955,52.38414909927733,0.1948178360990424,0.0375,0.992114701314478,0.0018666777018175,17367183.119700927,17367183.119700927,10.0,0.7538700060062616
7.018976101913217,125.4662087025476,4.962704098360656,17865734.754098363,270.1616437334409,32.518205139832276,0.0783896590686071,0.0,0.992114701314478,0.0039138653874871,17371777.37716693,17371777.37716693,10.0,0.7487474865983589
6.997088048424463,125.52097477518028,5.225479234972678,18811725.24590164,133.83919514728333,48.54032959421556,0.1689536469957047,0.0875,0.992114701314478,0.0038133544894409,18178120.18022024,18178120.18022024,10.0,0.7925879530747857
7.039545795100008,125.54511001594014,4.962704098360656,17865734.754098363,70.9336865926225,44.52965464779798,0.1435562084206256,0.025,0.992114701314478,0.0018348583631199,17362040.488848574,17362040.488848574,10.0,0.7528017377447542
7.24913951200515,125.318115059649,4.962704098360656,17865734.754098363,347.3671318125524,32.539193316247854,0.0784881462876546,0.0,0.992114701314478,0.0050386734572418,17371830.163562894,17371830.163562894,10.019125683060109,0.7389357377686838
7.194059127869477,125.38562899950632,4.962704098360656,17865734.754098363,513.6116033893229,30.077977999491825,0.0673279422347474,0.0,0.992114701314478,0.0063907758707022,17365848.60620057,17365848.60620057,10.0,0.7448803893238984
7.049216368409354,125.63989399192188,4.962704098360656,17865734.754098363,69.88507999453897,49.42218415462153,0.174759905568521,0.0625,0.992114701314478,0.0021160258230453,17311768.292818453,17311768.292818453,10.0,0.753872530688552
7.440724991029799,125.41523856800444,4.962704098360656,17865734.754098363,228.46982380909847,38.31514962299382,0.1076937665843656,0.0,0.992114701314478,0.0045471871856914,17387483.559529394,17387483.559529394,10.0,0.7429336060358267
7.387038710483407,125.36752111837588,4.962704098360656,17865734.754098363,67.52187915695609,43.78900357251129,0.1390534732009437,0.0,0.992114701314478,0.0017352009636671,17404291.485540736,17404291.485540736,10.0,0.7438787977190552
7.166297772288991,125.33132638632932,4.962704098360656,17865734.754098363,320.7440734088234,31.604074449396425,0.0741551649941035,0.0,0.992114701314478,0.0043956536445002,17369507.806728344,17369507.806728344,10.03551912568306,0.737396862091541
7.118936436851545,125.63025622485868,4.962704098360656,17865734.754098363,1688.758985275288,47.58216197406555,0.162733870055515,0.0,0.992114701314478,0.050788927783933,17416983.516213004,17416983.516213004,10.0,0.753815616727686
7.285436540071551,125.2997024011918,4.962704098360656,17865734.754098363,21.970984537465007,42.85045786374749,0.1334343869534739,0.0,0.992114701314478,0.0005418021225058,17401279.812407006,17401279.812407006,10.03551912568306,0.7389999076304125
7.362881221691246,125.2716509959294,4.962704098360656,17865734.754098363,507.5370546192472,36.99270034855798,0.1006439117119957,0.0,0.992114701314478,0.0094401453687911,17383705.034413252,17383705.034413252,10.060109289617486,0.7387934537819566
7.191696274073262,125.63719579399664,4.962704098360656,17865734.754098363,67.34433230192738,44.52223931292417,0.1435108309810292,0.0,0.992114701314478,0.0017861138967902,17406680.50469483,17406680.50469483,10.0,0.7530788688704101
7.21605965686912,125.2984016125614,4.962704098360656,17865734.754098363,123.28427531924706,57.34951053005274,0.2302435244567344,0.0,0.992114701314478,0.005245882154781,17453166.803579196,17453166.803579196,10.049180327868852,0.7375040973423176
7.305158041612518,125.26610062785564,4.962704098360656,17865734.754098363,52.52358281279318,40.87920520027696,0.1219544752398933,0.0,0.992114701314478,0.0011837922812452,17395126.90067675,17395126.90067675,10.049180327868852,0.73903772670481
7.168696685848927,125.44208697235102,4.962704098360656,17865734.754098363,65.265909807132,44.62103686466563,0.1441159031520336,0.0,0.992114701314478,0.0017382879641687,17407004.806462258,17407004.806462258,10.0,0.7527009174550678
7.081412455794283,125.30202289872476,4.962704098360656,17865734.754098363,109.35345841406912,46.35748317176759,0.1549216340983766,0.0,0.992114701314478,0.003130891451163,17412796.376149606,17412796.376149606,10.03551912568306,0.7363707960838057
7.326598145908123,125.2874139085307,4.962704098360656,17865734.754098363,15.134142288459191,49.35265131440839,0.1742992752271613,0.0,0.992114701314478,0.0004875024616092,17423182.25004661,17423182.25004661,10.05464480874317,0.738746558064765
7.118318127396693,125.43037709272888,4.962704098360656,17865734.754098363,47.4663920437847,52.817790268797864,0.197824117917148,0.0,0.992114701314478,0.0017353571870633,17435790.90803555,17435790.90803555,10.0,0.7520635848148521
7.393718920156631,125.42354458511323,4.962704098360656,17865734.754098363,73.35406427475853,31.888393781435155,0.0754606428827002,0.0,0.992114701314478,0.0010229822571124,17370207.506378893,17370207.506378893,10.0,0.7463167656938725
7.084943687011742,125.3645164905814,4.962704098360656,17865734.754098363,40.16180834081981,45.22040458770245,0.1478092660903793,0.0,0.992114701314478,0.0010970801035711,17408984.34574047,17408984.34574047,10.0,0.7450325036502631
7.502790620022999,125.38216172840522,4.962704098360656,17865734.754098363,166.89018722154665,37.24872294942579,0.1019922532122259,0.0,0.992114701314478,0.0031457297320873,17384427.707761284,17384427.707761284,10.0,0.742364950967495
7.181454678856164,125.46641665904836,4.962704098360656,17865734.754098363,142.64696526585797,45.407720214935495,0.1489714470124298,0.0,0.992114701314478,0.0039272540108209,17409607.24222316,17409607.24222316,10.0,0.7527260144143817
7.35029853865889,125.36045358943126,4.962704098360656,17865734.754098363,97.92496444560784,45.43112011998898,0.1491168932383793,0.0,0.992114701314478,0.0026986321395647,17409685.197333977,17409685.197333977,10.0,0.7438096835558962
7.345889751824588,125.50460181199716,4.962704098360656,17865734.754098363,7.797856323858228,43.8905118129082,0.1396670353923719,0.0,0.992114701314478,0.0002012762640457,17404620.337721754,17404620.337721754,10.0,0.749374797282948
7.144620226213763,125.4816810661485,4.962704098360656,17865734.754098363,132.5044025776476,52.00650287954375,0.1922139826135898,0.0125,0.992114701314478,0.0046481037016489,17410451.86391489,17410451.86391489,10.0,0.7521198742312608
7.251635934906866,125.53936759473294,4.962704098360656,17865734.754098363,145.07111360508844,42.78894976536224,0.1330695550354414,0.0,0.992114701314478,0.0035676567901861,17401084.272698686,17401084.272698686,10.0,0.7505821075072321
6.998009788541814,125.35565111854274,5.225479234972678,18811725.24590164,41.97783797054488,46.96671063387074,0.1587884159786914,0.0,0.992114701314478,0.0012318626912616,18336986.01013328,18336986.01013328,10.0,0.7813911960942183
7.070599825323108,125.38556334282644,4.962704098360656,17865734.754098363,19.43185672918197,44.89939849735045,0.1458263759661929,0.0,0.992114701314478,0.0005236894219982,17407921.572070315,17407921.572070315,10.0,0.7443149236046618
7.527196823206856,125.53513122246792,4.962704098360656,17865734.754098363,17.379416526240966,45.12192061353563,0.1471997412517764,0.0,0.992114701314478,0.00047278714263,17408657.657467697,17408657.657467697,10.0,0.7458676744867044
7.1724450272117455,125.36279405662629,4.962704098360656,17865734.754098363,109.99659431299222,51.05667097478036,0.1857242939611924,0.0,0.992114701314478,0.0037754730437839,17429305.740674496,17429305.740674496,10.0,0.7448390830227931
7.05317408012159,125.5391005249112,4.962704098360656,17865734.754098363,187.15675944674464,52.49660370552641,0.1955957724174647,0.0,0.992114701314478,0.0067653208734188,17434596.577146415,17434596.577146415,10.0,0.7528158683806091
7.192558856559692,125.66335252048444,4.962704098360656,17865734.754098363,3833.668787932462,59.48501304576133,0.2461181383018015,0.0,0.992114701314478,0.1743739595539127,17461675.15278759,17461675.15278759,10.0,0.7530806914966408
7.057652177416447,125.5352178077626,4.962704098360656,17865734.754098363,165.9254116209283,49.42248410161984,0.1747618936488214,0.0125,0.992114701314478,0.0052920040616486,17401098.032144405,17401098.032144405,10.0,0.7528360622089657
7.527349042957389,125.31068373749454,4.962704098360656,17865734.754098363,90.52395806752692,43.6704163154196,0.1383381126481793,0.0125,0.992114701314478,0.0022854193721123,17381575.90384144,17381575.90384144,10.065573770491802,0.7389495098933264
7.516623493084635,125.45798474065646,4.962704098360656,17865734.754098363,65.43646826693116,55.24183490034572,0.2149430760173638,0.0,0.992114701314478,0.0025993617876605,17444966.1909761,17444966.1909761,10.0,0.7430826595910952
7.039461898863804,125.37393818775983,4.962704098360656,17865734.754098363,37.64164548447054,42.97728230925873,0.1341879722741537,0.0,0.992114701314478,0.000933481272049,17401683.713070624,17401683.713070624,10.0,0.7442554735945804
7.206016480352392,125.55247077038668,4.962704098360656,17865734.754098363,2577.6296049888188,11.134281581133632,0.009411351318492,0.0,0.992114701314478,0.0044832805410634,17334806.932665426,17334806.932665426,10.0,0.752418741317176
7.421934747643095,125.37314633915643,4.962704098360656,17865734.754098363,48.722733038741154,44.1632605161841,0.1413212500510849,0.025,0.992114701314478,0.0012407010405213,17360842.613646075,17360842.613646075,10.0,0.7428970534522585
7.147590944768312,125.49032271342362,4.962704098360656,17865734.754098363,733.1355992842255,72.9281766235751,0.3532148726371422,0.0,0.992114701314478,0.047857136480178,17519076.008247547,17519076.008247547,10.0,0.7521373051252873
7.354868560038234,125.452371287028,4.962704098360656,17865734.754098363,212.1386902533137,26.545040189370837,0.052708335398925,0.0125,0.992114701314478,0.00204060857474,17335680.737219807,17335680.737219807,10.0,0.7462225519531465
7.470117356144326,125.4222527360286,4.962704098360656,17865734.754098363,228.46982380909847,38.31514962299382,0.1076937665843656,0.0,0.992114701314478,0.0045471871856914,17387483.559529394,17387483.559529394,10.0,0.7452548109037567
7.367788771768394,125.4908886780118,4.962704098360656,17865734.754098363,112.33212229572467,44.323412252104056,0.1422963565549969,0.0,0.992114701314478,0.0029540725924926,17406029.580355998,17406029.580355998,10.0,0.7462657526482965
7.22495680378198,125.65655359286754,4.962704098360656,17865734.754098363,376.9834691142676,30.454494255662365,0.0689840058326982,0.0,0.992114701314478,0.0048061147460997,17366736.209989876,17366736.209989876,10.0,0.7531363633891092
7.264760586524081,125.49310816810892,4.962704098360656,17865734.754098363,315.03239565895984,56.31836040632021,0.2227111001764945,0.0,0.992114701314478,0.0129664323355996,17449129.63475181,17449129.63475181,10.0,0.748854334968531
6.99992936763267,125.4725757990691,5.225479234972678,18811725.24590164,82.8325660050715,31.9103054143267,0.075561686412047,0.0,0.992114701314478,0.0011567144908285,18290016.859041605,18290016.859041605,10.0,0.788350014835409
7.317739425090729,125.4804428042236,4.962704098360656,17865734.754098363,88.39126889323158,42.438497890511066,0.1309989499432221,0.0,0.992114701314478,0.002139935097912,17399974.48625794,17399974.48625794,10.0,0.7489727323454244
7.416793310215296,125.42341432839034,4.962704098360656,17865734.754098363,73.35406427475853,31.888393781435155,0.0754606428827002,0.0,0.992114701314478,0.0010229822571124,17370207.506378893,17370207.506378893,10.0,0.7451439405926037
7.417991177764458,125.24019332309904,4.962704098360656,17865734.754098363,162.02311043634774,43.869302740630424,0.1395387445357215,0.0,0.992114701314478,0.0041782574424279,17404551.577409264,17404551.577409264,10.046448087431694,0.7416695264232589
7.379547250888651,125.35518706645516,4.962704098360656,17865734.754098363,36.94326946917393,41.83202490241288,0.1274483341991761,0.0,0.992114701314478,0.0008701475668533,17398071.45548504,17398071.45548504,10.0,0.7438731803733946
7.1035623670057895,125.51836322286204,4.962704098360656,17865734.754098363,76.68092278817687,47.71364955096496,0.1635818538052891,0.0125,0.992114701314478,0.0022891960053804,17395105.843352858,17395105.843352858,10.0,0.7525583613682332
7.499023945638873,125.42883410185136,4.962704098360656,17865734.754098363,37.28312676679267,47.34089922693027,0.1611825520682783,0.0125,0.992114701314478,0.0010967076645023,17393819.884700004,17393819.884700004,10.0,0.745302673491414
7.000861021773835,125.508035305688,4.962704098360656,17865734.754098363,133.83919514728333,48.54032959421556,0.1689536469957047,0.0875,0.992114701314478,0.0038133544894409,17263991.963665936,17263991.963665936,10.0,0.7527316936946905
7.158731544810232,125.43001223848266,4.962704098360656,17865734.754098363,77.74749865599246,49.08063899702105,0.1725019053836475,0.0125,0.992114701314478,0.0024476022582832,17399886.741617616,17399886.741617616,10.0,0.7521466978301169
7.355420787611523,125.52532690755564,4.962704098360656,17865734.754098363,53.69240058924123,44.95710948963012,0.1461820452746359,0.025,0.992114701314478,0.0014142783406071,17363447.863990813,17363447.863990813,10.0,0.7493935853556148
7.153461440317422,125.24587702102087,4.962704098360656,17865734.754098363,28.83854245371696,44.88403266075533,0.1457317378148104,0.0125,0.992114701314478,0.0007669869483027,17385538.680224385,17385538.680224385,10.0,0.7441174951026325
7.072986578967762,125.41963591069704,4.962704098360656,17865734.754098363,18.035296290100035,60.37363007952008,0.2528290038571757,0.0,0.992114701314478,0.00084270116429,17465271.98910707,17465271.98910707,10.0,0.74431530546011
7.002414329738592,125.41937707437204,4.962704098360656,17865734.754098363,216.1862068159012,22.279999892410046,0.0373289410424778,0.0,0.992114701314478,0.0014914100673957,17349769.9802549,17349769.9802549,10.0,0.7483538304578836
7.390583319435309,125.27189138065168,4.962704098360656,17865734.754098363,63.70412972015328,48.88221261255955,0.1711954216405845,0.0,0.992114701314478,0.0020155016218877,17421518.67129981,17421518.67129981,10.062841530054644,0.7388586651380085
7.418327769450925,125.34352248254632,4.962704098360656,17865734.754098363,30.282662575179664,45.280317732363926,0.1481805822976588,0.0,0.992114701314478,0.0008292944778092,17409183.360846546,17409183.360846546,10.0,0.7429031105276772
7.473909803737433,125.40533181853304,4.962704098360656,17865734.754098363,228.46982380909847,38.31514962299382,0.1076937665843656,0.0,0.992114701314478,0.0045471871856914,17387483.559529394,17387483.559529394,10.0,0.7429988652866322
7.200167347454011,125.59357715935036,4.962704098360656,17865734.754098363,53.57796780659214,43.924041751100624,0.1398699542507868,0.0125,0.992114701314478,0.0013676381064395,17382396.92811416,17382396.92811416,10.0,0.7530985173313676
7.104021872667899,125.5162472356701,4.962704098360656,17865734.754098363,76.68092278817687,47.71364955096496,0.1635818538052891,0.0125,0.992114701314478,0.0022891960053804,17395105.843352858,17395105.843352858,10.0,0.7525583613682332
7.008997969332615,125.49595661160852,4.962704098360656,17865734.754098363,156.49821801737988,49.3338770506672,0.1741749846210675,0.0375,0.992114701314478,0.0048486332430712,17356119.128428716,17356119.128428716,10.0,0.7487228068557695
7.074906733102555,125.42602935771356,4.962704098360656,17865734.754098363,499.7350210108542,19.47718289268193,0.0286128252673344,0.0,0.992114701314478,0.0026425544647876,17345098.38587916,17345098.38587916,10.0,0.7488440459632467
7.245210286408412,125.64126383504592,4.962704098360656,17865734.754098363,46.02868584609168,36.215708322531185,0.0966008198910389,0.0,0.992114701314478,0.0008217369334738,17381538.050231464,17381538.050231464,10.0,0.753183165556119
7.1903080984751675,125.50092860770356,4.962704098360656,17865734.754098363,724.4296502607463,68.45840473284561,0.3164117053060125,0.0125,0.992114701314478,0.041832062906539,17477018.371035464,17477018.371035464,10.0,0.7523880411586764
7.088023205236178,125.3560729934795,4.962704098360656,17865734.754098363,75.84324120821711,52.06309095049334,0.1926033058524051,0.0,0.992114701314478,0.0026996287254985,17432992.698729057,17432992.698729057,10.0,0.7450471522683373
7.441270456058595,125.28150446469589,4.962704098360656,17865734.754098363,290.222593503994,30.292271410078605,0.068268200924855,0.0,0.992114701314478,0.0036616185173837,17366352.5585713,17366352.5585713,10.049180327868852,0.739637013646977
7.040685825750019,125.470998334934,4.962704098360656,17865734.754098363,1298.3938613148196,10.291378265166866,0.0080440337334634,0.0,0.992114701314478,0.0019302064194135,17334074.088666465,17334074.088666465,10.0,0.7487820488718175
7.4083469806979965,125.31827710040204,4.962704098360656,17865734.754098363,39.6753362739553,43.31592664619121,0.1362089545205255,0.025,0.992114701314478,0.0009737653359757,17358102.56616807,17358102.56616807,10.051912568306012,0.7388828291264666
7.535566273271676,125.3409180381538,4.962704098360656,17865734.754098363,19.09001216948704,43.073059346121134,0.1347582633259648,0.0,0.992114701314478,0.0004754282999796,17401989.373130552,17401989.373130552,10.032786885245901,0.7424261861884229
7.496847984947348,125.53277229334763,4.962704098360656,17865734.754098363,85.08443703405864,56.88339976082537,0.2268276753229063,0.0,0.992114701314478,0.0035667247095361,17451336.003941644,17451336.003941644,10.0,0.7465131507501434
7.520600753389322,125.51263847903805,4.962704098360656,17865734.754098363,16.385285428835015,45.26746702864138,0.1481009066762103,0.0,0.992114701314478,0.0004484718078886,17409140.65694097,17409140.65694097,10.0,0.7458620207032005
7.312922797237816,125.39105693818384,4.962704098360656,17865734.754098363,42.725753313205686,46.26166186861315,0.1543169935298941,0.0,0.992114701314478,0.0012185038373423,17412472.30570906,17412472.30570906,10.0,0.7437045630093896
7.543297954453333,125.46501437419006,4.962704098360656,17865734.754098363,75.39725970040838,37.10818661482754,0.1012511338571112,0.0,0.992114701314478,0.0014108436119272,17384030.488506697,17384030.488506697,10.0,0.7431355853070979
7.331708896212094,125.29668592576569,4.962704098360656,17865734.754098363,80.20288985798338,49.74769741627148,0.1769226741730934,0.0,0.992114701314478,0.0026223878919752,17424588.31853828,17424588.31853828,10.051912568306012,0.7387448119902413
7.196588214661425,125.57941911138612,4.962704098360656,17865734.754098363,53.57796780659214,43.924041751100624,0.1398699542507868,0.0125,0.992114701314478,0.0013676381064395,17382396.92811416,17382396.92811416,10.0,0.7524006067176124
7.198514236361853,125.63368628140148,4.962704098360656,17865734.754098363,81.22382742121275,41.80965964622778,0.1273181916870446,0.0,0.992114701314478,0.0019111612490797,17398001.702736977,17398001.702736977,10.0,0.7530911100477672
7.335598342111929,125.30071139718711,4.962704098360656,17865734.754098363,43.98844146969564,45.794396658722754,0.1513823944744192,0.025,0.992114701314478,0.0011998915088164,17366235.105773777,17366235.105773777,10.05464480874317,0.7387508234124748
7.024783367071413,125.47928277271532,4.962704098360656,17865734.754098363,155.70995792561104,47.101635314477015,0.1596500196404047,0.0,0.992114701314478,0.0045941882062357,17415330.658606872,17415330.658606872,10.0,0.7487383430684037
7.511997574198045,125.47390071210069,4.962704098360656,17865734.754098363,99.38240101259254,44.85860436646877,0.1455751809856175,0.0,0.992114701314478,0.0026737465823924,17407786.93858348,17407786.93858348,10.0,0.7430667608475099
7.145302496896645,125.5770433696735,4.962704098360656,17865734.754098363,43.84517268074781,45.10777614673847,0.147112285627037,0.0,0.992114701314478,0.0011920491071831,17408610.783697866,17408610.783697866,10.0,0.7526390011964669
6.991102357867105,125.6272151126978,5.225479234972678,18811725.24590164,22.98765503856812,47.81256226405448,0.1642209251772088,0.025,0.992114701314478,0.0006802228246805,18293022.54313168,18293022.54313168,10.0,0.795338156211477
7.019357503266683,125.61262836213864,4.962704098360656,17865734.754098363,22.98765503856812,47.81256226405448,0.1642209251772088,0.025,0.992114701314478,0.0006802228246805,17373116.199298825,17373116.199298825,10.0,0.7538254790301275
7.448984932752126,125.24794308246034,4.962704098360656,17865734.754098363,40.74935278788705,48.543572196250665,0.168974853949235,0.0,0.992114701314478,0.0012725246799978,17420328.5090985,17420328.5090985,10.046448087431694,0.7417299910727121
7.225493588045093,125.47480796142072,4.962704098360656,17865734.754098363,2456.957463243798,9.09082415373758,0.0062804385490798,0.0,0.992114701314478,0.0028517472226924,17333128.850953132,17333128.850953132,10.0,0.7528292321714809
6.998013231040841,125.58371436329604,5.225479234972678,18811725.24590164,93.6977182187686,39.5763290836109,0.1146117402774239,0.025,0.992114701314478,0.0019350231111334,18265025.512451444,18265025.512451444,10.0,0.7925897984869139
7.165724295869658,125.52957988889504,4.962704098360656,17865734.754098363,44.72509710242939,42.77550173968056,0.1329898451272593,0.0125,0.992114701314478,0.0010855011693733,17378709.381973755,17378709.381973755,10.0,0.7523469552518715
7.1502558118640485,125.65226208123526,4.962704098360656,17865734.754098363,77.19303847171977,43.84490039996798,0.1393911991311516,0.025,0.992114701314478,0.0019388380078368,17359808.160312153,17359808.160312153,10.0,0.7538763288359478
7.532001495821043,125.34972775982855,4.962704098360656,17865734.754098363,13.275323515173165,51.695068531915304,0.1900767122599013,0.0125,0.992114701314478,0.0004605052101349,17409306.346757784,17409306.346757784,10.027322404371585,0.7424192501434672
7.538024224175395,125.54411624933395,4.962704098360656,17865734.754098363,9.2827610346279,33.07945564819709,0.0810427616615545,0.0,0.992114701314478,0.0001390320163925,17373199.36598296,17373199.36598296,10.0,0.7458893171084527
7.390154776492898,125.51146470893464,4.962704098360656,17865734.754098363,18.53903098099958,45.98858313261939,0.1525991531493312,0.0,0.992114701314478,0.0005228324958524,17411551.59129139,17411551.59129139,10.0,0.7494621180039354
7.203540854539928,125.65597774806996,4.962704098360656,17865734.754098363,3086.674337150231,53.295923684553614,0.2011589060539303,0.0,0.992114701314478,0.1147502116684724,17437578.261244934,17437578.261244934,10.0,0.7530955014270363
7.000147292664185,125.54375091841032,4.962704098360656,17865734.754098363,230.24811737393017,48.34319548277506,0.1676663637012117,0.0,0.992114701314478,0.0071345313789307,17419627.194907513,17419627.194907513,10.0,0.7585161663085653
7.204642025463706,125.23524118075046,4.962704098360656,17865734.754098363,26.520992778625683,55.84636928353773,0.2192930798501773,0.0,0.992114701314478,0.0010748259005004,17447297.671415787,17447297.671415787,10.0,0.7431630420972128
7.276590739244392,125.28611271193928,4.962704098360656,17865734.754098363,149.17855459372657,52.28196770493472,0.1941119869615932,0.0,0.992114701314478,0.0053515818109502,17433801.309624817,17433801.309624817,10.03551912568306,0.738992807806674
6.990742362528483,125.33254593736908,5.225479234972678,18811725.24590164,41.97783797054488,46.96671063387074,0.1587884159786914,0.0,0.992114701314478,0.0012318626912616,18336986.01013328,18336986.01013328,10.040983606557377,0.7722880522249363
7.224678018627508,125.44300039952302,4.962704098360656,17865734.754098363,164.18669916230806,52.376583418776335,0.1947655405533318,0.0,0.992114701314478,0.0059098099013471,17434151.596078344,17434151.596078344,10.0,0.7527935004568206
7.35655311357403,125.3894850976615,4.962704098360656,17865734.754098363,36.740708516948416,43.720966180345904,0.1386428581573986,0.0,0.992114701314478,0.0009413875468149,17404071.407357115,17404071.407357115,10.0,0.7438318368997545
7.440977076304938,125.38620082573398,4.962704098360656,17865734.754098363,48.59890258355836,48.7941906678642,0.1706171272175059,0.0,0.992114701314478,0.0015324012821354,17421208.72165664,17421208.72165664,10.0,0.7429342386890535
7.298554948974153,125.33404000886787,4.962704098360656,17865734.754098363,50.15307702158783,43.08264223382428,0.1348153794914253,0.0,0.992114701314478,0.0012495695705804,17402019.98579842,17402019.98579842,10.024590163934427,0.7390292620433487
7.0131281675699775,125.56478936069912,4.962704098360656,17865734.754098363,65.64001609380634,44.97223773739768,0.1462753391356589,0.0375,0.992114701314478,0.0017079059427004,17341165.698449448,17341165.698449448,10.0,0.7527402990570055
7.518787844261592,125.44060713231109,4.962704098360656,17865734.754098363,50.65071576658682,44.54019227843493,0.143620702723888,0.0125,0.992114701314478,0.0013275875089245,17384407.224434655,17384407.224434655,10.0,0.7430870650033665
7.435321098541923,125.33440816392888,4.962704098360656,17865734.754098363,30.526032237199,46.13409177346595,0.1535135161122986,0.0,0.992114701314478,0.0008660448759024,17412041.66427635,17412041.66427635,10.03825136612022,0.7396356930462543
7.545552715325282,125.46668613230769,4.962704098360656,17865734.754098363,75.39725970040838,37.10818661482754,0.1012511338571112,0.0,0.992114701314478,0.0014108436119272,17384030.488506697,17384030.488506697,10.0,0.7431509780186971
7.213540406105462,125.5339332181723,4.962704098360656,17865734.754098363,272.637547772646,45.64450837912983,0.1504459428011139,0.0125,0.992114701314478,0.0074856009289185,17388065.36230024,17388065.36230024,10.0,0.7524230154084378
7.3493669344506385,125.41611478863764,4.962704098360656,17865734.754098363,197.47863461585575,49.95804069128911,0.1783257834327514,0.0,0.992114701314478,0.0065081518194206,17425340.3458742,17425340.3458742,10.0,0.7462370557948784
7.428392984103125,125.46159504013843,4.962704098360656,17865734.754098363,46.82475006944004,50.419822291022406,0.1814213092121375,0.0,0.992114701314478,0.0015699549251295,17426999.46114917,17426999.46114917,10.0,0.7451666281279347
7.44661475225198,125.24759208682288,4.962704098360656,17865734.754098363,55.99150850026849,45.61718487957106,0.1502754923477593,0.0,0.992114701314478,0.0015550120067481,17410306.17406521,17410306.17406521,10.046448087431694,0.7417299910727121
7.004729178091551,125.46399284530152,4.962704098360656,17865734.754098363,270.1616437334409,32.518205139832276,0.0783896590686071,0.0,0.992114701314478,0.0039138653874871,17371777.37716693,17371777.37716693,10.0,0.7487146956875574
7.421662960342616,125.54324693913416,4.962704098360656,17865734.754098363,36.140548188871854,37.1691950970259,0.1015725681129062,0.0,0.992114701314478,0.0006784136660106,17384202.768281344,17384202.768281344,10.0,0.7463635491587265
7.471849053237337,125.46872494721885,4.962704098360656,17865734.754098363,62.94705107650544,42.91841622348439,0.1338379694470637,0.025,0.992114701314478,0.0015180384187169,17356831.784455217,17356831.784455217,10.0,0.7452578623617984
7.0873654592146895,125.36159181349409,4.962704098360656,17865734.754098363,40.16180834081981,45.22040458770245,0.1478092660903793,0.0,0.992114701314478,0.0010970801035711,17408984.34574047,17408984.34574047,10.0,0.7450471522683373
7.222572075644008,125.38580494501755,4.962704098360656,17865734.754098363,41.06963103056342,50.09240085697291,0.1792243124540452,0.0125,0.992114701314478,0.0013433161850764,17403489.763866477,17403489.763866477,10.0,0.7449331958205424
7.0692292867669355,125.5633461941654,4.962704098360656,17865734.754098363,35.986464077751705,35.84249562420433,0.0946851302352111,0.0,0.992114701314478,0.0006297154895557,17380511.294133596,17380511.294133596,10.0,0.7528571973904012
7.0591127611603754,125.3932306927912,4.962704098360656,17865734.754098363,251.92004597571196,36.8827947267021,0.1000675390905797,0.0,0.992114701314478,0.0046588568395939,17383396.11480204,17383396.11480204,10.0,0.7442947707444958
7.117418255791206,125.54694667424612,4.962704098360656,17865734.754098363,10.357499693799664,45.17622114781464,0.1475356826020977,0.0,0.992114701314478,0.0002824069747098,17408837.71263943,17408837.71263943,10.0,0.7525851498321767
7.4705699344107295,125.46956893392438,4.962704098360656,17865734.754098363,62.94705107650544,42.91841622348439,0.1338379694470637,0.025,0.992114701314478,0.0015180384187169,17356831.784455217,17356831.784455217,10.0,0.7452578623617984
7.1500287598644165,125.53937618650666,4.962704098360656,17865734.754098363,105.24546223424193,57.23944146440574,0.229435275065643,0.0,0.992114701314478,0.0044625900125081,17452733.604502104,17452733.604502104,10.0,0.7526478734877182
7.38062488275803,125.3772357924758,4.962704098360656,17865734.754098363,69.9467236541887,51.16975202226598,0.1864924212866488,0.0,0.992114701314478,0.0024107489329368,17429717.435446117,17429717.435446117,10.0,0.7438688930424593
7.0188253960827875,125.48111815130603,4.962704098360656,17865734.754098363,694.6824456390747,27.48724850229959,0.0564432120206271,0.0,0.992114701314478,0.0072463859908384,17360014.695114307,17360014.695114307,10.0,0.7487383430684037
7.085112777578733,125.44461717799594,4.962704098360656,17865734.754098363,518.345358098301,53.32859580499668,0.2013875432035754,0.0,0.992114701314478,0.0192919104111868,17437700.80436505,17437700.80436505,10.0,0.7520102563517725
7.1724075052095495,125.39839924036345,4.962704098360656,17865734.754098363,92.17793065243826,33.98218021209794,0.0853942753693146,0.0125,0.992114701314478,0.0014365350772426,17353199.48723079,17353199.48723079,10.0,0.7448391438762451
7.324788102607322,125.34743758325064,4.962704098360656,17865734.754098363,18.515486281324545,45.45795585432648,0.1492837675106048,0.0,0.992114701314478,0.0005108238059408,17409774.63727852,17409774.63727852,10.0,0.7437322416746578
7.533818555976748,125.43930047225128,4.962704098360656,17865734.754098363,17.414719677638455,45.02265454940715,0.1465864308053877,0.0,0.992114701314478,0.000471773646644,17408328.940214984,17408328.940214984,10.0,0.7431169122454104
7.466352643646884,125.2656029038898,4.962704098360656,17865734.754098363,485.9863886478462,42.78291181669305,0.1330337640594828,0.0,0.992114701314478,0.0119483903930202,17401065.089736193,17401065.089736193,10.051912568306012,0.7396908633084757
7.289913198961022,125.49643628120654,4.962704098360656,17865734.754098363,54.133861822500336,35.69994874172761,0.0939579755287997,0.0,0.992114701314478,0.0009399961604467,17380121.559540298,17380121.559540298,10.0,0.7506591993429388
7.120198074164544,125.48350759408524,4.962704098360656,17865734.754098363,107.57241803836423,55.56756567457952,0.2172830010566638,0.0125,0.992114701314478,0.0042656695143607,17423888.156936374,17423888.156936374,10.0,0.7520770976461162
6.976130487738672,125.50613930577109,5.225479234972678,18811725.24590164,330.35538115122387,48.55735912538396,0.1690650337318815,0.0,0.992114701314478,0.0103218751064007,18342785.63742219,18342785.63742219,10.0,0.7986450938178259
7.433286385473035,125.52742087324457,4.962704098360656,17865734.754098363,24.421011442066508,50.366725024912185,0.1810643180694698,0.0,0.992114701314478,0.0008171841591315,17426808.123877235,17426808.123877235,10.0,0.7463783582171725
7.171948025650581,125.54037711133924,4.962704098360656,17865734.754098363,227.42439559566787,51.36007646722619,0.1877879967970124,0.025,0.992114701314478,0.0076954303716922,17385747.490813535,17385747.490813535,10.0,0.7523527727165028
7.144209876524697,125.52315082402048,4.962704098360656,17865734.754098363,30.86182501671059,33.348695565795886,0.0823297769041561,0.0,0.992114701314478,0.0004695717507501,17373889.170171425,17373889.170171425,10.0,0.752634950691456
7.266575171751984,125.29702249726842,4.962704098360656,17865734.754098363,149.21146837072516,51.56986205003762,0.1892200389262822,0.0125,0.992114701314478,0.0051526406446376,17408847.193801302,17408847.193801302,10.03551912568306,0.7389641213878768
7.070797848229713,125.50889562118988,4.962704098360656,17865734.754098363,76.01915307219426,49.7636715023893,0.1770290778663559,0.0125,0.992114701314478,0.0024559988392981,17402313.17950048,17402313.17950048,10.0,0.7528546061226667
7.138751077935055,125.55930718432208,4.962704098360656,17865734.754098363,49.37071072132306,40.28592167231608,0.1185863842805425,0.0125,0.992114701314478,0.001068475897799,17370989.529642902,17370989.529642902,10.0,0.7526333839015462
7.101390895321389,125.36701613091329,4.962704098360656,17865734.754098363,51.29621093481734,44.52794442341953,0.1435457423347527,0.0,0.992114701314478,0.0013608147908707,17406699.216204397,17406699.216204397,10.0,0.745063404328942
6.983512144793151,125.45379620942563,5.225479234972678,18811725.24590164,382.79175439489904,55.79080142167752,0.2188919226729578,0.0,0.992114701314478,0.0154851611430562,18370905.529760715,18370905.529760715,10.0,0.7879476375069707
7.058876687721232,125.34256176952402,4.962704098360656,17865734.754098363,21.97482359879272,31.692078124261815,0.0745581227595195,0.0125,0.992114701314478,0.0002990066762903,17347391.61238234,17347391.61238234,10.0,0.7442872307354458
7.011329518029007,125.62178291444452,4.962704098360656,17865734.754098363,22.98765503856812,47.81256226405448,0.1642209251772088,0.025,0.992114701314478,0.0006802228246805,17373116.199298825,17373116.199298825,10.0,0.753795395892155
7.506635360918732,125.46590134445626,4.962704098360656,17865734.754098363,99.38240101259254,44.85860436646877,0.1455751809856175,0.0,0.992114701314478,0.0026737465823924,17407786.93858348,17407786.93858348,10.0,0.7430667608475099
7.502365952855552,125.27351568010435,4.962704098360656,17865734.754098363,93.13951907140108,39.53942224932796,0.114406625801929,0.0125,0.992114701314478,0.0019446690014529,17368749.29595345,17368749.29595345,10.07103825136612,0.7389010834671389
6.995918400041498,125.4713862847694,5.225479234972678,18811725.24590164,82.8325660050715,31.9103054143267,0.075561686412047,0.0,0.992114701314478,0.0011567144908285,18290016.859041605,18290016.859041605,10.0,0.788350014835409
7.474463984832754,125.28395501640144,4.962704098360656,17865734.754098363,52.97655984751353,45.73199256208047,0.1509922243725806,0.0,0.992114701314478,0.0014782972022834,17410690.322392568,17410690.322392568,10.051912568306012,0.739692809099331
7.528745964546242,125.44054540669296,4.962704098360656,17865734.754098363,278.17627017856563,28.15697469993596,0.0591709712093844,0.0,0.992114701314478,0.0030419508756939,17361476.69777849,17361476.69777849,10.0,0.7431169122454104
7.361244189437573,125.52234550426084,4.962704098360656,17865734.754098363,72.31558427838438,37.26604776193462,0.1020837816145549,0.0,0.992114701314478,0.0013643068767446,17384476.76442604,17384476.76442604,10.0,0.7494050511739847
7.043046469314986,125.35774875826516,4.962704098360656,17865734.754098363,37.64164548447054,42.97728230925873,0.1341879722741537,0.0,0.992114701314478,0.000933481272049,17401683.713070624,17401683.713070624,10.0,0.7442587897712944
7.133265977279397,125.47130685342071,4.962704098360656,17865734.754098363,74.79145069424479,45.2065577800325,0.1477235042330142,0.0,0.992114701314478,0.0020418553732113,17408938.379782602,17408938.379782602,10.0,0.7520979491364342
7.342443573055465,125.34427459619126,4.962704098360656,17865734.754098363,46.409893411108925,50.9463226251158,0.1849759092117925,0.0,0.992114701314478,0.0015865331853093,17428904.627371695,17428904.627371695,10.0,0.7437923474521947
7.146474719974888,125.63427147526129,4.962704098360656,17865734.754098363,64.4020456618439,44.3387556119631,0.1423899235942021,0.025,0.992114701314478,0.0016523686784787,17361415.392787877,17361415.392787877,10.0,0.7538810726519182
7.152607038860766,125.5757868085145,4.962704098360656,17865734.754098363,103.26110024239316,49.24976167144812,0.1736185481810155,0.025,0.992114701314478,0.0032304342269785,17378153.062495977,17378153.062495977,10.0,0.7526390011964669
7.066184505185407,125.48688574614086,4.962704098360656,17865734.754098363,43.3141769814257,48.507280168687835,0.1687375608145598,0.0125,0.992114701314478,0.0013338357606511,17397869.158169784,17397869.158169784,10.0,0.7488300571225083
7.118174275111166,125.36599723846916,4.962704098360656,17865734.754098363,32.49785229895129,47.07080062150294,0.159452948532281,0.0,0.992114701314478,0.0009576584253378,17415225.03400251,17415225.03400251,10.0,0.7450950076916988
7.315209840141638,125.34590142421509,4.962704098360656,17865734.754098363,18.515486281324545,45.45795585432648,0.1492837675106048,0.0,0.992114701314478,0.0005108238059408,17409774.63727852,17409774.63727852,10.0,0.7437322416746578
7.211997361676114,125.3326058125934,4.962704098360656,17865734.754098363,299.9972938276951,43.67373670338749,0.1383581213423301,0.0,0.992114701314478,0.0076708839496767,17403918.796384733,17403918.796384733,10.040983606557377,0.7374797418622963
7.499279196232696,125.53202259039556,4.962704098360656,17865734.754098363,85.08443703405864,56.88339976082537,0.2268276753229063,0.0,0.992114701314478,0.0035667247095361,17451336.003941644,17451336.003941644,10.0,0.7465131507501434
7.3422724891051825,125.5498325861076,4.962704098360656,17865734.754098363,67.92046730598759,52.23839077950379,0.1938112618535869,0.0,0.992114701314478,0.0024327814371863,17433640.12937441,17433640.12937441,10.0,0.7493598714324908
7.486345581746273,125.28844307314326,4.962704098360656,17865734.754098363,129.73503302808535,45.32021839171536,0.1484280830616766,0.0,0.992114701314478,0.0035587441338498,17409316.014336586,17409316.014336586,10.051912568306012,0.7397359429234558
7.379770157528696,125.39426375530245,4.962704098360656,17865734.754098363,69.9467236541887,51.16975202226598,0.1864924212866488,0.0,0.992114701314478,0.0024107489329368,17429717.435446117,17429717.435446117,10.0,0.7438645057937301
7.252251723597878,125.3840289809563,4.962704098360656,17865734.754098363,68.6218456503959,47.47185137610401,0.1620238298865536,0.0,0.992114701314478,0.0020547770542952,17416602.9545333,17416602.9545333,10.0,0.7435980052873533
6.985818177006174,125.43723129958212,5.225479234972678,18811725.24590164,32.61622265509294,62.02394185429844,0.2654487151841732,0.0,0.992114701314478,0.0016000653103266,18397179.93743226,18397179.93743226,10.0,0.7879545215297308
7.372635045569135,125.4239297745792,4.962704098360656,17865734.754098363,26.342358265585588,45.820464729828785,0.1515455027652252,0.0,0.992114701314478,0.0007377702247831,17410986.864142813,17410986.864142813,10.0,0.7462652526205786
7.005112852619244,125.47948006774315,4.962704098360656,17865734.754098363,99.04394742820726,48.696742142037635,0.1699778079829683,0.0,0.992114701314478,0.003111312144854,17420866.064420614,17420866.064420614,10.0,0.7487189733946318
7.1568420964477015,125.53799335406973,4.962704098360656,17865734.754098363,44.72509710242939,42.77550173968056,0.1329898451272593,0.0125,0.992114701314478,0.0010855011693733,17378709.381973755,17378709.381973755,10.0,0.7526610163987362
7.157841744399886,125.4562229057922,4.962704098360656,17865734.754098363,225.54354944783407,45.64524639389795,0.150450547814575,0.0,0.992114701314478,0.0062711559827392,17410399.99890133,17410399.99890133,10.0,0.7521451740531229
7.112534419467954,125.55061985991544,4.962704098360656,17865734.754098363,67.08354060367864,52.8195267030142,0.1978361909147317,0.0,0.992114701314478,0.0024527039853974,17435797.378824726,17435797.378824726,10.0,0.7525757986942506
7.142300779341781,125.58822699711148,4.962704098360656,17865734.754098363,54.63927577855731,46.66089404991458,0.1568425409349062,0.0375,0.992114701314478,0.0015243790129027,17346829.4231826,17346829.4231826,10.0,0.7538644789270001
7.475368112913997,125.5153598242304,4.962704098360656,17865734.754098363,32.14545105079189,41.217060842095485,0.1238906305070553,0.0,0.992114701314478,0.0007360060869699,17396164.62577012,17396164.62577012,10.0,0.7464739907079783
6.986613455365743,125.40250574463224,5.225479234972678,18811725.24590164,109.92553461105166,47.21333904126712,0.1603647669692766,0.0,0.992114701314478,0.0032578490888119,18337875.626585063,18337875.626585063,10.0,0.781372371358761
7.180284994206555,125.5800259595915,4.962704098360656,17865734.754098363,47.6564254232504,43.18236195934515,0.1354103374263772,0.0,0.992114701314478,0.0011926052126945,17402338.86661809,17402338.86661809,10.0,0.7523709995272934
7.388777434650581,125.29445916614976,4.962704098360656,17865734.754098363,96.5454195523464,42.95504434648603,0.1340557055805989,0.0,0.992114701314478,0.0023918855545184,17401612.821820706,17401612.821820706,10.057377049180328,0.7388608123828404
7.3064854043333725,125.45780994476598,4.962704098360656,17865734.754098363,56.084524788917435,52.50551494439729,0.1956574685971308,0.0375,0.992114701314478,0.0019519272714316,17367633.139245983,17367633.139245983,10.0,0.7489453128978455
7.174823188120758,125.61441160655052,4.962704098360656,17865734.754098363,198.0273688105529,43.25963789319157,0.1358721485435584,0.0,0.992114701314478,0.0049725490862294,17402586.384465873,17402586.384465873,10.0,0.7530460124977282
7.19408192773289,125.53753234771033,4.962704098360656,17865734.754098363,2863.8242348812805,24.95131170429312,0.0466667057312879,0.0,0.992114701314478,0.0246988608508637,17354774.761068694,17354774.761068694,10.0,0.7523955419660653
7.201762378888507,125.23808258333732,4.962704098360656,17865734.754098363,26.520992778625683,55.84636928353773,0.2192930798501773,0.0,0.992114701314478,0.0010748259005004,17447297.671415787,17447297.671415787,10.0,0.7431630420972128
7.403011209481575,125.26949967726,4.962704098360656,17865734.754098363,38.623501930066595,36.09662929315911,0.0959877275591359,0.0,0.992114701314478,0.0006851580696627,17381209.449882016,17381209.449882016,10.062841530054644,0.738878234951993
7.200635763921119,125.4919058905188,4.962704098360656,17865734.754098363,66.49436147047601,34.32761936550042,0.087086724283428,0.0125,0.992114701314478,0.0010568109349209,17354106.59253232,17354106.59253232,10.0,0.7527633150407408
7.486225707886956,125.49608650344344,4.962704098360656,17865734.754098363,71.84685863426319,46.324887032859216,0.1547158412886233,0.0,0.992114701314478,0.0020543100289466,17412686.076957002,17412686.076957002,10.0,0.7464955436227525
7.033417983954385,125.43603966424396,4.962704098360656,17865734.754098363,44.27929193752823,47.58121428149776,0.162727764681156,0.0,0.992114701314478,0.0013316366675391,17416980.243903037,17416980.243903037,10.0,0.7487682693641153
7.057823410757874,125.49056904148014,4.962704098360656,17865734.754098363,820.9546558745707,41.32552718499816,0.1245149969273395,0.0,0.992114701314478,0.0188914046821991,17396499.268715747,17396499.268715747,10.0,0.748810853156401
7.511050380128882,125.53191077953863,4.962704098360656,17865734.754098363,36.60257475853648,37.81725790465688,0.1050148177592216,0.0125,0.992114701314478,0.000701492032348,17363715.549412876,17363715.549412876,10.0,0.7458354143296682
6.994318948089241,125.27537546242144,5.225479234972678,18811725.24590164,41.97783797054488,46.96671063387074,0.1587884159786914,0.0,0.992114701314478,0.0012318626912616,18336986.01013328,18336986.01013328,10.05464480874317,0.7722918010223451
7.491007362385627,125.29260774353904,4.962704098360656,17865734.754098363,39.90270824959279,45.71687867645084,0.1508977898518764,0.0,0.992114701314478,0.0011127783579826,17410639.70812961,17410639.70812961,10.051912568306012,0.7397359429234558
7.526793337895835,125.2813437530711,4.962704098360656,17865734.754098363,93.13951907140108,39.53942224932796,0.114406625801929,0.0125,0.992114701314478,0.0019446690014529,17368749.29595345,17368749.29595345,10.07103825136612,0.7389487961229148
7.252410299269204,125.3943839669002,4.962704098360656,17865734.754098363,59.27070093628309,45.71946843534763,0.1509139694488212,0.0,0.992114701314478,0.0016530763954697,17410648.379941236,17410648.379941236,10.0,0.7435958293370066
7.141057402158981,125.6551515605276,4.962704098360656,17865734.754098363,137.81311667997016,40.88027512197909,0.1219605859465592,0.0375,0.992114701314478,0.0029897454516405,17328133.67051681,17328133.67051681,10.0,0.7538632182397353
7.2328459300857935,125.32315334253248,4.962704098360656,17865734.754098363,59.55014023463298,41.46186718206346,0.1253017214165742,0.0,0.992114701314478,0.0013789967572833,17396920.931047224,17396920.931047224,10.043715846994536,0.7375044859907951
7.208416452618577,125.47115351015906,4.962704098360656,17865734.754098363,96.57576789930874,45.652695926139074,0.1504970341372841,0.0,0.992114701314478,0.0026860836311173,17410424.91427067,17410424.91427067,10.0,0.7527782919498287
7.018619896648021,125.40595685059344,4.962704098360656,17865734.754098363,168.1562301261445,18.884651799323645,0.0269139526048449,0.0,0.992114701314478,0.0008363996927907,17344187.83762809,17344187.83762809,10.0,0.7442178561158108
7.282387276012275,125.34524394687574,4.962704098360656,17865734.754098363,97.53500742968475,38.77877199346353,0.1102149663618526,0.0,0.992114701314478,0.0019866644148867,17388834.852123994,17388834.852123994,10.0,0.7436480383102955
7.310255713789216,125.4247074377794,4.962704098360656,17865734.754098363,107.79388560233394,52.91406979170906,0.1984939442458783,0.0,0.992114701314478,0.0039542562307034,17436149.91622116,17436149.91622116,10.0,0.748961698543855
7.102523563529515,125.62480602284406,4.962704098360656,17865734.754098363,39.66342792513192,50.20931338606229,0.180007596441305,0.0,0.992114701314478,0.0013194851215222,17426241.750627704,17426241.750627704,10.0,0.753791821492983
7.326786490346079,125.2819397810303,4.962704098360656,17865734.754098363,69.58041270400645,41.95731767718502,0.1281784569448578,0.0,0.992114701314478,0.0016482590098634,17398462.780864406,17398462.780864406,10.043715846994536,0.7390843264344977
7.218085227443037,125.52219391593889,4.962704098360656,17865734.754098363,216.21596232347375,43.88871864243638,0.1396561868317295,0.0125,0.992114701314478,0.0055107214089828,17382282.354753923,17382282.354753923,10.0,0.7524529530854341
7.216964751034555,125.291697724867,4.962704098360656,17865734.754098363,283.14378232074347,38.53767200521743,0.108900657991567,0.0125,0.992114701314478,0.0056272739246539,17365798.25113951,17365798.25113951,10.049180327868852,0.7374894259459935
7.521364852798468,125.3770191960185,4.962704098360656,17865734.754098363,25.99833176436132,49.2553251599909,0.1736553298196655,0.025,0.992114701314478,0.0008135076350872,17378172.776425976,17378172.776425976,10.0,0.7423913608896812
7.103143005334832,125.45102388153263,4.962704098360656,17865734.754098363,73.12803808653696,48.75408851543827,0.1703539182027966,0.0,0.992114701314478,0.0023022870359696,17421067.64898339,17421067.64898339,10.0,0.7520399910056816
7.044858576305347,125.3561017847674,4.962704098360656,17865734.754098363,37.64164548447054,42.97728230925873,0.1341879722741537,0.0,0.992114701314478,0.000933481272049,17401683.713070624,17401683.713070624,10.0,0.7442587897712944
7.188586579962757,125.51774804264988,4.962704098360656,17865734.754098363,348.5537784012911,40.72782164863393,0.1210911993512737,0.0,0.992114701314478,0.0078002010109445,17394664.208935376,17394664.208935376,10.0,0.7523792223221183
7.010313069921076,125.49226237808348,4.962704098360656,17865734.754098363,1062.4546354854847,42.8952757784471,0.133700488037378,0.0,0.992114701314478,0.0262522666702911,17401422.43514849,17401422.43514849,10.0,0.7487252487903525
7.476122053731654,125.26351971398044,4.962704098360656,17865734.754098363,485.9863886478462,42.78291181669305,0.1330337640594828,0.0,0.992114701314478,0.0119483903930202,17401065.089736193,17401065.089736193,10.057377049180328,0.7397052432355432
7.113089798897043,125.45336923889992,4.962704098360656,17865734.754098363,246.4486270841145,29.210352287247655,0.0635830420960779,0.0,0.992114701314478,0.0028959504364406,17363841.44442383,17363841.44442383,10.0,0.7520617762650037
7.429913190773156,125.38479416934663,4.962704098360656,17865734.754098363,48.59890258355836,48.7941906678642,0.1706171272175059,0.0,0.992114701314478,0.0015324012821354,17421208.72165664,17421208.72165664,10.0,0.7429149295930311
7.350489009253602,125.51315285101036,4.962704098360656,17865734.754098363,37.50535686525314,48.357661025847776,0.1677606899515116,0.0,0.992114701314478,0.0011628050914052,17419677.75114056,17419677.75114056,10.0,0.74938810199362
7.04689347788301,125.5237447629533,4.962704098360656,17865734.754098363,38.6479523814096,45.15675068483213,0.1474151881830234,0.0125,0.992114701314478,0.0010397507535779,17386440.96255689,17386440.96255689,10.0,0.7528155279149548
7.084676117285398,125.48274602937622,4.962704098360656,17865734.754098363,73.80020206935258,37.77728952616937,0.1048010550871347,0.0,0.992114701314478,0.0014293764576399,17385933.147039503,17385933.147039503,10.0,0.7488481879929103
7.584190898689027,125.42364324555068,4.962704098360656,17865734.754098363,41.74818841645064,37.19712910460999,0.1017198942918016,0.0,0.992114701314478,0.000784814383669,17384281.730994377,17384281.730994377,10.0,0.743207704078617
7.346169101895221,125.39394852331078,4.962704098360656,17865734.754098363,36.740708516948416,43.720966180345904,0.1386428581573986,0.0,0.992114701314478,0.0009413875468149,17404071.407357115,17404071.407357115,10.0,0.7438125414436064
7.204776707586253,125.258280517086,4.962704098360656,17865734.754098363,378.3686503948254,38.19054198065508,0.1070205173227087,0.0,0.992114701314478,0.0074835146090167,17387122.71674743,17387122.71674743,10.057377049180328,0.7374669387000965
7.451628715779985,125.41498964843596,4.962704098360656,17865734.754098363,228.46982380909847,38.31514962299382,0.1076937665843656,0.0,0.992114701314478,0.0045471871856914,17387483.559529394,17387483.559529394,10.0,0.7429516304573549
7.04183275149457,125.40305692043331,4.962704098360656,17865734.754098363,56.130768922736095,39.809173794668986,0.1159094880441296,0.0,0.992114701314478,0.0012023845803461,17391886.956541806,17391886.956541806,10.0,0.7442609757075819
7.192908089235546,125.24442147741624,4.962704098360656,17865734.754098363,26.520992778625683,55.84636928353773,0.2192930798501773,0.0,0.992114701314478,0.0010748259005004,17447297.671415787,17447297.671415787,10.0,0.7431516572885654
7.178175445463451,125.5470301519026,4.962704098360656,17865734.754098363,17.49362853590059,48.268855058777945,0.1671819423713549,0.0,0.992114701314478,0.0005404962510829,17419367.55861786,17419367.55861786,10.0,0.7523648324484609
7.162673595825173,125.2493958864818,4.962704098360656,17865734.754098363,28.83854245371696,44.88403266075533,0.1457317378148104,0.0125,0.992114701314478,0.0007669869483027,17385538.680224385,17385538.680224385,10.0,0.7441349140783413
7.031981054876962,125.47408438108592,4.962704098360656,17865734.754098363,82.62194470444058,50.02884779382071,0.1787990833546561,0.0,0.992114701314478,0.0027301349825756,17425594.02140012,17425594.02140012,10.0,0.7487657316204256
7.372716547032146,125.35547601009796,4.962704098360656,17865734.754098363,28.80866087257971,45.562702572723424,0.1499358562740086,0.0,0.992114701314478,0.0007982740183459,17410124.138625015,17410124.138625015,10.0,0.7438372047363639
7.12734633895233,125.56535932463716,4.962704098360656,17865734.754098363,32.36726664964639,56.81597664696079,0.2263350627074595,0.0,0.992114701314478,0.0013538834596803,17451071.977351923,17451071.977351923,10.0,0.7526043534405421
7.116598064612562,125.3754741747077,4.962704098360656,17865734.754098363,148.95462281326053,27.444743716129597,0.0562721335674472,0.0,0.992114701314478,0.0015490690854229,17359923.00184631,17359923.00184631,10.0,0.7450956147299905
7.245297641118019,125.30544595713616,4.962704098360656,17865734.754098363,347.3671318125524,32.539193316247854,0.0784881462876546,0.0,0.992114701314478,0.0050386734572418,17371830.163562894,17371830.163562894,10.049180327868852,0.737542449659993
7.058005052880367,125.30838388420786,4.962704098360656,17865734.754098363,21.97482359879272,31.692078124261815,0.0745581227595195,0.0125,0.992114701314478,0.0002990066762903,17347391.61238234,17347391.61238234,10.03551912568306,0.736338643344899
7.378545307006524,125.51114821844835,4.962704098360656,17865734.754098363,119.17711638328628,43.87310027130417,0.1395617116639416,0.0,0.992114701314478,0.0030738493525851,17404563.88714789,17404563.88714789,10.0,0.7494391681823621
7.168206741289256,125.58846863976132,4.962704098360656,17865734.754098363,23.686192339680368,44.75832247411055,0.1449584466140555,0.0,0.992114701314478,0.0006345446647891,17407456.386202596,17407456.386202596,10.0,0.7530330379978718
7.140063160635425,125.389508287843,4.962704098360656,17865734.754098363,159.81672402865735,39.2827583549733,0.1129846130706141,0.0,0.992114701314478,0.0033370671492824,17390319.305327833,17390319.305327833,10.0,0.7451417967786582
7.019239098825809,125.42023230061106,4.962704098360656,17865734.754098363,76.91343194834079,50.52487396405671,0.1821284135084891,0.0125,0.992114701314478,0.0025564683371471,17405046.280840613,17405046.280840613,10.0,0.74874163329288
6.984233405305233,125.43402731162423,5.225479234972678,18811725.24590164,180.10633946876268,52.078419941517666,0.1927088202122689,0.0,0.992114701314478,0.0064143700506684,18356129.04987344,18356129.04987344,10.0,0.7879489519188604
7.321176655816984,125.5481997127464,4.962704098360656,17865734.754098363,18.48954308920715,40.861736625732526,0.1218547245921611,0.0,0.992114701314478,0.0004163820226061,17395073.43711833,17395073.43711833,10.0,0.7507147273554143
7.3268222368925935,125.3811854567522,4.962704098360656,17865734.754098363,214.43343652442985,34.357117468314414,0.0872319440915207,0.0,0.992114701314478,0.0034569370888084,17376516.594732117,17376516.594732117,10.0,0.7437435314926896
7.2551513199197055,125.50654391217527,4.962704098360656,17865734.754098363,109.18697159449732,37.66410612897532,0.1041967606397585,0.0,0.992114701314478,0.0021025602857387,17385609.2621102,17385609.2621102,10.0,0.750597514401879
7.409974938013855,125.38338922557304,4.962704098360656,17865734.754098363,49.80585876727402,45.48265139442765,0.1494374012624975,0.025,0.992114701314478,0.0013411204160545,17365192.643789094,17365192.643789094,10.0,0.7439300894244139
7.232125629015187,125.68807291366544,4.962704098360656,17865734.754098363,61.67460371866925,44.84658263905889,0.1455011899598585,0.0,0.992114701314478,0.001658426893452,17407747.281462267,17407747.281462267,10.0,0.7535108519041039
7.234305490266816,125.4056946571377,4.962704098360656,17865734.754098363,64.76455934309413,37.90306634076379,0.1054743957261841,0.0,0.992114701314478,0.0012624316667841,17386294.038797196,17386294.038797196,10.0,0.744943088041147
7.599703999971233,125.42168400838216,4.962704098360656,17865734.754098363,13.512882178045585,44.03456601752277,0.1405397057779118,0.0,0.992114701314478,0.0003509703663442,17405088.06465083,17405088.06465083,10.0,0.7415069893640402
7.189530279011348,125.55656464856928,4.962704098360656,17865734.754098363,59.39218371314944,44.969032716652414,0.1462555721465153,0.025,0.992114701314478,0.0015651996760376,17363487.27233852,17363487.27233852,10.0,0.7523842554954764
7.23604861880202,125.395765530093,4.962704098360656,17865734.754098363,58.23637211843828,44.99135052025891,0.1463932403439617,0.0,0.992114701314478,0.0015755738173628,17408225.39552876,17408225.39552876,10.0,0.7449614128382189
7.429129313061799,125.31275521431688,4.962704098360656,17865734.754098363,49.43015931920385,51.18956797049052,0.1866271512082724,0.0,0.992114701314478,0.0017048660243848,17429789.646917414,17429789.646917414,10.040983606557377,0.7396173175820744
7.126751052619903,125.5626461742975,4.962704098360656,17865734.754098363,10.357499693799664,45.17622114781464,0.1475356826020977,0.0,0.992114701314478,0.0002824069747098,17408837.71263943,17408837.71263943,10.0,0.7526041893677634
7.35307260001619,125.51632428032777,4.962704098360656,17865734.754098363,28.11870043600369,46.28484301459469,0.154463179938503,0.0125,0.992114701314478,0.0007926486780571,17390218.489094466,17390218.489094466,10.0,0.7493908588871002
7.044600137431708,125.62035625989172,4.962704098360656,17865734.754098363,41.93983534952473,48.7650964308501,0.170426152179588,0.0,0.992114701314478,0.0013209499989257,17421106.364375476,17421106.364375476,10.0,0.7538635905409521
7.271887859926357,125.31103711437612,4.962704098360656,17865734.754098363,195.62911899438225,40.87550767348427,0.1219333583529386,0.0125,0.992114701314478,0.0043532795620099,17372783.41417309,17372783.41417309,10.030054644808743,0.7389657908409307
7.226173165933166,125.23876421935712,4.962704098360656,17865734.754098363,378.3686503948254,38.19054198065508,0.1070205173227087,0.0,0.992114701314478,0.0074835146090167,17387122.71674743,17387122.71674743,10.0,0.743214877614913
7.052812235516019,125.59562384426876,4.962704098360656,17865734.754098363,206.7497813836484,39.77997179225588,0.1157463838877666,0.0375,0.992114701314478,0.0042567353294556,17324803.03194609,17324803.03194609,10.0,0.7538700060062616
7.279913032465672,125.4602325526466,4.962704098360656,17865734.754098363,104.18740615423256,44.96931437057341,0.1462573092047943,0.0125,0.992114701314478,0.0027809509466012,17385820.37179582,17385820.37179582,10.0,0.7488875880698588
7.0770352186995344,125.48559084385872,4.962704098360656,17865734.754098363,140.4406029569781,43.70871430648334,0.1385689705327816,0.0,0.992114701314478,0.0035965168122628,17404031.805656027,17404031.805656027,10.0,0.7488472416480764
7.396208632605497,125.2881722513295,4.962704098360656,17865734.754098363,96.5454195523464,42.95504434648603,0.1340557055805989,0.0,0.992114701314478,0.0023918855545184,17401612.821820706,17401612.821820706,10.057377049180328,0.7388720198365062
7.14452849415471,125.40740281187117,4.962704098360656,17865734.754098363,188.9363418195865,32.496588214819674,0.0782882805822656,0.0125,0.992114701314478,0.0026994344154322,17349390.872689907,17349390.872689907,10.0,0.7451447895016889
7.3451079023051955,125.40079472966826,4.962704098360656,17865734.754098363,36.740708516948416,43.720966180345904,0.1386428581573986,0.0,0.992114701314478,0.0009413875468149,17404071.407357115,17404071.407357115,10.0,0.7437972184948284
7.057154883409595,125.3363790635582,4.962704098360656,17865734.754098363,21.97482359879272,31.692078124261815,0.0745581227595195,0.0125,0.992114701314478,0.0002990066762903,17347391.61238234,17347391.61238234,10.0,0.7442872307354458
7.408072033444401,125.47340626533165,4.962704098360656,17865734.754098363,77.4866558483795,50.42191999969812,0.1814354184475566,0.0,0.992114701314478,0.0025981989787787,17427007.0233049,17427007.0233049,10.0,0.7463449547450254
7.239661621416719,125.3113511534396,4.962704098360656,17865734.754098363,347.3671318125524,32.539193316247854,0.0784881462876546,0.0,0.992114701314478,0.0050386734572418,17371830.163562894,17371830.163562894,10.049180327868852,0.7375318018664686
7.096506364369378,125.43084969092368,4.962704098360656,17865734.754098363,33.947126304981694,27.434282965470665,0.0562300673026493,0.0,0.992114701314478,0.0003527727564282,17359900.45550444,17359900.45550444,10.0,0.7520411216030752
7.05100723094311,125.4885911705412,4.962704098360656,17865734.754098363,654.0001483737627,43.48264003796874,0.1372085493845426,0.0,0.992114701314478,0.0165837384107081,17403302.657954376,17403302.657954376,10.0,0.7488005342510201
7.029893028908624,125.4620690269216,4.962704098360656,17865734.754098363,113.77998589030638,40.73010132435075,0.121104179769103,0.0,0.992114701314478,0.0025465278318531,17394671.166076437,17394671.166076437,10.0,0.7487584051583175
7.158619553942,125.4504594045887,4.962704098360656,17865734.754098363,225.54354944783407,45.64524639389795,0.150450547814575,0.0,0.992114701314478,0.0062711559827392,17410399.99890133,17410399.99890133,10.0,0.7521466327704606
7.237966474029343,125.4344905070734,4.962704098360656,17865734.754098363,85.06250394443622,39.19718120062248,0.1125122090397158,0.0125,0.992114701314478,0.0017466196328886,17367733.941531826,17367733.941531826,10.0,0.7528355773810055
7.274464173742799,125.65303900474328,4.962704098360656,17865734.754098363,102.44314763482984,44.91768456914204,0.1459390330335852,0.0,0.992114701314478,0.0027629803565465,17407981.95310884,17407981.95310884,10.0,0.750959986486924
7.102789951692881,125.61014613869672,4.962704098360656,17865734.754098363,24.96931377130924,49.20689286831382,0.1733352348506278,0.0,0.992114701314478,0.0007998653414773,17422665.551356833,17422665.551356833,10.0,0.7537779883161763
7.004986582756045,125.3864518533053,4.962704098360656,17865734.754098363,64.36054177089046,40.43067519283573,0.1194043970195707,0.0,0.992114701314478,0.0014202455264055,17393760.13004415,17393760.13004415,10.0,0.7441925792153155
7.390586648055648,125.4193837521911,4.962704098360656,17865734.754098363,26.342358265585588,45.820464729828785,0.1515455027652252,0.0,0.992114701314478,0.0007377702247831,17410986.864142813,17410986.864142813,10.0,0.7463167656938725
7.071359610526851,125.52457248851124,4.962704098360656,17865734.754098363,634.0390920247631,47.22189809188061,0.1604195861814084,0.0,0.992114701314478,0.0187973594401406,17415743.12475779,17415743.12475779,10.0,0.7528620857122595
7.4704778896033055,125.23543620523124,4.962704098360656,17865734.754098363,165.75069324833808,45.46823609725401,0.1493477141517625,0.025,0.992114701314478,0.0044604838167379,17365144.574005157,17365144.574005157,10.049180327868852,0.7417722086504925
7.015431998920368,125.29770402518054,4.962704098360656,17865734.754098363,21.97482359879272,31.692078124261815,0.0745581227595195,0.0125,0.992114701314478,0.0002990066762903,17347391.61238234,17347391.61238234,10.032786885245901,0.7362532094427845
7.2021665277324844,125.51315057607006,4.962704098360656,17865734.754098363,83.18809348319462,50.36704987861763,0.1810665013399664,0.0125,0.992114701314478,0.0027489054634212,17404477.125606563,17404477.125606563,10.0,0.7524048778673358
7.089192571480922,125.61721578362123,4.962704098360656,17865734.754098363,559.5705160174984,47.3496921154505,0.1612389849698185,0.0,0.992114701314478,0.0166743263688551,17416182.299600136,17416182.299600136,10.0,0.7537735850787605
7.188122532259197,125.42352969077686,4.962704098360656,17865734.754098363,154.49319768793535,43.73422795163601,0.1387228548132348,0.0,0.992114701314478,0.0039607807162254,17404114.28332815,17404114.28332815,10.0,0.7527386531853916
7.028144756500938,125.52975855239106,4.962704098360656,17865734.754098363,230.24811737393017,48.34319548277506,0.1676663637012117,0.0,0.992114701314478,0.0071345313789307,17419627.194907513,17419627.194907513,10.0,0.7527774600572449
7.1155711550437974,125.4488529191828,4.962704098360656,17865734.754098363,246.4486270841145,29.210352287247655,0.0635830420960779,0.0,0.992114701314478,0.0028959504364406,17363841.44442383,17363841.44442383,10.0,0.7520818299995604
7.04611398531698,125.64199977586088,4.962704098360656,17865734.754098363,69.88507999453897,49.42218415462153,0.174759905568521,0.0625,0.992114701314478,0.0021160258230453,17311768.292818453,17311768.292818453,10.0,0.753872530688552
7.413795740658304,125.24363943864746,4.962704098360656,17865734.754098363,162.02311043634774,43.869302740630424,0.1395387445357215,0.0,0.992114701314478,0.0041782574424279,17404551.577409264,17404551.577409264,10.019125683060109,0.7420121409836087
7.500798368658229,125.43498918944132,4.962704098360656,17865734.754098363,37.28312676679267,47.34089922693027,0.1611825520682783,0.0125,0.992114701314478,0.0010967076645023,17393819.884700004,17393819.884700004,10.0,0.745302673491414
7.476576178846773,125.25338465021991,4.962704098360656,17865734.754098363,272.1121025877507,40.496590079644946,0.1197776921381824,0.0,0.992114701314478,0.0060234764669139,17393960.205791377,17393960.205791377,10.049180327868852,0.7417839614977272
7.099957047503303,125.438840241688,4.962704098360656,17865734.754098363,85.07777422977442,49.18749413186493,0.1732070916720785,0.0,0.992114701314478,0.0027233609633033,17422596.870195676,17422596.870195676,10.0,0.7520391926645106
6.972980014112962,125.50234101680525,5.225479234972678,18811725.24590164,330.35538115122387,48.55735912538396,0.1690650337318815,0.0,0.992114701314478,0.0103218751064007,18342785.63742219,18342785.63742219,10.0,0.7986222553730133
7.382607957781171,125.3183878163277,4.962704098360656,17865734.754098363,33.45791203407133,44.63520468072129,0.1442027588094497,0.0,0.992114701314478,0.0008916528932097,17407051.358666375,17407051.358666375,10.051912568306012,0.7388378892005742
6.9947502937556365,125.57725656846895,5.225479234972678,18811725.24590164,65.64001609380634,44.97223773739768,0.1462753391356589,0.0375,0.992114701314478,0.0017079059427004,18259380.26355459,18259380.26355459,10.0,0.7953434038365712
7.130571908974529,125.58676794397054,4.962704098360656,17865734.754098363,173.3860434155531,49.03036024669749,0.1721704866682739,0.025,0.992114701314478,0.0053789917482265,17377376.942009147,17377376.942009147,10.0,0.7538418116813789
7.012489159079719,125.4044192764629,4.962704098360656,17865734.754098363,168.1562301261445,18.884651799323645,0.0269139526048449,0.0,0.992114701314478,0.0008363996927907,17344187.83762809,17344187.83762809,10.0,0.7442064899633133
7.534845939260464,125.37802186528135,4.962704098360656,17865734.754098363,25.99833176436132,49.2553251599909,0.1736553298196655,0.025,0.992114701314478,0.0008135076350872,17378172.776425976,17378172.776425976,10.013661202185792,0.7424089876756852
7.473289450845344,125.28074458630122,4.962704098360656,17865734.754098363,52.97655984751353,45.73199256208047,0.1509922243725806,0.0,0.992114701314478,0.0014782972022834,17410690.322392568,17410690.322392568,10.051912568306012,0.739692809099331
7.280726022448202,125.31563344794527,4.962704098360656,17865734.754098363,195.62911899438225,40.87550767348427,0.1219333583529386,0.0125,0.992114701314478,0.0043532795620099,17372783.41417309,17372783.41417309,10.027322404371585,0.7389893313405408
7.061331501684776,125.46769857087716,4.962704098360656,17865734.754098363,203.3138424156374,40.46625290464945,0.1196058213837445,0.0,0.992114701314478,0.0044940995149603,17393868.08787205,17393868.08787205,10.0,0.7488232046160859
7.013936414637006,125.5641186572602,4.962704098360656,17865734.754098363,65.64001609380634,44.97223773739768,0.1462753391356589,0.0375,0.992114701314478,0.0017079059427004,17341165.698449448,17341165.698449448,10.0,0.7527402990570055
7.417038319359346,125.38516346402092,4.962704098360656,17865734.754098363,48.59890258355836,48.7941906678642,0.1706171272175059,0.0,0.992114701314478,0.0015324012821354,17421208.72165664,17421208.72165664,10.0,0.7428899307744641
7.505724889944467,125.29278129056532,4.962704098360656,17865734.754098363,90.52395806752692,43.6704163154196,0.1383381126481793,0.0125,0.992114701314478,0.0022854193721123,17381575.90384144,17381575.90384144,10.065573770491802,0.7389149855628876
7.284789638774903,125.54940956417988,4.962704098360656,17865734.754098363,26.02076679806681,47.35235308169804,0.1612560646671042,0.0,0.992114701314478,0.0007754602956682,17416191.45384038,17416191.45384038,10.0,0.7506467737393557
7.415134329314425,125.4725004551452,4.962704098360656,17865734.754098363,71.9214354315892,43.1247734696897,0.1350666122945706,0.0,0.992114701314478,0.0017952699960875,17402154.639557093,17402154.639557093,10.0,0.7463588822846772
7.346172299130354,125.45199321645896,4.962704098360656,17865734.754098363,212.1386902533137,26.545040189370837,0.052708335398925,0.0125,0.992114701314478,0.00204060857474,17335680.737219807,17335680.737219807,10.0,0.7462225519531465
7.2020816425254495,125.32833278307214,4.962704098360656,17865734.754098363,299.9972938276951,43.67373670338749,0.1383581213423301,0.0,0.992114701314478,0.0076708839496767,17403918.796384733,17403918.796384733,10.040983606557377,0.7374612440201264
7.027600646097358,125.63256344847112,4.962704098360656,17865734.754098363,82.57187653851352,52.105061512314734,0.192892255014684,0.0125,0.992114701314478,0.0029067485737103,17410815.398959156,17410815.398959156,10.0,0.7538365585519705
7.075919682320907,125.5041906293244,4.962704098360656,17865734.754098363,101.59794821446468,55.556243103224425,0.2172015103149886,0.0125,0.992114701314478,0.0040272473224402,17423844.480177104,17423844.480177104,10.0,0.7528706336311418
7.118491885756844,125.41089526348574,4.962704098360656,17865734.754098363,193.86794878164696,43.03041018543846,0.1345041886839669,0.0,0.992114701314478,0.0048190922889868,17401853.1962257,17401853.1962257,10.0,0.7450909182069375
7.578259632405247,125.42710386615865,4.962704098360656,17865734.754098363,42.27861757156095,32.67563487405459,0.0791297780259439,0.0,0.992114701314478,0.0006182785000885,17372174.06023628,17372174.06023628,10.0,0.7432055731269074
7.261182728806581,125.46181009746334,4.962704098360656,17865734.754098363,269.653502765591,48.61345541757891,0.1694321549992657,0.0125,0.992114701314478,0.0083380102367141,17398241.441233754,17398241.441233754,10.0,0.7488523330149462
7.202432726173394,125.5755068120119,4.962704098360656,17865734.754098363,504.2121978832286,43.14647127989729,0.1351960755099835,0.0,0.992114701314478,0.0125979781820767,17402224.028221104,17402224.028221104,10.0,0.7524006067176124
7.1750856563495375,125.4225856521803,4.962704098360656,17865734.754098363,106.18851831008166,41.19776493440487,0.1237796983462749,0.0,0.992114701314478,0.0024291279991207,17396105.16923332,17396105.16923332,10.0,0.7527134227454141
7.419888958741379,125.2899735768634,4.962704098360656,17865734.754098363,10.185925843251336,48.272103656656135,0.1672030993698453,0.0,0.992114701314478,0.0003147518217936,17419378.898177557,17419378.898177557,10.046448087431694,0.7395967817339393
7.249681365058022,125.64002730300996,4.962704098360656,17865734.754098363,36141.5904138944,42.70277950447209,0.1325591521303706,0.0,0.992114701314478,0.8854017914499525,17400810.711011093,17400810.711011093,10.0,0.753183165556119
7.370594952337826,125.35383092753952,4.962704098360656,17865734.754098363,28.80866087257971,45.562702572723424,0.1499358562740086,0.0,0.992114701314478,0.0007982740183459,17410124.138625015,17410124.138625015,10.0,0.7438468896570478
7.403648935709317,125.4549226577752,4.962704098360656,17865734.754098363,100.2659098210938,53.70318923519687,0.2040158411128284,0.0,0.992114701314478,0.0037804248399335,17439109.498564094,17439109.498564094,10.0,0.7463362694582913
7.280924981266207,125.34881444291167,4.962704098360656,17865734.754098363,97.53500742968475,38.77877199346353,0.1102149663618526,0.0,0.992114701314478,0.0019866644148867,17388834.852123994,17388834.852123994,10.0,0.7436480383102955
7.262850084557745,125.46121373763664,4.962704098360656,17865734.754098363,269.653502765591,48.61345541757891,0.1694321549992657,0.0125,0.992114701314478,0.0083380102367141,17398241.441233754,17398241.441233754,10.0,0.7488523330149462
7.371558442203676,125.384587841898,4.962704098360656,17865734.754098363,69.9467236541887,51.16975202226598,0.1864924212866488,0.0,0.992114701314478,0.0024107489329368,17429717.435446117,17429717.435446117,10.0,0.7438470847445035
7.040037854246617,125.46700994134969,4.962704098360656,17865734.754098363,1298.3938613148196,10.291378265166866,0.0080440337334634,0.0,0.992114701314478,0.0019302064194135,17334074.088666465,17334074.088666465,10.0,0.7487820488718175
7.189418799259147,125.63446625217304,4.962704098360656,17865734.754098363,38.517255400119446,43.58395294846495,0.13781751127156,0.0,0.992114701314478,0.0009810319584583,17403629.044500843,17403629.044500843,10.0,0.753081570464728
7.089807791035871,125.42505775319616,4.962704098360656,17865734.754098363,33.947126304981694,27.434282965470665,0.0562300673026493,0.0,0.992114701314478,0.0003527727564282,17359900.45550444,17359900.45550444,10.0,0.7520164570385935
7.412253646289128,125.48300320852924,4.962704098360656,17865734.754098363,17.95251269315846,46.680843723744594,0.1569691808985702,0.0,0.992114701314478,0.0005207904999854,17413893.80399047,17413893.80399047,10.0,0.7463523410111546
7.089033290603418,125.3539424313606,4.962704098360656,17865734.754098363,75.84324120821711,52.06309095049334,0.1926033058524051,0.0,0.992114701314478,0.0026996287254985,17432992.698729057,17432992.698729057,10.0,0.7450372581359762
7.52506739938822,125.35959657639776,4.962704098360656,17865734.754098363,25.99833176436132,49.2553251599909,0.1736553298196655,0.025,0.992114701314478,0.0008135076350872,17378172.776425976,17378172.776425976,10.024590163934427,0.7424128261718049
7.256851042716567,125.3573435264012,4.962704098360656,17865734.754098363,650.5889298181045,48.17439998830854,0.1665672571336137,0.0,0.992114701314478,0.0200271763679585,17419038.10451542,17419038.10451542,10.0,0.7436088055644082
7.445417610254376,125.53344441003198,4.962704098360656,17865734.754098363,16.170153829807926,44.59131561002881,0.1439337680043014,0.0,0.992114701314478,0.0004301305260597,17406907.187115096,17406907.187115096,10.0,0.7464146345922392
7.526160049565269,125.30072004748786,4.962704098360656,17865734.754098363,90.52395806752692,43.6704163154196,0.1383381126481793,0.0125,0.992114701314478,0.0022854193721123,17381575.90384144,17381575.90384144,10.065573770491802,0.7389527695733343
7.039602139833937,125.34982768218929,4.962704098360656,17865734.754098363,37.64164548447054,42.97728230925873,0.1341879722741537,0.0,0.992114701314478,0.000933481272049,17401683.713070624,17401683.713070624,10.0,0.7442567958795078
7.362863048177989,125.28313071281411,4.962704098360656,17865734.754098363,507.5370546192472,36.99270034855798,0.1006439117119957,0.0,0.992114701314478,0.0094401453687911,17383705.034413252,17383705.034413252,10.057377049180328,0.7387861558890524
7.042831250102727,125.37051963176988,4.962704098360656,17865734.754098363,37.64164548447054,42.97728230925873,0.1341879722741537,0.0,0.992114701314478,0.000933481272049,17401683.713070624,17401683.713070624,10.0,0.7442554735945804
7.449234587535497,125.50589123050742,4.962704098360656,17865734.754098363,30.46500698527457,43.586331122916874,0.1378318193840923,0.0125,0.992114701314478,0.0007663220008258,17381304.544806518,17381304.544806518,10.0,0.7464284865861164
7.057228244069736,125.59801194394583,4.962704098360656,17865734.754098363,188.25079430771592,52.69211614028898,0.196951074434764,0.0125,0.992114701314478,0.0067663692627899,17412990.812694374,17412990.812694374,10.0,0.7538874741735136
7.484762394844258,125.48466688226496,4.962704098360656,17865734.754098363,36.67297216167149,45.03976571455776,0.1466920756710809,0.0,0.992114701314478,0.0009942055462548,17408385.562909443,17408385.562909443,10.0,0.7452629662926114
7.091116830138877,125.29484981728788,4.962704098360656,17865734.754098363,109.35345841406912,46.35748317176759,0.1549216340983766,0.0,0.992114701314478,0.003130891451163,17412796.376149606,17412796.376149606,10.032786885245901,0.7363826206032489
7.426666306583755,125.31096190905107,4.962704098360656,17865734.754098363,49.43015931920385,51.18956797049052,0.1866271512082724,0.0,0.992114701314478,0.0017048660243848,17429789.646917414,17429789.646917414,10.040983606557377,0.7396173175820744
7.093814040362404,125.52890058467462,4.962704098360656,17865734.754098363,99.86191043202804,37.47474674526575,0.1031892118452663,0.05,0.992114701314478,0.0018091775490919,17295740.57035428,17295740.57035428,10.0,0.7525376100640463
7.571227580686193,125.425741784533,4.962704098360656,17865734.754098363,27.1594195595681,46.37355474671445,0.1550231416640348,0.0,0.992114701314478,0.0007781089971772,17412850.78136691,17412850.78136691,10.0,0.7431915319646902
7.058508099205561,125.4738368913621,4.962704098360656,17865734.754098363,92.2660790070135,51.89172305804672,0.1914252253760079,0.0,0.992114701314478,0.0032641089854895,17432361.28052975,17432361.28052975,10.0,0.7488232046160859
7.08800502450481,125.43330500174464,4.962704098360656,17865734.754098363,33.947126304981694,27.434282965470665,0.0562300673026493,0.0,0.992114701314478,0.0003527727564282,17359900.45550444,17359900.45550444,10.0,0.7520164570385935
7.29907349491645,125.38125104968552,4.962704098360656,17865734.754098363,42.725753313205686,46.26166186861315,0.1543169935298941,0.0,0.992114701314478,0.0012185038373423,17412472.30570906,17412472.30570906,10.0,0.743699484029092
7.464741781866717,125.53867640501942,4.962704098360656,17865734.754098363,43.20884815858504,50.32223998281891,0.1807654407208525,0.0,0.992114701314478,0.0014434824649184,17426647.933974206,17426647.933974206,10.0,0.7464368174567912
7.212793101646027,125.27248388824916,4.962704098360656,17865734.754098363,147.36915610097228,45.864615772829254,0.1518219209882921,0.0,0.992114701314478,0.004134895114357,17411135.016582448,17411135.016582448,10.05464480874317,0.7374690624749165
7.044853032539321,125.44142571029124,4.962704098360656,17865734.754098363,38.42490204234172,43.771465778810594,0.1389475814854468,0.0,0.992114701314478,0.0009867046612287,17404234.730541684,17404234.730541684,10.0,0.7487897558194264
7.243080928542899,125.4147821317042,4.962704098360656,17865734.754098363,128.3321965150191,46.564709761668595,0.1562325498988523,0.0,0.992114701314478,0.0037053613539611,17413498.99036889,17413498.99036889,10.0,0.7449742708879344
7.208596280576573,125.50494392482128,4.962704098360656,17865734.754098363,269.30981672749436,53.11640402513912,0.1999043761975193,0.0,0.992114701314478,0.0099494232189735,17436905.868315265,17436905.868315265,10.0,0.7524340763271391
7.160307454309599,125.4607060017705,4.962704098360656,17865734.754098363,126.1252705742164,40.56100804559494,0.120142995972719,0.0,0.992114701314478,0.0028004252673696,17394155.99843375,17394155.99843375,10.0,0.7521451740531229
7.547906556950072,125.4549453203331,4.962704098360656,17865734.754098363,75.39725970040838,37.10818661482754,0.1012511338571112,0.0,0.992114701314478,0.0014108436119272,17384030.488506697,17384030.488506697,10.0,0.7431448258752615
7.055676069176994,125.32579481581168,4.962704098360656,17865734.754098363,21.97482359879272,31.692078124261815,0.0745581227595195,0.0125,0.992114701314478,0.0002990066762903,17347391.61238234,17347391.61238234,10.0,0.7442965872157207
7.260632352035946,125.54856404708588,4.962704098360656,17865734.754098363,13.411919537611269,42.622612011168414,0.1320850510186099,0.0,0.992114701314478,0.0003273919725061,17400556.60606981,17400556.60606981,10.0,0.7505996471307014
7.450301208131838,125.54550235804462,4.962704098360656,17865734.754098363,24.755571283619545,48.575475693634,0.169183562652363,0.0,0.992114701314478,0.0007740241978547,17420440.37112843,17420440.37112843,10.0,0.7464242599795605
7.141114152344777,125.35922516687496,4.962704098360656,17865734.754098363,31.54397934795365,44.73660727021859,0.1448250411438005,0.0,0.992114701314478,0.0008442742802182,17407384.884600207,17407384.884600207,10.0,0.745138323850285
7.13390303934259,125.45299609717318,4.962704098360656,17865734.754098363,113.45791321400164,51.52858505987634,0.1889379433495296,0.0,0.992114701314478,0.0039616617654486,17431028.16690144,17431028.16690144,10.0,0.7520990358110399
7.441274073976113,125.53762851588604,4.962704098360656,17865734.754098363,24.755571283619545,48.575475693634,0.169183562652363,0.0,0.992114701314478,0.0007740241978547,17420440.37112843,17420440.37112843,10.0,0.7464056628923079
7.426378664076559,125.4439831114206,4.962704098360656,17865734.754098363,100.2659098210938,53.70318923519687,0.2040158411128284,0.0,0.992114701314478,0.0037804248399335,17439109.498564094,17439109.498564094,10.0,0.7451627256255666
7.419279978503734,125.46239918317652,4.962704098360656,17865734.754098363,100.2659098210938,53.70318923519687,0.2040158411128284,0.0,0.992114701314478,0.0037804248399335,17439109.498564094,17439109.498564094,10.0,0.745148695751517
7.436150542802283,125.32548741156664,4.962704098360656,17865734.754098363,30.282662575179664,45.280317732363926,0.1481805822976588,0.0,0.992114701314478,0.0008292944778092,17409183.360846546,17409183.360846546,10.03825136612022,0.7396356930462543
7.129392581589545,125.56056729794764,4.962704098360656,17865734.754098363,32.36726664964639,56.81597664696079,0.2263350627074595,0.0,0.992114701314478,0.0013538834596803,17451071.977351923,17451071.977351923,10.0,0.7526041893677634
7.511806731058026,125.48423712163324,4.962704098360656,17865734.754098363,16.385285428835015,45.26746702864138,0.1481009066762103,0.0,0.992114701314478,0.0004484718078886,17409140.65694097,17409140.65694097,10.0,0.7430729428081672
7.434290612813325,125.33726376034234,4.962704098360656,17865734.754098363,30.282662575179664,45.280317732363926,0.1481805822976588,0.0,0.992114701314478,0.0008292944778092,17409183.360846546,17409183.360846546,10.0,0.7429136108869541
7.350642310187687,125.41016209530166,4.962704098360656,17865734.754098363,36.740708516948416,43.720966180345904,0.1386428581573986,0.0,0.992114701314478,0.0009413875468149,17404071.407357115,17404071.407357115,10.0,0.7438010339114337
7.182051992666469,125.3359641546967,4.962704098360656,17865734.754098363,320.7440734088234,31.604074449396425,0.0741551649941035,0.0,0.992114701314478,0.0043956536445002,17369507.806728344,17369507.806728344,10.0,0.7448574420873276
7.384324230398584,125.33967355368588,4.962704098360656,17865734.754098363,36.94326946917393,41.83202490241288,0.1274483341991761,0.0,0.992114701314478,0.0008701475668533,17398071.45548504,17398071.45548504,10.0,0.7438736675403681
7.38805015553491,125.3427712561964,4.962704098360656,17865734.754098363,36.94326946917393,41.83202490241288,0.1274483341991761,0.0,0.992114701314478,0.0008701475668533,17398071.45548504,17398071.45548504,10.0,0.7438785453834458
7.060445025612885,125.624848214696,4.962704098360656,17865734.754098363,69.88507999453897,49.42218415462153,0.174759905568521,0.0625,0.992114701314478,0.0021160258230453,17311768.292818453,17311768.292818453,10.0,0.7538879333726013
7.2628379286055536,125.42956539617089,4.962704098360656,17865734.754098363,227.32068153255776,44.72864979017781,0.14477616782805,0.0125,0.992114701314478,0.0060061551898154,17385026.52142671,17385026.52142671,10.0,0.7488626443923101
7.337116024956288,125.3970069038966,4.962704098360656,17865734.754098363,136.6832622954209,44.97607386125087,0.1462989999130923,0.0,0.992114701314478,0.0036955587604736,17408174.885292526,17408174.885292526,10.0,0.743783190493358
7.168616694920373,125.65635268605942,4.962704098360656,17865734.754098363,45.71291954764723,49.84881029193232,0.1775966122404759,0.0375,0.992114701314478,0.0014441017473866,17357953.025172986,17357953.025172986,10.0,0.7530342483171744
7.526195580561208,125.49540653210876,4.962704098360656,17865734.754098363,16.385285428835015,45.26746702864138,0.1481009066762103,0.0,0.992114701314478,0.0004484718078886,17409140.65694097,17409140.65694097,10.0,0.7431013976249925
6.982669389305393,125.58832254667956,5.225479234972678,18811725.24590164,93.6977182187686,39.5763290836109,0.1146117402774239,0.025,0.992114701314478,0.0019350231111334,18265025.512451444,18265025.512451444,10.0,0.7953209222371715
7.3299503787048925,125.49996207733028,4.962704098360656,17865734.754098363,38.64999470044047,45.55150440316568,0.1498660874523535,0.0,0.992114701314478,0.0010704742551551,17410086.74448716,17410086.74448716,10.0,0.7489913131243632
7.052635975925182,125.59474674198138,4.962704098360656,17865734.754098363,1240.838711176074,52.81282187619671,0.1977895754455679,0.0,0.992114701314478,0.0453567733067001,17435772.3942365,17435772.3942365,10.0,0.7538786932561153
7.444766555427996,125.30361857052222,4.962704098360656,17865734.754098363,29.348586276604976,39.55961809347142,0.1145188469864691,0.0,0.992114701314478,0.0006211372454845,17391141.611813575,17391141.611813575,10.046448087431694,0.7396293944152841
7.261153884253344,125.28929493806802,4.962704098360656,17865734.754098363,274.869726288389,30.36277834899413,0.0685788864310242,0.0125,0.992114701314478,0.0034401538232701,17344186.908874035,17344186.908874035,10.03551912568306,0.7389539066318703
7.153657511866419,125.3185983731099,4.962704098360656,17865734.754098363,38.61756338142857,44.33959970983439,0.1423950718250483,0.0,0.992114701314478,0.0010162562884048,17406082.488980927,17406082.488980927,10.032786885245901,0.7365016387137319
7.247659090723876,125.68231478913415,4.962704098360656,17865734.754098363,61.67460371866925,44.84658263905889,0.1455011899598585,0.0,0.992114701314478,0.001658426893452,17407747.281462267,17407747.281462267,10.0,0.753546938092218
7.010518445474551,125.46359051960732,4.962704098360656,17865734.754098363,270.1616437334409,32.518205139832276,0.0783896590686071,0.0,0.992114701314478,0.0039138653874871,17371777.37716693,17371777.37716693,10.0,0.7487333238171828
6.989121946916073,125.55553842481136,5.225479234972678,18811725.24590164,65.64001609380634,44.97223773739768,0.1462753391356589,0.0375,0.992114701314478,0.0017079059427004,18259380.26355459,18259380.26355459,10.0,0.7986704272673509
7.067702733494752,125.43278332708476,4.962704098360656,17865734.754098363,499.7350210108542,19.47718289268193,0.0286128252673344,0.0,0.992114701314478,0.0026425544647876,17345098.38587916,17345098.38587916,10.0,0.7488440459632467
7.337558175584392,125.27655665227763,4.962704098360656,17865734.754098363,152.45941267805347,44.75721412280223,0.1449516363187597,0.025,0.992114701314478,0.0039820379933013,17362788.399189472,17362788.399189472,10.057377049180328,0.7387521452219609
7.438764170165981,125.4601058782456,4.962704098360656,17865734.754098363,46.82475006944004,50.419822291022406,0.1814213092121375,0.0,0.992114701314478,0.0015699549251295,17426999.46114917,17426999.46114917,10.0,0.7451965469833062
7.116450361682446,125.64554430859496,4.962704098360656,17865734.754098363,70.35424750664185,43.84629925425309,0.1393996553445358,0.0375,0.992114701314478,0.0017445209103917,17337480.52416349,17337480.52416349,10.0,0.7538240310753285
7.505618901593797,125.3417299479654,4.962704098360656,17865734.754098363,166.89018722154665,37.24872294942579,0.1019922532122259,0.0,0.992114701314478,0.0031457297320873,17384427.707761284,17384427.707761284,10.027322404371585,0.742367821409473
7.1380788099269425,125.56368352009206,4.962704098360656,17865734.754098363,49.37071072132306,40.28592167231608,0.1185863842805425,0.0125,0.992114701314478,0.001068475897799,17370989.529642902,17370989.529642902,10.0,0.7526333839015462
7.112294779889702,125.63172489604392,4.962704098360656,17865734.754098363,66.96920756581623,45.02830574682298,0.1466213179883773,0.0625,0.992114701314478,0.0017012454413259,17296686.7965566,17296686.7965566,10.0,0.7537996755193345
7.007231275349632,125.6203978216964,4.962704098360656,17865734.754098363,22.98765503856812,47.81256226405448,0.1642209251772088,0.025,0.992114701314478,0.0006802228246805,17373116.199298825,17373116.199298825,10.0,0.753795395892155
7.203691304244712,125.29429375688632,4.962704098360656,17865734.754098363,283.14378232074347,38.53767200521743,0.108900657991567,0.0125,0.992114701314478,0.0056272739246539,17365798.25113951,17365798.25113951,10.049180327868852,0.7374645694589335
7.050130083196125,125.62719917367124,4.962704098360656,17865734.754098363,103.8165472625566,51.10801983219731,0.1860729405616831,0.0,0.992114701314478,0.0035700411406734,17429492.605505116,17429492.605505116,10.0,0.753874173560455
7.105439692902703,125.6374543808571,4.962704098360656,17865734.754098363,50.318170083257264,36.06729914420651,0.0958369856010549,0.0,0.992114701314478,0.0008912127744143,17381128.656406835,17381128.656406835,10.0,0.7538124236329563
7.1853404310773685,125.43461621398608,4.962704098360656,17865734.754098363,139.81141730215865,46.25867424960724,0.1542981569338363,0.0,0.992114701314478,0.0039868215376439,17412462.209820196,17412462.209820196,10.0,0.7527333361212144
7.404638049176181,125.42774345987266,4.962704098360656,17865734.754098363,73.35406427475853,31.888393781435155,0.0754606428827002,0.0,0.992114701314478,0.0010229822571124,17370207.506378893,17370207.506378893,10.0,0.7463382605258947
7.282116482647299,125.49349185837048,4.962704098360656,17865734.754098363,315.03239565895984,56.31836040632021,0.2227111001764945,0.0,0.992114701314478,0.0129664323355996,17449129.63475181,17449129.63475181,10.0,0.7488931370491407
7.539758758134891,125.51330420804416,4.962704098360656,17865734.754098363,171.54842391278294,41.95659940922901,0.1281742662875354,0.0,0.992114701314478,0.0040636003717417,17398460.53478924,17398460.53478924,10.0,0.7458966267155559
7.350113904228457,125.5270248351817,4.962704098360656,17865734.754098363,38.85449127988193,46.33053362917897,0.1547514825689396,0.0,0.992114701314478,0.0011112185035263,17412705.179686815,17412705.179686815,10.0,0.7493745955999322
7.362046592185782,125.42531807060134,4.962704098360656,17865734.754098363,79.77004861311306,43.018116258908705,0.1344309874414805,0.025,0.992114701314478,0.001932267636927,17357149.625520997,17357149.625520997,10.0,0.746244857000289
7.448344105319862,125.43032924072624,4.962704098360656,17865734.754098363,228.46982380909847,38.31514962299382,0.1076937665843656,0.0,0.992114701314478,0.0045471871856914,17387483.559529394,17387483.559529394,10.0,0.7452041726626084
7.071867077241071,125.5769735198755,4.962704098360656,17865734.754098363,205.37971093591617,60.0063343631062,0.2500478734601122,0.0,0.992114701314478,0.0094908284324447,17463781.380967353,17463781.380967353,10.0,0.7528590849645547
7.1233508356535795,125.44733050177206,4.962704098360656,17865734.754098363,191.9808287863916,26.09754789811335,0.0509767984372508,0.0,0.992114701314478,0.0018086471050448,17357084.850260206,17357084.850260206,10.0,0.7520818299995604
7.406355516834624,125.33948414734736,4.962704098360656,17865734.754098363,29.79329351753754,46.67111694031175,0.1569074303570737,0.0125,0.992114701314478,0.0008531444081087,17391528.53898399,17391528.53898399,10.0,0.7439165488739355
7.478052944323711,125.42612374367276,4.962704098360656,17865734.754098363,228.46982380909847,38.31514962299382,0.1076937665843656,0.0,0.992114701314478,0.0045471871856914,17387483.559529394,17387483.559529394,10.0,0.745264865463563
7.129897166816001,125.33480838621938,4.962704098360656,17865734.754098363,62.69087027861875,44.05466882203616,0.1406616679723585,0.0,0.992114701314478,0.0016296842964133,17405153.432977308,17405153.432977308,10.0,0.7451142870854307
7.212175922721216,125.26236118345945,4.962704098360656,17865734.754098363,378.3686503948254,38.19054198065508,0.1070205173227087,0.0,0.992114701314478,0.0074835146090167,17387122.71674743,17387122.71674743,10.057377049180328,0.7374762034332996
7.060054049385217,125.34789803246176,4.962704098360656,17865734.754098363,21.97482359879272,31.692078124261815,0.0745581227595195,0.0125,0.992114701314478,0.0002990066762903,17347391.61238234,17347391.61238234,10.0,0.7442873349656834
7.024808914152571,125.56873736130238,4.962704098360656,17865734.754098363,65.64001609380634,44.97223773739768,0.1462753391356589,0.0375,0.992114701314478,0.0017079059427004,17341165.698449448,17341165.698449448,10.0,0.7527693071096081
7.099842210112927,125.63292495115562,4.962704098360656,17865734.754098363,2331.0804992140993,50.030292337785134,0.1788087443100618,0.0,0.992114701314478,0.0770316931218434,17425599.19940212,17425599.19940212,10.0,0.7537902879960674
7.122903909278765,125.56060613656491,4.962704098360656,17865734.754098363,10.357499693799664,45.17622114781464,0.1475356826020977,0.0,0.992114701314478,0.0002824069747098,17408837.71263943,17408837.71263943,10.0,0.7525957814861368
7.0287137315463,125.46194885382072,4.962704098360656,17865734.754098363,113.77998589030638,40.73010132435075,0.121104179769103,0.0,0.992114701314478,0.0025465278318531,17394671.166076437,17394671.166076437,10.0,0.7487584051583175
7.509427845819283,125.41515276303969,4.962704098360656,17865734.754098363,37.28312676679267,47.34089922693027,0.1611825520682783,0.0125,0.992114701314478,0.0010967076645023,17393819.884700004,17393819.884700004,10.0,0.7423738375078027
7.129630380303844,125.33504046821989,4.962704098360656,17865734.754098363,62.69087027861875,44.05466882203616,0.1406616679723585,0.0,0.992114701314478,0.0016296842964133,17405153.432977308,17405153.432977308,10.0,0.7451115832058199
7.133766849879313,125.60535040822003,4.962704098360656,17865734.754098363,677.4198494120149,56.85070635739637,0.2265887606532438,0.0,0.992114701314478,0.0283674109965731,17451207.952358134,17451207.952358134,10.0,0.7538380051287282
7.334926614013339,125.5254072626681,4.962704098360656,17865734.754098363,23.930240363970913,43.22898184811376,0.1356888646879348,0.0,0.992114701314478,0.0006000876494233,17402488.149443395,17402488.149443395,10.0,0.7507334902756017
7.410883752899331,125.31427491322442,4.962704098360656,17865734.754098363,102.15393176861092,53.370833167359,0.2016832611194515,0.0,0.992114701314478,0.0038075740712205,17437859.300900463,17437859.300900463,10.05464480874317,0.7388930305584901
6.995485888343806,125.54240505251929,5.225479234972678,18811725.24590164,1298.4082969969384,43.452387424583094,0.1370269297339134,0.0,0.992114701314478,0.032880667684881,18324704.87712791,18324704.87712791,10.0,0.7986795903761018
7.126994553503964,125.59766111806664,4.962704098360656,17865734.754098363,250.88524873884137,45.22017227995043,0.1478078270948974,0.0,0.992114701314478,0.0068532405893515,17408983.57447912,17408983.57447912,10.0,0.7538356857234466
7.412509914283836,125.27612651767647,4.962704098360656,17865734.754098363,38.623501930066595,36.09662929315911,0.0959877275591359,0.0,0.992114701314478,0.0006851580696627,17381209.449882016,17381209.449882016,10.060109289617486,0.7388852889499455
7.206971022712613,125.59834014164642,4.962704098360656,17865734.754098363,70.32328908323106,48.31448791606068,0.1674792314565502,0.0125,0.992114701314478,0.0021494168910092,17397194.728813477,17397194.728813477,10.0,0.753108330096574
7.487734667826963,125.22895497210315,4.962704098360656,17865734.754098363,680.607454662747,42.43737357212217,0.1309923292101461,0.0,0.992114701314478,0.0164765387869291,17399970.93773011,17399970.93773011,10.051912568306012,0.7418061692013432
7.176439526655121,125.31643523210144,4.962704098360656,17865734.754098363,320.7440734088234,31.604074449396425,0.0741551649941035,0.0,0.992114701314478,0.0043956536445002,17369507.806728344,17369507.806728344,10.040983606557377,0.7374135306494202
7.0211387163105705,125.51889319908432,4.962704098360656,17865734.754098363,1298.4082969969384,43.452387424583094,0.1370269297339134,0.0,0.992114701314478,0.032880667684881,17403205.31489925,17403205.31489925,10.0,0.7527739893254567
7.1584790419678335,125.6572147769065,4.962704098360656,17865734.754098363,1920.919563174769,54.42297857643356,0.2091015860930017,0.0,0.992114701314478,0.0742317887096974,17441835.315689377,17441835.315689377,10.0,0.7539066976669659
7.29730303539988,125.5386623072742,4.962704098360656,17865734.754098363,175.60734854683304,48.43976390522786,0.1682964636746317,0.0,0.992114701314478,0.0054618666789566,17419964.910877325,17419964.910877325,10.0,0.7506686787514547
7.201049162037496,125.46742655032271,4.962704098360656,17865734.754098363,2037.1427422849656,79.91295065406968,0.4124279035846887,0.0,0.992114701314478,0.1552719190381703,17550812.5373944,17550812.5373944,10.0,0.7527619276098073
7.530137910198165,125.3770334378716,4.962704098360656,17865734.754098363,25.99833176436132,49.2553251599909,0.1736553298196655,0.025,0.992114701314478,0.0008135076350872,17378172.776425976,17378172.776425976,10.013661202185792,0.7424089876756852
7.508086944435476,125.2827153078565,4.962704098360656,17865734.754098363,93.13951907140108,39.53942224932796,0.114406625801929,0.0125,0.992114701314478,0.0019446690014529,17368749.29595345,17368749.29595345,10.07103825136612,0.7389157886530777
7.421071216181034,125.339927526924,4.962704098360656,17865734.754098363,30.282662575179664,45.280317732363926,0.1481805822976588,0.0,0.992114701314478,0.0008292944778092,17409183.360846546,17409183.360846546,10.0,0.7429031105276772
7.504957563299587,125.30981195643938,4.962704098360656,17865734.754098363,40.82090922287595,44.333268716804554,0.1423564604061667,0.0,0.992114701314478,0.0010739480498257,17406061.79433988,17406061.79433988,10.065573770491802,0.738905692995943
7.164518562529355,125.3938499843076,4.962704098360656,17865734.754098363,109.94008691454457,43.927243939972776,0.1398893399373922,0.0,0.992114701314478,0.0028422620467397,17404739.48674283,17404739.48674283,10.0,0.7451749725910684
7.238834891367119,125.46219708509555,4.962704098360656,17865734.754098363,95.12410277889737,50.32288236051902,0.1807697552328192,0.0,0.992114701314478,0.0031778966003625,17426650.246432,17426650.246432,10.0,0.7528347551074975
7.045331242313292,125.5451855826171,4.962704098360656,17865734.754098363,323.59515983205256,67.76148126966798,0.3107684277845673,0.0,0.992114701314478,0.0185849897807373,17496325.90049783,17496325.90049783,10.0,0.7528127189999786
7.535445196853456,125.42654990373651,4.962704098360656,17865734.754098363,17.414719677638455,45.02265454940715,0.1465864308053877,0.0,0.992114701314478,0.000471773646644,17408328.940214984,17408328.940214984,10.0,0.7431202309659064
7.532852885078407,125.53438481635506,4.962704098360656,17865734.754098363,47.88488142417783,48.03396751604044,0.1656550404463567,0.0,0.992114701314478,0.0014659747502069,17418549.181874234,17418549.181874234,10.0,0.7458736217404038
7.4917817381940095,125.50237339952407,4.962704098360656,17865734.754098363,57.04972193593237,53.68789373061056,0.2039082731982701,0.0,0.992114701314478,0.0021498680114511,17439051.845169205,17439051.845169205,10.0,0.7464955436227525
7.185389170665468,125.32439524715132,4.962704098360656,17865734.754098363,320.7440734088234,31.604074449396425,0.0741551649941035,0.0,0.992114701314478,0.0043956536445002,17369507.806728344,17369507.806728344,10.040983606557377,0.7374301302464551
7.265079459064628,125.48518768958466,4.962704098360656,17865734.754098363,315.03239565895984,56.31836040632021,0.2227111001764945,0.0,0.992114701314478,0.0129664323355996,17449129.63475181,17449129.63475181,10.0,0.7488711488286091
6.994398541156246,125.4339251035033,5.225479234972678,18811725.24590164,19.35349291770535,42.810953952249136,0.1332000231074993,0.0,0.992114701314478,0.0004764168101909,18322545.15564797,18322545.15564797,10.0,0.7879689499985583
7.137729519070998,125.43641124401424,4.962704098360656,17865734.754098363,74.80318717157584,44.833911120829654,0.1454232165124963,0.0,0.992114701314478,0.0020103758919552,17407705.489874415,17407705.489874415,10.0,0.7521062704919029
7.036212882961831,125.38205764585162,4.962704098360656,17865734.754098363,22.1380307270586,45.533263759349815,0.1497524699964524,0.0,0.992114701314478,0.0006126838026448,17410025.848707244,17410025.848707244,10.0,0.7442505110532753
7.360904338434185,125.32986866343504,4.962704098360656,17865734.754098363,218.5527506353673,46.2316659354418,0.1541279152655257,0.0,0.992114701314478,0.0062253102455774,17412370.965045493,17412370.965045493,10.049180327868852,0.738796476486427
7.277207511777525,125.43748261145991,4.962704098360656,17865734.754098363,227.32068153255776,44.72864979017781,0.14477616782805,0.0125,0.992114701314478,0.0060061551898154,17385026.52142671,17385026.52142671,10.0,0.7488881592593772
7.301515859254543,125.2975884440632,4.962704098360656,17865734.754098363,92.4217315423895,43.66262158778803,0.1382911463069381,0.0125,0.992114701314478,0.0023325394660791,17381550.731195588,17381550.731195588,10.03551912568306,0.7390280469759477
7.058418242107235,125.50822024754508,4.962704098360656,17865734.754098363,13.649618792076716,45.05534165341672,0.1467882693995231,0.0,0.992114701314478,0.0003702842943124,17408437.120058563,17408437.120058563,10.0,0.7528440427084946
7.512480381000852,125.29179805330202,4.962704098360656,17865734.754098363,90.52395806752692,43.6704163154196,0.1383381126481793,0.0125,0.992114701314478,0.0022854193721123,17381575.90384144,17381575.90384144,10.065573770491802,0.7389149855628876
7.365664372012102,125.3669342619568,4.962704098360656,17865734.754098363,97.92496444560784,45.43112011998898,0.1491168932383793,0.0,0.992114701314478,0.0026986321395647,17409685.197333977,17409685.197333977,10.0,0.7438513720831729
7.501321925795733,125.5181939713492,4.962704098360656,17865734.754098363,15.155319606913787,51.57150257293035,0.1892312539362206,0.0,0.992114701314478,0.0005300067317209,17431185.37317571,17431185.37317571,10.0,0.7458160535639137
7.24817001499247,125.51744661363196,4.962704098360656,17865734.754098363,13.604560598458598,45.333256519978946,0.1485089945480414,0.0,0.992114701314478,0.0003733882921213,17409359.38063121,17409359.38063121,10.0,0.7505857468111886
7.202421485655932,125.4063475481814,4.962704098360656,17865734.754098363,85.29946059922263,46.9109875193008,0.1584331304625773,0.0125,0.992114701314478,0.002466339233625,17392346.271585964,17392346.271585964,10.0,0.7448963728975433
7.04020696004383,125.41825443390069,4.962704098360656,17865734.754098363,33.92666536693495,47.08009883570312,0.159512365020985,0.0,0.992114701314478,0.0010001357426947,17415256.879579328,17415256.879579328,10.0,0.7442513707043703
7.20918699743378,125.4209235522332,4.962704098360656,17865734.754098363,56.31316116891539,37.08911463726171,0.101150742423354,0.0,0.992114701314478,0.0010526946143401,17383976.681504887,17383976.681504887,10.0,0.7527805373421641
7.171802922509151,125.59768252189592,4.962704098360656,17865734.754098363,23.686192339680368,44.75832247411055,0.1449584466140555,0.0,0.992114701314478,0.0006345446647891,17407456.386202596,17407456.386202596,10.0,0.7530352852261899
7.191438810714768,125.5046676089532,4.962704098360656,17865734.754098363,775.9952459098122,70.87301784083344,0.3361685674383424,0.0,0.992114701314478,0.048210272133849,17509939.66523097,17509939.66523097,10.0,0.7523880411586764
7.297803497949123,125.51057630337353,4.962704098360656,17865734.754098363,54.133861822500336,35.69994874172761,0.0939579755287997,0.0,0.992114701314478,0.0009399961604467,17380121.559540298,17380121.559540298,10.0,0.7506721150877063
7.405671027384163,125.43603339187496,4.962704098360656,17865734.754098363,73.35406427475853,31.888393781435155,0.0754606428827002,0.0,0.992114701314478,0.0010229822571124,17370207.506378893,17370207.506378893,10.0,0.7463402833460299
7.009140414199459,125.42781938356336,4.962704098360656,17865734.754098363,454.08783490546,72.76700311518405,0.3518709250621661,0.0125,0.992114701314478,0.0291597484540932,17496023.521477986,17496023.521477986,10.0,0.748722776739666
7.114289452269126,125.41598455860937,4.962704098360656,17865734.754098363,96.50175996817217,39.1636519184607,0.1123273559276961,0.0,0.992114701314478,0.0020032916878547,17389967.033874415,17389967.033874415,10.0,0.7450877085857764
7.373819862112072,125.36974528894694,4.962704098360656,17865734.754098363,11.564326124135269,46.39731794312292,0.1551732790056637,0.0,0.992114701314478,0.0003316352506741,17412931.25078458,17412931.25078458,10.0,0.7438513720831729
7.21078807298054,125.61074544319932,4.962704098360656,17865734.754098363,1904.1937896041136,47.87858844690003,0.164648074965845,0.0,0.992114701314478,0.0579416983391276,17418009.476528794,17418009.476528794,10.0,0.7531049911408296
7.334909958449282,125.38473625986816,4.962704098360656,17865734.754098363,81.30777061390162,46.11243921382981,0.1533773117424826,0.0,0.992114701314478,0.0023047116323095,17411968.66254205,17411968.66254205,10.0,0.7437435314926896
7.206411402782994,125.46525370685872,4.962704098360656,17865734.754098363,67.39948295459313,50.94667953704116,0.1849783279136188,0.0,0.992114701314478,0.0023040973967442,17428905.92372825,17428905.92372825,10.0,0.7527782919498287
7.312142889261056,125.40700317512496,4.962704098360656,17865734.754098363,55.26810042691003,52.22146893207945,0.1936945316282614,0.0,0.992114701314478,0.0019784055283884,17433577.565237105,17433577.565237105,10.0,0.7437150743570147
7.425798479002772,125.38780876521764,4.962704098360656,17865734.754098363,48.59890258355836,48.7941906678642,0.1706171272175059,0.0,0.992114701314478,0.0015324012821354,17421208.72165664,17421208.72165664,10.0,0.7429063530721828
7.205743862419929,125.40015895371674,4.962704098360656,17865734.754098363,236.6253340640192,48.95941362010494,0.1717032625384085,0.0125,0.992114701314478,0.0074148148428448,17399458.691380523,17399458.691380523,10.0,0.7449039873481763
6.995734873207426,125.51349395113692,5.225479234972678,18811725.24590164,133.83919514728333,48.54032959421556,0.1689536469957047,0.0875,0.992114701314478,0.0038133544894409,18178120.18022024,18178120.18022024,10.0,0.7925888299902356
7.284231724202474,125.53190189157982,4.962704098360656,17865734.754098363,57.93482121477092,40.000082147843344,0.1169782392393815,0.0,0.992114701314478,0.00125247241654,17392459.77730298,17392459.77730298,10.0,0.750645632471781
7.423425150491931,125.43486451167456,4.962704098360656,17865734.754098363,73.35406427475853,31.888393781435155,0.0754606428827002,0.0,0.992114701314478,0.0010229822571124,17370207.506378893,17370207.506378893,10.0,0.7451569450805087
7.168648250396028,125.39734857627154,4.962704098360656,17865734.754098363,109.94008691454457,43.927243939972776,0.1398893399373922,0.0,0.992114701314478,0.0028422620467397,17404739.48674283,17404739.48674283,10.0,0.7448391438762451
7.317068658746309,125.52060563795403,4.962704098360656,17865734.754098363,38.99859616707268,49.10411385156885,0.1726567292209938,0.0,0.992114701314478,0.0012443882520766,17422301.891308587,17422301.891308587,10.0,0.7507074362407334
7.0796572775225535,125.58817752839182,4.962704098360656,17865734.754098363,102.13658597647034,47.323996855674864,0.1610740947883333,0.025,0.992114701314478,0.0029643881669435,17371429.58618751,17371429.58618751,10.0,0.7539359760582364
7.058910139899695,125.4841129725719,4.962704098360656,17865734.754098363,39.4436110382628,38.15237510513587,0.1068146751826126,0.05,0.992114701314478,0.0007396982919681,17297683.717344653,17297683.717344653,10.0,0.7488163510273919
7.3875296629880545,125.4129111074886,4.962704098360656,17865734.754098363,26.342358265585588,45.820464729828785,0.1515455027652252,0.0,0.992114701314478,0.0007377702247831,17410986.864142813,17410986.864142813,10.0,0.7438837943907678
7.202786402635123,125.45407042671934,4.962704098360656,17865734.754098363,116.36800151108812,47.93917744297508,0.1650404412686112,0.0,0.992114701314478,0.0035493380996536,17418219.773897544,17418219.773897544,10.0,0.7527672644469836
7.573349314092253,125.47000242358406,4.962704098360656,17865734.754098363,78.81533502212338,48.47038473225891,0.1684964585701014,0.0,0.992114701314478,0.0024542845998686,17420072.102549963,17420072.102549963,10.0,0.7431954525569708
7.4681295010162705,125.42111871128972,4.962704098360656,17865734.754098363,228.46982380909847,38.31514962299382,0.1076937665843656,0.0,0.992114701314478,0.0045471871856914,17387483.559529394,17387483.559529394,10.0,0.7452548109037567
7.141856006189153,125.29813472365574,4.962704098360656,17865734.754098363,38.61756338142857,44.33959970983439,0.1423950718250483,0.0,0.992114701314478,0.0010162562884048,17406082.488980927,17406082.488980927,10.03825136612022,0.7364849406331652
7.024949199571041,125.37973875621316,4.962704098360656,17865734.754098363,117.77483059241216,39.51278416598888,0.1142586806366703,0.0,0.992114701314478,0.0024869388802473,17391002.169923652,17391002.169923652,10.0,0.7442112173450199
7.081098864644465,125.45825889364204,4.962704098360656,17865734.754098363,203.69090327320265,66.34392151474314,0.2993771327342444,0.0125,0.992114701314478,0.0111288626367085,17467888.316378962,17467888.316378962,10.0,0.7488580810706797
7.0796907123285875,125.5217491746262,4.962704098360656,17865734.754098363,111.17721551728386,31.250293245248525,0.0725453922345611,0.025,0.992114701314478,0.0014532946023478,17323980.676649008,17323980.676649008,10.0,0.7528751794443238
7.5645135119152735,125.53328573044374,4.962704098360656,17865734.754098363,7.887337573353654,35.04732086079143,0.0906609772916587,0.0,0.992114701314478,0.0001321521533099,17378354.460660618,17378354.460660618,10.0,0.7459425340774503
6.977907415587297,125.45254346077066,5.225479234972678,18811725.24590164,382.79175439489904,55.79080142167752,0.2188919226729578,0.0,0.992114701314478,0.0154851611430562,18370905.529760715,18370905.529760715,10.0,0.7879476375069707
7.318891379124953,125.49306189182973,4.962704098360656,17865734.754098363,88.39126889323158,42.438497890511066,0.1309989499432221,0.0,0.992114701314478,0.002139935097912,17399974.48625794,17399974.48625794,10.0,0.7489791053944088
7.439949391975386,125.51493152635328,4.962704098360656,17865734.754098363,16.170153829807926,44.59131561002881,0.1439337680043014,0.0,0.992114701314478,0.0004301305260597,17406907.187115096,17406907.187115096,10.0,0.7464038735162207
7.357914214746932,125.4544778479238,4.962704098360656,17865734.754098363,181.765845776919,57.850001447059945,0.2339311954828872,0.0,0.992114701314478,0.0078582138041914,17455143.292151604,17455143.292151604,10.0,0.7462496656250079
7.061654524692969,125.40977837734788,4.962704098360656,17865734.754098363,18.035296290100035,60.37363007952008,0.2528290038571757,0.0,0.992114701314478,0.00084270116429,17465271.98910707,17465271.98910707,10.0,0.7442979120351765
7.176581903518909,125.56426226926322,4.962704098360656,17865734.754098363,23.488957423884685,45.19056023321982,0.1476244471329241,0.0,0.992114701314478,0.0006408338498444,17408885.28794633,17408885.28794633,10.0,0.7523618460209803
7.008024858622333,125.50593775953918,4.962704098360656,17865734.754098363,286.97217631525706,37.43199135358329,0.1029623171422271,0.0,0.992114701314478,0.0054606144997273,17384947.634907324,17384947.634907324,10.0,0.7527417616018379
7.227437281877444,125.32391155434873,4.962704098360656,17865734.754098363,299.9972938276951,43.67373670338749,0.1383581213423301,0.0,0.992114701314478,0.0076708839496767,17403918.796384733,17403918.796384733,10.043715846994536,0.7375044859907951
7.22109116463837,125.5577400238722,4.962704098360656,17865734.754098363,51.58059337527118,52.205744780604945,0.1935860872929016,0.0,0.992114701314478,0.0018453718647762,17433519.442105174,17433519.442105174,10.0,0.7524480271534458
7.175072090515781,125.28450104924572,4.962704098360656,17865734.754098363,28.83854245371696,44.88403266075533,0.1457317378148104,0.0125,0.992114701314478,0.0007669869483027,17385538.680224385,17385538.680224385,10.049180327868852,0.737411274091045
7.169324161148599,125.32951772679613,4.962704098360656,17865734.754098363,320.7440734088234,31.604074449396425,0.0741551649941035,0.0,0.992114701314478,0.0043956536445002,17369507.806728344,17369507.806728344,10.03551912568306,0.737396862091541
7.0291873255218675,125.3207170178076,4.962704098360656,17865734.754098363,21.97482359879272,31.692078124261815,0.0745581227595195,0.0125,0.992114701314478,0.0002990066762903,17347391.61238234,17347391.61238234,10.021857923497267,0.7362770182614785
7.167166517104093,125.25846462023443,4.962704098360656,17865734.754098363,28.83854245371696,44.88403266075533,0.1457317378148104,0.0125,0.992114701314478,0.0007669869483027,17385538.680224385,17385538.680224385,10.051912568306012,0.7365281202629282
7.1864955556047585,125.4710379376832,4.962704098360656,17865734.754098363,51.14722466319254,24.789138507181782,0.0460715113729866,0.0,0.992114701314478,0.0004354897639934,17354455.75353272,17354455.75353272,10.0,0.7527357964688336
6.98441468943329,125.46583770502808,5.225479234972678,18811725.24590164,82.8325660050715,31.9103054143267,0.075561686412047,0.0,0.992114701314478,0.0011567144908285,18290016.859041605,18290016.859041605,10.0,0.7879494733871829
7.322236682873632,125.52864765272868,4.962704098360656,17865734.754098363,42.36727105616529,49.643359089190135,0.1762282926663058,0.0125,0.992114701314478,0.001362594552218,17401883.981021106,17401883.981021106,10.0,0.7507200791736491
7.324691471213665,125.54418515542297,4.962704098360656,17865734.754098363,55.69622903970123,37.29614495648529,0.1022428740528358,0.0,0.992114701314478,0.0010524034421031,17384562.03352515,17384562.03352515,10.0,0.7507164982783829
7.183656148652021,125.42761170909996,4.962704098360656,17865734.754098363,154.49319768793535,43.73422795163601,0.1387228548132348,0.0,0.992114701314478,0.0039607807162254,17404114.28332815,17404114.28332815,10.0,0.7527229632787623
7.281045844270265,125.32619096061632,4.962704098360656,17865734.754098363,195.62911899438225,40.87550767348427,0.1219333583529386,0.0125,0.992114701314478,0.0043532795620099,17372783.41417309,17372783.41417309,10.021857923497267,0.738987210160412
7.16942978855232,125.23008691868614,4.962704098360656,17865734.754098363,26.520992778625683,55.84636928353773,0.2192930798501773,0.0,0.992114701314478,0.0010748259005004,17447297.671415787,17447297.671415787,10.0,0.7431072737272412
7.026830582122735,125.54270127888704,4.962704098360656,17865734.754098363,348.07303945520357,46.94214126024653,0.1586317240857636,0.0125,0.992114701314478,0.0100767608870734,17392452.712215837,17392452.712215837,10.0,0.7527814142505187
7.477062655089404,125.4083658109192,4.962704098360656,17865734.754098363,228.46982380909847,38.31514962299382,0.1076937665843656,0.0,0.992114701314478,0.0045471871856914,17387483.559529394,17387483.559529394,10.0,0.7430141800370738
7.12791251495164,125.42170745415048,4.962704098360656,17865734.754098363,161.79815889159175,41.915584155427354,0.1279350641485417,0.0,0.992114701314478,0.0038254857242041,17398332.329130206,17398332.329130206,10.0,0.7520986833956482
7.364273962054045,125.50948470977386,4.962704098360656,17865734.754098363,86.11160804075408,48.03023918307044,0.1656308494084742,0.0,0.992114701314478,0.0026358843240334,17418536.216154248,17418536.216154248,10.0,0.7494050557393783
7.165232035547549,125.51607022496984,4.962704098360656,17865734.754098363,755.0738282664358,72.33803096723322,0.3482996749600363,0.0125,0.992114701314478,0.0479957751168599,17494109.43126603,17494109.43126603,10.0,0.7523551648654638
7.5716738023742,125.50624451619632,4.962704098360656,17865734.754098363,20.042841767057737,45.401768913922986,0.1489344649922797,0.0,0.992114701314478,0.0005516681694679,17409587.42089428,17409587.42089428,10.0,0.7459457193002811
7.298604343286431,125.3902744440737,4.962704098360656,17865734.754098363,39.98330632701681,45.52344669644767,0.1496913360961374,0.0,0.992114701314478,0.0011061111952606,17409993.082645815,17409993.082645815,10.0,0.7436889976237182
7.162238154085785,125.55129161488348,4.962704098360656,17865734.754098363,160.15790141908525,42.00091450564924,0.128432927350472,0.0,0.992114701314478,0.0038014402603672,17398599.16988749,17398599.16988749,10.0,0.7526655116807844
7.486986883061405,125.44667513966915,4.962704098360656,17865734.754098363,16.810209271145602,45.76571781839095,0.1512030339320315,0.0125,0.992114701314478,0.0004638677170399,17388471.141980127,17388471.141980127,10.0,0.7452824990613747
7.436820172559169,125.53729734621072,4.962704098360656,17865734.754098363,62.52779022021859,46.82354029469935,0.1578762263591381,0.0,0.992114701314478,0.0018243713217079,17414379.95499872,17414379.95499872,10.0,0.7464056628923079
7.380700929273006,125.38512761381524,4.962704098360656,17865734.754098363,69.9467236541887,51.16975202226598,0.1864924212866488,0.0,0.992114701314478,0.0024107489329368,17429717.435446117,17429717.435446117,10.0,0.7438645057937301
7.3424321961153165,125.35202006369089,4.962704098360656,17865734.754098363,46.409893411108925,50.9463226251158,0.1849759092117925,0.0,0.992114701314478,0.0015865331853093,17428904.627371695,17428904.627371695,10.0,0.7437949938604717
7.286666370084099,125.4190848199324,4.962704098360656,17865734.754098363,27.142462515650845,61.20891192845371,0.2591913173260481,0.0,0.992114701314478,0.0013001489651586,17468682.011252787,17468682.011252787,10.0,0.7489139703157704
7.066013056841503,125.37770728986088,4.962704098360656,17865734.754098363,19.43185672918197,44.89939849735045,0.1458263759661929,0.0,0.992114701314478,0.0005236894219982,17407921.572070315,17407921.572070315,10.0,0.7443108418033928
7.425905326211613,125.33340556921672,4.962704098360656,17865734.754098363,30.282662575179664,45.280317732363926,0.1481805822976588,0.0,0.992114701314478,0.0008292944778092,17409183.360846546,17409183.360846546,10.03825136612022,0.7396079263154807
7.4088855433115315,125.49283749696497,4.962704098360656,17865734.754098363,147.39336014014808,38.99095955888283,0.1113773753039844,0.025,0.992114701314478,0.0029580324465202,17344793.533933826,17344793.533933826,10.0,0.7463502420863594
7.415302483952232,125.52643587669284,4.962704098360656,17865734.754098363,32.854069590535595,42.80493287508188,0.1331643173277595,0.0,0.992114701314478,0.0008085380424229,17401135.062638063,17401135.062638063,10.0,0.7463724705026455
7.343738997501888,125.48067894738917,4.962704098360656,17865734.754098363,68.09468526102405,37.12693593260023,0.1013498699353931,0.0,0.992114701314478,0.001275439408004,17384083.408284254,17384083.408284254,10.0,0.7462187013213635
7.458920082937327,125.40110201763366,4.962704098360656,17865734.754098363,228.46982380909847,38.31514962299382,0.1076937665843656,0.0,0.992114701314478,0.0045471871856914,17387483.559529394,17387483.559529394,10.0,0.7429694028817018
7.366720329439442,125.2747571974962,4.962704098360656,17865734.754098363,507.5370546192472,36.99270034855798,0.1006439117119957,0.0,0.992114701314478,0.0094401453687911,17383705.034413252,17383705.034413252,10.060109289617486,0.7388081713871448
7.313505393693123,125.35581753384488,4.962704098360656,17865734.754098363,18.515486281324545,45.45795585432648,0.1492837675106048,0.0,0.992114701314478,0.0005108238059408,17409774.63727852,17409774.63727852,10.0,0.7437178536111754
7.546762423317738,125.39252596286184,4.962704098360656,17865734.754098363,20.60223821544115,51.83042104988083,0.1910044702640131,0.0,0.992114701314478,0.0007272460230216,17432135.767552927,17432135.767552927,10.0,0.7424479157917308
7.0703462038595175,125.38871059735274,4.962704098360656,17865734.754098363,170.3466013005303,44.67843425597176,0.1444679117364814,0.0,0.992114701314478,0.0045480820101323,17407193.473222286,17407193.473222286,10.0,0.7443149236046618
7.213440270277003,125.49402971495728,4.962704098360656,17865734.754098363,171.0762639781715,54.714970821850024,0.2111778220197191,0.0125,0.992114701314478,0.0065932354817524,17420615.951657362,17420615.951657362,10.0,0.7527747388775974
7.323122423183331,125.26358508040204,4.962704098360656,17865734.754098363,69.58041270400645,41.95731767718502,0.1281784569448578,0.0,0.992114701314478,0.0016482590098634,17398462.780864406,17398462.780864406,10.049180327868852,0.7390720386513872
7.068715808282663,125.47554452962646,4.962704098360656,17865734.754098363,39.412733536266025,38.15222789017759,0.1068138815585098,0.0375,0.992114701314478,0.0007488389258412,17320015.46042694,17320015.46042694,10.0,0.7488347854300876
7.324757181881935,125.50422080016476,4.962704098360656,17865734.754098363,38.64999470044047,45.55150440316568,0.1498660874523535,0.0,0.992114701314478,0.0010704742551551,17410086.74448716,17410086.74448716,10.0,0.7507249675554206
7.191079849777877,125.58861857068104,4.962704098360656,17865734.754098363,53.57796780659214,43.924041751100624,0.1398699542507868,0.0125,0.992114701314478,0.0013676381064395,17382396.92811416,17382396.92811416,10.0,0.7530773819148997
6.973839391193809,125.48675337084867,5.225479234972678,18811725.24590164,330.35538115122387,48.55735912538396,0.1690650337318815,0.0,0.992114701314478,0.0103218751064007,18342785.63742219,18342785.63742219,10.0,0.787928038804149
7.084020647271387,125.61120739340804,4.962704098360656,17865734.754098363,386.81851038137495,27.80727234507019,0.0577391143357571,0.0125,0.992114701314478,0.004076034857131,17338377.094082564,17338377.094082564,10.0,0.753753213126558
7.454083314704308,125.3492000941704,4.962704098360656,17865734.754098363,50.8395273486621,60.542292885057634,0.2541095135648224,0.0,0.992114701314478,0.0023875135666907,17465958.306510676,17465958.306510676,10.0,0.742960209900211
7.364926802656065,125.36955655959224,4.962704098360656,17865734.754098363,97.92496444560784,45.43112011998898,0.1491168932383793,0.0,0.992114701314478,0.0026986321395647,17409685.197333977,17409685.197333977,10.0,0.743835797844821
6.991640311414313,125.50427255693482,5.225479234972678,18811725.24590164,132.13617067353334,37.26227130133792,0.102063827162971,0.025,0.992114701314478,0.0024300857611926,18257944.075633887,18257944.075633887,10.0,0.79866386944565
7.21044733207715,125.57007257394746,4.962704098360656,17865734.754098363,50.700260436067936,47.57165186266243,0.1626661653231059,0.0,0.992114701314478,0.0015241609759919,17416947.22836928,17416947.22836928,10.0,0.7524274214116867
7.299563351084879,125.50471253818304,4.962704098360656,17865734.754098363,54.133861822500336,35.69994874172761,0.0939579755287997,0.0,0.992114701314478,0.0009399961604467,17380121.559540298,17380121.559540298,10.0,0.750675543954306
7.25142090356633,125.6445161990137,4.962704098360656,17865734.754098363,1410.251245904021,51.27422710532643,0.1872031761333733,0.0,0.992114701314478,0.0487902590324829,17430098.38017312,17430098.38017312,10.0,0.753183165556119
6.991187450357088,125.6068233535851,5.225479234972678,18811725.24590164,93.6977182187686,39.5763290836109,0.1146117402774239,0.025,0.992114701314478,0.0019350231111334,18265025.512451444,18265025.512451444,10.0,0.7953381173014449
7.269766412065815,125.37934902696507,4.962704098360656,17865734.754098363,393.24563518108783,62.866146981925304,0.2719645965396736,0.0,0.992114701314478,0.0197651312451859,17475528.131803907,17475528.131803907,10.0,0.7436335371251144
7.29540758747559,125.26577094555456,4.962704098360656,17865734.754098363,6.771728371212082,49.506296720874,0.1753177615375938,0.0,0.992114701314478,0.000219406184551,17423728.1302348,17423728.1302348,10.046448087431694,0.7390191531068634
7.119295416312964,125.5052104261874,4.962704098360656,17865734.754098363,83.68762256128107,38.885536343111035,0.1107991771306221,0.0,0.992114701314478,0.0017136462872816,17389147.972763054,17389147.972763054,10.0,0.7525884639959849
7.540635986325685,125.51116365253957,4.962704098360656,17865734.754098363,171.54842391278294,41.95659940922901,0.1281742662875354,0.0,0.992114701314478,0.0040636003717417,17398460.53478924,17398460.53478924,10.0,0.7458966267155559
7.036684232477386,125.31827002637712,4.962704098360656,17865734.754098363,21.97482359879272,31.692078124261815,0.0745581227595195,0.0125,0.992114701314478,0.0002990066762903,17347391.61238234,17347391.61238234,10.027322404371585,0.7362944372608755
7.362792662642394,125.29725464027165,4.962704098360656,17865734.754098363,507.5370546192472,36.99270034855798,0.1006439117119957,0.0,0.992114701314478,0.0094401453687911,17383705.034413252,17383705.034413252,10.05464480874317,0.7388013089751276
7.4359482382736,125.2668445759828,4.962704098360656,17865734.754098363,87.86633358265026,47.928910017004306,0.1649739244084969,0.0,0.992114701314478,0.002678929158968,17418184.122720156,17418184.122720156,10.051912568306012,0.7396285433905639
7.08443530922395,125.53421400496968,4.962704098360656,17865734.754098363,74.9903340483521,35.521692786853535,0.0930522001282933,0.0,0.992114701314478,0.0012896009761405,17379636.08924873,17379636.08924873,10.0,0.7528775810944569
7.167838770169774,125.40076131333257,4.962704098360656,17865734.754098363,109.94008691454457,43.927243939972776,0.1398893399373922,0.0,0.992114701314478,0.0028422620467397,17404739.48674283,17404739.48674283,10.0,0.7448391438762451
7.145685704714188,125.46219439927684,4.962704098360656,17865734.754098363,113.45791321400164,51.52858505987634,0.1889379433495296,0.0,0.992114701314478,0.0039616617654486,17431028.16690144,17431028.16690144,10.0,0.7521217827316247
7.235122279732087,125.3946338163173,4.962704098360656,17865734.754098363,58.23637211843828,44.99135052025891,0.1463932403439617,0.0,0.992114701314478,0.0015755738173628,17408225.39552876,17408225.39552876,10.0,0.7449711130346627
7.204886697120096,125.2775731056234,4.962704098360656,17865734.754098363,283.14378232074347,38.53767200521743,0.108900657991567,0.0125,0.992114701314478,0.0056272739246539,17365798.25113951,17365798.25113951,10.05464480874317,0.7374669614598306
7.0473860028785875,125.62848220951464,4.962704098360656,17865734.754098363,59.02467470723451,45.464621298912526,0.1493252275778709,0.0,0.992114701314478,0.0016288841843895,17409796.85871546,17409796.85871546,10.0,0.753874173560455
7.220354800680719,125.49769042926891,4.962704098360656,17865734.754098363,269.30981672749436,53.11640402513912,0.1999043761975193,0.0,0.992114701314478,0.0099494232189735,17436905.868315265,17436905.868315265,10.0,0.752805868841389
6.996372822154739,125.34868820437768,5.225479234972678,18811725.24590164,41.97783797054488,46.96671063387074,0.1587884159786914,0.0,0.992114701314478,0.0012318626912616,18336986.01013328,18336986.01013328,10.0,0.7813927181054546
7.482509301967561,125.39829116307824,4.962704098360656,17865734.754098363,228.46982380909847,38.31514962299382,0.1076937665843656,0.0,0.992114701314478,0.0045471871856914,17387483.559529394,17387483.559529394,10.0,0.7430184929212211
7.41598637604331,125.42238971899188,4.962704098360656,17865734.754098363,73.35406427475853,31.888393781435155,0.0754606428827002,0.0,0.992114701314478,0.0010229822571124,17370207.506378893,17370207.506378893,10.0,0.7451439405926037
7.097199570904646,125.53669158674026,4.962704098360656,17865734.754098363,213.09522208540437,60.52499746102238,0.2539781062478151,0.0,0.992114701314478,0.0100021511186084,17465887.87586256,17465887.87586256,10.0,0.7525459437825701
7.30037864657151,125.3631909981076,4.962704098360656,17865734.754098363,52.910945241779395,40.03130211985062,0.117153421080166,0.025,0.992114701314478,0.0011169366202018,17347889.332986772,17347889.332986772,10.0,0.743691959624329
7.091434275187703,125.59883648065288,4.962704098360656,17865734.754098363,54.3582051192831,57.61720494494978,0.2322133832220805,0.0,0.992114701314478,0.0023327906878358,17454222.592805337,17454222.592805337,10.0,0.7537720368177692
7.44778249719607,125.52098012639648,4.962704098360656,17865734.754098363,16.170153829807926,44.59131561002881,0.1439337680043014,0.0,0.992114701314478,0.0004301305260597,17406907.187115096,17406907.187115096,10.0,0.7464201091323377
7.132614301129115,125.57522479553784,4.962704098360656,17865734.754098363,247.8018430490065,61.71797315971078,0.2630940059658141,0.0,0.992114701314478,0.0120486643165916,17470773.743254762,17470773.743254762,10.0,0.7526031788055957
7.169353238820044,125.304457393058,4.962704098360656,17865734.754098363,31.336103192586464,45.71450377460954,0.1508829532077962,0.0125,0.992114701314478,0.0008628706317609,17388299.587660555,17388299.587660555,10.046448087431694,0.737405674729894
7.3289286649348355,125.44772666441575,4.962704098360656,17865734.754098363,37.75918800921687,41.5742902086144,0.125952033743771,0.0,0.992114701314478,0.0008789238508582,17397269.480273575,17397269.480273575,10.0,0.7489864126534688
7.127368207913718,125.54187551487092,4.962704098360656,17865734.754098363,235.64702161281417,23.87506976045765,0.0427849241155762,0.0,0.992114701314478,0.0018632714948831,17352694.234647106,17352694.234647106,10.0,0.7526042165624951
7.1741035774903,125.4472643366024,4.962704098360656,17865734.754098363,125.46220052706444,46.38841930395879,0.1551170499057312,0.0,0.992114701314478,0.0035966307743846,17412901.113559034,17412901.113559034,10.0,0.7527116821637923
7.122578806482014,125.38039887579444,4.962704098360656,17865734.754098363,297.86209389596723,63.027760203229015,0.2732206261905661,0.0,0.992114701314478,0.0150401490245167,17476201.32858149,17476201.32858149,10.0,0.7450956147299905
6.996679951838505,125.49187782857886,5.225479234972678,18811725.24590164,134.29253664935453,47.46657456881105,0.1619898958488241,0.0125,0.992114701314478,0.0039700897677523,18315278.114366822,18315278.114366822,10.0,0.7883521591083817
7.325296716670109,125.5252176664076,4.962704098360656,17865734.754098363,346.68059714432894,47.50330473001994,0.1622261592498943,0.0,0.992114701314478,0.0103937876839467,17416711.39741545,17416711.39741545,10.0,0.7507334902756017
7.0519159432897025,125.37944832901856,4.962704098360656,17865734.754098363,41.49012457509043,44.15953206559172,0.1412985822025088,0.0,0.992114701314478,0.001083442735292,17405494.801198218,17405494.801198218,10.0,0.7442763384446163
7.301365507948409,125.54329650048004,4.962704098360656,17865734.754098363,70.4705048983811,42.73130041532866,0.1327279949692703,0.0,0.992114701314478,0.0017285953320615,17400901.20605234,17400901.20605234,10.0,0.7506686787514547
7.404439309427603,125.40114099521472,4.962704098360656,17865734.754098363,75.94976107917395,58.30229414695552,0.2372812080906622,0.0,0.992114701314478,0.0033305286645008,17456938.805251807,17456938.805251807,10.0,0.7439071068696027
7.379644504512219,125.32784668931842,4.962704098360656,17865734.754098363,33.45791203407133,44.63520468072129,0.1442027588094497,0.0,0.992114701314478,0.0008916528932097,17407051.358666375,17407051.358666375,10.049180327868852,0.7388237141476262
7.254267679670088,125.36968729382372,4.962704098360656,17865734.754098363,80.97256003620116,44.37229489865581,0.1425945425157016,0.0,0.992114701314478,0.0021338515039921,17406189.39969444,17406189.39969444,10.0,0.743603826389025
7.154070707659979,125.62585797197492,4.962704098360656,17865734.754098363,294.6849856473639,35.154691116004955,0.0911997603792353,0.0,0.992114701314478,0.0049667823036045,17378643.233332593,17378643.233332593,10.0,0.7538810726519182
7.388564674044743,125.43367230168892,4.962704098360656,17865734.754098363,44.80700399409231,49.560103846939775,0.1756749911679109,0.0125,0.992114701314478,0.0014365355221414,17401587.426886823,17401587.426886823,10.0,0.7463190847520271
7.230561868601352,125.280164652391,4.962704098360656,17865734.754098363,147.36915610097228,45.864615772829254,0.1518219209882921,0.0,0.992114701314478,0.004134895114357,17411135.016582448,17411135.016582448,10.05464480874317,0.7375110338556202
7.395831663733184,125.3659858485425,4.962704098360656,17865734.754098363,67.52187915695609,43.78900357251129,0.1390534732009437,0.0,0.992114701314478,0.0017352009636671,17404291.485540736,17404291.485540736,10.0,0.7438959372463968
7.05769059785018,125.55876983462258,4.962704098360656,17865734.754098363,162.5512292485594,51.72996011904417,0.1903157073092021,0.0,0.992114701314478,0.0057172648391555,17431766.609865155,17431766.609865155,10.0,0.7528363035140321
7.419285824844028,125.41999355101647,4.962704098360656,17865734.754098363,75.94976107917395,58.30229414695552,0.2372812080906622,0.0,0.992114701314478,0.0033305286645008,17456938.805251807,17456938.805251807,10.0,0.7451439405926037
7.01784302403061,125.58471257429674,4.962704098360656,17865734.754098363,93.6977182187686,39.5763290836109,0.1146117402774239,0.025,0.992114701314478,0.0019350231111334,17346527.06313523,17346527.06313523,10.0,0.7527644538429398
7.452364041168942,125.38031859904432,4.962704098360656,17865734.754098363,206.4786654020648,39.47360851902966,0.114041254625715,0.0,0.992114701314478,0.0043517164516991,17390885.63566044,17390885.63566044,10.0,0.7429566476344484
7.433461551544395,125.48544101112026,4.962704098360656,17865734.754098363,36.36747155257376,46.86392109324998,0.1581332908793512,0.0,0.992114701314478,0.0010628202874766,17414517.734394707,17414517.734394707,10.0,0.7451765223231733
7.063689682085976,125.31019526969791,4.962704098360656,17865734.754098363,21.97482359879272,31.692078124261815,0.0745581227595195,0.0125,0.992114701314478,0.0002990066762903,17347391.61238234,17347391.61238234,10.03551912568306,0.736338643344899
7.248064718918586,125.49880784415215,4.962704098360656,17865734.754098363,74.57875061072244,43.000707790890104,0.1343273616771608,0.0,0.992114701314478,0.0018514117144636,17401758.42189367,17401758.42189367,10.0,0.7528556262821315
7.474605731050855,125.4913120732585,4.962704098360656,17865734.754098363,36.67297216167149,45.03976571455776,0.1466920756710809,0.0,0.992114701314478,0.0009942055462548,17408385.562909443,17408385.562909443,10.0,0.7452577665200719
7.227356466620527,125.66444460074636,4.962704098360656,17865734.754098363,376.9834691142676,30.454494255662365,0.0689840058326982,0.0,0.992114701314478,0.0048061147460997,17366736.209989876,17366736.209989876,10.0,0.7531475029344696
7.08404736267453,125.56191431984108,4.962704098360656,17865734.754098363,45.5439336407906,54.79827955064462,0.2117715736334267,0.0,0.992114701314478,0.0017824675029192,17443266.354365196,17443266.354365196,10.0,0.7528846338308757
6.970373741311215,125.47396449783513,5.225479234972678,18811725.24590164,68.6629422085186,42.35325885664912,0.1304974090700215,0.0,0.992114701314478,0.0016559518974409,18321019.93066641,18321019.93066641,10.0,0.7879119683585083
7.310451702065516,125.4591920809984,4.962704098360656,17865734.754098363,56.084524788917435,52.50551494439729,0.1956574685971308,0.0375,0.992114701314478,0.0019519272714316,17367633.139245983,17367633.139245983,10.0,0.7489453128978455
7.167385114774851,125.6599452963276,4.962704098360656,17865734.754098363,2374.583999959631,27.820097771956444,0.0577913373563746,0.0,0.992114701314478,0.0253614278539091,17360737.25260422,17360737.25260422,10.0,0.7530342483171744
7.239698872645238,125.34173859123456,4.962704098360656,17865734.754098363,290.64670410310447,40.23551212417383,0.1183020874882864,0.0125,0.992114701314478,0.0062750665159551,17370837.154510446,17370837.154510446,10.0,0.744967750050707
7.187999353964159,125.54848899405802,4.962704098360656,17865734.754098363,17.49362853590059,48.268855058777945,0.1671819423713549,0.0,0.992114701314478,0.0005404962510829,17419367.55861786,17419367.55861786,10.0,0.7523836826363131
7.217859068168928,125.2498663908771,4.962704098360656,17865734.754098363,378.3686503948254,38.19054198065508,0.1070205173227087,0.0,0.992114701314478,0.0074835146090167,17387122.71674743,17387122.71674743,10.0,0.7431990207734457
7.167279133881627,125.34257120716688,4.962704098360656,17865734.754098363,27.684261208840432,46.152281224208906,0.1536279742101655,0.0,0.992114701314478,0.0007860074475366,17412103.01061686,17412103.01061686,10.0,0.7451848964410714
7.384181865322803,125.29574678617698,4.962704098360656,17865734.754098363,129.44751138576504,37.0883310932109,0.1011466189344863,0.0,0.992114701314478,0.0024197388345345,17383974.471430134,17383974.471430134,10.057377049180328,0.7388412125848757
7.132158128444121,125.47016555949864,4.962704098360656,17865734.754098363,74.79145069424479,45.2065577800325,0.1477235042330142,0.0,0.992114701314478,0.0020418553732113,17408938.379782602,17408938.379782602,10.0,0.7520979491364342
7.276264982006637,125.48322587530444,4.962704098360656,17865734.754098363,315.03239565895984,56.31836040632021,0.2227111001764945,0.0,0.992114701314478,0.0129664323355996,17449129.63475181,17449129.63475181,10.0,0.7488947277578384
7.179607064415344,125.39710770859168,4.962704098360656,17865734.754098363,55.08812325455278,47.993719893105215,0.1653939713197271,0.025,0.992114701314478,0.0016417449421049,17373744.919235922,17373744.919235922,10.0,0.7448546788022328
7.217556057541587,125.50847375282012,4.962704098360656,17865734.754098363,269.30981672749436,53.11640402513912,0.1999043761975193,0.0,0.992114701314478,0.0099494232189735,17436905.868315265,17436905.868315265,10.0,0.7524538378948142
6.982535425074496,125.47838493202468,5.225479234972678,18811725.24590164,68.6629422085186,42.35325885664912,0.1304974090700215,0.0,0.992114701314478,0.0016559518974409,18321019.93066641,18321019.93066641,10.0,0.7879337826875015
7.361134520505405,125.30087551492018,4.962704098360656,17865734.754098363,765.5640457553708,47.58283995118855,0.1627382378831613,0.0375,0.992114701314478,0.0221613031792847,17349989.35191864,17349989.35191864,10.05464480874317,0.7388013089751276
7.467481147899071,125.46423325978442,4.962704098360656,17865734.754098363,23.969007336261893,46.28698976347303,0.154476720763929,0.025,0.992114701314478,0.0006671770897745,17367893.578155704,17367893.578155704,10.0,0.7452437721363069
7.346892872576097,125.53352667532003,4.962704098360656,17865734.754098363,95.8709697433034,48.989342345837755,0.1719002989794801,0.0,0.992114701314478,0.0030457003366015,17421896.46584694,17421896.46584694,10.0,0.7493745955999322
7.000552341635757,125.60859548842252,4.962704098360656,17865734.754098363,93.6977182187686,39.5763290836109,0.1146117402774239,0.025,0.992114701314478,0.0019350231111334,17346527.06313523,17346527.06313523,10.0,0.7537799114810688
7.421046192578346,125.54894306569676,4.962704098360656,17865734.754098363,15.822173320783294,42.67449908499281,0.1323918228916127,0.0,0.992114701314478,0.000387124554435,17400721.027217206,17400721.027217206,10.0,0.7463665175569152
7.083300632162918,125.34956119881906,4.962704098360656,17865734.754098363,139.7205226249763,47.728470960321275,0.1636775505657646,0.0,0.992114701314478,0.004226420824939,17417489.30258367,17417489.30258367,10.0,0.7443350660270994
7.084918894073867,125.32015626047465,4.962704098360656,17865734.754098363,109.35345841406912,46.35748317176759,0.1549216340983766,0.0,0.992114701314478,0.003130891451163,17412796.376149606,17412796.376149606,10.021857923497267,0.7363768195560234
7.044310422530153,125.46879929583464,4.962704098360656,17865734.754098363,1298.3938613148196,10.291378265166866,0.0080440337334634,0.0,0.992114701314478,0.0019302064194135,17334074.088666465,17334074.088666465,10.0,0.7487820488718175
7.024466887284455,125.53378718142278,4.962704098360656,17865734.754098363,230.24811737393017,48.34319548277506,0.1676663637012117,0.0,0.992114701314478,0.0071345313789307,17419627.194907513,17419627.194907513,10.0,0.7527730747299538
7.100459043876023,125.36290985296714,4.962704098360656,17865734.754098363,51.29621093481734,44.52794442341953,0.1435457423347527,0.0,0.992114701314478,0.0013608147908707,17406699.216204397,17406699.216204397,10.0,0.7450616490334203
7.199058677469742,125.3119633795978,4.962704098360656,17865734.754098363,95.89604120293568,36.7092847023162,0.0991606053083309,0.0,0.992114701314478,0.0017573702376873,17382910.023650248,17382910.023650248,10.043715846994536,0.7374598178384738
7.464149074129247,125.50815868423835,4.962704098360656,17865734.754098363,30.46500698527457,43.586331122916874,0.1378318193840923,0.0125,0.992114701314478,0.0007663220008258,17381304.544806518,17381304.544806518,10.0,0.7464517621684823
7.362830620891409,125.39244374340058,4.962704098360656,17865734.754098363,29.39143371892187,35.78621086014096,0.0943977125700473,0.0125,0.992114701314478,0.0005063406158143,17358025.077857893,17358025.077857893,10.0,0.7438318368997545
7.506079786949272,125.44878918415856,4.962704098360656,17865734.754098363,16.810209271145602,45.76571781839095,0.1512030339320315,0.0125,0.992114701314478,0.0004638677170399,17388471.141980127,17388471.141980127,10.0,0.743061831409707
7.144518778753415,125.49050590202545,4.962704098360656,17865734.754098363,733.1355992842255,72.9281766235751,0.3532148726371422,0.0,0.992114701314478,0.047857136480178,17519076.008247547,17519076.008247547,10.0,0.7521196704916693
7.084148361226389,125.63920907309266,4.962704098360656,17865734.754098363,33.01914479500748,42.01114272881309,0.1284926596462489,0.0375,0.992114701314478,0.0007546894804512,17331634.6794002,17331634.6794002,10.0,0.7539334098261415
7.290056137006278,125.47408888197576,4.962704098360656,17865734.754098363,111.5909646165022,32.65493327485314,0.0790322727533881,0.0,0.992114701314478,0.0016298848461706,17372121.80013618,17372121.80013618,10.0,0.7489136343362133
6.987948328329492,125.47547718092612,5.225479234972678,18811725.24590164,82.8325660050715,31.9103054143267,0.075561686412047,0.0,0.992114701314478,0.0011567144908285,18290016.859041605,18290016.859041605,10.0,0.787956469425839
7.546059242452238,125.43259923226309,4.962704098360656,17865734.754098363,46.537748858021395,53.67202694498153,0.203796709962952,0.0,0.992114701314478,0.0017527741481338,17438992.05039409,17438992.05039409,10.0,0.7431413023040162
6.989308604167822,125.55894274356184,5.225479234972678,18811725.24590164,65.64001609380634,44.97223773739768,0.1462753391356589,0.0375,0.992114701314478,0.0017079059427004,18259380.26355459,18259380.26355459,10.0,0.7986704272673509
6.9707639384166065,125.47978315991084,5.225479234972678,18811725.24590164,68.6629422085186,42.35325885664912,0.1304974090700215,0.0,0.992114701314478,0.0016559518974409,18321019.93066641,18321019.93066641,10.0,0.7879211658190507
6.991669889784122,125.4873346946401,5.225479234972678,18811725.24590164,596.367161430808,26.000873930160576,0.0506063201311993,0.0,0.992114701314478,0.0055775297919786,18275933.25422502,18275933.25422502,10.0,0.7879638481816005
7.364739514558202,125.37124661795164,4.962704098360656,17865734.754098363,97.92496444560784,45.43112011998898,0.1491168932383793,0.0,0.992114701314478,0.0026986321395647,17409685.197333977,17409685.197333977,10.0,0.743835797844821
7.188628128572252,125.65542740602127,4.962704098360656,17865734.754098363,687.2167891250309,59.27530958061491,0.2445432970639615,0.0,0.992114701314478,0.0310579612151641,17460831.081912536,17460831.081912536,10.0,0.7530806914966408
7.382827185409826,125.40579616316454,4.962704098360656,17865734.754098363,42.31705852629523,37.062494558794285,0.1010106930463815,0.0125,0.992114701314478,0.0007800875490902,17361569.45051162,17361569.45051162,10.0,0.7438582153646056
7.436755900589152,125.51118484206752,4.962704098360656,17865734.754098363,16.170153829807926,44.59131561002881,0.1439337680043014,0.0,0.992114701314478,0.0004301305260597,17406907.187115096,17406907.187115096,10.0,0.7464038735162207
7.01199002220301,125.5622624067268,4.962704098360656,17865734.754098363,65.64001609380634,44.97223773739768,0.1462753391356589,0.0375,0.992114701314478,0.0017079059427004,17341165.698449448,17341165.698449448,10.0,0.7527402990570055
7.0320282445337,125.60003293828817,4.962704098360656,17865734.754098363,52.11117179254636,51.08471478089991,0.1859146735076856,0.0,0.992114701314478,0.0017904736179436,17429407.778788906,17429407.778788906,10.0,0.7538395181534223
7.077831775187137,125.49301407522496,4.962704098360656,17865734.754098363,346.5307139743167,47.38118561780162,0.1614411762340061,0.0125,0.992114701314478,0.0102097843654674,17393958.50002238,17393958.50002238,10.0,0.7488472416480764
7.12970799997062,125.39426992057466,4.962704098360656,17865734.754098363,205.14059837392296,45.20530383029724,0.1477157387614492,0.0,0.992114701314478,0.0056001776981969,17408934.217706945,17408934.217706945,10.0,0.745113975609202
7.050043061240747,125.61514938815574,4.962704098360656,17865734.754098363,41.93983534952473,48.7650964308501,0.170426152179588,0.0,0.992114701314478,0.0013209499989257,17421106.364375476,17421106.364375476,10.0,0.7538710441139693
7.007678530493143,125.54710512705944,4.962704098360656,17865734.754098363,348.07303945520357,46.94214126024653,0.1586317240857636,0.0125,0.992114701314478,0.0100767608870734,17392452.712215837,17392452.712215837,10.0,0.7527414305318874
7.384735576888397,125.436439940965,4.962704098360656,17865734.754098363,44.80700399409231,49.560103846939775,0.1756749911679109,0.0125,0.992114701314478,0.0014365355221414,17401587.426886823,17401587.426886823,10.0,0.7462978810251641
7.250112427107815,125.4724151583283,4.962704098360656,17865734.754098363,95.12410277889737,50.32288236051902,0.1807697552328192,0.0,0.992114701314478,0.0031778966003625,17426650.246432,17426650.246432,10.0,0.7488445498824543
7.4674780974510195,125.25240712228424,4.962704098360656,17865734.754098363,143.41008999076496,35.16958584436684,0.0912746154396498,0.0,0.992114701314478,0.0024190961992156,17378683.353552226,17378683.353552226,10.046448087431694,0.7417700136188278
7.212516183934125,125.27821947563882,4.962704098360656,17865734.754098363,283.14378232074347,38.53767200521743,0.108900657991567,0.0125,0.992114701314478,0.0056272739246539,17365798.25113951,17365798.25113951,10.05464480874317,0.737478995207158
7.138119801899109,125.4031132651283,4.962704098360656,17865734.754098363,730.0302196763832,53.313315520149814,0.201280600777634,0.0,0.992114701314478,0.0271560235821093,17437643.486214574,17437643.486214574,10.0,0.7451428494775667
7.357658715361393,125.41063548359608,4.962704098360656,17865734.754098363,36.740708516948416,43.720966180345904,0.1386428581573986,0.0,0.992114701314478,0.0009413875468149,17404071.407357115,17404071.407357115,10.0,0.7438214814391777
7.068270746291378,125.36693420226436,4.962704098360656,17865734.754098363,36.99745728818641,45.05109117980932,0.1467620167768295,0.0,0.992114701314478,0.0010034805693411,17408423.04938675,17408423.04938675,10.0,0.7443157031249952
7.168636570929559,125.43753000253226,4.962704098360656,17865734.754098363,65.265909807132,44.62103686466563,0.1441159031520336,0.0,0.992114701314478,0.0017382879641687,17407004.806462258,17407004.806462258,10.0,0.7527009174550678
7.560480310288621,125.40601924802831,4.962704098360656,17865734.754098363,24.21271178177608,45.22184927941484,0.1478182151461869,0.0,0.992114701314478,0.0006614466258044,17408989.14218419,17408989.14218419,10.0,0.7424668471035363
7.183089630968579,125.56804167111588,4.962704098360656,17865734.754098363,107.9645271234512,26.78733071886814,0.0536572525130892,0.0,0.992114701314478,0.0010706140463527,17358521.498706385,17358521.498706385,10.0,0.7523744374341139
7.234724102455841,125.68186948882874,4.962704098360656,17865734.754098363,61.67460371866925,44.84658263905889,0.1455011899598585,0.0,0.992114701314478,0.001658426893452,17407747.281462267,17407747.281462267,10.0,0.7535216880249137
7.233162074027001,125.35034256431284,4.962704098360656,17865734.754098363,626.4591831032208,41.77822348083958,0.1271353619326516,0.0,0.992114701314478,0.0147191442853102,17397903.711100064,17397903.711100064,10.0,0.7449451395936165
7.531506740593745,125.3190487393652,4.962704098360656,17865734.754098363,19.09001216948704,43.073059346121134,0.1347582633259648,0.0,0.992114701314478,0.0004754282999796,17401989.373130552,17401989.373130552,10.065573770491802,0.7389575554387388
7.383616009222768,125.39081168649228,4.962704098360656,17865734.754098363,69.9467236541887,51.16975202226598,0.1864924212866488,0.0,0.992114701314478,0.0024107489329368,17429717.435446117,17429717.435446117,10.0,0.7438645057937301
7.541960271926128,125.40418007027078,4.962704098360656,17865734.754098363,27.1594195595681,46.37355474671445,0.1550231416640348,0.0,0.992114701314478,0.0007781089971772,17412850.78136691,17412850.78136691,10.0,0.7424382865892286
7.273370462372054,125.52567945023662,4.962704098360656,17865734.754098363,48.94474323429765,45.9499490123083,0.1523567560631997,0.0,0.992114701314478,0.0013781331855357,17411421.67323001,17411421.67323001,10.0,0.7506184080154753
7.141375635904061,125.47984678238362,4.962704098360656,17865734.754098363,173.09509547011737,34.34803493084529,0.0871872189009307,0.0,0.992114701314478,0.0027890802239551,17376492.623280358,17376492.623280358,10.0,0.7521198742312608
7.304925001215016,125.36822414333588,4.962704098360656,17865734.754098363,52.910945241779395,40.03130211985062,0.117153421080166,0.025,0.992114701314478,0.0011169366202018,17347889.332986772,17347889.332986772,10.0,0.7437012498581324
7.265888787566297,125.38056787112076,4.962704098360656,17865734.754098363,393.24563518108783,62.866146981925304,0.2719645965396736,0.0,0.992114701314478,0.0197651312451859,17475528.131803907,17475528.131803907,10.0,0.7436335371251144
7.040709633565482,125.34435880897696,4.962704098360656,17865734.754098363,37.64164548447054,42.97728230925873,0.1341879722741537,0.0,0.992114701314478,0.000933481272049,17401683.713070624,17401683.713070624,10.0,0.7442648423328184
7.205860432128711,125.4520985495876,4.962704098360656,17865734.754098363,116.36800151108812,47.93917744297508,0.1650404412686112,0.0,0.992114701314478,0.0035493380996536,17418219.773897544,17418219.773897544,10.0,0.7527732182183562
7.047969637774826,125.55735210222198,4.962704098360656,17865734.754098363,78.35662937335067,55.65514826007932,0.2179137226706359,0.0,0.992114701314478,0.0031556130598032,17446558.374530766,17446558.374530766,10.0,0.7528291769398348
7.382273419270296,125.3500246472379,4.962704098360656,17865734.754098363,36.94326946917393,41.83202490241288,0.1274483341991761,0.0,0.992114701314478,0.0008701475668533,17398071.45548504,17398071.45548504,10.0,0.7438740561504842
7.456449722854963,125.44735251900956,4.962704098360656,17865734.754098363,40.587195528924525,42.99218060240055,0.1342766149942001,0.0,0.992114701314478,0.0010071933441667,17401731.223090347,17401731.223090347,10.0,0.7452201355463114
7.0156273289156275,125.30593856185796,4.962704098360656,17865734.754098363,41.97783797054488,46.96671063387074,0.1587884159786914,0.0,0.992114701314478,0.0012318626912616,17414868.863132372,17414868.863132372,10.027322404371585,0.7362542911573591
7.465178935831652,125.29885621867884,4.962704098360656,17865734.754098363,40.274048422546194,45.594598720702216,0.1501346545896375,0.0125,0.992114701314478,0.0011034858289112,17387898.52052169,17387898.52052169,10.046448087431694,0.7397000878086691
7.502082265797973,125.36061710829996,4.962704098360656,17865734.754098363,166.89018722154665,37.24872294942579,0.1019922532122259,0.0,0.992114701314478,0.0031457297320873,17384427.707761284,17384427.707761284,10.01639344262295,0.7423598157921668
7.490682366854976,125.47477194956188,4.962704098360656,17865734.754098363,36.3674426163565,50.72851328956448,0.1835021539867949,0.0125,0.992114701314478,0.0012179079123257,17405782.567330804,17405782.567330804,10.0,0.7452972660629186
7.050979645044964,125.48058919448108,4.962704098360656,17865734.754098363,1313.2375177259046,40.511273197487135,0.1198609154437224,0.0,0.992114701314478,0.0290900381502663,17394004.81115644,17394004.81115644,10.0,0.7488014222820851
7.183902407751173,125.42180802799072,4.962704098360656,17865734.754098363,27.587301819686868,47.13626599895749,0.1598714692612498,0.0125,0.992114701314478,0.0008048977545373,17393117.18096987,17393117.18096987,10.0,0.7527134227454141
7.202359544424207,125.38847591458229,4.962704098360656,17865734.754098363,119.60281164433825,47.84451734362684,0.1644275997239986,0.0125,0.992114701314478,0.0035890262073381,17395559.13952045,17395559.13952045,10.0,0.7448962415528251
7.469154926928216,125.27469417917564,4.962704098360656,17865734.754098363,485.9863886478462,42.78291181669305,0.1330337640594828,0.0,0.992114701314478,0.0119483903930202,17401065.089736193,17401065.089736193,10.051912568306012,0.7396908633084757
7.039705159944334,125.4810902106295,4.962704098360656,17865734.754098363,251.96543187960648,40.17788850745053,0.1179774671422532,0.0,0.992114701314478,0.0054936811462558,17392995.33552313,17392995.33552313,10.0,0.7487806488338445
7.435810089836969,125.3212296408038,4.962704098360656,17865734.754098363,30.282662575179664,45.280317732363926,0.1481805822976588,0.0,0.992114701314478,0.0008292944778092,17409183.360846546,17409183.360846546,10.040983606557377,0.7396347534217299
7.163695841551454,125.40459580584952,4.962704098360656,17865734.754098363,109.94008691454457,43.927243939972776,0.1398893399373922,0.0,0.992114701314478,0.0028422620467397,17404739.48674283,17404739.48674283,10.0,0.7451796666349926
7.121705222763539,125.47530744764826,4.962704098360656,17865734.754098363,166.2664283155095,54.75673477048477,0.2114754025993536,0.0,0.992114701314478,0.0064981217914403,17443107.614971098,17443107.614971098,10.0,0.7520770976461162
7.290982289779293,125.3716909663368,4.962704098360656,17865734.754098363,49.59516889693918,44.46342606510094,0.143151140433134,0.0,0.992114701314478,0.0013120718101441,17406487.720617164,17406487.720617164,10.0,0.7436743596668828
6.965095132565466,125.47757636933063,5.225479234972678,18811725.24590164,3456.00867393206,33.273567525743985,0.0819697224258854,0.0,0.992114701314478,0.0523542216339055,18293633.245427348,18293633.245427348,10.0,0.7879211658190507
7.093578028389681,125.5001538079984,4.962704098360656,17865734.754098363,129.06138016808907,18.919409489202927,0.0270122127780284,0.0125,0.992114701314478,0.0006362341707106,17321908.333891194,17321908.333891194,10.0,0.7525343495372936
7.3427087028084,125.26323009242408,4.962704098360656,17865734.754098363,152.45941267805347,44.75721412280223,0.1449516363187597,0.025,0.992114701314478,0.0039820379933013,17362788.399189472,17362788.399189472,10.060109289617486,0.7387587742818447
7.49898166778285,125.5332633999252,4.962704098360656,17865734.754098363,85.08443703405864,56.88339976082537,0.2268276753229063,0.0,0.992114701314478,0.0035667247095361,17451336.003941644,17451336.003941644,10.0,0.7465131507501434
7.526307485139132,125.31643392402776,4.962704098360656,17865734.754098363,90.52395806752692,43.6704163154196,0.1383381126481793,0.0125,0.992114701314478,0.0022854193721123,17381575.90384144,17381575.90384144,10.065573770491802,0.7389575554387388
7.018909927680124,125.43891952954552,4.962704098360656,17865734.754098363,112.57953315461916,34.06032921855057,0.0857758427206372,0.0,0.992114701314478,0.0017846286299796,17375736.165106095,17375736.165106095,10.0,0.7487365484680217
7.278667117005956,125.35320001719224,4.962704098360656,17865734.754098363,97.53500742968475,38.77877199346353,0.1102149663618526,0.0,0.992114701314478,0.0019866644148867,17388834.852123994,17388834.852123994,10.0,0.7436480383102955
7.0775039143551615,125.57669497144116,4.962704098360656,17865734.754098363,263.35371497450814,42.60064926800286,0.1319552915971079,0.0,0.992114701314478,0.0064222865457438,17400487.05864762,17400487.05864762,10.0,0.7528741611161365
7.55963482277718,125.50505521182666,4.962704098360656,17865734.754098363,19.10587699420732,45.306861619200575,0.1483452130240017,0.0,0.992114701314478,0.0005237981170445,17409271.598313224,17409271.598313224,10.0,0.7459379783610431
7.043387568079465,125.5607442584441,4.962704098360656,17865734.754098363,20.953287817923307,42.10769657246907,0.129057112240999,0.0,0.992114701314478,0.0004997554520254,17398933.71553824,17398933.71553824,10.0,0.7528091418022953
7.188600147503348,125.26052559191729,4.962704098360656,17865734.754098363,95.89604120293568,36.7092847023162,0.0991606053083309,0.0,0.992114701314478,0.0017573702376873,17382910.023650248,17382910.023650248,10.05464480874317,0.7374367058252166
7.056292406216689,125.56000149898566,4.962704098360656,17865734.754098363,162.5512292485594,51.72996011904417,0.1903157073092021,0.0,0.992114701314478,0.0057172648391555,17431766.609865155,17431766.609865155,10.0,0.7528363035140321
7.19618191541524,125.52562064400873,4.962704098360656,17865734.754098363,90.65665668591278,45.35749218646983,0.1486594436200093,0.0,0.992114701314478,0.0024906667368245,17409440.017127622,17409440.017127622,10.0,0.7523995457456574
7.273953462954003,125.44429375967051,4.962704098360656,17865734.754098363,227.32068153255776,44.72864979017781,0.14477616782805,0.0125,0.992114701314478,0.0060061551898154,17385026.52142671,17385026.52142671,10.0,0.7488653429236528
7.160287398679361,125.33266220829276,4.962704098360656,17865734.754098363,43.24198674267351,45.214939744067735,0.1477754164711313,0.0,0.992114701314478,0.0011809492922472,17408966.203290902,17408966.203290902,10.027322404371585,0.7365161050211487
7.3480253279198,125.41825273455154,4.962704098360656,17865734.754098363,197.47863461585575,49.95804069128911,0.1783257834327514,0.0,0.992114701314478,0.0065081518194206,17425340.3458742,17425340.3458742,10.0,0.7462370557948784
7.38046922998576,125.27203086739908,4.962704098360656,17865734.754098363,63.70412972015328,48.88221261255955,0.1711954216405845,0.0,0.992114701314478,0.0020155016218877,17421518.67129981,17421518.67129981,10.060109289617486,0.7388346810641644
7.328051852918437,125.44881355849977,4.962704098360656,17865734.754098363,269.46215496992716,41.32578614477728,0.124516489192454,0.0,0.992114701314478,0.0062008048649049,17396500.06852813,17396500.06852813,10.0,0.7489864126534688
7.073261006192807,125.31964745824293,4.962704098360656,17865734.754098363,21.97482359879272,31.692078124261815,0.0745581227595195,0.0125,0.992114701314478,0.0002990066762903,17347391.61238234,17347391.61238234,10.030054644808743,0.7363557015377781
7.484952453231133,125.3026417505179,4.962704098360656,17865734.754098363,39.90270824959279,45.71687867645084,0.1508977898518764,0.0,0.992114701314478,0.0011127783579826,17410639.70812961,17410639.70812961,10.049180327868852,0.7397038603598581
7.255575091387041,125.38711949685774,4.962704098360656,17865734.754098363,68.6218456503959,47.47185137610401,0.1620238298865536,0.0,0.992114701314478,0.0020547770542952,17416602.9545333,17416602.9545333,10.0,0.7436062932331262
7.294890096434981,125.40334527744764,4.962704098360656,17865734.754098363,60.62219109103389,50.108515100550626,0.1793321944726379,0.0,0.992114701314478,0.0020091543919951,17425879.754054967,17425879.754054967,10.0,0.7436763572817712
7.134575157160681,125.44786958039218,4.962704098360656,17865734.754098363,74.80318717157584,44.833911120829654,0.1454232165124963,0.0,0.992114701314478,0.0020103758919552,17407705.489874415,17407705.489874415,10.0,0.7520990358110399
7.546251251652101,125.42121019451652,4.962704098360656,17865734.754098363,27.1594195595681,46.37355474671445,0.1550231416640348,0.0,0.992114701314478,0.0007781089971772,17412850.78136691,17412850.78136691,10.0,0.7431417626279215
7.551479924943732,125.45878133480136,4.962704098360656,17865734.754098363,75.39725970040838,37.10818661482754,0.1012511338571112,0.0,0.992114701314478,0.0014108436119272,17384030.488506697,17384030.488506697,10.0,0.7431398676924742
7.455621343272893,125.4814343524384,4.962704098360656,17865734.754098363,36.67297216167149,45.03976571455776,0.1466920756710809,0.0,0.992114701314478,0.0009942055462548,17408385.562909443,17408385.562909443,10.0,0.7452202526838474
7.469649893641054,125.35839919673194,4.962704098360656,17865734.754098363,29.06669669094895,47.612885664193826,0.1629318530275516,0.0,0.992114701314478,0.0008752358425764,17417089.62955093,17417089.62955093,10.0,0.7429980027091209
7.02644805756086,125.58315956378456,4.962704098360656,17865734.754098363,93.6977182187686,39.5763290836109,0.1146117402774239,0.025,0.992114701314478,0.0019350231111334,17346527.06313523,17346527.06313523,10.0,0.7527904215340397
7.282481545747867,125.37693736697368,4.962704098360656,17865734.754098363,34.408133958172385,45.204876372460774,0.1477130916351541,0.0,0.992114701314478,0.0009392982805123,17408932.798921257,17408932.798921257,10.0,0.743657982754074
6.971832511404888,125.53497346829164,5.225479234972678,18811725.24590164,133.83919514728333,48.54032959421556,0.1689536469957047,0.0875,0.992114701314478,0.0038133544894409,18178120.18022024,18178120.18022024,10.0,0.7986244241924815
7.431962274834136,125.45813232514128,4.962704098360656,17865734.754098363,46.82475006944004,50.419822291022406,0.1814213092121375,0.0,0.992114701314478,0.0015699549251295,17426999.46114917,17426999.46114917,10.0,0.7451666281279347
7.244489089020171,125.30786544010238,4.962704098360656,17865734.754098363,347.3671318125524,32.539193316247854,0.0784881462876546,0.0,0.992114701314478,0.0050386734572418,17371830.163562894,17371830.163562894,10.049180327868852,0.7375318018664686
7.434021417248378,125.4729948280294,4.962704098360656,17865734.754098363,46.82475006944004,50.419822291022406,0.1814213092121375,0.0,0.992114701314478,0.0015699549251295,17426999.46114917,17426999.46114917,10.0,0.7451776711231793
7.335333519214097,125.5156738259865,4.962704098360656,17865734.754098363,67.85125984769786,36.53351503177595,0.098245608540789,0.0,0.992114701314478,0.0012319539715291,17382419.610963754,17382419.610963754,10.0,0.7493540726306434
7.310349186967099,125.50688188564573,4.962704098360656,17865734.754098363,87.93350956838533,45.52936292025541,0.1497281770284086,0.0,0.992114701314478,0.0024332199177502,17410012.82835554,17410012.82835554,10.0,0.7506931220338882
7.409812074671103,125.24606267984308,4.962704098360656,17865734.754098363,34.022922963141454,46.919578298621225,0.158487883434948,0.0,0.992114701314478,0.0009965316724591,17414707.78609103,17414707.78609103,10.019125683060109,0.7420042160762749
6.969002842896321,125.3915269403034,5.225479234972678,18811725.24590164,74.9618329982971,45.606915720962846,0.1502114514683126,0.0125,0.992114701314478,0.0020549618489153,18308630.928581513,18308630.928581513,10.0,0.7813398826559862
7.1847323275297965,125.24596616764823,4.962704098360656,17865734.754098363,26.520992778625683,55.84636928353773,0.2192930798501773,0.0,0.992114701314478,0.0010748259005004,17447297.671415787,17447297.671415787,10.0,0.7431361733263747
7.064606559356096,125.43921892301807,4.962704098360656,17865734.754098363,499.7350210108542,19.47718289268193,0.0286128252673344,0.0,0.992114701314478,0.0026425544647876,17345098.38587916,17345098.38587916,10.0,0.7488123593064819
7.105751384344724,125.30839441014824,4.962704098360656,17865734.754098363,64.61935644368404,38.36247948481963,0.1079499740317596,0.0125,0.992114701314478,0.0012730506820871,17365288.711115684,17365288.711115684,10.027322404371585,0.7364220966850521
7.068174896156433,125.401250556458,4.962704098360656,17865734.754098363,170.3466013005303,44.67843425597176,0.1444679117364814,0.0,0.992114701314478,0.0045480820101323,17407193.473222286,17407193.473222286,10.0,0.7443202068116312
6.985793349669196,125.40525056780156,5.225479234972678,18811725.24590164,109.92553461105166,47.21333904126712,0.1603647669692766,0.0,0.992114701314478,0.0032578490888119,18337875.626585063,18337875.626585063,10.0,0.7813722067741942
7.490586753559027,125.46099253165764,4.962704098360656,17865734.754098363,16.810209271145602,45.76571781839095,0.1512030339320315,0.0125,0.992114701314478,0.0004638677170399,17388471.141980127,17388471.141980127,10.0,0.7452855682942379
7.13034946821646,125.27958835788972,4.962704098360656,17865734.754098363,38.61756338142857,44.33959970983439,0.1423950718250483,0.0,0.992114701314478,0.0010162562884048,17406082.488980927,17406082.488980927,10.043715846994536,0.7364609979284872
7.2053589904835595,125.67155804651478,4.962704098360656,17865734.754098363,3086.674337150231,53.295923684553614,0.2011589060539303,0.0,0.992114701314478,0.1147502116684724,17437578.261244934,17437578.261244934,10.0,0.7531079298448413
7.154557634687584,125.48175122982684,4.962704098360656,17865734.754098363,102.677355956358,41.22840327935084,0.1239558580794943,0.0,0.992114701314478,0.0023521507462577,17396199.58592536,17396199.58592536,10.0,0.75212910730806
6.991701166881296,125.4727158561509,5.225479234972678,18811725.24590164,82.8325660050715,31.9103054143267,0.075561686412047,0.0,0.992114701314478,0.0011567144908285,18290016.859041605,18290016.859041605,10.0,0.7879638376881603
7.099872685682783,125.3606717713491,4.962704098360656,17865734.754098363,51.29621093481734,44.52794442341953,0.1435457423347527,0.0,0.992114701314478,0.0013608147908707,17406699.216204397,17406699.216204397,10.0,0.7450616490334203
7.553523292631103,125.54519727729912,4.962704098360656,17865734.754098363,24.42156435715089,48.80879157533603,0.1707129998177172,0.0,0.992114701314478,0.0007704837662082,17421260.106690004,17421260.106690004,10.0,0.745916351937636
7.165089448979636,125.3610599260024,4.962704098360656,17865734.754098363,109.81427272425384,43.4154553967208,0.1368053478202279,0.0,0.992114701314478,0.0027764207609984,17403086.55318836,17403086.55318836,10.0,0.7448390830227931
7.146638071000083,125.65596623113932,4.962704098360656,17865734.754098363,102.35365757884492,44.94121366493839,0.1460840444463038,0.0,0.992114701314478,0.0027633097522508,17408059.67517192,17408059.67517192,10.0,0.7538825178014474
7.242025214808373,125.27529429616938,4.962704098360656,17865734.754098363,147.36915610097228,45.864615772829254,0.1518219209882921,0.0,0.992114701314478,0.004134895114357,17411135.016582448,17411135.016582448,10.05464480874317,0.7375351106068344
7.5303556100543,125.35944163915738,4.962704098360656,17865734.754098363,25.99833176436132,49.2553251599909,0.1736553298196655,0.025,0.992114701314478,0.0008135076350872,17378172.776425976,17378172.776425976,10.024590163934427,0.7424128261718049
7.5732647390913135,125.52939629573676,4.962704098360656,17865734.754098363,12.78623504042829,58.14158304727009,0.2360889775055422,0.0,0.992114701314478,0.0005578813121591,17456299.802989822,17456299.802989822,10.0,0.7459479664683235
7.189591272889125,125.2538785598577,4.962704098360656,17865734.754098363,26.520992778625683,55.84636928353773,0.2192930798501773,0.0,0.992114701314478,0.0010748259005004,17447297.671415787,17447297.671415787,10.057377049180328,0.7374386170004341
7.194587321950438,125.22628856267887,4.962704098360656,17865734.754098363,26.520992778625683,55.84636928353773,0.2192930798501773,0.0,0.992114701314478,0.0010748259005004,17447297.671415787,17447297.671415787,10.0,0.7431548988540675
7.506363610459977,125.34158752936403,4.962704098360656,17865734.754098363,166.89018722154665,37.24872294942579,0.1019922532122259,0.0,0.992114701314478,0.0031457297320873,17384427.707761284,17384427.707761284,10.027322404371585,0.742367821409473
7.469803177773913,125.29456080497177,4.962704098360656,17865734.754098363,40.274048422546194,45.594598720702216,0.1501346545896375,0.0125,0.992114701314478,0.0011034858289112,17387898.52052169,17387898.52052169,10.049180327868852,0.7396926010517324
7.201357469653869,125.4835123028188,4.962704098360656,17865734.754098363,311.565726138216,47.7998983609832,0.1641390482692504,0.0,0.992114701314478,0.0094511576357876,17417736.65245047,17417736.65245047,10.0,0.7527565189244082
7.241625499975117,125.51397972676064,4.962704098360656,17865734.754098363,13.604560598458598,45.333256519978946,0.1485089945480414,0.0,0.992114701314478,0.0003733882921213,17409359.38063121,17409359.38063121,10.0,0.7524852839160582
7.544556538684583,125.39558576682884,4.962704098360656,17865734.754098363,20.60223821544115,51.83042104988083,0.1910044702640131,0.0,0.992114701314478,0.0007272460230216,17432135.767552927,17432135.767552927,10.0,0.7424382865892286
7.533012355200845,125.5131223665091,4.962704098360656,17865734.754098363,171.54842391278294,41.95659940922901,0.1281742662875354,0.0,0.992114701314478,0.0040636003717417,17398460.53478924,17398460.53478924,10.0,0.7458824006083189
7.413326157215751,125.36112672553784,4.962704098360656,17865734.754098363,30.20928597221454,53.28138654536931,0.2010572074318924,0.0125,0.992114701314478,0.0011084615417594,17415191.585184127,17415191.585184127,10.0,0.7439254482287235
7.345959506059081,125.41156620792572,4.962704098360656,17865734.754098363,197.47863461585575,49.95804069128911,0.1783257834327514,0.0,0.992114701314478,0.0065081518194206,17425340.3458742,17425340.3458742,10.0,0.7438010339114337
7.328982388870071,125.46344541058345,4.962704098360656,17865734.754098363,416.6134930799418,47.7249982291828,0.1636551263119582,0.0,0.992114701314478,0.0126004589591309,17417477.28381055,17417477.28381055,10.0,0.7489893584418079
6.998552500493936,125.5910142707982,5.225479234972678,18811725.24590164,93.6977182187686,39.5763290836109,0.1146117402774239,0.025,0.992114701314478,0.0019350231111334,18265025.512451444,18265025.512451444,10.0,0.7953526694760393
7.538602519983495,125.37233089092668,4.962704098360656,17865734.754098363,25.99833176436132,49.2553251599909,0.1736553298196655,0.025,0.992114701314478,0.0008135076350872,17378172.776425976,17378172.776425976,10.021857923497267,0.7424394315679319
7.225958577078757,125.53792968434828,4.962704098360656,17865734.754098363,44.194675239022715,41.58459582710788,0.1260117188101402,0.0,0.992114701314478,0.001029210720398,17397301.469800513,17397301.469800513,10.0,0.7524573927102498
7.481679543698929,125.41098760501647,4.962704098360656,17865734.754098363,228.46982380909847,38.31514962299382,0.1076937665843656,0.0,0.992114701314478,0.0045471871856914,17387483.559529394,17387483.559529394,10.0,0.7430141800370738
7.401065732646151,125.35848983300323,4.962704098360656,17865734.754098363,30.20928597221454,53.28138654536931,0.2010572074318924,0.0125,0.992114701314478,0.0011084615417594,17415191.585184127,17415191.585184127,10.0,0.7438989989777609
7.438129320076607,125.37100999702852,4.962704098360656,17865734.754098363,206.4786654020648,39.47360851902966,0.114041254625715,0.0,0.992114701314478,0.0043517164516991,17390885.63566044,17390885.63566044,10.0,0.7429298137486698
6.992083497275679,125.41774746647366,5.225479234972678,18811725.24590164,79.05302884012234,37.959692169088115,0.1057781604475094,0.0,0.992114701314478,0.0015453894503075,18307069.57926525,18307069.57926525,10.0,0.787959645314757
7.412193771470111,125.4616493751916,4.962704098360656,17865734.754098363,100.2659098210938,53.70318923519687,0.2040158411128284,0.0,0.992114701314478,0.0037804248399335,17439109.498564094,17439109.498564094,10.0,0.7463531008302938
7.572815990083511,125.45591685947949,4.962704098360656,17865734.754098363,57.6251297210752,44.809870530293495,0.1452753318097128,0.0,0.992114701314478,0.0015471314375513,17407626.227808192,17407626.227808192,10.0,0.7431832707245511
7.198465108957645,125.49222292391818,4.962704098360656,17865734.754098363,66.49436147047601,34.32761936550042,0.087086724283428,0.0125,0.992114701314478,0.0010568109349209,17354106.59253232,17354106.59253232,10.0,0.7527633150407408
7.414022034889086,125.37449721972352,4.962704098360656,17865734.754098363,48.722733038741154,44.1632605161841,0.1413212500510849,0.025,0.992114701314478,0.0012407010405213,17360842.613646075,17360842.613646075,10.0,0.7439313917634623
7.121128215659505,125.55054992830196,4.962704098360656,17865734.754098363,10.357499693799664,45.17622114781464,0.1475356826020977,0.0,0.992114701314478,0.0002824069747098,17408837.71263943,17408837.71263943,10.0,0.7525851498321767
7.206299901479285,125.24817994516458,4.962704098360656,17865734.754098363,17.580052938865563,45.524512861116975,0.149697974936967,0.0,0.992114701314478,0.000486361873664,17409996.640878897,17409996.640878897,10.0,0.7431770593667912
7.411085262682,125.36968889535076,4.962704098360656,17865734.754098363,48.722733038741154,44.1632605161841,0.1413212500510849,0.025,0.992114701314478,0.0012407010405213,17360842.613646075,17360842.613646075,10.0,0.7439313917634623
7.100706750744578,125.61076175239644,4.962704098360656,17865734.754098363,324.25771095957913,41.17891070304541,0.1236713465989198,0.0125,0.992114701314478,0.0073184637402314,17373714.927283343,17373714.927283343,10.0,0.7537779883161763
6.982588244912296,125.47093298881934,5.225479234972678,18811725.24590164,82.8325660050715,31.9103054143267,0.075561686412047,0.0,0.992114701314478,0.0011567144908285,18290016.859041605,18290016.859041605,10.0,0.7879494733871829
7.451038079160022,125.32034970689288,4.962704098360656,17865734.754098363,23.0039130926284,41.65870843568359,0.1264412987961823,0.0,0.992114701314478,0.0005375440825416,17397531.712663103,17397531.712663103,10.040983606557377,0.7396557236098937
7.314153207718262,125.2858816905554,4.962704098360656,17865734.754098363,15.134142288459191,49.35265131440839,0.1742992752271613,0.0,0.992114701314478,0.0004875024616092,17423182.25004661,17423182.25004661,10.043715846994536,0.7390547192409941
7.600263632063232,125.42032407006724,4.962704098360656,17865734.754098363,13.512882178045585,44.03456601752277,0.1405397057779118,0.0,0.992114701314478,0.0003509703663442,17405088.06465083,17405088.06465083,10.0,0.7415069893640402
7.563702295897831,125.53128557896808,4.962704098360656,17865734.754098363,7.887337573353654,35.04732086079143,0.0906609772916587,0.0,0.992114701314478,0.0001321521533099,17378354.460660618,17378354.460660618,10.0,0.7459425340774503
7.249089899495521,125.28730245512278,4.962704098360656,17865734.754098363,359.0068693872487,36.981890642996206,0.10058715771682,0.0,0.992114701314478,0.0066737312555986,17383674.615858532,17383674.615858532,10.05464480874317,0.7375465670971478
7.195164304762219,125.587656956869,4.962704098360656,17865734.754098363,53.57796780659214,43.924041751100624,0.1398699542507868,0.0125,0.992114701314478,0.0013676381064395,17382396.92811416,17382396.92811416,10.0,0.7530985173313676
7.288603397449823,125.52094469277569,4.962704098360656,17865734.754098363,31.719489310386933,41.94876226005255,0.1281285450788988,0.0,0.992114701314478,0.0007510960881748,17398436.029499657,17398436.029499657,10.0,0.7506574554769639
7.217063886926647,125.6661875791172,4.962704098360656,17865734.754098363,87.59502868576436,34.33761197245438,0.0871359058508846,0.0,0.992114701314478,0.0014105874920126,17376465.12092011,17376465.12092011,10.0,0.7534889051094463
7.299581184595437,125.44204264985768,4.962704098360656,17865734.754098363,219.19005971782815,52.34007297437868,0.1945132476529808,0.0,0.992114701314478,0.007879405639343,17434016.374137204,17434016.374137204,10.0,0.7489242204704926
7.508833085889746,125.43422154783364,4.962704098360656,17865734.754098363,37.28312676679267,47.34089922693027,0.1611825520682783,0.0125,0.992114701314478,0.0010967076645023,17393819.884700004,17393819.884700004,10.0,0.7430673771952804
7.3935228600389635,125.45609167069806,4.962704098360656,17865734.754098363,38.37723378154609,45.860017625899665,0.1517931235360942,0.0,0.992114701314478,0.0010765871317287,17411119.581953168,17411119.581953168,10.0,0.746314626697987
7.195661513368368,125.3969854887304,4.962704098360656,17865734.754098363,513.6116033893229,30.077977999491825,0.0673279422347474,0.0,0.992114701314478,0.0063907758707022,17365848.60620057,17365848.60620057,10.0,0.7448834570207823
7.231496660512629,125.23280372260928,4.962704098360656,17865734.754098363,17.580052938865563,45.524512861116975,0.149697974936967,0.0,0.992114701314478,0.000486361873664,17409996.640878897,17409996.640878897,10.0,0.7432183611888836
7.1022304705532,125.41343975217318,4.962704098360656,17865734.754098363,194.79606697280204,29.362848930198673,0.0642340329424548,0.0125,0.992114701314478,0.0022835256664338,17341858.188874867,17341858.188874867,10.0,0.7450562647130293
7.335657600464042,125.33620893556554,4.962704098360656,17865734.754098363,9.831483517944504,49.00300173666657,0.1719902556433516,0.0,0.992114701314478,0.0003124973338793,17421944.680103824,17421944.680103824,10.0,0.7437923474521947
7.49552830514266,125.3699960464934,4.962704098360656,17865734.754098363,166.89018722154665,37.24872294942579,0.1019922532122259,0.0,0.992114701314478,0.0031457297320873,17384427.707761284,17384427.707761284,10.010928961748634,0.7423559580494935
7.331438788269487,125.27101266457292,4.962704098360656,17865734.754098363,69.58041270400645,41.95731767718502,0.1281784569448578,0.0,0.992114701314478,0.0016482590098634,17398462.780864406,17398462.780864406,10.049180327868852,0.7390878774397966
7.299346517869817,125.29434993524326,4.962704098360656,17865734.754098363,92.4217315423895,43.66262158778803,0.1382911463069381,0.0125,0.992114701314478,0.0023325394660791,17381550.731195588,17381550.731195588,10.040983606557377,0.7390269634665391
7.373436193093435,125.4825944334915,4.962704098360656,17865734.754098363,12.617740784450389,50.16137946512742,0.1796862901213144,0.0125,0.992114701314478,0.0004137681585102,17403737.37098045,17403737.37098045,10.0,0.7462768371481148
7.287156456707407,125.42258613053195,4.962704098360656,17865734.754098363,27.142462515650845,61.20891192845371,0.2591913173260481,0.0,0.992114701314478,0.0013001489651586,17468682.011252787,17468682.011252787,10.0,0.7489139703157704
7.256977201847729,125.30437740895889,4.962704098360656,17865734.754098363,347.3671318125524,32.539193316247854,0.0784881462876546,0.0,0.992114701314478,0.0050386734572418,17371830.163562894,17371830.163562894,10.032786885245901,0.7389559333268108
7.388918007325161,125.39649836988256,4.962704098360656,17865734.754098363,69.9467236541887,51.16975202226598,0.1864924212866488,0.0,0.992114701314478,0.0024107489329368,17429717.435446117,17429717.435446117,10.0,0.7438852814982525
7.462457800812831,125.42613364216103,4.962704098360656,17865734.754098363,228.46982380909847,38.31514962299382,0.1076937665843656,0.0,0.992114701314478,0.0045471871856914,17387483.559529394,17387483.559529394,10.0,0.7452279206018052
7.109362952356467,125.42189893285698,4.962704098360656,17865734.754098363,113.87990838826556,38.30018675576243,0.1076128248213347,0.0,0.992114701314478,0.002264824527888,17387440.17700733,17387440.17700733,10.0,0.7450877085857764
7.495936877351772,125.47653845736934,4.962704098360656,17865734.754098363,99.38240101259254,44.85860436646877,0.1455751809856175,0.0,0.992114701314478,0.0026737465823924,17407786.93858348,17407786.93858348,10.0,0.7453075127081229
7.5171156376602655,125.31165189301616,4.962704098360656,17865734.754098363,90.52395806752692,43.6704163154196,0.1383381126481793,0.0125,0.992114701314478,0.0022854193721123,17381575.90384144,17381575.90384144,10.065573770491802,0.7389261392303952
7.215538514494755,125.2448244202025,4.962704098360656,17865734.754098363,378.3686503948254,38.19054198065508,0.1070205173227087,0.0,0.992114701314478,0.0074835146090167,17387122.71674743,17387122.71674743,10.0,0.7431971646773424
7.211611103263774,125.62842677816369,4.962704098360656,17865734.754098363,3379.2357130362007,46.340913250033665,0.1548170074171828,0.0,0.992114701314478,0.0966853277236495,17412740.29917357,17412740.29917357,10.0,0.7531089587931503
7.0549698386746424,125.50536766033058,4.962704098360656,17865734.754098363,449.1933310261299,37.29312673049008,0.1022269148917029,0.0,0.992114701314478,0.0084863702037009,17384553.47986096,17384553.47986096,10.0,0.7528303429538777
7.24083281136471,125.53170065459838,4.962704098360656,17865734.754098363,35.340118680370495,45.15197330322573,0.1473856292193259,0.0,0.992114701314478,0.0009626015628435,17408757.288221363,17408757.288221363,10.0,0.7524781291776368
7.112711109617803,125.37796610712832,4.962704098360656,17865734.754098363,105.91015786574744,45.2216545931053,0.1478170091605134,0.0,0.992114701314478,0.0028932465578455,17408988.49580959,17408988.49580959,10.0,0.7450795216783295
7.21388286849125,125.61246313720883,4.962704098360656,17865734.754098363,1904.1937896041136,47.87858844690003,0.164648074965845,0.0,0.992114701314478,0.0579416983391276,17418009.476528794,17418009.476528794,10.0,0.7531049911408296
7.242355465524843,125.26165182331216,4.962704098360656,17865734.754098363,31.59146477856737,43.141546886713336,0.1351666887947146,0.0,0.992114701314478,0.0007891559891472,17402208.277763296,17402208.277763296,10.060109289617486,0.7375286550831284
7.2536168007708595,125.46108037761196,4.962704098360656,17865734.754098363,95.12410277889737,50.32288236051902,0.1807697552328192,0.0,0.992114701314478,0.0031778966003625,17426650.246432,17426650.246432,10.0,0.7488423666869227
7.374942152696656,125.47727280056203,4.962704098360656,17865734.754098363,31.255447135955343,45.27491372255917,0.1481470747510913,0.0125,0.992114701314478,0.0008450439950899,17386833.233295746,17386833.233295746,10.0,0.7462768371481148
7.483572665262701,125.35563620096504,4.962704098360656,17865734.754098363,29.06669669094895,47.612885664193826,0.1629318530275516,0.0,0.992114701314478,0.0008752358425764,17417089.62955093,17417089.62955093,10.0,0.7430018925592418
7.129789773893455,125.62853854241432,4.962704098360656,17865734.754098363,59.6794136078708,49.1732854413433,0.1731132563996348,0.0,0.992114701314478,0.001909318110774,17422546.577113032,17422546.577113032,10.0,0.7538412971160253
7.546681959976275,125.42117697245286,4.962704098360656,17865734.754098363,27.1594195595681,46.37355474671445,0.1550231416640348,0.0,0.992114701314478,0.0007781089971772,17412850.78136691,17412850.78136691,10.0,0.7431417626279215
7.323507852617772,125.38442986443528,4.962704098360656,17865734.754098363,214.43343652442985,34.357117468314414,0.0872319440915207,0.0,0.992114701314478,0.0034569370888084,17376516.594732117,17376516.594732117,10.0,0.7437265184714046
7.568162109329497,125.38614482139224,4.962704098360656,17865734.754098363,20.60223821544115,51.83042104988083,0.1910044702640131,0.0,0.992114701314478,0.0007272460230216,17432135.767552927,17432135.767552927,10.01639344262295,0.7424904895661742
7.138881505427524,125.3397517371594,4.962704098360656,17865734.754098363,30.773929962237844,50.725891320113696,0.1834844408704821,0.0,0.992114701314478,0.0010435316432225,17428105.242038295,17428105.242038295,10.0,0.7451303310950749
7.2014079499464305,125.5665302084462,4.962704098360656,17865734.754098363,504.2121978832286,43.14647127989729,0.1351960755099835,0.0,0.992114701314478,0.0125979781820767,17402224.028221104,17402224.028221104,10.0,0.7523992213980952
7.233975848920578,125.54566486089163,4.962704098360656,17865734.754098363,44.194675239022715,41.58459582710788,0.1260117188101402,0.0,0.992114701314478,0.001029210720398,17397301.469800513,17397301.469800513,10.0,0.7524730279045158
7.523712363140679,125.31374407922492,4.962704098360656,17865734.754098363,90.52395806752692,43.6704163154196,0.1383381126481793,0.0125,0.992114701314478,0.0022854193721123,17381575.90384144,17381575.90384144,10.065573770491802,0.7389261392303952
7.415257424158993,125.3142588066454,4.962704098360656,17865734.754098363,39.6753362739553,43.31592664619121,0.1362089545205255,0.025,0.992114701314478,0.0009737653359757,17358102.56616807,17358102.56616807,10.05464480874317,0.7389014987070266
7.147613669219878,125.5836842957756,4.962704098360656,17865734.754098363,7.328938532931394,43.99945203684532,0.1403267780737279,0.0,0.992114701314478,0.0001900662701021,17404973.941354286,17404973.941354286,10.0,0.7526390011964669
7.101060036862296,125.4597504197424,4.962704098360656,17865734.754098363,192.60275471320963,46.06632128846915,0.1530873742109077,0.0,0.992114701314478,0.0054491063902171,17411813.264131017,17411813.264131017,10.0,0.7520361366180799
7.583145852512641,125.39932767314684,4.962704098360656,17865734.754098363,20.60223821544115,51.83042104988083,0.1910044702640131,0.0,0.992114701314478,0.0007272460230216,17432135.767552927,17432135.767552927,10.010928961748634,0.7425202045709454
7.111486163577569,125.47686495191442,4.962704098360656,17865734.754098363,55.38834302904074,47.198011119644114,0.1602666132710553,0.0,0.992114701314478,0.0016405325501045,17415661.13555456,17415661.13555456,10.0,0.7520561783145684
7.224117681146723,125.30240924158144,4.962704098360656,17865734.754098363,123.28427531924706,57.34951053005274,0.2302435244567344,0.0,0.992114701314478,0.005245882154781,17453166.803579196,17453166.803579196,10.049180327868852,0.7375040973423176
7.433869729390632,125.52206299265674,4.962704098360656,17865734.754098363,16.170153829807926,44.59131561002881,0.1439337680043014,0.0,0.992114701314478,0.0004301305260597,17406907.187115096,17406907.187115096,10.0,0.7463918558124119
7.525243818483098,125.33424137743891,4.962704098360656,17865734.754098363,19.09001216948704,43.073059346121134,0.1347582633259648,0.0,0.992114701314478,0.0004754282999796,17401989.373130552,17401989.373130552,10.032786885245901,0.7424145595351506
7.132335855096659,125.39962572187568,4.962704098360656,17865734.754098363,313.75210523401756,31.07207910160871,0.0717406521965188,0.0,0.992114701314478,0.0041598281359528,17368213.695372283,17368213.695372283,10.0,0.7451217417360942
7.478586773338222,125.31117214688376,4.962704098360656,17865734.754098363,40.82090922287595,44.333268716804554,0.1423564604061667,0.0,0.992114701314478,0.0010739480498257,17406061.79433988,17406061.79433988,10.046448087431694,0.7397095627333321
7.270218119151265,125.3874502801487,4.962704098360656,17865734.754098363,125.78261062602778,52.87418688632243,0.1982163714612423,0.0,0.992114701314478,0.004607693101914,17436001.144968804,17436001.144968804,10.0,0.7436281524683196
7.40188368820152,125.32445702214882,4.962704098360656,17865734.754098363,24.7779423895623,46.08917212245779,0.153231006417372,0.0,0.992114701314478,0.000701673882773,17411890.2469781,17411890.2469781,10.051912568306012,0.7388790811295552
7.176695012743682,125.59217759674232,4.962704098360656,17865734.754098363,313.2680062430233,66.66543881946289,0.3019502783511385,0.0,0.992114701314478,0.0174813471123337,17491599.618933838,17491599.618933838,10.0,0.7530495007843842
7.338676511745299,125.28135193139369,4.962704098360656,17865734.754098363,152.45941267805347,44.75721412280223,0.1449516363187597,0.025,0.992114701314478,0.0039820379933013,17362788.399189472,17362788.399189472,10.057377049180328,0.7387521452219609
7.119049434262149,125.55398851441488,4.962704098360656,17865734.754098363,10.357499693799664,45.17622114781464,0.1475356826020977,0.0,0.992114701314478,0.0002824069747098,17408837.71263943,17408837.71263943,10.0,0.7525851498321767
7.163028407414933,125.48332592783972,4.962704098360656,17865734.754098363,102.677355956358,41.22840327935084,0.1239558580794943,0.0,0.992114701314478,0.0023521507462577,17396199.58592536,17396199.58592536,10.0,0.7521583025865135
7.384498608031118,125.4833346320143,4.962704098360656,17865734.754098363,26.670044781796925,42.33305582502658,0.1303786556055198,0.0,0.992114701314478,0.0006426191485609,17399642.025834735,17399642.025834735,10.0,0.7462918866630016
7.331694920232596,125.52847806863264,4.962704098360656,17865734.754098363,56.02371982982882,49.598363098417536,0.175929171284069,0.0,0.992114701314478,0.0018215169519946,17424055.828765497,17424055.828765497,10.0,0.7507334902756017
7.120596186843971,125.36989218924025,4.962704098360656,17865734.754098363,32.49785229895129,47.07080062150294,0.159452948532281,0.0,0.992114701314478,0.0009576584253378,17415225.03400251,17415225.03400251,10.0,0.7450950076916988
7.051430567785047,125.59661001474944,4.962704098360656,17865734.754098363,727.0428981306485,51.01309019320378,0.1854285887784619,0.0,0.992114701314478,0.0249149573786709,17429147.250963695,17429147.250963695,10.0,0.7538700060062616
7.076855980629455,125.6033608992287,4.962704098360656,17865734.754098363,17.614807723680993,45.74390062864467,0.151066645412338,0.05,0.992114701314478,0.0004671899765905,17321401.536218766,17321401.536218766,10.0,0.753924254531933
7.406486673919798,125.26081302595072,4.962704098360656,17865734.754098363,186.3307598138087,29.775068677564892,0.0660091893447776,0.0,0.992114701314478,0.0022730677123483,17365141.791520417,17365141.791520417,10.065573770491802,0.738888789173132
7.175474442376323,125.50709006651986,4.962704098360656,17865734.754098363,239.82670457849136,35.73043082645703,0.0941132584705775,0.0,0.992114701314478,0.0041713033004063,17380204.78685579,17380204.78685579,10.0,0.7523628501946109
7.423105419279326,125.34264171029052,4.962704098360656,17865734.754098363,86.22709466323295,51.950097692458634,0.19182621638229,0.0,0.992114701314478,0.003056857070849,17432576.200498458,17432576.200498458,10.0,0.7429031105276772
7.168757482347739,125.57315079373404,4.962704098360656,17865734.754098363,172.17919443889522,40.83014581729954,0.1216744211446065,0.0,0.992114701314478,0.0038717149846784,17394976.79951125,17394976.79951125,10.0,0.752357081783052
7.130835640802627,125.63783272530368,4.962704098360656,17865734.754098363,43.347591853384294,28.06607823031626,0.0587972138157599,0.0,0.992114701314478,0.000471026283256,17361276.374264784,17361276.374264784,10.0,0.7538452854743811
7.1359263325216995,125.26894340369942,4.962704098360656,17865734.754098363,38.61756338142857,44.33959970983439,0.1423950718250483,0.0,0.992114701314478,0.0010162562884048,17406082.488980927,17406082.488980927,10.046448087431694,0.7364714167076316
7.142224414837229,125.46083991135336,4.962704098360656,17865734.754098363,113.45791321400164,51.52858505987634,0.1889379433495296,0.0,0.992114701314478,0.0039616617654486,17431028.16690144,17431028.16690144,10.0,0.7521177450201643
7.4129879055117,125.32070486181588,4.962704098360656,17865734.754098363,442.48778437671024,53.31181280279338,0.2012700848278542,0.0,0.992114701314478,0.0164590185364624,17437637.849959493,17437637.849959493,10.051912568306012,0.7388828291264666
7.501705422611785,125.47993429693496,4.962704098360656,17865734.754098363,99.38240101259254,44.85860436646877,0.1455751809856175,0.0,0.992114701314478,0.0026737465823924,17407786.93858348,17407786.93858348,10.0,0.7453075127081229
7.270249418647022,125.4963560045718,4.962704098360656,17865734.754098363,315.03239565895984,56.31836040632021,0.2227111001764945,0.0,0.992114701314478,0.0129664323355996,17449129.63475181,17449129.63475181,10.0,0.7488747547739126
7.470723257025068,125.3428912732478,4.962704098360656,17865734.754098363,36.708438962483136,45.90235580908394,0.1520583654628286,0.0,0.992114701314478,0.0010315722554633,17411261.744210433,17411261.744210433,10.0,0.7429929761545984
7.113557472782112,125.31201190819787,4.962704098360656,17865734.754098363,45.49366738038527,47.351547195752495,0.161250891924587,0.0125,0.992114701314478,0.0013387935050537,17393856.512952384,17393856.512952384,10.027322404371585,0.7364220966850521
6.981491865746625,125.51152769621096,5.225479234972678,18811725.24590164,32.85513668129037,46.607209325593494,0.1565019584796703,0.0875,0.992114701314478,0.0008671202870283,18171093.047923904,18171093.047923904,10.0,0.7986450938178259
7.280974216805746,125.27862515914764,4.962704098360656,17865734.754098363,245.10145098971097,37.51361070634278,0.103395647183762,0.0,0.992114701314478,0.0046835111354883,17385179.887694813,17385179.887694813,10.040983606557377,0.73899725177363
7.407162202765482,125.49996602217792,4.962704098360656,17865734.754098363,98.29889052936934,54.57506673598408,0.2101820826759489,0.025,0.992114701314478,0.0037228226013153,17397750.09476474,17397750.09476474,10.0,0.7463431161093583
7.0104510903464945,125.34291705851714,4.962704098360656,17865734.754098363,117.77483059241216,39.51278416598888,0.1142586806366703,0.0,0.992114701314478,0.0024869388802473,17391002.169923652,17391002.169923652,10.0,0.7442026592448365
7.036564565357943,125.4775108136309,4.962704098360656,17865734.754098363,122.9159457686336,44.413636786098785,0.1428469326232979,0.0,0.992114701314478,0.0032449093231575,17406324.673735943,17406324.673735943,10.0,0.7487806488338445
7.461083064984695,125.52847964874512,4.962704098360656,17865734.754098363,34.71188914905268,42.34736610063807,0.1304627666907239,0.0,0.992114701314478,0.0008369283000534,17399687.107024882,17399687.107024882,10.0,0.7464514693717318
7.416427261977876,125.37557898943652,4.962704098360656,17865734.754098363,48.722733038741154,44.1632605161841,0.1413212500510849,0.025,0.992114701314478,0.0012407010405213,17360842.613646075,17360842.613646075,10.0,0.7428978708986022
7.189873394934635,125.24627290349,4.962704098360656,17865734.754098363,26.520992778625683,55.84636928353773,0.2192930798501773,0.0,0.992114701314478,0.0010748259005004,17447297.671415787,17447297.671415787,10.057377049180328,0.7374386170004341
7.098693181301525,125.36053018428642,4.962704098360656,17865734.754098363,51.29621093481734,44.52794442341953,0.1435457423347527,0.0,0.992114701314478,0.0013608147908707,17406699.216204397,17406699.216204397,10.0,0.7450616490334203
7.547834606775323,125.4744163526847,4.962704098360656,17865734.754098363,44.14990640203688,56.46722755253168,0.2237930665295182,0.0,0.992114701314478,0.0018259960486434,17449709.538468093,17449709.538468093,10.0,0.7431509780186971
7.382260383541926,125.40149548643286,4.962704098360656,17865734.754098363,29.39143371892187,35.78621086014096,0.0943977125700473,0.0125,0.992114701314478,0.0005063406158143,17358025.077857893,17358025.077857893,10.0,0.7438603426169947
7.004306667308975,125.4977179303512,4.962704098360656,17865734.754098363,161.20656287632315,49.76888853348509,0.177063834049033,0.0125,0.992114701314478,0.0052092248734541,17402331.8078427,17402331.8078427,10.0,0.758510228794294
7.361309826470763,125.38975622710464,4.962704098360656,17865734.754098363,29.39143371892187,35.78621086014096,0.0943977125700473,0.0125,0.992114701314478,0.0005063406158143,17358025.077857893,17358025.077857893,10.0,0.7438318368997545
7.494636414764233,125.51437482707924,4.962704098360656,17865734.754098363,10.59549072097224,41.61941257408334,0.1262134497361876,0.0,0.992114701314478,0.0002471440343141,17397409.591937006,17397409.591937006,10.0,0.7465122789181536
7.191472033692029,125.46172145663375,4.962704098360656,17865734.754098363,291.5514754450647,48.88883338928075,0.1712389508074446,0.0,0.992114701314478,0.009226589965085,17421542.00171629,17421542.00171629,10.0,0.7527379697012483
7.52353957769549,125.4146748876336,4.962704098360656,17865734.754098363,50.65071576658682,44.54019227843493,0.143620702723888,0.0125,0.992114701314478,0.0013275875089245,17384407.224434655,17384407.224434655,10.0,0.7423984040272283
7.234340385312943,125.66351034466092,4.962704098360656,17865734.754098363,1199.780506464696,49.261832852065794,0.1736983577327522,0.0,0.992114701314478,0.0385142045572478,17422860.175069686,17422860.175069686,10.0,0.7531475029344696
7.212325114479815,125.53011022619025,4.962704098360656,17865734.754098363,298.0492493960961,28.466251258682995,0.0604509902899846,0.0125,0.992114701314478,0.0032881526825211,17339830.583777092,17339830.583777092,10.0,0.7524230154084378
7.082080605687787,125.62311733987605,4.962704098360656,17865734.754098363,649.6991155374567,42.05795967277003,0.1287662192727416,0.0,0.992114701314478,0.0154610020935142,17398777.80503986,17398777.80503986,10.0,0.7539260159646622
7.242271556393693,125.30631043620389,4.962704098360656,17865734.754098363,347.3671318125524,32.539193316247854,0.0784881462876546,0.0,0.992114701314478,0.0050386734572418,17371830.163562894,17371830.163562894,10.049180327868852,0.7375318018664686
7.3182226057011714,125.35958017838568,4.962704098360656,17865734.754098363,18.515486281324545,45.45795585432648,0.1492837675106048,0.0,0.992114701314478,0.0005108238059408,17409774.63727852,17409774.63727852,10.0,0.7437214223080016
7.154763343668088,125.51631685280452,4.962704098360656,17865734.754098363,721.0095413973379,54.36118231203709,0.208663145296425,0.0,0.992114701314478,0.0278041856943791,17441600.323680066,17441600.323680066,10.0,0.752656859700259
7.104864794034663,125.32057325899672,4.962704098360656,17865734.754098363,64.61935644368404,38.36247948481963,0.1079499740317596,0.0125,0.992114701314478,0.0012730506820871,17365288.711115684,17365288.711115684,10.027322404371585,0.7364097446230308
7.360803897990178,125.32061998288884,4.962704098360656,17865734.754098363,218.5527506353673,46.2316659354418,0.1541279152655257,0.0,0.992114701314478,0.0062253102455774,17412370.965045493,17412370.965045493,10.049180327868852,0.738796368041135
7.1918180564334175,125.29801720891848,4.962704098360656,17865734.754098363,95.89604120293568,36.7092847023162,0.0991606053083309,0.0,0.992114701314478,0.0017573702376873,17382910.023650248,17382910.023650248,10.046448087431694,0.7374441876769939
7.289882354217434,125.5475042916671,4.962704098360656,17865734.754098363,18.853518839229725,45.91966819966582,0.1521668795483375,0.0,0.992114701314478,0.000530195421333,17411319.904726494,17411319.904726494,10.0,0.7506543720991178
7.119194934620073,125.504049439098,4.962704098360656,17865734.754098363,83.68762256128107,38.885536343111035,0.1107991771306221,0.0,0.992114701314478,0.0017136462872816,17389147.972763054,17389147.972763054,10.0,0.7525882626356126
7.225059161802093,125.66492439168572,4.962704098360656,17865734.754098363,1146.9283070701988,43.60245950159363,0.1379288710573208,0.0,0.992114701314478,0.0292357925835739,17403688.730232682,17403688.730232682,10.0,0.7531475029344696
7.543645791243295,125.35522069271272,4.962704098360656,17865734.754098363,37.6958936029642,48.39423031257563,0.1679992437073814,0.0,0.992114701314478,0.001170374332108,17419805.609284367,17419805.609284367,10.027322404371585,0.7424420736560188
7.355019293744686,125.53187057217588,4.962704098360656,17865734.754098363,71.33894570411206,46.107294150189006,0.153344954248936,0.0,0.992114701314478,0.0020217134295432,17411951.31983014,17411951.31983014,10.0,0.7493935853556148
7.122731507387419,125.39024550835926,4.962704098360656,17865734.754098363,211.02446365608904,33.999814103280514,0.0854803065712266,0.0,0.992114701314478,0.003333667607682,17375577.76599243,17375577.76599243,10.0,0.7451014053556113
7.124736899625772,125.28565348534588,4.962704098360656,17865734.754098363,38.61756338142857,44.33959970983439,0.1423950718250483,0.0,0.992114701314478,0.0010162562884048,17406082.488980927,17406082.488980927,10.040983606557377,0.7364505597380988
7.417513574257466,125.54904876197875,4.962704098360656,17865734.754098363,49.08565241981863,45.29231154905082,0.1482549611029983,0.0,0.992114701314478,0.0013448914169236,17409223.225806773,17409223.225806773,10.0,0.7463665175569152
7.485056520174128,125.2946971565723,4.962704098360656,17865734.754098363,39.90270824959279,45.71687867645084,0.1508977898518764,0.0,0.992114701314478,0.0011127783579826,17410639.70812961,17410639.70812961,10.051912568306012,0.7397359429234558
7.507353837333729,125.46232709898644,4.962704098360656,17865734.754098363,99.38240101259254,44.85860436646877,0.1455751809856175,0.0,0.992114701314478,0.0026737465823924,17407786.93858348,17407786.93858348,10.0,0.7430739564492023
7.053662803228922,125.5230942157416,4.962704098360656,17865734.754098363,28.016842242462587,44.70848062540249,0.1446523233821874,0.0,0.992114701314478,0.000748976199624,17407292.31270872,17407292.31270872,10.0,0.7528155279149548
6.965374528523696,125.4693589222114,5.225479234972678,18811725.24590164,367.4166930125826,50.11969917673035,0.1794070848018958,0.0,0.992114701314478,0.0121820924835746,18348622.192118436,18348622.192118436,10.0,0.7879119683585083
7.244636833598534,125.65071899136416,4.962704098360656,17865734.754098363,1199.780506464696,49.261832852065794,0.1736983577327522,0.0,0.992114701314478,0.0385142045572478,17422860.175069686,17422860.175069686,10.0,0.7531697974385188
7.538356540630727,125.40864085680528,4.962704098360656,17865734.754098363,27.1594195595681,46.37355474671445,0.1550231416640348,0.0,0.992114701314478,0.0007781089971772,17412850.78136691,17412850.78136691,10.0,0.7424303846238491
7.0874184727052905,125.58607888979196,4.962704098360656,17865734.754098363,529.1590770514292,33.016295487026056,0.0807421833532862,0.0,0.992114701314478,0.0078960548818193,17373038.264413107,17373038.264413107,10.0,0.753765551778593
7.513085501720444,125.53707030084792,4.962704098360656,17865734.754098363,48.975341103458824,46.95413266753563,0.1587081917933187,0.0,0.992114701314478,0.0014364821443593,17414825.86521187,17414825.86521187,10.0,0.7458248196120204
7.569499740946412,125.48673365841364,4.962704098360656,17865734.754098363,19.796082194648275,46.91302456289887,0.1584461127801928,0.0,0.992114701314478,0.0005796745803003,17414685.39818788,17414685.39818788,10.0,0.7431876461683196
7.176488317140106,125.24421177369491,4.962704098360656,17865734.754098363,26.520992778625683,55.84636928353773,0.2192930798501773,0.0,0.992114701314478,0.0010748259005004,17447297.671415787,17447297.671415787,10.0,0.7431205794658643
7.267448333642956,125.28249460297982,4.962704098360656,17865734.754098363,245.10145098971097,37.51361070634278,0.103395647183762,0.0,0.992114701314478,0.0046835111354883,17385179.887694813,17385179.887694813,10.040983606557377,0.7389616868643085
7.5393614919303396,125.48584395399138,4.962704098360656,17865734.754098363,41.75740046463561,48.183674486629144,0.1666275726907277,0.0125,0.992114701314478,0.0012698161482598,17396738.263525143,17396738.263525143,10.0,0.743127614138617
7.48584353635124,125.4792112024453,4.962704098360656,17865734.754098363,62.94705107650544,42.91841622348439,0.1338379694470637,0.025,0.992114701314478,0.0015180384187169,17356831.784455217,17356831.784455217,10.0,0.7452859440207055
7.1909836221239525,125.5422231549085,4.962704098360656,17865734.754098363,2863.8242348812805,24.95131170429312,0.0466667057312879,0.0,0.992114701314478,0.0246988608508637,17354774.761068694,17354774.761068694,10.0,0.7523955419660653
7.36257857860747,125.37635111511366,4.962704098360656,17865734.754098363,97.92496444560784,45.43112011998898,0.1491168932383793,0.0,0.992114701314478,0.0026986321395647,17409685.197333977,17409685.197333977,10.0,0.7438312043179184
7.127458127481979,125.31125244384528,4.962704098360656,17865734.754098363,38.61756338142857,44.33959970983439,0.1423950718250483,0.0,0.992114701314478,0.0010162562884048,17406082.488980927,17406082.488980927,10.032786885245901,0.7364570645827665
7.224605313243967,125.67197129561504,4.962704098360656,17865734.754098363,28.543796151979283,45.18213302840086,0.147572276774306,0.025,0.992114701314478,0.00075900483687,17364192.989207413,17364192.989207413,10.0,0.7534889051094463
7.272627569547134,125.33508873819596,4.962704098360656,17865734.754098363,97.53500742968475,38.77877199346353,0.1102149663618526,0.0,0.992114701314478,0.0019866644148867,17388834.852123994,17388834.852123994,10.0,0.7436391388738716
7.430100309056093,125.40320584478414,4.962704098360656,17865734.754098363,75.94976107917395,58.30229414695552,0.2372812080906622,0.0,0.992114701314478,0.0033305286645008,17456938.805251807,17456938.805251807,10.0,0.7429130710874082
7.193200046735193,125.5011077096082,4.962704098360656,17865734.754098363,724.4296502607463,68.45840473284561,0.3164117053060125,0.0125,0.992114701314478,0.041832062906539,17477018.371035464,17477018.371035464,10.0,0.7523880411586764
7.163640718141883,125.48839045008958,4.962704098360656,17865734.754098363,35.92294575409541,54.558540225133314,0.2100645725434974,0.0,0.992114701314478,0.0013945952321543,17442351.449504267,17442351.449504267,10.0,0.7521565980052972
7.275862654101861,125.423554514082,4.962704098360656,17865734.754098363,27.142462515650845,61.20891192845371,0.2591913173260481,0.0,0.992114701314478,0.0013001489651586,17468682.011252787,17468682.011252787,10.0,0.748885508175752
7.222942757994098,125.29928616776206,4.962704098360656,17865734.754098363,123.28427531924706,57.34951053005274,0.2302435244567344,0.0,0.992114701314478,0.005245882154781,17453166.803579196,17453166.803579196,10.049180327868852,0.7375040973423176
7.405841493271929,125.4811881194836,4.962704098360656,17865734.754098363,88.22026110124524,39.75445818644005,0.1156039625115822,0.0,0.992114701314478,0.001884796550306,17391723.203398053,17391723.203398053,10.0,0.7463523410111546
7.444266639889431,125.40618454968865,4.962704098360656,17865734.754098363,228.46982380909847,38.31514962299382,0.1076937665843656,0.0,0.992114701314478,0.0045471871856914,17387483.559529394,17387483.559529394,10.0,0.7429233596703985
7.154090868665714,125.49438860157014,4.962704098360656,17865734.754098363,163.44672025562576,49.38353182569698,0.1745037884628405,0.0,0.992114701314478,0.0052711392489764,17423291.863423284,17423291.863423284,10.0,0.7521373051252873
7.1075883189850755,125.52756691321038,4.962704098360656,17865734.754098363,112.98778883892236,44.374025008337085,0.1426051010170554,0.0,0.992114701314478,0.0029777620390905,17406195.058755975,17406195.058755975,10.0,0.7525661475757812
7.4472547778341935,125.4785481372824,4.962704098360656,17865734.754098363,40.587195528924525,42.99218060240055,0.1342766149942001,0.0,0.992114701314478,0.0010071933441667,17401731.223090347,17401731.223090347,10.0,0.7452158502564918
7.224451334025871,125.27874001082058,4.962704098360656,17865734.754098363,147.36915610097228,45.864615772829254,0.1518219209882921,0.0,0.992114701314478,0.004134895114357,17411135.016582448,17411135.016582448,10.05464480874317,0.737503577140918
7.302834715501362,125.4210894928792,4.962704098360656,17865734.754098363,27.142462515650845,61.20891192845371,0.2591913173260481,0.0,0.992114701314478,0.0013001489651586,17468682.011252787,17468682.011252787,10.0,0.743682389303469
7.2479549785694495,125.32650394491868,4.962704098360656,17865734.754098363,347.3671318125524,32.539193316247854,0.0784881462876546,0.0,0.992114701314478,0.0050386734572418,17371830.163562894,17371830.163562894,10.043715846994536,0.7375472390435719
7.355875591817188,125.31854509103792,4.962704098360656,17865734.754098363,218.5527506353673,46.2316659354418,0.1541279152655257,0.0,0.992114701314478,0.0062253102455774,17412370.965045493,17412370.965045493,10.049180327868852,0.738796368041135
7.487999372772349,125.27798397064258,4.962704098360656,17865734.754098363,129.73503302808535,45.32021839171536,0.1484280830616766,0.0,0.992114701314478,0.0035587441338498,17409316.014336586,17409316.014336586,10.051912568306012,0.7397393040789816
7.022495229734046,125.43950996656729,4.962704098360656,17865734.754098363,169.56543518775092,43.85729961805577,0.139466161129422,0.0,0.992114701314478,0.0043704846041292,17404512.67473273,17404512.67473273,10.0,0.7487365484680217
6.998496179457688,125.38024446132822,5.225479234972678,18811725.24590164,64.36054177089046,40.43067519283573,0.1194043970195707,0.0,0.992114701314478,0.0014202455264055,18314759.56982113,18314759.56982113,10.0,0.7835926960547114
7.514182041117514,125.23898393405518,4.962704098360656,17865734.754098363,354.41925909923594,67.368730983775,0.3076004475615886,0.0,0.992114701314478,0.020147802979338,17494627.95166673,17494627.95166673,10.043715846994536,0.7418563075854973
7.561332981741248,125.43442983753566,4.962704098360656,17865734.754098363,46.537748858021395,53.67202694498153,0.203796709962952,0.0,0.992114701314478,0.0017527741481338,17438992.05039409,17438992.05039409,10.0,0.7431774294100814
7.07292831618297,125.3130568916716,4.962704098360656,17865734.754098363,21.97482359879272,31.692078124261815,0.0745581227595195,0.0125,0.992114701314478,0.0002990066762903,17347391.61238234,17347391.61238234,10.03551912568306,0.7363501561287693
6.973181464469854,125.5529213551646,5.225479234972678,18811725.24590164,133.83919514728333,48.54032959421556,0.1689536469957047,0.0875,0.992114701314478,0.0038133544894409,18178120.18022024,18178120.18022024,10.0,0.798614748343459
7.501792421179861,125.34226938965652,4.962704098360656,17865734.754098363,166.89018722154665,37.24872294942579,0.1019922532122259,0.0,0.992114701314478,0.0031457297320873,17384427.707761284,17384427.707761284,10.027322404371585,0.7423622462796927
7.3473860660473695,125.50576509711016,4.962704098360656,17865734.754098363,7.797856323858228,43.8905118129082,0.1396670353923719,0.0,0.992114701314478,0.0002012762640457,17404620.337721754,17404620.337721754,10.0,0.74938810199362
7.125214053609103,125.359514414152,4.962704098360656,17865734.754098363,54.959519402622256,37.22613561349047,0.101872977118751,0.025,0.992114701314478,0.0010088578069326,17339699.442224585,17339699.442224585,10.0,0.745109664822077
7.172756659786163,125.4968982225003,4.962704098360656,17865734.754098363,1577.257650579072,80.8624670923549,0.4205975693915031,0.0,0.992114701314478,0.1226006634026443,17555191.249864426,17555191.249864426,10.0,0.7521606020830407
7.427421081074248,125.40806113162792,4.962704098360656,17865734.754098363,75.94976107917395,58.30229414695552,0.2372812080906622,0.0,0.992114701314478,0.0033305286645008,17456938.805251807,17456938.805251807,10.0,0.7429038581057641
7.332153235214101,125.398053366803,4.962704098360656,17865734.754098363,136.6832622954209,44.97607386125087,0.1462989999130923,0.0,0.992114701314478,0.0036955587604736,17408174.885292526,17408174.885292526,10.0,0.7437501182955473
7.083122230862497,125.55834936379136,4.962704098360656,17865734.754098363,45.5439336407906,54.79827955064462,0.2117715736334267,0.0,0.992114701314478,0.0017824675029192,17443266.354365196,17443266.354365196,10.0,0.7528846338308757
7.187573940411931,125.67045258298148,4.962704098360656,17865734.754098363,3833.668787932462,59.48501304576133,0.2461181383018015,0.0,0.992114701314478,0.1743739595539127,17461675.15278759,17461675.15278759,10.0,0.753442787541581
7.409953666691361,125.4187252399935,4.962704098360656,17865734.754098363,73.35406427475853,31.888393781435155,0.0754606428827002,0.0,0.992114701314478,0.0010229822571124,17370207.506378893,17370207.506378893,10.0,0.7463487531393639
7.242104636194251,125.50956688995458,4.962704098360656,17865734.754098363,27.849776329993443,34.987121275908244,0.0903595250544691,0.0125,0.992114701314478,0.0004592574121974,17355860.722246673,17355860.722246673,10.0,0.7524852839160582
7.542672794194371,125.52920994190916,4.962704098360656,17865734.754098363,21.014203282934727,46.21337028931432,0.1540126358715541,0.0,0.992114701314478,0.0005981260283478,17412309.178513233,17412309.178513233,10.0,0.7458934644483035
7.228647531071161,125.34152539292909,4.962704098360656,17865734.754098363,201.10272402579864,49.82930078150552,0.1774664991076347,0.0,0.992114701314478,0.0065956523190666,17424879.793499272,17424879.793499272,10.0,0.744945605533646
6.984915362331438,125.48320508950324,5.225479234972678,18811725.24590164,330.35538115122387,48.55735912538396,0.1690650337318815,0.0,0.992114701314478,0.0103218751064007,18342785.63742219,18342785.63742219,10.0,0.7879337826875015
7.166326462124278,125.5867862772102,4.962704098360656,17865734.754098363,23.686192339680368,44.75832247411055,0.1449584466140555,0.0,0.992114701314478,0.0006345446647891,17407456.386202596,17407456.386202596,10.0,0.7530330379978718
7.124641718393206,125.35312585725906,4.962704098360656,17865734.754098363,72.65274746076355,41.2226687673841,0.1239228784667741,0.0,0.992114701314478,0.0016638989739277,17396181.909774967,17396181.909774967,10.0,0.7451072009390246
7.175778828136862,125.3535014758057,4.962704098360656,17865734.754098363,27.684261208840432,46.152281224208906,0.1536279742101655,0.0,0.992114701314478,0.0007860074475366,17412103.01061686,17412103.01061686,10.0,0.7448455114779352
7.335284571130727,125.50766740963226,4.962704098360656,17865734.754098363,38.64999470044047,45.55150440316568,0.1498660874523535,0.0,0.992114701314478,0.0010704742551551,17410086.74448716,17410086.74448716,10.0,0.7493539620589393
7.090299669200813,125.34023207073568,4.962704098360656,17865734.754098363,13.16774281315348,45.75496811531107,0.151135826650666,0.0125,0.992114701314478,0.0003631945178157,17388435.120756254,17388435.120756254,10.0,0.7450425382107438
7.016441324398166,125.61391547121788,4.962704098360656,17865734.754098363,22.98765503856812,47.81256226405448,0.1642209251772088,0.025,0.992114701314478,0.0006802228246805,17373116.199298825,17373116.199298825,10.0,0.7538254790301275
7.294357871067629,125.46354316541478,4.962704098360656,17865734.754098363,364.5650717092,24.035000665052333,0.0433515893967748,0.0125,0.992114701314478,0.0028843011640726,17330665.78295273,17330665.78295273,10.0,0.7489216419559157
7.531514110586456,125.49294949047518,4.962704098360656,17865734.754098363,31.01548990284636,44.742815471302514,0.1448631754812561,0.0,0.992114701314478,0.000830347849649,17407405.323538948,17407405.323538948,10.0,0.7431071805119518
7.095701601140818,125.63549513002144,4.962704098360656,17865734.754098363,285.4158504644832,50.968179053697355,0.1851240472417882,0.0,0.992114701314478,0.0097648222721159,17428984.02521422,17428984.02521422,10.0,0.7537773172319072
7.180169565736561,125.333264194424,4.962704098360656,17865734.754098363,320.7440734088234,31.604074449396425,0.0741551649941035,0.0,0.992114701314478,0.0043956536445002,17369507.806728344,17369507.806728344,10.03551912568306,0.7374203245519868
7.31542664812849,125.40536335310703,4.962704098360656,17865734.754098363,55.26810042691003,52.22146893207945,0.1936945316282614,0.0,0.992114701314478,0.0019784055283884,17433577.565237105,17433577.565237105,10.0,0.7437370790950475
7.100641638832158,125.3291057167674,4.962704098360656,17865734.754098363,109.35345841406912,46.35748317176759,0.1549216340983766,0.0,0.992114701314478,0.003130891451163,17412796.376149606,17412796.376149606,10.021857923497267,0.736405714737361
7.392745363580127,125.40050763888964,4.962704098360656,17865734.754098363,69.9467236541887,51.16975202226598,0.1864924212866488,0.0,0.992114701314478,0.0024107489329368,17429717.435446117,17429717.435446117,10.0,0.7438852814982525
7.211404837157611,125.31467102790594,4.962704098360656,17865734.754098363,58.06564877872646,45.6591984429679,0.1505376157554409,0.0,0.992114701314478,0.0016154284795894,17410446.664883446,17410446.664883446,10.043715846994536,0.737478801822403
7.306755302547308,125.5016503019731,4.962704098360656,17865734.754098363,87.93350956838533,45.52936292025541,0.1497281770284086,0.0,0.992114701314478,0.0024332199177502,17410012.82835554,17410012.82835554,10.0,0.7506896269186246
7.327555873011747,125.5175859025256,4.962704098360656,17865734.754098363,50.45691218892606,44.94926739831917,0.1461336938635496,0.0125,0.992114701314478,0.0013456482624046,17385754.117428873,17385754.117428873,10.0,0.7507305030557523
7.210791016022739,125.47633775945798,4.962704098360656,17865734.754098363,55.94262887657108,52.967883348101594,0.1988687016076173,0.0125,0.992114701314478,0.0020303449638059,17414018.607247196,17414018.607247196,10.0,0.7527829327950432
7.446855003118111,125.33972989717196,4.962704098360656,17865734.754098363,50.8395273486621,60.542292885057634,0.2541095135648224,0.0,0.992114701314478,0.0023875135666907,17465958.306510676,17465958.306510676,10.0,0.742946071821868
6.97825628732442,125.46198190448054,5.225479234972678,18811725.24590164,382.79175439489904,55.79080142167752,0.2188919226729578,0.0,0.992114701314478,0.0154851611430562,18370905.529760715,18370905.529760715,10.0,0.7879360420225496
7.559416044312432,125.40899877991752,4.962704098360656,17865734.754098363,27.1594195595681,46.37355474671445,0.1550231416640348,0.0,0.992114701314478,0.0007781089971772,17412850.78136691,17412850.78136691,10.0,0.7424668471035363
7.224639374190228,125.39691282906196,4.962704098360656,17865734.754098363,58.23637211843828,44.99135052025891,0.1463932403439617,0.0,0.992114701314478,0.0015755738173628,17408225.39552876,17408225.39552876,10.0,0.7449388796120554
7.476965066264378,125.5168453521239,4.962704098360656,17865734.754098363,49.81974892809741,40.33775419712637,0.1188790141501558,0.0,0.992114701314478,0.0010945362469568,17393478.539514475,17393478.539514475,10.0,0.7464739907079783
7.508391907478187,125.53818765635786,4.962704098360656,17865734.754098363,65.44971543620501,53.07152563529405,0.1995912142095182,0.0,0.992114701314478,0.002414196421233,17436738.02224488,17436738.02224488,10.0,0.7458248196120204
7.094449716245943,125.5172199766241,4.962704098360656,17865734.754098363,266.2615919188245,69.17039821893798,0.3222050543411737,0.0,0.992114701314478,0.0158549286500336,17502455.61259409,17502455.61259409,10.0,0.7525272910438564
7.087882620810744,125.43242876632972,4.962704098360656,17865734.754098363,33.947126304981694,27.434282965470665,0.0562300673026493,0.0,0.992114701314478,0.0003527727564282,17359900.45550444,17359900.45550444,10.0,0.7520164570385935
7.341483545659584,125.34187939088623,4.962704098360656,17865734.754098363,46.409893411108925,50.9463226251158,0.1849759092117925,0.0,0.992114701314478,0.0015865331853093,17428904.627371695,17428904.627371695,10.0,0.7437923474521947
7.1969596857292615,125.36159290454567,4.962704098360656,17865734.754098363,59.83538990902835,43.4046820899644,0.1367407393968185,0.0,0.992114701314478,0.0015120963611345,17403051.924879696,17403051.924879696,10.0,0.7448866868458837
7.1738507964348806,125.4083594981238,4.962704098360656,17865734.754098363,80.79547142202466,44.48439731674234,0.1432793534743988,0.0,0.992114701314478,0.0021394101475539,17406556.43922278,17406556.43922278,10.0,0.7448347493328811
7.588467458716083,125.42316630686616,4.962704098360656,17865734.754098363,20.892235251408863,44.68133079885246,0.1444856852087241,0.0,0.992114701314478,0.0005578701809208,17407202.999306507,17407202.999306507,10.0,0.7414860329985884
7.350595840247386,125.53786925774392,4.962704098360656,17865734.754098363,52.389187966691075,45.0845838313205,0.1469689334511819,0.0,0.992114701314478,0.0014229532384695,17408533.950939357,17408533.950939357,10.0,0.7493841080385215
6.997082002697155,125.331307676372,5.225479234972678,18811725.24590164,41.97783797054488,46.96671063387074,0.1587884159786914,0.0,0.992114701314478,0.0012318626912616,18336986.01013328,18336986.01013328,10.040983606557377,0.7723066485673872
7.483650924541722,125.41634598301223,4.962704098360656,17865734.754098363,228.46982380909847,38.31514962299382,0.1076937665843656,0.0,0.992114701314478,0.0045471871856914,17387483.559529394,17387483.559529394,10.0,0.7430179904593649
7.4652351666836125,125.366547196877,4.962704098360656,17865734.754098363,29.06669669094895,47.612885664193826,0.1629318530275516,0.0,0.992114701314478,0.0008752358425764,17417089.62955093,17417089.62955093,10.0,0.7430008292534348
7.554399660853519,125.37488434257382,4.962704098360656,17865734.754098363,25.99833176436132,49.2553251599909,0.1736553298196655,0.025,0.992114701314478,0.0008135076350872,17378172.776425976,17378172.776425976,10.021857923497267,0.7424571616684805
7.045562695176796,125.34610965611,4.962704098360656,17865734.754098363,37.64164548447054,42.97728230925873,0.1341879722741537,0.0,0.992114701314478,0.000933481272049,17401683.713070624,17401683.713070624,10.0,0.7442705680608969
7.061992718889002,125.55240095675649,4.962704098360656,17865734.754098363,426.0816137214789,39.83342286405491,0.1160450040347961,0.0,0.992114701314478,0.0091378213027326,17391959.58932413,17391959.58932413,10.0,0.752845089662215
7.091855201254546,125.32831342721764,4.962704098360656,17865734.754098363,109.35345841406912,46.35748317176759,0.1549216340983766,0.0,0.992114701314478,0.003130891451163,17412796.376149606,17412796.376149606,10.01639344262295,0.7363895327831265
7.027810262532132,125.6462300337665,4.962704098360656,17865734.754098363,59.02467470723451,45.464621298912526,0.1493252275778709,0.0,0.992114701314478,0.0016288841843895,17409796.85871546,17409796.85871546,10.0,0.7538318748849998
7.1984237521683125,125.53816885528512,4.962704098360656,17865734.754098363,272.637547772646,45.64450837912983,0.1504459428011139,0.0125,0.992114701314478,0.0074856009289185,17388065.36230024,17388065.36230024,10.0,0.7524088093651874
7.00370200341407,125.29177913329892,4.962704098360656,17865734.754098363,41.97783797054488,46.96671063387074,0.1587884159786914,0.0,0.992114701314478,0.0012318626912616,17414868.863132372,17414868.863132372,10.05464480874317,0.7334688084342358
6.990184420572638,125.40524584692392,5.225479234972678,18811725.24590164,109.92553461105166,47.21333904126712,0.1603647669692766,0.0,0.992114701314478,0.0032578490888119,18337875.626585063,18337875.626585063,10.0,0.7813722067741942
7.0461059497210945,125.4068706353156,4.962704098360656,17865734.754098363,378.0849917187743,20.117221452119843,0.0305045422381598,0.0,0.992114701314478,0.0021314608953118,17346112.29328808,17346112.29328808,10.0,0.7442689309647448
7.086447553664334,125.54747002992812,4.962704098360656,17865734.754098363,429.9900913433138,41.77610545266455,0.1271230477172165,0.0,0.992114701314478,0.0101019720628234,17397897.111024864,17397897.111024864,10.0,0.7525258015078683
7.118281110839722,125.58537433375432,4.962704098360656,17865734.754098363,117.76780061876806,39.53688784332707,0.1143925463844202,0.0,0.992114701314478,0.0024897039647058,17391073.91822191,17391073.91822191,10.0,0.753818809468143
7.010445037928896,125.39346830292332,4.962704098360656,17865734.754098363,64.36054177089046,40.43067519283573,0.1194043970195707,0.0,0.992114701314478,0.0014202455264055,17393760.13004415,17393760.13004415,10.0,0.7442076959486755
7.183112626621061,125.56828329729734,4.962704098360656,17865734.754098363,107.9645271234512,26.78733071886814,0.0536572525130892,0.0,0.992114701314478,0.0010706140463527,17358521.498706385,17358521.498706385,10.0,0.7523744374341139
7.058171979717021,125.45140659616894,4.962704098360656,17865734.754098363,97.71011264804572,35.3453275641404,0.0921599086192054,0.0,0.992114701314478,0.0016641978951081,17379157.84594599,17379157.84594599,10.0,0.7488148384317531
7.197511877827619,125.34560196587896,4.962704098360656,17865734.754098363,188.6230809860482,36.95636248432045,0.1004531841378795,0.0,0.992114701314478,0.0035017243873513,17383602.80976577,17383602.80976577,10.0,0.744886946408928
7.44179587092437,125.42021592566611,4.962704098360656,17865734.754098363,228.46982380909847,38.31514962299382,0.1076937665843656,0.0,0.992114701314478,0.0045471871856914,17387483.559529394,17387483.559529394,10.0,0.7429336060358267
7.16501216377669,125.66155873081613,4.962704098360656,17865734.754098363,2374.583999959631,27.820097771956444,0.0577913373563746,0.0,0.992114701314478,0.0253614278539091,17360737.25260422,17360737.25260422,10.0,0.7530342483171744
7.341548025954529,125.4442042763395,4.962704098360656,17865734.754098363,66.98530784666394,46.829133917908585,0.157911825277192,0.0125,0.992114701314478,0.0019304330057955,17392066.866580922,17392066.866580922,10.0,0.7462174219929921
7.283717972011572,125.40624082278076,4.962704098360656,17865734.754098363,59.63214684245762,45.18650204910396,0.1475993231511321,0.0125,0.992114701314478,0.0016062950980925,17386539.65375187,17386539.65375187,10.0,0.7436602863921257
7.550539717503666,125.4099612256058,4.962704098360656,17865734.754098363,27.1594195595681,46.37355474671445,0.1550231416640348,0.0,0.992114701314478,0.0007781089971772,17412850.78136691,17412850.78136691,10.0,0.7424552516322251
7.118471186722721,125.38514505719844,4.962704098360656,17865734.754098363,211.02446365608904,33.999814103280514,0.0854803065712266,0.0,0.992114701314478,0.003333667607682,17375577.76599243,17375577.76599243,10.0,0.7451014053556113
7.225826680275262,125.5476301709341,4.962704098360656,17865734.754098363,44.194675239022715,41.58459582710788,0.1260117188101402,0.0,0.992114701314478,0.001029210720398,17397301.469800513,17397301.469800513,10.0,0.7524730279045158
7.136609988533352,125.54067411611042,4.962704098360656,17865734.754098363,474.2500550706811,46.47937253146322,0.1556921608204179,0.0,0.992114701314478,0.0136457545458622,17413209.35693071,17413209.35693071,10.0,0.7526224882103076
7.17998903510651,125.21874705155416,4.962704098360656,17865734.754098363,26.520992778625683,55.84636928353773,0.2192930798501773,0.0,0.992114701314478,0.0010748259005004,17447297.671415787,17447297.671415787,10.0,0.7431272684707532
7.211569916764226,125.55561219901878,4.962704098360656,17865734.754098363,51.58059337527118,52.205744780604945,0.1935860872929016,0.0,0.992114701314478,0.0018453718647762,17433519.442105174,17433519.442105174,10.0,0.7524245102673683
7.257621274033745,125.32270854339562,4.962704098360656,17865734.754098363,347.3671318125524,32.539193316247854,0.0784881462876546,0.0,0.992114701314478,0.0050386734572418,17371830.163562894,17371830.163562894,10.024590163934427,0.7389541109514676
7.033791558080819,125.57842025741036,4.962704098360656,17865734.754098363,73.39152192348816,44.79879722168667,0.1452072358136139,0.0125,0.992114701314478,0.0019448883515607,17385257.561815444,17385257.561815444,10.0,0.7527904215340397
7.389705900561871,125.5493580355418,4.962704098360656,17865734.754098363,55.23697476356078,51.26579084125034,0.1871457447208791,0.0,0.992114701314478,0.0019104393752145,17430067.598541655,17430067.598541655,10.0,0.7494612721849905
7.161583234193776,125.6466949089235,4.962704098360656,17865734.754098363,308.79479460690334,43.351668530581726,0.136422999776112,0.0,0.992114701314478,0.0077854009656263,17402881.625326164,17402881.625326164,10.0,0.7539028454904204
7.3116959515102655,125.31577723497534,4.962704098360656,17865734.754098363,242.0378400884071,19.99361662086948,0.0301346401228208,0.0,0.992114701314478,0.0013479466291257,17345914.03609575,17345914.03609575,10.032786885245901,0.7390497805818949
7.234619928816465,125.36426849704682,4.962704098360656,17865734.754098363,2007.8968449563536,44.21049783021795,0.141608570079335,0.0,0.992114701314478,0.0525477776633531,17405660.94603375,17405660.94603375,10.0,0.744958006686331
7.095342619388067,125.63337564783636,4.962704098360656,17865734.754098363,124.5300379327683,45.75343679111159,0.1511262537913689,0.025,0.992114701314478,0.0033911115180454,17366097.82152868,17366097.82152868,10.0,0.7537902879960674
7.3718419271784095,125.30956639738405,4.962704098360656,17865734.754098363,33.45791203407133,44.63520468072129,0.1442027588094497,0.0,0.992114701314478,0.0008916528932097,17407051.358666375,17407051.358666375,10.05464480874317,0.7388123595745754
7.401133656053402,125.31960583519228,4.962704098360656,17865734.754098363,24.7779423895623,46.08917212245779,0.153231006417372,0.0,0.992114701314478,0.000701673882773,17411890.2469781,17411890.2469781,10.051912568306012,0.7388790811295552
7.027355244603385,125.61472358766838,4.962704098360656,17865734.754098363,22.98765503856812,47.81256226405448,0.1642209251772088,0.025,0.992114701314478,0.0006802228246805,17373116.199298825,17373116.199298825,10.0,0.7538307608439321
7.432693807130359,125.409561858255,4.962704098360656,17865734.754098363,75.94976107917395,58.30229414695552,0.2372812080906622,0.0,0.992114701314478,0.0033305286645008,17456938.805251807,17456938.805251807,10.0,0.7429038581057641
7.32421458163358,125.2961044811918,4.962704098360656,17865734.754098363,80.20288985798338,49.74769741627148,0.1769226741730934,0.0,0.992114701314478,0.0026223878919752,17424588.31853828,17424588.31853828,10.040983606557377,0.7390698691758603
7.186678057003069,125.53980768812116,4.962704098360656,17865734.754098363,2863.8242348812805,24.95131170429312,0.0466667057312879,0.0,0.992114701314478,0.0246988608508637,17354774.761068694,17354774.761068694,10.0,0.7523955419660653
7.047718457036516,125.51830033002308,4.962704098360656,17865734.754098363,359.6357449187794,35.65532691375567,0.093730868661614,0.0,0.992114701314478,0.0062297255097517,17379999.8366088,17379999.8366088,10.0,0.7528155279149548
7.085874580556333,125.60491489244149,4.962704098360656,17865734.754098363,14.990769740595074,45.912519243056096,0.1521220660296556,0.0,0.992114701314478,0.0004214437013045,17411295.88593335,17411295.88593335,10.0,0.7537720368177692
7.473354869477745,125.46960333057577,4.962704098360656,17865734.754098363,62.94705107650544,42.91841622348439,0.1338379694470637,0.025,0.992114701314478,0.0015180384187169,17356831.784455217,17356831.784455217,10.0,0.7452578623617984
7.0312504537291485,125.54116505853632,4.962704098360656,17865734.754098363,348.07303945520357,46.94214126024653,0.1586317240857636,0.0125,0.992114701314478,0.0100767608870734,17392452.712215837,17392452.712215837,10.0,0.7527814142505187
7.060586459634997,125.64709580872892,4.962704098360656,17865734.754098363,18.309081441588575,45.78694924657221,0.1513358091627688,0.0375,0.992114701314478,0.0004928700368428,17343877.968906507,17343877.968906507,10.0,0.7538887984222328
7.198434375739653,125.45001554707038,4.962704098360656,17865734.754098363,25.426852328668467,42.86879796010668,0.1335432520103902,0.025,0.992114701314478,0.0006118466454605,17356673.82414869,17356673.82414869,10.0,0.7527672644469836
7.447911788078399,125.2749671534467,4.962704098360656,17865734.754098363,87.86633358265026,47.928910017004306,0.1649739244084969,0.0,0.992114701314478,0.002678929158968,17418184.122720156,17418184.122720156,10.051912568306012,0.7396600611869094
7.032243068669064,125.37793558591436,4.962704098360656,17865734.754098363,22.1380307270586,45.533263759349815,0.1497524699964524,0.0,0.992114701314478,0.0006126838026448,17410025.848707244,17410025.848707244,10.0,0.7442431287439685
7.312670953950156,125.41995234986732,4.962704098360656,17865734.754098363,294.0166291258601,48.06719622461004,0.1658707052125783,0.0,0.992114701314478,0.0090129093734952,17418664.772159506,17418664.772159506,10.0,0.748961698543855
7.219466377898645,125.31637179576236,4.962704098360656,17865734.754098363,58.06564877872646,45.6591984429679,0.1505376157554409,0.0,0.992114701314478,0.0016154284795894,17410446.664883446,17410446.664883446,10.043715846994536,0.7374978023484188
7.330661283376347,125.52246384743896,4.962704098360656,17865734.754098363,71.59238584417426,41.08660957997341,0.1231414975683557,0.0,0.992114701314478,0.0016292760950582,17395763.11145877,17395763.11145877,10.0,0.7507305030557523
7.2309626015540385,125.41381678505338,4.962704098360656,17865734.754098363,37.42410011916514,31.814206577123308,0.0751189963208896,0.0,0.992114701314478,0.000519546665552,17370024.393373303,17370024.393373303,10.0,0.744943088041147
7.324103962848454,125.45580683974582,4.962704098360656,17865734.754098363,269.46215496992716,41.32578614477728,0.124516489192454,0.0,0.992114701314478,0.0062008048649049,17396500.06852813,17396500.06852813,10.0,0.7489797850305187
7.159292717709865,125.26954391453891,4.962704098360656,17865734.754098363,28.83854245371696,44.88403266075533,0.1457317378148104,0.0125,0.992114701314478,0.0007669869483027,17385538.680224385,17385538.680224385,10.049180327868852,0.7365186001922331
7.206853596530379,125.30003181760311,4.962704098360656,17865734.754098363,58.06564877872646,45.6591984429679,0.1505376157554409,0.0,0.992114701314478,0.0016154284795894,17410446.664883446,17410446.664883446,10.046448087431694,0.7374704272526909
7.323833421928066,125.42352450746954,4.962704098360656,17865734.754098363,204.05554439205065,52.01602724132423,0.1922794887669808,0.0,0.992114701314478,0.0072511147370402,17432819.141824346,17432819.141824346,10.0,0.748964392881535
7.2387486409840704,125.5384828217666,4.962704098360656,17865734.754098363,58.070515946812485,46.93543671852997,0.1585889765771131,0.0,0.992114701314478,0.0017019707816244,17414761.96918893,17414761.96918893,10.0,0.7524822880232156
7.411828861648627,125.43231479662322,4.962704098360656,17865734.754098363,73.35406427475853,31.888393781435155,0.0754606428827002,0.0,0.992114701314478,0.0010229822571124,17370207.506378893,17370207.506378893,10.0,0.7463573535766579
7.447784087818497,125.48009183232637,4.962704098360656,17865734.754098363,36.67297216167149,45.03976571455776,0.1466920756710809,0.0,0.992114701314478,0.0009942055462548,17408385.562909443,17408385.562909443,10.0,0.7452158502564918
7.066283825057903,125.45921032771984,4.962704098360656,17865734.754098363,268.90605065084947,44.67275578753877,0.1444330707320013,0.0,0.992114701314478,0.0071777881814315,17407174.799417946,17407174.799417946,10.0,0.7488301427997753
7.498157158316039,125.4997234738216,4.962704098360656,17865734.754098363,57.04972193593237,53.68789373061056,0.2039082731982701,0.0,0.992114701314478,0.0021498680114511,17439051.845169205,17439051.845169205,10.0,0.7453044489321765
7.419087794040255,125.30822189713616,4.962704098360656,17865734.754098363,67.33108012142216,49.05347496369669,0.1723228189007903,0.0,0.992114701314478,0.002144281460617,17422122.924712215,17422122.924712215,10.05464480874317,0.7389014987070266
7.281107268600807,125.54648042463408,4.962704098360656,17865734.754098363,26.02076679806681,47.35235308169804,0.1612560646671042,0.0,0.992114701314478,0.0007754602956682,17416191.45384038,17416191.45384038,10.0,0.7506467737393557
7.147434793429983,125.52308742487432,4.962704098360656,17865734.754098363,30.86182501671059,33.348695565795886,0.0823297769041561,0.0,0.992114701314478,0.0004695717507501,17373889.170171425,17373889.170171425,10.0,0.752656859700259
7.493880306998608,125.26018563076666,4.962704098360656,17865734.754098363,680.607454662747,42.43737357212217,0.1309923292101461,0.0,0.992114701314478,0.0164765387869291,17399970.93773011,17399970.93773011,10.057377049180328,0.7397400835882962
7.016965417866254,125.3777378417858,4.962704098360656,17865734.754098363,117.77483059241216,39.51278416598888,0.1142586806366703,0.0,0.992114701314478,0.0024869388802473,17391002.169923652,17391002.169923652,10.0,0.7442112173450199
7.503702327610711,125.35194714304016,4.962704098360656,17865734.754098363,166.89018722154665,37.24872294942579,0.1019922532122259,0.0,0.992114701314478,0.0031457297320873,17384427.707761284,17384427.707761284,10.0,0.7430503593323537
7.314437331229162,125.38194273887687,4.962704098360656,17865734.754098363,214.43343652442985,34.357117468314414,0.0872319440915207,0.0,0.992114701314478,0.0034569370888084,17376516.594732117,17376516.594732117,10.0,0.7437195792114296
7.108207192325084,125.59649632718944,4.962704098360656,17865734.754098363,88.92101846953243,45.1614706817044,0.1474443944990316,0.0,0.992114701314478,0.0024230150605962,17408788.78476836,17408788.78476836,10.0,0.7538088804704687
7.474975027297475,125.41924561779334,4.962704098360656,17865734.754098363,228.46982380909847,38.31514962299382,0.1076937665843656,0.0,0.992114701314478,0.0045471871856914,17387483.559529394,17387483.559529394,10.0,0.7452548109037567
7.156146555812551,125.58407375114771,4.962704098360656,17865734.754098363,140.28107430868528,40.12127034602259,0.1176588873388054,0.0,0.992114701314478,0.0030503329018435,17392824.585655134,17392824.585655134,10.0,0.7538917342341127
7.224328770982075,125.37178091584784,4.962704098360656,17865734.754098363,570.6055490825535,41.94747586759728,0.1281210410481613,0.0,0.992114701314478,0.0135107627754898,17398432.007548973,17398432.007548973,10.0,0.7449224804207755
7.3979579764121,125.4257041502091,4.962704098360656,17865734.754098363,73.35406427475853,31.888393781435155,0.0754606428827002,0.0,0.992114701314478,0.0010229822571124,17370207.506378893,17370207.506378893,10.0,0.7463382605258947
7.470845198241041,125.2705476187894,4.962704098360656,17865734.754098363,485.9863886478462,42.78291181669305,0.1330337640594828,0.0,0.992114701314478,0.0119483903930202,17401065.089736193,17401065.089736193,10.051912568306012,0.7396908633084757
7.007487673983893,125.31248414017438,4.962704098360656,17865734.754098363,41.97783797054488,46.96671063387074,0.1587884159786914,0.0,0.992114701314478,0.0012318626912616,17414868.863132372,17414868.863132372,10.027322404371585,0.7362427788367055
7.314410572900436,125.53207961046394,4.962704098360656,17865734.754098363,69.6346424346716,44.94249397239784,0.1460919367804091,0.0,0.992114701314478,0.0018800743117399,17408063.90524235,17408063.90524235,10.0,0.750704724268486
7.504254596642231,125.53336071795948,4.962704098360656,17865734.754098363,85.08443703405864,56.88339976082537,0.2268276753229063,0.0,0.992114701314478,0.0035667247095361,17451336.003941644,17451336.003941644,10.0,0.7465131507501434
7.283390298092549,125.53089029461908,4.962704098360656,17865734.754098363,57.93482121477092,40.000082147843344,0.1169782392393815,0.0,0.992114701314478,0.00125247241654,17392459.77730298,17392459.77730298,10.0,0.750645632471781
7.283037577555073,125.40450346572368,4.962704098360656,17865734.754098363,59.63214684245762,45.18650204910396,0.1475993231511321,0.0125,0.992114701314478,0.0016062950980925,17386539.65375187,17386539.65375187,10.0,0.7436589820006786
7.190600424913883,125.46817411405098,4.962704098360656,17865734.754098363,216.78228807304657,43.06844385274515,0.1347307575930754,0.0,0.992114701314478,0.0053977649210756,17401974.63082671,17401974.63082671,10.0,0.7527357964688336
7.477093118198797,125.43251076443116,4.962704098360656,17865734.754098363,228.46982380909847,38.31514962299382,0.1076937665843656,0.0,0.992114701314478,0.0045471871856914,17387483.559529394,17387483.559529394,10.0,0.745264865463563
6.972812923118038,125.41735291124904,5.225479234972678,18811725.24590164,275.7084437077741,46.24084520273373,0.1541857663765032,0.0,0.992114701314478,0.0078562947626501,18334388.496741697,18334388.496741697,10.0,0.7879141668765718
7.1067455765667,125.35332884596912,4.962704098360656,17865734.754098363,348.51606422543887,46.072456924015135,0.1531259352133592,0.0,0.992114701314478,0.0098626807175507,17411833.931750268,17411833.931750268,10.0,0.7450734709993104
7.482830864476844,125.35202970918496,4.962704098360656,17865734.754098363,29.06669669094895,47.612885664193826,0.1629318530275516,0.0,0.992114701314478,0.0008752358425764,17417089.62955093,17417089.62955093,10.0,0.7430182898213002
7.53278756314936,125.41144829187944,4.962704098360656,17865734.754098363,27.1594195595681,46.37355474671445,0.1550231416640348,0.0,0.992114701314478,0.0007781089971772,17412850.78136691,17412850.78136691,10.0,0.7424200483551279
7.298376896130245,125.50780608503018,4.962704098360656,17865734.754098363,54.133861822500336,35.69994874172761,0.0939579755287997,0.0,0.992114701314478,0.0009399961604467,17380121.559540298,17380121.559540298,10.0,0.7506721150877063
7.345140787590604,125.29525716372753,4.962704098360656,17865734.754098363,43.98844146969564,45.794396658722754,0.1513823944744192,0.025,0.992114701314478,0.0011998915088164,17366235.105773777,17366235.105773777,10.051912568306012,0.7387843696439415
7.137681203139534,125.54424064354023,4.962704098360656,17865734.754098363,474.2500550706811,46.47937253146322,0.1556921608204179,0.0,0.992114701314478,0.0136457545458622,17413209.35693071,17413209.35693071,10.0,0.7526224882103076
7.112278009332191,125.49063636886726,4.962704098360656,17865734.754098363,74.22976234856593,46.41191864424587,0.1552655565568,0.0,0.992114701314478,0.0021299853357316,17412980.70897215,17412980.70897215,10.0,0.752050375785974
7.299719290933833,125.35573811410488,4.962704098360656,17865734.754098363,18.515486281324545,45.45795585432648,0.1492837675106048,0.0,0.992114701314478,0.0005108238059408,17409774.63727852,17409774.63727852,10.0,0.743691959624329
7.321423892509563,125.40656924864524,4.962704098360656,17865734.754098363,136.6832622954209,44.97607386125087,0.1462989999130923,0.0,0.992114701314478,0.0036955587604736,17408174.885292526,17408174.885292526,10.0,0.7437370790950475
7.024853170002195,125.48160631649772,4.962704098360656,17865734.754098363,155.70995792561104,47.101635314477015,0.1596500196404047,0.0,0.992114701314478,0.0045941882062357,17415330.658606872,17415330.658606872,10.0,0.7487383430684037
7.193751767693905,125.5137460696976,4.962704098360656,17865734.754098363,104.19782367724775,45.12561847160106,0.1472226087547836,0.0,0.992114701314478,0.0028350229322057,17408669.913809992,17408669.913809992,10.0,0.752394776824265
7.226052982149938,125.6816726830235,4.962704098360656,17865734.754098363,61.67460371866925,44.84658263905889,0.1455011899598585,0.0,0.992114701314478,0.001658426893452,17407747.281462267,17407747.281462267,10.0,0.7535216880249137
7.497962980819705,125.28290801781532,4.962704098360656,17865734.754098363,90.52395806752692,43.6704163154196,0.1383381126481793,0.0125,0.992114701314478,0.0022854193721123,17381575.90384144,17381575.90384144,10.05464480874317,0.7397442657068871
7.128164549382121,125.576724037332,4.962704098360656,17865734.754098363,339.8938132246199,63.0625324422897,0.2734911061530684,0.0,0.992114701314478,0.0171794749419263,17476346.298279483,17476346.298279483,10.0,0.7526031788055957
6.980906811423045,125.52552249973115,5.225479234972678,18811725.24590164,133.83919514728333,48.54032959421556,0.1689536469957047,0.0875,0.992114701314478,0.0038133544894409,18178120.18022024,18178120.18022024,10.0,0.7986402280596345
7.106050961067728,125.57213112264556,4.962704098360656,17865734.754098363,59.132961086442535,44.41848003150865,0.1428765125592137,0.0375,0.992114701314478,0.0015028465029026,17339344.022426747,17339344.022426747,10.0,0.7525714807780367
7.283798232115658,125.3815697460341,4.962704098360656,17865734.754098363,34.408133958172385,45.204876372460774,0.1477130916351541,0.0,0.992114701314478,0.0009392982805123,17408932.798921257,17408932.798921257,10.0,0.743657982754074
7.378211430636907,125.50946038638158,4.962704098360656,17865734.754098363,119.17711638328628,43.87310027130417,0.1395617116639416,0.0,0.992114701314478,0.0030738493525851,17404563.88714789,17404563.88714789,10.0,0.7494391681823621
7.05078763994606,125.59732925223,4.962704098360656,17865734.754098363,727.0428981306485,51.01309019320378,0.1854285887784619,0.0,0.992114701314478,0.0249149573786709,17429147.250963695,17429147.250963695,10.0,0.7538700060062616
7.434967563002643,125.54260604862492,4.962704098360656,17865734.754098363,70.3073260113274,47.503476182270354,0.1622272624263735,0.0,0.992114701314478,0.0021078894940908,17416711.988687206,17416711.988687206,10.0,0.746393976949843
7.52432140130295,125.36145672094491,4.962704098360656,17865734.754098363,25.99833176436132,49.2553251599909,0.1736553298196655,0.025,0.992114701314478,0.0008135076350872,17378172.776425976,17378172.776425976,10.021857923497267,0.7423931303312655
7.114599216582699,125.36373251625184,4.962704098360656,17865734.754098363,148.95462281326053,27.444743716129597,0.0562721335674472,0.0,0.992114701314478,0.0015490690854229,17359923.00184631,17359923.00184631,10.0,0.7450851825617405
7.116669908628972,125.6334538137368,4.962704098360656,17865734.754098363,91.51257589865378,44.221761886213095,0.1416771194546707,0.0,0.992114701314478,0.0023960943622251,17405697.68658247,17405697.68658247,10.0,0.753815616727686
7.195206594003486,125.4168680781882,4.962704098360656,17865734.754098363,29.110832782037367,46.61065466442777,0.1565238070779206,0.0,0.992114701314478,0.000842089885728,17413655.096074086,17413655.096074086,10.0,0.7527549620220267
7.251923688390771,125.64830470544732,4.962704098360656,17865734.754098363,1410.251245904021,51.27422710532643,0.1872031761333733,0.0,0.992114701314478,0.0487902590324829,17430098.38017312,17430098.38017312,10.0,0.7509342883035067
7.569218830108241,125.51873616429494,4.962704098360656,17865734.754098363,7.887337573353654,35.04732086079143,0.0906609772916587,0.0,0.992114701314478,0.0001321521533099,17378354.460660618,17378354.460660618,10.0,0.7459520633186852
7.216177642093537,125.60247663704924,4.962704098360656,17865734.754098363,162.01320027571774,41.59600592646868,0.1260778145994877,0.0125,0.992114701314478,0.0037277741833125,17375004.726853114,17375004.726853114,10.0,0.7531262806247715
7.058074198555987,125.51577510209408,4.962704098360656,17865734.754098363,13.649618792076716,45.05534165341672,0.1467882693995231,0.0,0.992114701314478,0.0003702842943124,17408437.120058563,17408437.120058563,10.0,0.7528329505955766
7.191098098202021,125.49771253609408,4.962704098360656,17865734.754098363,14.317083174810376,35.71373337442081,0.0940281834728787,0.0,0.992114701314478,0.0002487917718077,17380159.189035498,17380159.189035498,10.0,0.7523880411586764
7.191310814628825,125.62449701791036,4.962704098360656,17865734.754098363,94.62926230281192,45.20400857377576,0.1477077176620002,0.0,0.992114701314478,0.0025831644846635,17408929.91862189,17408929.91862189,10.0,0.7530780465350292
7.240672965431544,125.28481242145996,4.962704098360656,17865734.754098363,147.36915610097228,45.864615772829254,0.1518219209882921,0.0,0.992114701314478,0.004134895114357,17411135.016582448,17411135.016582448,10.05464480874317,0.7375351106068344
7.37025649351577,125.45076389678276,4.962704098360656,17865734.754098363,181.765845776919,57.850001447059945,0.2339311954828872,0.0,0.992114701314478,0.0078582138041914,17455143.292151604,17455143.292151604,10.0,0.7462706406607367
6.984481935590525,125.4691735053428,5.225479234972678,18811725.24590164,82.8325660050715,31.9103054143267,0.075561686412047,0.0,0.992114701314478,0.0011567144908285,18290016.859041605,18290016.859041605,10.0,0.7879494733871829
7.252750734898581,125.63557150129806,4.962704098360656,17865734.754098363,36141.5904138944,42.70277950447209,0.1325591521303706,0.0,0.992114701314478,0.8854017914499525,17400810.711011093,17400810.711011093,10.0,0.753183165556119
7.458226789046045,125.25451562047748,4.962704098360656,17865734.754098363,40.74935278788705,48.543572196250665,0.168974853949235,0.0,0.992114701314478,0.0012725246799978,17420328.5090985,17420328.5090985,10.057377049180328,0.7396703280415974
7.378074281017854,125.53420374361896,4.962704098360656,17865734.754098363,31.08613043262231,45.93052569916593,0.1522349505727845,0.0,0.992114701314478,0.0008745898933978,17411356.38889251,17411356.38889251,10.0,0.7494401981488917
7.222862147074711,125.42234107982598,4.962704098360656,17865734.754098363,1685.2655781548683,81.62113324423962,0.4271409346084492,0.0,0.992114701314478,0.1330340960114284,17558698.310685378,17558698.310685378,10.0,0.7528060853629581
6.989075036286975,125.47482139722408,5.225479234972678,18811725.24590164,82.8325660050715,31.9103054143267,0.075561686412047,0.0,0.992114701314478,0.0011567144908285,18290016.859041605,18290016.859041605,10.0,0.7879638376881603
7.228342756588695,125.5351812070478,4.962704098360656,17865734.754098363,44.194675239022715,41.58459582710788,0.1260117188101402,0.0,0.992114701314478,0.001029210720398,17397301.469800513,17397301.469800513,10.0,0.7524573927102498
7.44028600170341,125.32423797784168,4.962704098360656,17865734.754098363,30.526032237199,46.13409177346595,0.1535135161122986,0.0,0.992114701314478,0.0008660448759024,17412041.66427635,17412041.66427635,10.040983606557377,0.7396347534217299
7.061682770247923,125.34242795723183,4.962704098360656,17865734.754098363,21.97482359879272,31.692078124261815,0.0745581227595195,0.0125,0.992114701314478,0.0002990066762903,17347391.61238234,17347391.61238234,10.0,0.7442872307354458
7.429927676711928,125.29169781698812,4.962704098360656,17865734.754098363,10.185925843251336,48.272103656656135,0.1672030993698453,0.0,0.992114701314478,0.0003147518217936,17419378.898177557,17419378.898177557,10.046448087431694,0.739614843223139
7.001554646195791,125.52588544070149,4.962704098360656,17865734.754098363,1298.4082969969384,43.452387424583094,0.1370269297339134,0.0,0.992114701314478,0.032880667684881,17403205.31489925,17403205.31489925,10.0,0.7527297033789927
7.367946673637066,125.27276691035048,4.962704098360656,17865734.754098363,507.5370546192472,36.99270034855798,0.1006439117119957,0.0,0.992114701314478,0.0094401453687911,17383705.034413252,17383705.034413252,10.060109289617486,0.7388081713871448
7.401823919432283,125.49150075313652,4.962704098360656,17865734.754098363,147.39336014014808,38.99095955888283,0.1113773753039844,0.025,0.992114701314478,0.0029580324465202,17344793.533933826,17344793.533933826,10.0,0.7463304476428755
7.428189796448544,125.3029799877444,4.962704098360656,17865734.754098363,10.185925843251336,48.272103656656135,0.1672030993698453,0.0,0.992114701314478,0.0003147518217936,17419378.898177557,17419378.898177557,10.043715846994536,0.7396174422074434
7.397630719554027,125.31165652813272,4.962704098360656,17865734.754098363,24.7779423895623,46.08917212245779,0.153231006417372,0.0,0.992114701314478,0.000701673882773,17411890.2469781,17411890.2469781,10.05464480874317,0.7388674084556759
6.988226246234546,125.38213489882472,5.225479234972678,18811725.24590164,88.37130218586438,44.94826860944738,0.1461275361796666,0.0125,0.992114701314478,0.0023566974918255,18306326.16381139,18306326.16381139,10.0,0.7813779633356497
7.544463564540705,125.36259446390392,4.962704098360656,17865734.754098363,15.589343822209786,41.13883555607827,0.1234411775890332,0.025,0.992114701314478,0.0003467495660574,17351259.394686345,17351259.394686345,10.027322404371585,0.7424420736560188
7.517882728339191,125.41477550469077,4.962704098360656,17865734.754098363,37.28312676679267,47.34089922693027,0.1611825520682783,0.0125,0.992114701314478,0.0010967076645023,17393819.884700004,17393819.884700004,10.0,0.7423984040272283
7.292030485073729,125.46154634193596,4.962704098360656,17865734.754098363,111.5909646165022,32.65493327485314,0.0790322727533881,0.0,0.992114701314478,0.0016298848461706,17372121.80013618,17372121.80013618,10.0,0.7489216419559157
7.267197153827352,125.26929987882984,4.962704098360656,17865734.754098363,245.10145098971097,37.51361070634278,0.103395647183762,0.0,0.992114701314478,0.0046835111354883,17385179.887694813,17385179.887694813,10.043715846994536,0.7389655192619456
7.211095514190159,125.34244068873409,4.962704098360656,17865734.754098363,50.52823314060332,49.739783120044024,0.1768699661971383,0.0125,0.992114701314478,0.0016309803483155,17402227.90009412,17402227.90009412,10.0,0.744912910860501
6.965605361758842,125.47517568876346,5.225479234972678,18811725.24590164,3456.00867393206,33.273567525743985,0.0819697224258854,0.0,0.992114701314478,0.0523542216339055,18293633.245427348,18293633.245427348,10.0,0.7879211658190507
7.163682695429262,125.24512085850144,4.962704098360656,17865734.754098363,26.520992778625683,55.84636928353773,0.2192930798501773,0.0,0.992114701314478,0.0010748259005004,17447297.671415787,17447297.671415787,10.0,0.7441349140783413
7.202652837878964,125.3717466108046,4.962704098360656,17865734.754098363,41.533702710448715,41.33895569883796,0.1245923893382602,0.0,0.992114701314478,0.0009563471840068,17396540.748884313,17396540.748884313,10.0,0.7448857154736727
7.117140182046814,125.54601467195916,4.962704098360656,17865734.754098363,10.357499693799664,45.17622114781464,0.1475356826020977,0.0,0.992114701314478,0.0002824069747098,17408837.71263943,17408837.71263943,10.0,0.7525851498321767
7.375102948669351,125.43833838209407,4.962704098360656,17865734.754098363,50.56741738497368,45.15910710596039,0.1474297689063393,0.0125,0.992114701314478,0.0013605561871649,17386448.77741695,17386448.77741695,10.0,0.7462978810251641
7.091305091384791,125.38248894172636,4.962704098360656,17865734.754098363,53.13200538114455,49.42036564314725,0.1747478524737507,0.0,0.992114701314478,0.001715898024281,17423422.674909744,17423422.674909744,10.0,0.745044459861468
7.275142494601084,125.30717683832422,4.962704098360656,17865734.754098363,278.8680763782784,39.97315733178183,0.1168272497512898,0.0125,0.992114701314478,0.0059457066373997,17370046.682716012,17370046.682716012,10.030054644808743,0.7389802941614102
7.232706582835163,125.48800493424656,4.962704098360656,17865734.754098363,516.8187276621609,31.810027023261277,0.0750997698498854,0.0,0.992114701314478,0.0071729906968012,17370014.088522367,17370014.088522367,10.0,0.75281376685885
7.1371979002764485,125.3483100712692,4.962704098360656,17865734.754098363,30.773929962237844,50.725891320113696,0.1834844408704821,0.0,0.992114701314478,0.0010435316432225,17428105.242038295,17428105.242038295,10.0,0.7451309156787786
7.403652523159249,125.43671169705598,4.962704098360656,17865734.754098363,73.35406427475853,31.888393781435155,0.0754606428827002,0.0,0.992114701314478,0.0010229822571124,17370207.506378893,17370207.506378893,10.0,0.7463363049441245
7.533854097830857,125.50389588708296,4.962704098360656,17865734.754098363,31.01548990284636,44.742815471302514,0.1448631754812561,0.0,0.992114701314478,0.000830347849649,17407405.323538948,17407405.323538948,10.0,0.7431013976249925
7.183303014985466,125.24971985630488,4.962704098360656,17865734.754098363,26.520992778625683,55.84636928353773,0.2192930798501773,0.0,0.992114701314478,0.0010748259005004,17447297.671415787,17447297.671415787,10.0,0.7431361733263747
7.42973847023748,125.27866152318764,4.962704098360656,17865734.754098363,17.13347381319338,44.89516281829226,0.1458002858854542,0.0,0.992114701314478,0.0004616652857394,17407907.58851645,17407907.58851645,10.049180327868852,0.73961458479215
7.351301095518248,125.28270804507552,4.962704098360656,17865734.754098363,152.45941267805347,44.75721412280223,0.1449516363187597,0.025,0.992114701314478,0.0039820379933013,17362788.399189472,17362788.399189472,10.057377049180328,0.7387784562692531
7.038986721642727,125.33568711335568,4.962704098360656,17865734.754098363,37.64164548447054,42.97728230925873,0.1341879722741537,0.0,0.992114701314478,0.000933481272049,17401683.713070624,17401683.713070624,10.0,0.7442648423328184
7.122859477126151,125.59220495135926,4.962704098360656,17865734.754098363,173.3860434155531,49.03036024669749,0.1721704866682739,0.025,0.992114701314478,0.0053789917482265,17377376.942009147,17377376.942009147,10.0,0.753818809468143
7.168385454685324,125.4602666621544,4.962704098360656,17865734.754098363,126.1252705742164,40.56100804559494,0.120142995972719,0.0,0.992114701314478,0.0028004252673696,17394155.99843375,17394155.99843375,10.0,0.7527007187422883
7.189089326922614,125.2893991541755,4.962704098360656,17865734.754098363,95.89604120293568,36.7092847023162,0.0991606053083309,0.0,0.992114701314478,0.0017573702376873,17382910.023650248,17382910.023650248,10.049180327868852,0.7374465993992261
7.313161825147378,125.3501099939341,4.962704098360656,17865734.754098363,18.515486281324545,45.45795585432648,0.1492837675106048,0.0,0.992114701314478,0.0005108238059408,17409774.63727852,17409774.63727852,10.0,0.7437172060404033
7.179453038766608,125.3183117731226,4.962704098360656,17865734.754098363,320.7440734088234,31.604074449396425,0.0741551649941035,0.0,0.992114701314478,0.0043956536445002,17369507.806728344,17369507.806728344,10.040983606557377,0.7374135306494202
7.2290544241064705,125.44680889897964,4.962704098360656,17865734.754098363,45.925131591442195,51.28504371337099,0.1872768220945523,0.025,0.992114701314478,0.0015497529625129,17385473.51546412,17385473.51546412,10.0,0.7528143089375182
7.1836804923003195,125.23459819054564,4.962704098360656,17865734.754098363,26.520992778625683,55.84636928353773,0.2192930798501773,0.0,0.992114701314478,0.0010748259005004,17447297.671415787,17447297.671415787,10.0,0.7431296703312628
7.0414710813463435,125.56233130199148,4.962704098360656,17865734.754098363,20.953287817923307,42.10769657246907,0.129057112240999,0.0,0.992114701314478,0.0004997554520254,17398933.71553824,17398933.71553824,10.0,0.7528091418022953
6.9926649627201565,125.31113049825176,5.225479234972678,18811725.24590164,41.97783797054488,46.96671063387074,0.1587884159786914,0.0,0.992114701314478,0.0012318626912616,18336986.01013328,18336986.01013328,10.049180327868852,0.7722991284902571
6.981950946895382,125.4724255285111,5.225479234972678,18811725.24590164,82.8325660050715,31.9103054143267,0.075561686412047,0.0,0.992114701314478,0.0011567144908285,18290016.859041605,18290016.859041605,10.0,0.7879494733871829
7.5573108962170945,125.4606373016993,4.962704098360656,17865734.754098363,78.81533502212338,48.47038473225891,0.1684964585701014,0.0,0.992114701314478,0.0024542845998686,17420072.102549963,17420072.102549963,10.0,0.7431641681503791
7.19216351801025,125.27795684373748,4.962704098360656,17865734.754098363,95.89604120293568,36.7092847023162,0.0991606053083309,0.0,0.992114701314478,0.0017573702376873,17382910.023650248,17382910.023650248,10.051912568306012,0.7374457491891002
7.30114264453434,125.3247131650574,4.962704098360656,17865734.754098363,74.57547401262664,46.3288364776733,0.1547407698068734,0.0,0.992114701314478,0.0021326726255488,17412699.43794585,17412699.43794585,10.030054644808743,0.7390295905441474
7.268302096464895,125.3990677016909,4.962704098360656,17865734.754098363,125.78261062602778,52.87418688632243,0.1982163714612423,0.0,0.992114701314478,0.004607693101914,17436001.144968804,17436001.144968804,10.0,0.7436353589657502
7.134209422933087,125.58361869313624,4.962704098360656,17865734.754098363,688.6114470084102,33.426379816106525,0.082702837304774,0.0,0.992114701314478,0.0105249021292559,17374089.120116364,17374089.120116364,10.0,0.7526031788055957
7.173925185532301,125.47536626787657,4.962704098360656,17865734.754098363,755.1485917219889,30.68843900373138,0.0700223649299802,0.025,0.992114701314478,0.0095279007809976,17322628.404550977,17322628.404550977,10.0,0.7527102256005054
7.426816499877388,125.29920220745755,4.962704098360656,17865734.754098363,10.185925843251336,48.272103656656135,0.1672030993698453,0.0,0.992114701314478,0.0003147518217936,17419378.898177557,17419378.898177557,10.043715846994536,0.7396174422074434
7.217006544170934,125.48968908623188,4.962704098360656,17865734.754098363,171.0762639781715,54.714970821850024,0.2111778220197191,0.0125,0.992114701314478,0.0065932354817524,17420615.951657362,17420615.951657362,10.0,0.7527950843406859
7.064093777167779,125.34707934640562,4.962704098360656,17865734.754098363,21.97482359879272,31.692078124261815,0.0745581227595195,0.0125,0.992114701314478,0.0002990066762903,17347391.61238234,17347391.61238234,10.0,0.7442873349656834
7.081601043536248,125.40585283139202,4.962704098360656,17865734.754098363,170.3466013005303,44.67843425597176,0.1444679117364814,0.0,0.992114701314478,0.0045480820101323,17407193.473222286,17407193.473222286,10.0,0.7443351821981445
7.0222174963438375,125.50321418281474,4.962704098360656,17865734.754098363,434.0922822783725,47.77561118114848,0.1639820684061935,0.0,0.992114701314478,0.013155332934636,17417652.51563262,17417652.51563262,10.0,0.7527604870624488
7.388521462932612,125.3470459735976,4.962704098360656,17865734.754098363,36.94326946917393,41.83202490241288,0.1274483341991761,0.0,0.992114701314478,0.0008701475668533,17398071.45548504,17398071.45548504,10.0,0.7438934272153847
7.229985280142927,125.40873529756306,4.962704098360656,17865734.754098363,37.42410011916514,31.814206577123308,0.0751189963208896,0.0,0.992114701314478,0.000519546665552,17370024.393373303,17370024.393373303,10.0,0.744943088041147
7.007570493228167,125.4885999650114,4.962704098360656,17865734.754098363,99.04394742820726,48.696742142037635,0.1699778079829683,0.0,0.992114701314478,0.003111312144854,17420866.064420614,17420866.064420614,10.0,0.7487252487903525
7.445001825504491,125.54335479431796,4.962704098360656,17865734.754098363,24.755571283619545,48.575475693634,0.169183562652363,0.0,0.992114701314478,0.0007740241978547,17420440.37112843,17420440.37112843,10.0,0.7464190251574319
7.072886474064824,125.541690020019,4.962704098360656,17865734.754098363,136.5761099836842,49.20670917975241,0.1733340212745139,0.0,0.992114701314478,0.004375039418711,17422664.900913965,17422664.900913965,10.0,0.7528672416241543
7.474630222414669,125.43262766840074,4.962704098360656,17865734.754098363,228.46982380909847,38.31514962299382,0.1076937665843656,0.0,0.992114701314478,0.0045471871856914,17387483.559529394,17387483.559529394,10.0,0.7452470866202626
7.110379124211661,125.63310185629813,4.962704098360656,17865734.754098363,73.5263518973318,46.01834166590988,0.1527859709787866,0.0125,0.992114701314478,0.0020501565271848,17389319.55198242,17389319.55198242,10.0,0.7537996755193345
7.058260629519026,125.5034168051922,4.962704098360656,17865734.754098363,252.1997132801012,43.65077057222969,0.1382197520407359,0.0125,0.992114701314478,0.0063617298260635,17381512.4658649,17381512.4658649,10.0,0.7528369862073895
7.10633704009654,125.56608805160272,4.962704098360656,17865734.754098363,49.28996295495029,50.305820702305006,0.1806551747022257,0.0,0.992114701314478,0.0016456304575626,17426588.83447097,17426588.83447097,10.0,0.7525714807780367
7.384457443392297,125.513053049534,4.962704098360656,17865734.754098363,79.28336425001972,44.887161362557094,0.1457510054161964,0.0,0.992114701314478,0.0021355859187256,17407881.17556268,17407881.17556268,10.0,0.7494391681823621
7.4881113232890755,125.37510700664436,4.962704098360656,17865734.754098363,29.06669669094895,47.612885664193826,0.1629318530275516,0.0,0.992114701314478,0.0008752358425764,17417089.62955093,17417089.62955093,10.0,0.743030781541782
7.439721446112554,125.376243719971,4.962704098360656,17865734.754098363,48.59890258355836,48.7941906678642,0.1706171272175059,0.0,0.992114701314478,0.0015324012821354,17421208.72165664,17421208.72165664,10.0,0.7429318650471891
7.341171755325316,125.48592520881309,4.962704098360656,17865734.754098363,28.434585784860374,43.78319358425883,0.1390183892367083,0.0,0.992114701314478,0.0007305376062612,17404272.681516763,17404272.681516763,10.0,0.7462136813160517
7.346129917620556,125.44656631671016,4.962704098360656,17865734.754098363,66.98530784666394,46.829133917908585,0.157911825277192,0.0125,0.992114701314478,0.0019304330057955,17392066.866580922,17392066.866580922,10.0,0.7462225519531465
7.221790443731539,125.28265215976393,4.962704098360656,17865734.754098363,147.36915610097228,45.864615772829254,0.1518219209882921,0.0,0.992114701314478,0.004134895114357,17411135.016582448,17411135.016582448,10.05464480874317,0.737503577140918
7.138161855262202,125.30280390346164,4.962704098360656,17865734.754098363,38.61756338142857,44.33959970983439,0.1423950718250483,0.0,0.992114701314478,0.0010162562884048,17406082.488980927,17406082.488980927,10.03825136612022,0.7364849406331652
7.468422824843459,125.22893139638197,4.962704098360656,17865734.754098363,165.75069324833808,45.46823609725401,0.1493477141517625,0.025,0.992114701314478,0.0044604838167379,17365144.574005157,17365144.574005157,10.051912568306012,0.7417682277846512
7.216079124977479,125.4018505508138,4.962704098360656,17865734.754098363,191.93724009530672,41.050466655407746,0.1229342876787122,0.0,0.992114701314478,0.0043606948181438,17395652.052750967,17395652.052750967,10.0,0.7449388796120554
7.435475944232953,125.5245627236196,4.962704098360656,17865734.754098363,16.170153829807926,44.59131561002881,0.1439337680043014,0.0,0.992114701314478,0.0004301305260597,17406907.187115096,17406907.187115096,10.0,0.7464117593169826
7.325174215873399,125.2608507770538,4.962704098360656,17865734.754098363,69.58041270400645,41.95731767718502,0.1281784569448578,0.0,0.992114701314478,0.0016482590098634,17398462.780864406,17398462.780864406,10.049180327868852,0.7390759840565431
7.009221905435876,125.40468965435709,4.962704098360656,17865734.754098363,168.1562301261445,18.884651799323645,0.0269139526048449,0.0,0.992114701314478,0.0008363996927907,17344187.83762809,17344187.83762809,10.0,0.7442064899633133
7.431184440746404,125.52843047516993,4.962704098360656,17865734.754098363,24.421011442066508,50.366725024912185,0.1810643180694698,0.0,0.992114701314478,0.0008171841591315,17426808.123877235,17426808.123877235,10.0,0.7463783582171725
7.4073048902064835,125.30113184241712,4.962704098360656,17865734.754098363,102.15393176861092,53.370833167359,0.2016832611194515,0.0,0.992114701314478,0.0038075740712205,17437859.300900463,17437859.300900463,10.057377049180328,0.7388862327180368
7.0454602763509495,125.30346373428536,4.962704098360656,17865734.754098363,21.97482359879272,31.692078124261815,0.0745581227595195,0.0125,0.992114701314478,0.0002990066762903,17347391.61238234,17347391.61238234,10.03551912568306,0.7363215205228018
7.345361667900773,125.28826787629713,4.962704098360656,17865734.754098363,43.98844146969564,45.794396658722754,0.1513823944744192,0.025,0.992114701314478,0.0011998915088164,17366235.105773777,17366235.105773777,10.05464480874317,0.7387691739496843
7.053609784039533,125.4050973622051,4.962704098360656,17865734.754098363,251.92004597571196,36.8827947267021,0.1000675390905797,0.0,0.992114701314478,0.0046588568395939,17383396.11480204,17383396.11480204,10.0,0.7442689309647448
7.344321766389859,125.28252873584604,4.962704098360656,17865734.754098363,152.45941267805347,44.75721412280223,0.1449516363187597,0.025,0.992114701314478,0.0039820379933013,17362788.399189472,17362788.399189472,10.057377049180328,0.7387521452219609
7.0758861094054595,125.4799840434316,4.962704098360656,17865734.754098363,76.4036574117435,41.660429907388014,0.1264512844179169,0.0,0.992114701314478,0.0017855039385917,17397537.06467718,17397537.06467718,10.0,0.7488481879929103
7.090597603851318,125.3390349301499,4.962704098360656,17865734.754098363,13.16774281315348,45.75496811531107,0.151135826650666,0.0125,0.992114701314478,0.0003631945178157,17388435.120756254,17388435.120756254,10.0,0.7450425382107438
7.207872643169491,125.32018953377914,4.962704098360656,17865734.754098363,299.9972938276951,43.67373670338749,0.1383581213423301,0.0,0.992114701314478,0.0076708839496767,17403918.796384733,17403918.796384733,10.040983606557377,0.7374721436008262
7.220080010898292,125.26091539197633,4.962704098360656,17865734.754098363,31.59146477856737,43.141546886713336,0.1351666887947146,0.0,0.992114701314478,0.0007891559891472,17402208.277763296,17402208.277763296,10.060109289617486,0.7375030412723662
7.377369412508134,125.411121328697,4.962704098360656,17865734.754098363,30.794856296440415,45.76699794939167,0.1512110381456031,0.0,0.992114701314478,0.0008605678075999,17410807.60045745,17410807.60045745,10.0,0.7438582153646056
7.524436672957388,125.48111154124504,4.962704098360656,17865734.754098363,16.385285428835015,45.26746702864138,0.1481009066762103,0.0,0.992114701314478,0.0004484718078886,17409140.65694097,17409140.65694097,10.0,0.7430980028136579
7.275015634537776,125.30008211973644,4.962704098360656,17865734.754098363,21.970984537465007,42.85045786374749,0.1334343869534739,0.0,0.992114701314478,0.0005418021225058,17401279.812407006,17401279.812407006,10.03551912568306,0.7389801096111573
6.9722384598628695,125.52181406951593,5.225479234972678,18811725.24590164,32.85513668129037,46.607209325593494,0.1565019584796703,0.0875,0.992114701314478,0.0008671202870283,18171093.047923904,18171093.047923904,10.0,0.7986250341616062
7.055571179307634,125.4572503111948,4.962704098360656,17865734.754098363,97.71011264804572,35.3453275641404,0.0921599086192054,0.0,0.992114701314478,0.0016641978951081,17379157.84594599,17379157.84594599,10.0,0.7488163277050961
6.979634070699743,125.59020570905656,5.225479234972678,18811725.24590164,93.6977182187686,39.5763290836109,0.1146117402774239,0.025,0.992114701314478,0.0019350231111334,18265025.512451444,18265025.512451444,10.0,0.7953209222371715
7.115181408680667,125.57824681633409,4.962704098360656,17865734.754098363,140.08718294131194,47.318621916228125,0.1610396116477259,0.0,0.992114701314478,0.0041692173415791,17416075.44107345,17416075.44107345,10.0,0.7525969152207679
7.0339979572658216,125.40636142508374,4.962704098360656,17865734.754098363,321.0147983411544,37.822849863292085,0.1050447405320407,0.0,0.992114701314478,0.0062319331334621,17386063.75562517,17386063.75562517,10.0,0.7442464072383347
7.152897116793897,125.33216477307072,4.962704098360656,17865734.754098363,38.61756338142857,44.33959970983439,0.1423950718250483,0.0,0.992114701314478,0.0010162562884048,17406082.488980927,17406082.488980927,10.027322404371585,0.7365023779490387
7.069912863181446,125.37079467896976,4.962704098360656,17865734.754098363,36.99745728818641,45.05109117980932,0.1467620167768295,0.0,0.992114701314478,0.0010034805693411,17408423.04938675,17408423.04938675,10.0,0.7443157031249952
7.179977007888093,125.59354935901024,4.962704098360656,17865734.754098363,313.2680062430233,66.66543881946289,0.3019502783511385,0.0,0.992114701314478,0.0174813471123337,17491599.618933838,17491599.618933838,10.0,0.7530495007843842
7.484662969960508,125.41270416584372,4.962704098360656,17865734.754098363,228.46982380909847,38.31514962299382,0.1076937665843656,0.0,0.992114701314478,0.0045471871856914,17387483.559529394,17387483.559529394,10.0,0.7430141800370738
7.108618626143562,125.43000146607694,4.962704098360656,17865734.754098363,26.33768217170764,50.322639211524766,0.1807681221246383,0.0,0.992114701314478,0.0008798787272872,17426649.37113167,17426649.37113167,10.0,0.7520503128618494
7.281470247293757,125.3943425947564,4.962704098360656,17865734.754098363,108.80143037110656,33.15693441733266,0.0814121773003301,0.0125,0.992114701314478,0.0016165327138937,17351065.193994828,17351065.193994828,10.0,0.7436559933037163
7.219685314106114,125.51525463595,4.962704098360656,17865734.754098363,216.21596232347375,43.88871864243638,0.1396561868317295,0.0125,0.992114701314478,0.0055107214089828,17382282.354753923,17382282.354753923,10.0,0.7524529530854341
7.127663326961085,125.42444669233554,4.962704098360656,17865734.754098363,745.278045225251,37.39024899007816,0.1027410116794161,0.0,0.992114701314478,0.0141509496121156,17384829.021366376,17384829.021366376,10.0,0.7520986833956482
7.098765023993827,125.47434594915453,4.962704098360656,17865734.754098363,74.36779291773206,39.17958837786121,0.1124152000148034,0.0,0.992114701314478,0.0015450173088505,17390014.115849216,17390014.115849216,10.0,0.7520317955864875
7.44159717795534,125.41436288751302,4.962704098360656,17865734.754098363,228.46982380909847,38.31514962299382,0.1076937665843656,0.0,0.992114701314478,0.0045471871856914,17387483.559529394,17387483.559529394,10.0,0.7429233596703985
7.179984490547705,125.22094737048204,4.962704098360656,17865734.754098363,26.520992778625683,55.84636928353773,0.2192930798501773,0.0,0.992114701314478,0.0010748259005004,17447297.671415787,17447297.671415787,10.0,0.7431272684707532
7.261383434665117,125.42876158737396,4.962704098360656,17865734.754098363,31.644444891758223,36.31892341519222,0.0971336446950306,0.0,0.992114701314478,0.0005680552597906,17381823.62943002,17381823.62943002,10.0,0.7488626443923101
7.18395385783567,125.39983963575348,4.962704098360656,17865734.754098363,337.04623202851417,32.26071262719131,0.0771859816563442,0.0,0.992114701314478,0.0048078546224884,17371132.23972562,17371132.23972562,10.0,0.7448546788022328
7.138907632097107,125.5103966679045,4.962704098360656,17865734.754098363,34.91084804740453,47.16882195861897,0.1600797651469034,0.0,0.992114701314478,0.0010328095764521,17415560.9901838,17415560.9901838,10.0,0.7526224470638413
7.5626674246986125,125.42730380115178,4.962704098360656,17865734.754098363,27.1594195595681,46.37355474671445,0.1550231416640348,0.0,0.992114701314478,0.0007781089971772,17412850.78136691,17412850.78136691,10.0,0.7431774294100814
7.453153381323628,125.250662020811,4.962704098360656,17865734.754098363,40.74935278788705,48.543572196250665,0.168974853949235,0.0,0.992114701314478,0.0012725246799978,17420328.5090985,17420328.5090985,10.046448087431694,0.7417299910727121
7.426046447318685,125.2431509968211,4.962704098360656,17865734.754098363,55.99150850026849,45.61718487957106,0.1502754923477593,0.0,0.992114701314478,0.0015550120067481,17410306.17406521,17410306.17406521,10.046448087431694,0.7416852103630467
7.0587754375475935,125.43275555324736,4.962704098360656,17865734.754098363,111.43517414557112,51.72682767808728,0.190294246501198,0.0,0.992114701314478,0.0039189648908366,17431755.107472055,17431755.107472055,10.0,0.7488159017200081
7.281746819215065,125.35913524293083,4.962704098360656,17865734.754098363,97.53500742968475,38.77877199346353,0.1102149663618526,0.0,0.992114701314478,0.0019866644148867,17388834.852123994,17388834.852123994,10.0,0.7436566140714999
7.197952828696781,125.44527937870296,4.962704098360656,17865734.754098363,39.89349420278493,45.1045100961335,0.1470920946029984,0.0125,0.992114701314478,0.0010709074324537,17386267.793430846,17386267.793430846,10.0,0.7527672644469836
7.37879355537621,125.5404438553301,4.962704098360656,17865734.754098363,154.87785896261636,38.87263744758391,0.1107285230150993,0.0,0.992114701314478,0.0031693650337945,17389110.104132436,17389110.104132436,10.0,0.7494391521520416
7.199955582407341,125.33450428534476,4.962704098360656,17865734.754098363,88.49374826626243,42.17266293656922,0.1294374977663733,0.0125,0.992114701314478,0.0020904184151779,17376805.423102636,17376805.423102636,10.040983606557377,0.7374612440201264
7.064956836210872,125.39439999190913,4.962704098360656,17865734.754098363,18.035296290100035,60.37363007952008,0.2528290038571757,0.0,0.992114701314478,0.00084270116429,17465271.98910707,17465271.98910707,10.0,0.7442947707444958
7.16366485482371,125.46002257016129,4.962704098360656,17865734.754098363,126.1252705742164,40.56100804559494,0.120142995972719,0.0,0.992114701314478,0.0028004252673696,17394155.99843375,17394155.99843375,10.0,0.7521451740531229
7.209665170260742,125.6329105099177,4.962704098360656,17865734.754098363,51.858754710181586,49.00613899296809,0.1720109193081016,0.0,0.992114701314478,0.0016485477072046,17421955.755250424,17421955.755250424,10.0,0.7531089587931503
6.992935184021618,125.61443294960188,5.225479234972678,18811725.24590164,93.6977182187686,39.5763290836109,0.1146117402774239,0.025,0.992114701314478,0.0019350231111334,18265025.512451444,18265025.512451444,10.0,0.7953381173014449
7.006991558743688,125.36057070014807,4.962704098360656,17865734.754098363,117.77483059241216,39.51278416598888,0.1142586806366703,0.0,0.992114701314478,0.0024869388802473,17391002.169923652,17391002.169923652,10.0,0.7441962672444978
7.326183059928092,125.47297692937666,4.962704098360656,17865734.754098363,51.6870293152673,55.64967726633047,0.2178743042662967,0.0,0.992114701314478,0.002081186520019,17446537.247368075,17446537.247368075,10.0,0.748983887554575
7.493142957360394,125.52390953976986,4.962704098360656,17865734.754098363,66.53609103559383,51.348142022142675,0.1877066553206321,0.0,0.992114701314478,0.0023081305690043,17430368.230941534,17430368.230941534,10.0,0.7465092810888938
7.442476010998848,125.50386128389206,4.962704098360656,17865734.754098363,16.170153829807926,44.59131561002881,0.1439337680043014,0.0,0.992114701314478,0.0004301305260597,17406907.187115096,17406907.187115096,10.0,0.7464088890221569
7.2073237870395985,125.2328900777197,4.962704098360656,17865734.754098363,17.580052938865563,45.524512861116975,0.149697974936967,0.0,0.992114701314478,0.000486361873664,17409996.640878897,17409996.640878897,10.0,0.7431912202850403
7.073474582350435,125.6406251818201,4.962704098360656,17865734.754098363,47.88503479150756,36.29076390011376,0.0969881477448531,0.0375,0.992114701314478,0.0008261190363789,17314749.14180457,17314749.14180457,10.0,0.7539188139547754
7.193587788915143,125.2853781885824,4.962704098360656,17865734.754098363,95.89604120293568,36.7092847023162,0.0991606053083309,0.0,0.992114701314478,0.0017573702376873,17382910.023650248,17382910.023650248,10.049180327868852,0.7374465993992261
7.562527827519106,125.42295530603516,4.962704098360656,17865734.754098363,27.1594195595681,46.37355474671445,0.1550231416640348,0.0,0.992114701314478,0.0007781089971772,17412850.78136691,17412850.78136691,10.0,0.7431699407167315
7.116044451429648,125.63660092463948,4.962704098360656,17865734.754098363,98.76543819971252,52.44006220958936,0.1952044839797347,0.0125,0.992114701314478,0.0035184817900168,17412054.689040568,17412054.689040568,10.0,0.7538243944821562
6.975513535236089,125.45210044354803,5.225479234972678,18811725.24590164,382.79175439489904,55.79080142167752,0.2188919226729578,0.0,0.992114701314478,0.0154851611430562,18370905.529760715,18370905.529760715,10.0,0.7879476375069707
7.312057330237865,125.2743260052392,4.962704098360656,17865734.754098363,61.96126494398461,50.21579718261936,0.1800510752407367,0.0125,0.992114701314478,0.0020359941126171,17403932.885606024,17403932.885606024,10.049180327868852,0.73903772670481
6.97714878113177,125.55139895888588,5.225479234972678,18811725.24590164,133.83919514728333,48.54032959421556,0.1689536469957047,0.0875,0.992114701314478,0.0038133544894409,18178120.18022024,18178120.18022024,10.0,0.7986454580369338
7.400624057080591,125.43280955200964,4.962704098360656,17865734.754098363,73.35406427475853,31.888393781435155,0.0754606428827002,0.0,0.992114701314478,0.0010229822571124,17370207.506378893,17370207.506378893,10.0,0.7463382605258947
7.150584875438256,125.64430921712956,4.962704098360656,17865734.754098363,79.36803117975133,47.87001065036872,0.1645925565869513,0.025,0.992114701314478,0.0023538773664137,17373315.38334461,17373315.38334461,10.0,0.7538766057599723
7.210798356276623,125.52963824209463,4.962704098360656,17865734.754098363,298.0492493960961,28.466251258682995,0.0604509902899846,0.0125,0.992114701314478,0.0032881526825211,17339830.583777092,17339830.583777092,10.0,0.7524230154084378
7.271583813274149,125.6533681304208,4.962704098360656,17865734.754098363,66.35522711222711,45.29179900165035,0.1482517822612802,0.0,0.992114701314478,0.0018180192691822,17409221.522036485,17409221.522036485,10.0,0.750959986486924
7.552277109223942,125.37896268017629,4.962704098360656,17865734.754098363,25.99833176436132,49.2553251599909,0.1736553298196655,0.025,0.992114701314478,0.0008135076350872,17378172.776425976,17378172.776425976,10.01639344262295,0.7424589846696772
7.532723701053392,125.40860506633216,4.962704098360656,17865734.754098363,27.1594195595681,46.37355474671445,0.1550231416640348,0.0,0.992114701314478,0.0007781089971772,17412850.78136691,17412850.78136691,10.0,0.7424200483551279
7.143844022043549,125.4393765143396,4.962704098360656,17865734.754098363,648.2735744250513,51.160351868869,0.1864285221447856,0.0,0.992114701314478,0.0223354185169314,17429683.18729253,17429683.18729253,10.0,0.7521062704919029
6.985055792366673,125.39048123305872,5.225479234972678,18811725.24590164,88.37130218586438,44.94826860944738,0.1461275361796666,0.0125,0.992114701314478,0.0023566974918255,18306326.16381139,18306326.16381139,10.0,0.7813844226464168
7.35072365292412,125.39256846048802,4.962704098360656,17865734.754098363,36.740708516948416,43.720966180345904,0.1386428581573986,0.0,0.992114701314478,0.0009413875468149,17404071.407357115,17404071.407357115,10.0,0.7438125414436064
6.998775422109763,125.36511305709304,5.225479234972678,18811725.24590164,41.97783797054488,46.96671063387074,0.1587884159786914,0.0,0.992114701314478,0.0012318626912616,18336986.01013328,18336986.01013328,10.0,0.7813973339009507
7.221682884122467,125.34459500595835,4.962704098360656,17865734.754098363,201.10272402579864,49.82930078150552,0.1774664991076347,0.0,0.992114701314478,0.0065956523190666,17424879.793499272,17424879.793499272,10.0,0.7449331854466433
7.33369275997968,125.26037043690027,4.962704098360656,17865734.754098363,69.58041270400645,41.95731767718502,0.1281784569448578,0.0,0.992114701314478,0.0016482590098634,17398462.780864406,17398462.780864406,10.049180327868852,0.7390759840565431
7.467923580215941,125.44692331948885,4.962704098360656,17865734.754098363,40.587195528924525,42.99218060240055,0.1342766149942001,0.0,0.992114701314478,0.0010071933441667,17401731.223090347,17401731.223090347,10.0,0.7452447172869444
7.347993625131233,125.31115312761148,4.962704098360656,17865734.754098363,218.5527506353673,46.2316659354418,0.1541279152655257,0.0,0.992114701314478,0.0062253102455774,17412370.965045493,17412370.965045493,10.051912568306012,0.7387783141559563
7.343474743543704,125.38959917582189,4.962704098360656,17865734.754098363,49.797903775064064,45.1751714169679,0.1475291852259068,0.0,0.992114701314478,0.0013577269061239,17408834.23022744,17408834.23022744,10.0,0.7437941143138407
7.18166005694025,125.54159254057834,4.962704098360656,17865734.754098363,2863.8242348812805,24.95131170429312,0.0466667057312879,0.0,0.992114701314478,0.0246988608508637,17354774.761068694,17354774.761068694,10.0,0.7523767279211423
7.165173115094855,125.32130050731756,4.962704098360656,17865734.754098363,320.7440734088234,31.604074449396425,0.0741551649941035,0.0,0.992114701314478,0.0043956536445002,17369507.806728344,17369507.806728344,10.03551912568306,0.7373962289158961
7.395896575268389,125.53602758825092,4.962704098360656,17865734.754098363,41.75787364382672,42.55005485800886,0.1316565774935922,0.0,0.992114701314478,0.0010160249103235,17400326.9562394,17400326.9562394,10.0,0.7494808624136033
7.038405894304075,125.5731294816778,4.962704098360656,17865734.754098363,98.37749573931232,47.72993300151671,0.1636869916842965,0.0,0.992114701314478,0.00297600289384,17417494.36275925,17417494.36275925,10.0,0.7528007718174083
7.1742087941067725,125.23222240799302,4.962704098360656,17865734.754098363,26.520992778625683,55.84636928353773,0.2192930798501773,0.0,0.992114701314478,0.0010748259005004,17447297.671415787,17447297.671415787,10.0,0.7431072737272412
7.190461160060676,125.44142793843976,4.962704098360656,17865734.754098363,257.5838428007076,34.842201440151975,0.0896356874882647,0.0,0.992114701314478,0.0042670034178217,17377804.93399041,17377804.93399041,10.0,0.7527432940710288
7.4888495110238,125.34531027558096,4.962704098360656,17865734.754098363,166.89018722154665,37.24872294942579,0.1019922532122259,0.0,0.992114701314478,0.0031457297320873,17384427.707761284,17384427.707761284,10.0,0.7430247701753186
7.231956865176058,125.4701687136959,4.962704098360656,17865734.754098363,27.54978111013737,45.249654035968376,0.1479904936537012,0.0,0.992114701314478,0.000753486352254,17409081.478647765,17409081.478647765,10.0,0.7528292321714809
7.307966458271326,125.53516703711358,4.962704098360656,17865734.754098363,43.417641851746616,39.094405273280366,0.1119460067049273,0.0,0.992114701314478,0.0008982521326992,17389762.641352534,17389762.641352534,10.0,0.7506920942865564
7.345929432938529,125.32431435838475,4.962704098360656,17865734.754098363,218.5527506353673,46.2316659354418,0.1541279152655257,0.0,0.992114701314478,0.0062253102455774,17412370.965045493,17412370.965045493,10.049180327868852,0.7387677692734738
7.207978871554048,125.43898825392289,4.962704098360656,17865734.754098363,123.2630510541494,48.86692796603007,0.1710949474913164,0.0,0.992114701314478,0.0038975663500717,17421464.8199648,17421464.8199648,10.0,0.7527756694140848
7.294120486620025,125.3682800355887,4.962704098360656,17865734.754098363,314.3679161494537,57.30735278110714,0.2299338376253751,0.0125,0.992114701314478,0.0131917261566093,17430668.651652995,17430668.651652995,10.0,0.7436743596668828
7.421729762126502,125.44797871239096,4.962704098360656,17865734.754098363,100.2659098210938,53.70318923519687,0.2040158411128284,0.0,0.992114701314478,0.0037804248399335,17439109.498564094,17439109.498564094,10.0,0.7451535639517607
7.247933550617987,125.3142413741856,4.962704098360656,17865734.754098363,347.3671318125524,32.539193316247854,0.0784881462876546,0.0,0.992114701314478,0.0050386734572418,17371830.163562894,17371830.163562894,10.049180327868852,0.737542449659993
7.204045708759525,125.60663342863684,4.962704098360656,17865734.754098363,1904.1937896041136,47.87858844690003,0.164648074965845,0.0,0.992114701314478,0.0579416983391276,17418009.476528794,17418009.476528794,10.0,0.7530980209392576
7.264454076331896,125.4562743047936,4.962704098360656,17865734.754098363,269.653502765591,48.61345541757891,0.1694321549992657,0.0125,0.992114701314478,0.0083380102367141,17398241.441233754,17398241.441233754,10.0,0.7488523330149462
7.505518560447944,125.42557830045736,4.962704098360656,17865734.754098363,37.28312676679267,47.34089922693027,0.1611825520682783,0.0125,0.992114701314478,0.0010967076645023,17393819.884700004,17393819.884700004,10.0,0.7430673771952804
7.324955780950633,125.2920624765886,4.962704098360656,17865734.754098363,80.20288985798338,49.74769741627148,0.1769226741730934,0.0,0.992114701314478,0.0026223878919752,17424588.31853828,17424588.31853828,10.043715846994536,0.7390752993237552
7.509149697547327,125.51427490114344,4.962704098360656,17865734.754098363,43.92260725760191,31.366746227678025,0.0730734794293742,0.0,0.992114701314478,0.0005931592644615,17368928.05350674,17368928.05350674,10.0,0.7458390302449438
7.182745695232745,125.63588582800284,4.962704098360656,17865734.754098363,100.20495238510432,47.74613534170096,0.1637916328166219,0.0,0.992114701314478,0.0030332228383584,17417550.447480686,17417550.447480686,10.0,0.7530496454949649
7.352591760530935,125.34094448524466,4.962704098360656,17865734.754098363,218.5527506353673,46.2316659354418,0.1541279152655257,0.0,0.992114701314478,0.0062253102455774,17412370.965045493,17412370.965045493,10.0,0.7438120207546088
7.378158406285527,125.35274593268868,4.962704098360656,17865734.754098363,28.80866087257971,45.562702572723424,0.1499358562740086,0.0,0.992114701314478,0.0007982740183459,17410124.138625015,17410124.138625015,10.0,0.7438740561504842
7.433126712254197,125.26250341380349,4.962704098360656,17865734.754098363,55.99150850026849,45.61718487957106,0.1502754923477593,0.0,0.992114701314478,0.0015550120067481,17410306.17406521,17410306.17406521,10.051912568306012,0.7396106002205877
7.3377152225455085,125.41893869736192,4.962704098360656,17865734.754098363,197.47863461585575,49.95804069128911,0.1783257834327514,0.0,0.992114701314478,0.0065081518194206,17425340.3458742,17425340.3458742,10.0,0.7462069883592908
7.362362938153201,125.45547074382252,4.962704098360656,17865734.754098363,181.765845776919,57.850001447059945,0.2339311954828872,0.0,0.992114701314478,0.0078582138041914,17455143.292151604,17455143.292151604,10.0,0.7462481242430041
7.050932195277828,125.36898721715475,4.962704098360656,17865734.754098363,41.49012457509043,44.15953206559172,0.1412985822025088,0.0,0.992114701314478,0.001083442735292,17405494.801198218,17405494.801198218,10.0,0.7442755446904594
7.569403716715418,125.4264248656108,4.962704098360656,17865734.754098363,27.1594195595681,46.37355474671445,0.1550231416640348,0.0,0.992114701314478,0.0007781089971772,17412850.78136691,17412850.78136691,10.0,0.7431915319646902
7.395224111545611,125.32684266188885,4.962704098360656,17865734.754098363,33.45791203407133,44.63520468072129,0.1442027588094497,0.0,0.992114701314478,0.0008916528932097,17407051.358666375,17407051.358666375,10.051912568306012,0.7388626325596441
7.422676046342768,125.24149718334348,4.962704098360656,17865734.754098363,162.02311043634774,43.869302740630424,0.1395387445357215,0.0,0.992114701314478,0.0041782574424279,17404551.577409264,17404551.577409264,10.046448087431694,0.7416695264232589
7.249508093507129,125.33194714703924,4.962704098360656,17865734.754098363,290.64670410310447,40.23551212417383,0.1183020874882864,0.0125,0.992114701314478,0.0062750665159551,17370837.154510446,17370837.154510446,10.043715846994536,0.7375472390435719
7.029509015425564,125.3939673696527,4.962704098360656,17865734.754098363,191.5258912455848,30.589784752902275,0.069583614918845,0.0,0.992114701314478,0.0024629630574937,17367057.583696555,17367057.583696555,10.0,0.744238059023528
7.183645375945408,125.38333403382134,4.962704098360656,17865734.754098363,513.6116033893229,30.077977999491825,0.0673279422347474,0.0,0.992114701314478,0.0063907758707022,17365848.60620057,17365848.60620057,10.0,0.7448605272596027
7.550206574208316,125.44301363183816,4.962704098360656,17865734.754098363,17.414719677638455,45.02265454940715,0.1465864308053877,0.0,0.992114701314478,0.000471773646644,17408328.940214984,17408328.940214984,10.0,0.7431494877803316
7.026068139818537,125.43895626078498,4.962704098360656,17865734.754098363,169.56543518775092,43.85729961805577,0.139466161129422,0.0,0.992114701314478,0.0043704846041292,17404512.67473273,17404512.67473273,10.0,0.7487682693641153
7.220926784339503,125.3279739809413,4.962704098360656,17865734.754098363,299.9972938276951,43.67373670338749,0.1383581213423301,0.0,0.992114701314478,0.0076708839496767,17403918.796384733,17403918.796384733,10.040983606557377,0.7374965012308479
