lat,lon,rooftop_area_sq_m,SEI_norm,GHI_mean_2024,predicted_GHI_kWh,annual_H_kWh_m2,ada_solar_kWh_yr,ada_solar_kWh_mo
7.248773334197735,125.27903570570392,359.0068693872487,0.0066737312555985,4.962704098360656,4.9627040983604545,1811.3869959015658,97388.98410719377,8115.7486755994805
7.558221686545727,125.3954277223372,20.60223821544115,0.0007272460230216,4.962704098360656,4.9627040983604545,1811.3869959015658,5588.8374881538775,465.73645734615644
7.490662726623403,125.52639135686697,51.31255970270988,0.0017006085842749,4.962704098360656,4.9627040983604545,1811.3869959015658,13919.728248977453,1159.9773540814545
7.103820406023459,125.43025461395166,113.87990838826556,0.002264824527888,4.962704098360656,4.9627040983604545,1811.3869959015658,30892.580431909133,2574.3817026590946
6.997664387634351,125.48357229485627,596.3671614331256,0.0055775297920002,5.225479234972678,5.225479234972666,1907.2999207650232,170344.66771269977,14195.388976058313
7.186504202839463,125.58117279955552,47.656425422815474,0.0011926052126587,4.962704098360656,4.9627040983604545,1811.3869959015658,12927.91657727842,1077.3263814398683
7.082643948792924,125.59090669331697,137.70698187241902,0.0027440110688323,4.962704098360656,4.9627040983604545,1811.3869959015658,37356.22967859282,3113.019139882735
6.9846639385362606,125.44143261351788,32.61622265509294,0.0016000653103266,5.225479234972678,5.225479234972666,1907.2999207650232,9316.407692324397,776.3673076936998
7.399907576157733,125.29158971069036,75.21923680334058,0.0019940539549058,4.962704098360656,4.9627040983604545,1811.3869959015658,20404.97183270881,1700.4143193924008
7.196854508822866,125.37385872374392,41.53370271044872,0.0009563471840068,4.962704098360656,4.9627040983604545,1811.3869959015658,11266.985281046742,938.9154400872285
7.079287320160814,125.44279219402182,518.345358098301,0.0192919104111865,4.962704098360656,4.9627040983604545,1811.3869959015658,140613.26438692957,11717.772032244131
7.265220151509025,125.27990276577052,245.1014509897109,0.0046835111354882,4.962704098360656,4.9627040983604545,1811.3869959015658,66489.48349046525,5540.790290872104
7.391310354866042,125.32641836838724,33.457912034176864,0.0008916528932125,4.962704098360656,4.9627040983604545,1811.3869959015658,9076.238760884478,756.3532300737065
7.497104383111493,125.42725120945578,37.28312676679267,0.0010967076645023,4.962704098360656,4.9627040983604545,1811.3869959015658,10113.917447749616,842.8264539791347
7.159118166085504,125.55344092355652,160.15790141908525,0.0038014402603671,4.962704098360656,4.9627040983604545,1811.3869959015658,43446.565082631256,3620.5470902192715
7.143503109561855,125.40342766053098,188.9363418191072,0.0026994344154253,4.962704098360656,4.9627040983604545,1811.3869959015658,51253.38805382177,4271.115671151814
7.046990719238615,125.5449185816956,323.59515983205256,0.0185849897807369,4.962704098360656,4.9627040983604545,1811.3869959015658,87782.73221300077,7315.227684416731
7.325655051654223,125.43768920734604,107.79388560240994,0.0039542562307061,4.962704098360656,4.9627040983604545,1811.3869959015658,29241.604846457663,2436.800403871472
7.262226399300142,125.53815976464182,19.918625957029214,0.0005780759724677,4.962704098360656,4.9627040983604545,1811.3869959015658,5403.391723610166,450.2826436341805
7.453140947295389,125.48868069323504,36.67297216199619,0.000994205546197,4.962704098360656,4.9627040983604545,1811.3869959015658,9948.398784524934,829.0332320437445
7.3158061874708435,125.52200452959624,41.83499082248923,0.0012612282841842,4.962704098360656,4.9627040983604545,1811.3869959015658,11348.716706423867,945.7263922019889
7.153650911684933,125.48578919639068,102.67735595748684,0.0023521507462835,4.962704098360656,4.9627040983604545,1811.3869959015658,27853.626880676988,2321.135573389749
7.221583493063817,125.32050742408748,299.9972938276951,0.0076708839496766,4.962704098360656,4.9627040983604545,1811.3869959015658,81381.26083952936,6781.771736627447
7.108173117168197,125.62688626210678,160.35495915222089,0.0050442690263652,4.962704098360656,4.9627040983604545,1811.3869959015658,43500.021587442156,3625.001798953513
7.38618027587731,125.35840037084992,67.5218791562901,0.001735200963627,4.962704098360656,4.9627040983604545,1811.3869959015658,18316.884095458925,1526.4070079549103
7.465417669433643,125.48474605714004,36.67297216199619,0.000994205546197,4.962704098360656,4.9627040983604545,1811.3869959015658,9948.398784524934,829.0332320437445
7.220192224917745,125.5361984682935,65.76990107201334,0.0016180662708957,4.962704098360656,4.9627040983604545,1811.3869959015658,17841.619190090954,1486.8015991742461
7.064672687297201,125.60799823013475,147.24808239261617,0.0047334721240266,4.962704098360656,4.9627040983604545,1811.3869959015658,39944.475659825905,3328.706304985492
7.281680519504176,125.2949384322768,21.970984537465007,0.0005418021225058,4.962704098360656,4.9627040983604545,1811.3869959015658,5960.141842384977,496.67848686541475
7.408528483420609,125.29064135001028,75.21923680334058,0.0019940539549058,4.962704098360656,4.9627040983604545,1811.3869959015658,20404.97183270881,1700.4143193924008
7.2037151064390255,125.43156972054037,40.12640376002892,0.0012319975598628,4.962704098360656,4.9627040983604545,1811.3869959015658,10885.222627450643,907.101885620887
7.365631377053318,125.36219802158432,97.92496444384426,0.0026986321395664,4.962704098360656,4.9627040983604545,1811.3869959015658,26564.429873435154,2213.7024894529295
7.013145711484006,125.39111829637169,64.36054177089046,0.0014202455264054,4.962704098360656,4.9627040983604545,1811.3869959015658,17459.297618326465,1454.9414681938722
7.133053544382094,125.43310695489576,745.278045225251,0.0141509496121153,4.962704098360656,4.9627040983604545,1811.3869959015658,202174.04704752538,16847.83725396045
7.087661764666154,125.4361835024673,518.345358098301,0.0192919104111865,4.962704098360656,4.9627040983604545,1811.3869959015658,140613.26438692957,11717.772032244131
7.332461638237423,125.36432963123856,81.30777061325696,0.0023047116322638,4.962704098360656,4.9627040983604545,1811.3869959015658,22056.628591985067,1838.0523826654223
7.512652890102147,125.30237275095234,90.52395806752692,0.0022854193721122,4.962704098360656,4.9627040983604545,1811.3869959015658,24556.734328247883,2046.3945273539903
7.363699674171508,125.42482495889944,79.77004861406348,0.0019322676369757,4.962704098360656,4.9627040983604545,1811.3869959015658,21639.485645399283,1803.2904704499404
7.378339849778367,125.49772688772568,36.35739738806345,0.0007341653361801,4.962704098360656,4.9627040983604545,1811.3869959015658,9862.791768994497,821.8993140828748
7.226311660273814,125.25809179908508,31.59146477905393,0.0007891559891741,4.962704098360656,4.9627040983604545,1811.3869959015658,8569.92142390335,714.1601186586125
7.050090344057619,125.37579432910172,41.49012457509043,0.0010834427352919,4.962704098360656,4.9627040983604545,1811.3869959015658,11255.163695740941,937.9303079784117
7.337934388066858,125.26718441148688,69.58041270433492,0.0016482590098712,4.962704098360656,4.9627040983604545,1811.3869959015658,18875.309318176354,1572.942443181363
7.181530879169899,125.49627041714704,126.35360337953982,0.0021260300437356,4.962704098360656,4.9627040983604545,1811.3869959015658,34276.3610412791,2856.363420106592
6.971022736600116,125.50099658791169,330.35538115279536,0.0103218751064929,5.225479234972678,5.225479234972666,1907.2999207650232,94361.79801440256,7863.483167866881
7.009949809088617,125.59299379355376,93.6977182187686,0.0019350231111333,4.962704098360656,4.9627040983604545,1811.3869959015658,25417.690770270492,2118.140897522541
7.274965259432886,125.45099460344996,227.32068153255776,0.0060061551898153,4.962704098360656,4.9627040983604545,1811.3869959015658,61666.03518979084,5138.836265815903
7.129632899226583,125.44467875312148,215.50497010043847,0.0045635244693588,4.962704098360656,4.9627040983604545,1811.3869959015658,58460.74796271941,4871.728996893285
7.294430318088792,125.37661338689108,49.59516889693918,0.001312071810144,4.962704098360656,4.9627040983604545,1811.3869959015658,13453.845949358745,1121.1538291132288
6.970248567780608,125.4280950897498,275.7084437077741,0.00785629476265,5.225479234972678,5.225479234972666,1907.2999207650232,78752.59783943168,6562.716486619306
7.316102880475513,125.28485589968156,15.134142288459191,0.0004875024616092,4.962704098360656,4.9627040983604545,1811.3869959015658,4105.488971067336,342.124080922278
7.392886310269201,125.26966528603036,63.70412972015328,0.0020155016218876,4.962704098360656,4.9627040983604545,1811.3869959015658,17281.230544328344,1440.1025453606953
7.384560290560495,125.35247249769029,36.94326946917393,0.0008701475668533,4.962704098360656,4.9627040983604545,1811.3869959015658,10021.723231485737,835.1436026238115
7.197154992117183,125.48370067596608,330.8228495536404,0.0169692025725424,4.962704098360656,4.9627040983604545,1811.3869959015658,89743.4115744538,7478.617631204484
7.290782724751993,125.35711699337482,97.53500742968475,0.0019866644148867,4.962704098360656,4.9627040983604545,1811.3869959015658,26458.64494090925,2204.887078409104
7.600841286114316,125.4262656942104,13.512882178045585,0.0003509703663441,4.962704098360656,4.9627040983604545,1811.3869959015658,3665.6843639961994,305.4736969996833
7.161432251983169,125.4664378149014,126.12527057364528,0.0028004252673569,4.962704098360656,4.9627040983604545,1811.3869959015658,34214.42044375693,2851.201703646411
7.017573764446071,125.39679924354638,168.1562301261445,0.0008363996927907,4.962704098360656,4.9627040983604545,1811.3869959015658,45616.29823750211,3801.358186458509
7.126699930513393,125.57575418989806,544.9435887028876,0.0133330724213278,4.962704098360656,4.9627040983604545,1811.3869959015658,147828.654616233,12319.054551352749
7.496087443343387,125.2764670990036,129.73503302808535,0.0035587441338497,4.962704098360656,4.9627040983604545,1811.3869959015658,35193.65267657251,2932.8043897143757
7.072659578466829,125.29110762613549,109.35345841366784,0.0031308914511179,4.962704098360656,4.9627040983604545,1811.3869959015658,29664.675335300515,2472.0562779417096
7.524311471103976,125.50505752533208,16.385285429165638,0.0004484718079086,4.962704098360656,4.9627040983604545,1811.3869959015658,4444.89072027078,370.40756002256495
7.157791085834237,125.31180263711992,38.61756338142857,0.0010162562884047,4.962704098360656,4.9627040983604545,1811.3869959015658,10475.914493869224,872.9928744891021
7.049683258466502,125.45774877468148,97.71011264739828,0.0016641978950971,4.962704098360656,4.9627040983604545,1811.3869959015658,26506.14631405594,2208.8455261713284
7.396406135137736,125.28081435202374,60.863461394342,0.0013809255555554,4.962704098360656,4.9627040983604545,1811.3869959015658,16510.63302649135,1375.8860855409457
7.285113674200836,125.27602326161784,12.603752069103884,0.0001516532014817,4.962704098360656,4.9627040983604545,1811.3869959015658,3419.061624207924,284.921802017327
7.478556367452937,125.31340498199772,40.82090922287595,0.0010739480498257,4.962704098360656,4.9627040983604545,1811.3869959015658,11073.62342768884,922.8019523074034
7.214470252731038,125.66245332561284,3086.6743371485272,0.1147502116684067,4.962704098360656,4.9627040983604545,1811.3869959015658,837332.3844129147,69777.69870107622
7.273586225090844,125.361927814855,156.34503663746352,0.0038553249275272,4.962704098360656,4.9627040983604545,1811.3869959015658,42412.23660793097,3534.3530506609145
7.576967564492576,125.53550336731551,12.78623504042829,0.0005578813121591,4.962704098360656,4.9627040983604545,1811.3869959015658,3468.564385045005,289.0470320870838
7.0249989908872505,125.52164808510253,157.65599567508514,0.0074606745939579,4.962704098360656,4.9627040983604545,1811.3869959015658,42767.86481387039,3563.988734489199
7.228459781733058,125.28489930756687,147.36915610097228,0.0041348951143569,4.962704098360656,4.9627040983604545,1811.3869959015658,39977.31972623338,3331.443310519448
7.465979715848068,125.44174943782176,40.587195528924525,0.0010071933441667,4.962704098360656,4.9627040983604545,1811.3869959015658,11010.223138817719,917.5185949014766
7.300989292970573,125.32916715818487,74.57547401262664,0.0021326726255488,4.962704098360656,4.9627040983604545,1811.3869959015658,20230.33616542854,1685.861347119045
7.519879300871323,125.50823874204568,16.385285429165638,0.0004484718079086,4.962704098360656,4.9627040983604545,1811.3869959015658,4444.89072027078,370.40756002256495
7.224209714026545,125.50684374011684,74.86169947199812,0.0020986507437864,4.962704098360656,4.9627040983604545,1811.3869959015658,20307.981495060758,1692.331791255063
7.2328560169594756,125.3970516652598,58.23637211871947,0.0015755738173704,4.962704098360656,4.9627040983604545,1811.3869959015658,15797.973805935308,1316.4978171612756
7.519717994783392,125.53025978450262,16.237048305611825,0.0002782955267836,4.962704098360656,4.9627040983604545,1811.3869959015658,4404.677944134995,367.05649534458297
7.117202389012064,125.43528213399632,161.7000494889122,0.0053565540789965,4.962704098360656,4.9627040983604545,1811.3869959015658,43864.90870407688,3655.409058673073
7.440808864021943,125.33109593728332,30.526032237199,0.0008660448759024,4.962704098360656,4.9627040983604545,1811.3869959015658,8280.898004760713,690.0748337300594
7.024596687807385,125.60922043870312,22.98765503856812,0.0006802228246805,4.962704098360656,4.9627040983604545,1811.3869959015658,6235.937421013258,519.6614517511049
7.491898610892649,125.2876971387306,129.73503302808535,0.0035587441338497,4.962704098360656,4.9627040983604545,1811.3869959015658,35193.65267657251,2932.8043897143757
7.0496666488687065,125.3664293544172,37.64164548447054,0.000933481272049,4.962704098360656,4.9627040983604545,1811.3869959015658,10211.174009323646,850.9311674436372
7.0559945497864565,125.35414453481748,36.99745728818641,0.0010034805693411,4.962704098360656,4.9627040983604545,1811.3869959015658,10036.422940863493,836.368578405291
7.211905864759913,125.54406442076792,205.5880759185769,0.00427021919021,4.962704098360656,4.9627040983604545,1811.3869959015658,55770.55918856459,4647.546599047049
7.28394202250772,125.37010139327684,49.59516889693918,0.001312071810144,4.962704098360656,4.9627040983604545,1811.3869959015658,13453.845949358745,1121.1538291132288
7.118207953875664,125.33113550836936,121.06535230974556,0.0045373510023701,4.962704098360656,4.9627040983604545,1811.3869959015658,32841.79963505846,2736.8166362548714
7.22660723641671,125.4915566507342,516.8187276621609,0.0071729906968011,4.962704098360656,4.9627040983604545,1811.3869959015658,140199.1302854385,11683.260857119874
7.198903578601364,125.24121449412716,26.520992778625683,0.0010748259005004,4.962704098360656,4.9627040983604545,1811.3869959015658,7194.437668095261,599.5364723412717
7.022254171877378,125.46878527121206,155.70995792561104,0.0045941882062356,4.962704098360656,4.9627040983604545,1811.3869959015658,42239.95669952425,3519.996391627021
6.989963312654428,125.61732082269752,93.6977182187686,0.0019350231111333,5.225479234972678,5.225479234972666,1907.2999207650232,26763.557264049836,2230.2964386708195
7.020592040693964,125.66114848000154,69.88507999441514,0.0021160258230415,4.962704098360656,4.9627040983604545,1811.3869959015658,18957.95742438738,1579.829785365615
7.043612702115508,125.59120062124693,138.0045421636097,0.0035301358376606,4.962704098360656,4.9627040983604545,1811.3869959015658,37436.949845644674,3119.7458204703894
7.290240803176632,125.47469161660378,111.59096461573871,0.0016298848461594,4.962704098360656,4.9627040983604545,1811.3869959015658,30271.651063439516,2522.63758861996
7.256836901939508,125.62888575849432,36141.5904138944,0.8854017914499345,4.962704098360656,4.9627040983604545,1811.3869959015658,9804249.095386488,817020.757948874
7.371659959852268,125.40228194654452,29.391433718371,0.0005063406157912,4.962704098360656,4.9627040983604545,1811.3869959015658,7973.111701655199,664.4259751379333
7.047001065391638,125.34538854658535,37.64164548447054,0.000933481272049,4.962704098360656,4.9627040983604545,1811.3869959015658,10211.174009323646,850.9311674436372
7.227014488676151,125.44678318752725,58.72457276739826,0.0013456273978038,4.962704098360656,4.9627040983604545,1811.3869959015658,15930.409615022887,1327.5341345852405
7.194939601915368,125.3291332016455,320.7440734088234,0.0043956536445001,4.962704098360656,4.9627040983604545,1811.3869959015658,87009.30854332555,7250.775711943796
7.168945676962029,125.39331479827857,109.94008691454457,0.0028422620467397,4.962704098360656,4.9627040983604545,1811.3869959015658,29823.811994290416,2485.317666190868
7.401657811037658,125.39958398335082,75.94976107977344,0.0033305286645456,4.962704098360656,4.9627040983604545,1811.3869959015658,20603.14357596506,1716.9286313304217
7.268601563930007,125.65707480940576,20.782503075851725,0.0005696247443123,4.962704098360656,4.9627040983604545,1811.3869959015658,5637.738534686985,469.81154455724874
7.30401973314737,125.37507492198714,23.72513945959012,0.0004829190094689,4.962704098360656,4.9627040983604545,1811.3869959015658,6435.997265775565,536.3331054812971
7.143391062929784,125.52114091399906,5.64402088630772,5.227039005496285e-05,4.962704098360656,4.9627040983604545,1811.3869959015658,1531.072264259062,127.58935535492184
7.087688545942354,125.5700486243876,136.46447265746912,0.0032864716012248,4.962704098360656,4.9627040983604545,1811.3869959015658,37019.17008306382,3084.9308402553183
7.355301133694104,125.28094893781665,152.45941267703455,0.0039820379932422,4.962704098360656,4.9627040983604545,1811.3869959015658,41358.17050948938,3446.5142091241146
7.427623178389755,125.26320024908088,55.99150850026849,0.0015550120067481,4.962704098360656,4.9627040983604545,1811.3869959015658,15189.002207053958,1265.7501839211632
7.017952166465433,125.500593915596,215.29681161334983,0.006457459187312,4.962704098360656,4.9627040983604545,1811.3869959015658,58404.28011956795,4867.023343297329
7.067477841865201,125.51310664852925,76.01915307173482,0.0024559988392832,4.962704098360656,4.9627040983604545,1811.3869959015658,20621.96777176339,1718.4973143136158
7.3280515747573185,125.48854376914365,27.19856689615005,0.0009235187443353,4.962704098360656,4.9627040983604545,1811.3869959015658,7378.245446134869,614.8537871779057
7.295703096054449,125.44107969773415,219.1900597179561,0.0078794056393475,4.962704098360656,4.9627040983604545,1811.3869959015658,59460.41444488604,4955.034537073837
7.345696185996057,125.4536299633577,212.1386902533137,0.0020406085747399,4.962704098360656,4.9627040983604545,1811.3869959015658,57547.56606430181,4795.630505358485
7.228131080043108,125.53310491037732,44.19467523902272,0.001029210720398,4.962704098360656,4.9627040983604545,1811.3869959015658,11988.83612400495,999.0696770004125
7.539774504811261,125.37760556962483,25.99833176436132,0.0008135076350871,4.962704098360656,4.9627040983604545,1811.3869959015658,7052.653681347264,587.721140112272
7.131944950216678,125.58330434781224,264.8470933596571,0.0095154188218912,4.962704098360656,4.9627040983604545,1811.3869959015658,71845.94938270625,5987.1624485588545
7.160464974433,125.39225946578432,264.3660497686353,0.00247095620857,4.962704098360656,4.9627040983604545,1811.3869959015658,71715.45509238572,5976.287924365476
7.240665287470926,125.66656107814092,54.05054681234236,0.0014382824491785,4.962704098360656,4.9627040983604545,1811.3869959015658,14662.471092758731,1221.8725910632277
7.430202080291199,125.40143320697162,48.59890258313088,0.0015324012820986,4.962704098360656,4.9627040983604545,1811.3869959015658,13183.585482288543,1098.6321235240453
7.564311538052472,125.48280890127864,4.3802429974409405,0.0001189814405021,4.962704098360656,4.9627040983604545,1811.3869959015658,1188.2430450189436,99.02025375157864
7.5087030246235695,125.27441470998188,93.1395190719976,0.001944669001499,4.962704098360656,4.9627040983604545,1811.3869959015658,25266.266236454976,2105.522186371248
7.035408108076139,125.52313426373952,155.69711791889185,0.0038994333145402,4.962704098360656,4.9627040983604545,1811.3869959015658,42236.47354831757,3519.706129026464
7.401887127059568,125.49972204860444,71.17008894187332,0.001930109274642,4.962704098360656,4.9627040983604545,1811.3869959015658,19306.546063304522,1608.87883860871
7.148070285726822,125.61345568652858,105.94625261414882,0.0029106112846796,4.962704098360656,4.9627040983604545,1811.3869959015658,28740.39131804577,2395.0326098371474
7.243530012611508,125.43751286054598,198.56259974943785,0.0061242787196562,4.962704098360656,4.9627040983604545,1811.3869959015658,53864.73496812684,4488.72791401057
7.028046195545021,125.59230259449863,38.27753850905734,0.0009029098681142,4.962704098360656,4.9627040983604545,1811.3869959015658,10383.674819046479,865.3062349205399
7.499844578871445,125.35375526817984,166.89018722077623,0.0031457297320727,4.962704098360656,4.9627040983604545,1811.3869959015658,45272.854579723695,3772.7378816436412
7.37852070314425,125.53685609708006,154.87785896198727,0.0031693650337815,4.962704098360656,4.9627040983604545,1811.3869959015658,42014.23045400065,3501.185871166721
7.460785959016997,125.28618573458242,290.222593503994,0.0036616185173836,4.962704098360656,4.9627040983604545,1811.3869959015658,78729.64546486456,6560.803788738714
6.9797004289828,125.53234030630716,133.83919514728333,0.0038133544894408,5.225479234972678,5.225479234972666,1907.2999207650232,38229.45778823828,3185.7881490198565
7.476839701069846,125.50819526942028,59.3352532284802,0.0019042241904813,4.962704098360656,4.9627040983604545,1811.3869959015658,16096.070929026135,1341.3392440855112
7.507972348643994,125.33200260529966,166.89018722077623,0.0031457297320727,4.962704098360656,4.9627040983604545,1811.3869959015658,45272.854579723695,3772.7378816436412
7.476503244193131,125.24504067585416,272.1121025869706,0.0060234764668965,4.962704098360656,4.9627040983604545,1811.3869959015658,73816.75253024788,6151.396044187323
7.283945110092818,125.27750579641182,12.603752069103884,0.0001516532014817,4.962704098360656,4.9627040983604545,1811.3869959015658,3419.061624207924,284.921802017327
7.057033623045751,125.62579661816046,69.88507999441514,0.0021160258230415,4.962704098360656,4.9627040983604545,1811.3869959015658,18957.95742438738,1579.829785365615
7.081606421717034,125.56991813878273,75.96805968283698,0.0027661356535289,4.962704098360656,4.9627040983604545,1811.3869959015658,20608.107498705536,1717.3422915587946
7.417352645850188,125.34744864695304,29.79329351723079,0.0008531444080999,4.962704098360656,4.9627040983604545,1811.3869959015658,8082.125542062416,673.5104618385346
7.068670830928869,125.55790754852214,205.61730319014032,0.006068174722797,4.962704098360656,4.9627040983604545,1811.3869959015658,55778.48776745403,4648.207313954503
7.050484034885418,125.49212282051172,654.0001483763199,0.0165837384108306,4.962704098360656,4.9627040983604545,1811.3869959015658,177412.7892456033,14784.399103800273
7.15195714300223,125.67130769838516,128.56768117919898,0.003777891407586,4.962704098360656,4.9627040983604545,1811.3869959015658,34876.98126899544,2906.41510574962
7.410773167122727,125.49481054394262,40.99701376550839,0.001735970842326,4.962704098360656,4.9627040983604545,1811.3869959015658,11121.395891020555,926.7829909183796
7.567205061205977,125.52896587941522,7.887337573146314,0.0001321521532973,4.962704098360656,4.9627040983604545,1811.3869959015658,2139.6242218715092,178.30201848929244
7.28642765775714,125.28878379581924,21.970984537465007,0.0005418021225058,4.962704098360656,4.9627040983604545,1811.3869959015658,5960.141842384977,496.67848686541475
7.264222262222856,125.4113679634818,135.00635633121303,0.0036303164620245,4.962704098360656,4.9627040983604545,1811.3869959015658,36623.62203138847,3051.968502615706
7.154141026740756,125.350957799138,43.24198674267351,0.0011809492922472,4.962704098360656,4.9627040983604545,1811.3869959015658,11730.397156002979,977.5330963335815
7.353097618050505,125.42281550824929,15.9764019739974,0.0004316112831595,4.962704098360656,4.9627040983604545,1811.3869959015658,4333.971549322771,361.16429577689763
7.22371559299091,125.52196174782368,52.82492024665848,0.0020398600026297,4.962704098360656,4.9627040983604545,1811.3869959015658,14329.991309487536,1194.1659424572947
7.097577774174477,125.41364546036148,179.14657055271715,0.0016786337509614,4.962704098360656,4.9627040983604545,1811.3869959015658,48597.68433455084,4049.8070278792366
7.16215449844937,125.49974518867197,2763.6650927347528,0.2137008523788443,4.962704098360656,4.9627040983604545,1811.3869959015658,749708.5954186223,62475.71628488519
7.227995799803603,125.23488648306304,17.580052938865563,0.000486361873664,4.962704098360656,4.9627040983604545,1811.3869959015658,4768.9992650809545,397.4166054234129
7.102751285377424,125.44498726889168,111.93800138108809,0.0029718942272361,4.962704098360656,4.9627040983604545,1811.3869959015658,30365.792877725435,2530.482739810453
7.323726243901739,125.4921442986244,88.39126889263116,0.0021399350978635,4.962704098360656,4.9627040983604545,1811.3869959015658,23978.192662696998,1998.1827218914166
7.161617448462715,125.53050055974684,44.72509710242939,0.0010855011693733,4.962704098360656,4.9627040983604545,1811.3869959015658,12132.725422038684,1011.060451836557
7.36285757922336,125.42450130181194,79.77004861406348,0.0019322676369757,4.962704098360656,4.9627040983604545,1811.3869959015658,21639.485645399283,1803.2904704499404
7.28927706329041,125.39056422317996,54.652942944964295,0.0013996254475718,4.962704098360656,4.9627040983604545,1811.3869959015658,14825.885089505598,1235.4904241254665
7.475792960866739,125.46711729368984,36.36744261645025,0.0012179079123288,4.962704098360656,4.9627040983604545,1811.3869959015658,9865.516771414048,822.1263976178374
7.500160135676268,125.36840340644218,166.89018722077623,0.0031457297320727,4.962704098360656,4.9627040983604545,1811.3869959015658,45272.854579723695,3772.7378816436412
7.031468409177618,125.4545836196097,113.77998589030638,0.002546527831853,4.962704098360656,4.9627040983604545,1811.3869959015658,30865.474124494158,2572.1228437078466
7.06858417558367,125.37784166933665,19.43185672893101,0.0005236894219914,4.962704098360656,4.9627040983604545,1811.3869959015658,5271.3442207307935,439.2786850608995
7.438651131071318,125.36813611350112,206.4786654020648,0.004351716451699,4.962704098360656,4.9627040983604545,1811.3869959015658,56012.15235139591,4667.679362616326
7.198024973438531,125.62839458782162,34.456832860585216,0.0009587989960701,4.962704098360656,4.9627040983604545,1811.3869959015658,9347.219326391405,778.9349438659505
7.34650619580672,125.29126521506043,43.98844146938451,0.0011998915087905,4.962704098360656,4.9627040983604545,1811.3869959015658,11932.890405339613,994.4075337783011
7.193255587722464,125.27498734500692,95.89604120293568,0.0017573702376873,4.962704098360656,4.9627040983604545,1811.3869959015658,26014.037136937342,2167.836428078112
7.158205414748823,125.5878954589454,71.52753737324116,0.0019611717797562,4.962704098360656,4.9627040983604545,1811.3869959015658,19403.512284761622,1616.9593570634686
7.414430600138477,125.54739790797618,38.37440211352482,0.0010779696664492,4.962704098360656,4.9627040983604545,1811.3869959015658,10409.95133027912,867.4959441899267
7.372520895075606,125.40360190782056,29.391433718371,0.0005063406157912,4.962704098360656,4.9627040983604545,1811.3869959015658,7973.111701655199,664.4259751379333
7.062579976350712,125.46942571031502,203.3138424156374,0.0044940995149602,4.962704098360656,4.9627040983604545,1811.3869959015658,55153.62032371264,4596.135026976053
7.499459837164073,125.29716143201009,90.52395806752692,0.0022854193721122,4.962704098360656,4.9627040983604545,1811.3869959015658,24556.734328247883,2046.3945273539903
7.247383012913898,125.28550182798772,359.0068693872487,0.0066737312555985,4.962704098360656,4.9627040983604545,1811.3869959015658,97388.98410719377,8115.7486755994805
7.008208457882808,125.40587091669232,168.1562301261445,0.0008363996927907,4.962704098360656,4.9627040983604545,1811.3869959015658,45616.29823750211,3801.358186458509
7.054084498223392,125.44268242402237,60.31155867113874,0.0017163895903094,4.962704098360656,4.9627040983604545,1811.3869959015658,16360.916544379186,1363.409712031599
7.274634327442655,125.35766445576124,156.34503663746352,0.0038553249275272,4.962704098360656,4.9627040983604545,1811.3869959015658,42412.23660793097,3534.3530506609145
7.276643123659972,125.49885261244631,7.13023040142218,0.0002724075717634,4.962704098360656,4.9627040983604545,1811.3869959015658,1934.2412484472604,161.18677070393838
7.391563212485131,125.52892554240212,27.011636452864423,0.0007128096102155,4.962704098360656,4.9627040983604545,1811.3869959015658,7327.536204828801,610.6280170690667
6.993956057423089,125.5834822188986,93.6977182187686,0.0019350231111333,5.225479234972678,5.225479234972666,1907.2999207650232,26763.557264049836,2230.2964386708195
7.306678251365253,125.3934183612738,39.98330632701681,0.0011061111952605,4.962704098360656,4.9627040983604545,1811.3869959015658,10846.40411221392,903.86700935116
7.504769917769046,125.37991664168496,166.89018722077623,0.0031457297320727,4.962704098360656,4.9627040983604545,1811.3869959015658,45272.854579723695,3772.7378816436412
7.455498114659658,125.44903503329247,40.587195528924525,0.0010071933441667,4.962704098360656,4.9627040983604545,1811.3869959015658,11010.223138817719,917.5185949014766
7.177452133540763,125.62538569437896,198.02736881099295,0.0049725490862404,4.962704098360656,4.9627040983604545,1811.3869959015658,53719.54109635815,4476.628424696512
7.30140596908323,125.4568259104724,364.5650717092,0.0028843011640726,4.962704098360656,4.9627040983604545,1811.3869959015658,98896.77608488206,8241.398007073505
7.215103151078965,125.26794062369508,147.36915610097228,0.0041348951143569,4.962704098360656,4.9627040983604545,1811.3869959015658,39977.31972623338,3331.443310519448
7.17632500085852,125.30272468295256,31.336103192170786,0.0008628706317332,4.962704098360656,4.9627040983604545,1811.3869959015658,8500.648639321269,708.3873866101058
7.24735814358061,125.66240436180362,74.6354514099468,0.0010564687845062,4.962704098360656,4.9627040983604545,1811.3869959015658,20246.606432914992,1687.217202742916
7.344971087543998,125.3650866588172,81.30777061325696,0.0023047116322638,4.962704098360656,4.9627040983604545,1811.3869959015658,22056.628591985067,1838.0523826654223
7.4508243385530895,125.44660506300596,40.587195528924525,0.0010071933441667,4.962704098360656,4.9627040983604545,1811.3869959015658,11010.223138817719,917.5185949014766
7.030329913206973,125.63331215011388,82.57187653851352,0.0029067485737103,4.962704098360656,4.9627040983604545,1811.3869959015658,22399.546798744577,1866.6288998953814
7.38110435579191,125.48286201108556,31.25544713635405,0.0008450439951177,4.962704098360656,4.9627040983604545,1811.3869959015658,8478.768803563553,706.5640669636294
7.432844452005761,125.3558270582838,206.4786654020648,0.004351716451699,4.962704098360656,4.9627040983604545,1811.3869959015658,56012.15235139591,4667.679362616326
7.181286022771034,125.57728600475424,107.96452712238744,0.0010706140463193,4.962704098360656,4.9627040983604545,1811.3869959015658,29287.89533751562,2440.6579447929685
7.223563009282027,125.68660343016457,61.67460371868274,0.0016584268934523,4.962704098360656,4.9627040983604545,1811.3869959015658,16730.67429497382,1394.222857914485
7.011306967631191,125.59824396424573,93.6977182187686,0.0019350231111333,4.962704098360656,4.9627040983604545,1811.3869959015658,25417.690770270492,2118.140897522541
7.477215145287271,125.48399286929018,36.67297216199619,0.000994205546197,4.962704098360656,4.9627040983604545,1811.3869959015658,9948.398784524934,829.0332320437445
7.198311289486096,125.23532334949545,26.520992778625683,0.0010748259005004,4.962704098360656,4.9627040983604545,1811.3869959015658,7194.437668095261,599.5364723412717
7.419531026170397,125.54147030024244,36.14054818887185,0.0006784136660106,4.962704098360656,4.9627040983604545,1811.3869959015658,9803.966367548075,816.9971972956729
7.513634425317003,125.51585576466542,98.35921390821836,0.0030714127232443,4.962704098360656,4.9627040983604545,1811.3869959015658,26682.23016582697,2223.519180485581
6.975442130183508,125.54242076222492,133.83919514728333,0.0038133544894408,5.225479234972678,5.225479234972666,1907.2999207650232,38229.45778823828,3185.7881490198565
7.538000057479212,125.41008318865596,27.15941956024919,0.0007781089972311,4.962704098360656,4.9627040983604545,1811.3869959015658,7367.62581849266,613.9688182077217
7.110588841602739,125.539699214998,64.04096066877904,0.0016339142255533,4.962704098360656,4.9627040983604545,1811.3869959015658,17372.603792863985,1447.7169827386654
7.182285448553473,125.62658797644616,198.02736881099295,0.0049725490862404,4.962704098360656,4.9627040983604545,1811.3869959015658,53719.54109635815,4476.628424696512
7.150398802351519,125.6268582523079,71.02411008778324,0.0018254139724427,4.962704098360656,4.9627040983604545,1811.3869959015658,19266.94589541573,1605.5788246179775
7.21405573604993,125.50071110909217,269.3098167267639,0.0099494232189463,4.962704098360656,4.9627040983604545,1811.3869959015658,73056.56715115113,6088.047262595927
7.532103573433121,125.34939885392224,13.27532351493249,0.0004605052101265,4.962704098360656,4.9627040983604545,1811.3869959015658,3601.2410375887266,300.10341979906053
7.011301978124769,125.30756248008302,41.97783797054488,0.0012318626912616,4.962704098360656,4.9627040983604545,1811.3869959015658,11387.467326030379,948.9556105025316
7.422376823373344,125.38158108035115,48.59890258313088,0.0015324012820986,4.962704098360656,4.9627040983604545,1811.3869959015658,13183.585482288543,1098.6321235240453
7.221202386766248,125.3597280538115,2007.8968449563536,0.0525477776633521,4.962704098360656,4.9627040983604545,1811.3869959015658,544688.8363336825,45390.73636114021
7.329637479993828,125.28321191331408,69.58041270433492,0.0016482590098712,4.962704098360656,4.9627040983604545,1811.3869959015658,18875.309318176354,1572.942443181363
7.211086502567238,125.50305760677308,269.3098167267639,0.0099494232189463,4.962704098360656,4.9627040983604545,1811.3869959015658,73056.56715115113,6088.047262595927
7.278998919255716,125.65657158214998,102.44314763482984,0.0027629803565464,4.962704098360656,4.9627040983604545,1811.3869959015658,27790.092412236467,2315.841034353039
7.193553813252285,125.28203479410554,95.89604120293568,0.0017573702376873,4.962704098360656,4.9627040983604545,1811.3869959015658,26014.037136937342,2167.836428078112
7.179207093869679,125.52191913396751,147.58004874848507,0.0047315221641975,4.962704098360656,4.9627040983604545,1811.3869959015658,40034.52927415095,3336.2107728459123
7.579296984054253,125.4192082065302,27.97035233948124,0.0005015380328872,4.962704098360656,4.9627040983604545,1811.3869959015658,7587.610242978545,632.3008535815454
7.538884737633197,125.35405858660174,13.27532351493249,0.0004605052101265,4.962704098360656,4.9627040983604545,1811.3869959015658,3601.2410375887266,300.10341979906053
7.167547229862764,125.33034524148904,320.7440734088234,0.0043956536445001,4.962704098360656,4.9627040983604545,1811.3869959015658,87009.30854332555,7250.775711943796
7.1506843858503535,125.53098311289506,30.861825016108693,0.0004695717507266,4.962704098360656,4.9627040983604545,1811.3869959015658,8371.989625554386,697.6658021295322
7.165695665590914,125.3333547200491,27.684261208840432,0.0007860074475366,4.962704098360656,4.9627040983604545,1811.3869959015658,7510.0013531465975,625.8334460955498
7.524150584957374,125.29214224719416,93.1395190719976,0.001944669001499,4.962704098360656,4.9627040983604545,1811.3869959015658,25266.266236454976,2105.522186371248
7.320944395228092,125.3534380089794,18.515486281068863,0.0005108238059179,4.962704098360656,4.9627040983604545,1811.3869959015658,5022.757370190941,418.56311418257843
7.265578970418193,125.427843201744,227.32068153255776,0.0060061551898153,4.962704098360656,4.9627040983604545,1811.3869959015658,61666.03518979084,5138.836265815903
7.076499295166122,125.5953220756712,168.7550391384898,0.0055396588571123,4.962704098360656,4.9627040983604545,1811.3869959015658,45778.73914423484,3814.8949286862367
7.022398544853258,125.4872105331103,709.1074268712052,0.0025831464273598,4.962704098360656,4.9627040983604545,1811.3869959015658,192361.92344654264,16030.160287211887
7.57678968956478,125.5307351189132,12.78623504042829,0.0005578813121591,4.962704098360656,4.9627040983604545,1811.3869959015658,3468.564385045005,289.0470320870838
7.237461833698763,125.46349962859529,95.12410277889737,0.0031778966003624,4.962704098360656,4.9627040983604545,1811.3869959015658,25804.63084050988,2150.385903375823
6.998777241045568,125.33560623743764,41.97783797054488,0.0012318626912616,5.225479234972678,5.225479234972666,1907.2999207650232,11990.433616777662,999.2028013981385
7.29145223311814,125.4358677095035,309.8529190324687,0.002379532456963,4.962704098360656,4.9627040983604545,1811.3869959015658,84054.82897507059,7004.569081255882
6.98931282940107,125.367501397722,41.97783797054488,0.0012318626912616,5.225479234972678,5.225479234972666,1907.2999207650232,11990.433616777662,999.2028013981385
7.205977707223523,125.2711159044532,283.14378232074347,0.0056272739246538,4.962704098360656,4.9627040983604545,1811.3869959015658,76809.35287826289,6400.779406521907
7.409742784177508,125.2466216902847,34.022922963141454,0.0009965316724591,4.962704098360656,4.9627040983604545,1811.3869959015658,9229.51114944696,769.12592912058
7.152430648558221,125.3168796485646,38.61756338142857,0.0010162562884047,4.962704098360656,4.9627040983604545,1811.3869959015658,10475.914493869224,872.9928744891021
7.226832776870479,125.40661576863648,37.42410011916514,0.000519546665552,4.962704098360656,4.9627040983604545,1811.3869959015658,10152.159756586694,846.0133130488912
7.27418251824558,125.46131038344951,269.653502765591,0.008338010236714,4.962704098360656,4.9627040983604545,1811.3869959015658,73149.80000274064,6095.8166668950535
7.236392960452918,125.37734485904669,124.69093678573394,0.0032923165526523,4.962704098360656,4.9627040983604545,1811.3869959015658,33825.32396013328,2818.7769966777737
7.165694427352714,125.34245588625846,27.684261208840432,0.0007860074475366,4.962704098360656,4.9627040983604545,1811.3869959015658,7510.0013531465975,625.8334460955498
7.267921431142583,125.33388745827124,1490.0147818183038,0.1089115092625069,4.962704098360656,4.9627040983604545,1811.3869959015658,404201.2515071408,33683.43762559507
7.104479184330893,125.54528444815324,67.08354060419705,0.0024527039854399,4.962704098360656,4.9627040983604545,1811.3869959015658,18197.97454268011,1516.4978785566757
7.560572940547416,125.3762137556553,37.6958936029642,0.001170374332108,4.962704098360656,4.9627040983604545,1811.3869959015658,10225.890076341644,852.1575063618037
7.053942263779754,125.55885704448912,120.05804632405284,0.0029643363109648,4.962704098360656,4.9627040983604545,1811.3869959015658,32568.544399583025,2714.0453666319186
7.359048940249941,125.27065025815357,507.5370546192472,0.0094401453687909,4.962704098360656,4.9627040983604545,1811.3869959015658,137681.26005636094,11473.438338030079
7.325960911330576,125.33348270056464,9.831483517251623,0.000312497333837,4.962704098360656,4.9627040983604545,1811.3869959015658,2667.01913990107,222.25159499175584
7.507989556240391,125.50065122204356,16.385285429165638,0.0004484718079086,4.962704098360656,4.9627040983604545,1811.3869959015658,4444.89072027078,370.40756002256495
7.061925313501049,125.51452309973618,13.649618791786652,0.0003702842942946,4.962704098360656,4.9627040983604545,1811.3869959015658,3702.7773586935687,308.56477989113074
7.348184751770993,125.43555097426906,66.98530784666394,0.0019304330057954,4.962704098360656,4.9627040983604545,1811.3869959015658,18171.326616754548,1514.277218062879
7.163036768075218,125.60758527383776,561.7332947093377,0.0026910505630796,4.962704098360656,4.9627040983604545,1811.3869959015658,152383.25384776705,12698.60448731392
7.225154550315815,125.32135681068377,59.55014023364787,0.0013789967572574,4.962704098360656,4.9627040983604545,1811.3869959015658,16154.364039592056,1346.197003299338
7.006947685843232,125.36993091256628,64.36054177089046,0.0014202455264054,4.962704098360656,4.9627040983604545,1811.3869959015658,17459.297618326465,1454.9414681938722
7.181276794837615,125.23190092734326,26.520992778625683,0.0010748259005004,4.962704098360656,4.9627040983604545,1811.3869959015658,7194.437668095261,599.5364723412717
7.162227420661248,125.57181702593788,185.7036005183087,0.005038206138248,4.962704098360656,4.9627040983604545,1811.3869959015658,50376.43159974752,4198.035966645627
7.068551365892971,125.55000233018453,344.4654883886991,0.0102732486786848,4.962704098360656,4.9627040983604545,1811.3869959015658,93444.29545713672,7787.02462142806
7.133667810560063,125.51580504982208,67.14703124842406,0.0018316328160105,4.962704098360656,4.9627040983604545,1811.3869959015658,18215.197860306682,1517.9331550255567
7.387287513060132,125.3589573980725,67.5218791562901,0.001735200963627,4.962704098360656,4.9627040983604545,1811.3869959015658,18316.884095458925,1526.4070079549103
7.106445907476106,125.50329785605231,675.4934198650843,0.0267525846518748,4.962704098360656,4.9627040983604545,1811.3869959015658,183243.34028492897,15270.278357077414
7.120986180929811,125.63671112092706,65.14694747478399,0.0013512064591356,4.962704098360656,4.9627040983604545,1811.3869959015658,17672.62850174107,1472.719041811756
7.315781139131023,125.51051892174804,21.07264268832346,0.0008012470468526,4.962704098360656,4.9627040983604545,1811.3869959015658,5716.445669612021,476.37047246766844
7.396381509388438,125.40759450422802,31.004682570884192,0.0008789504318893,4.962704098360656,4.9627040983604545,1811.3869959015658,8410.743068226304,700.8952556855253
7.290474771550926,125.41867614349096,27.142462515253115,0.0013001489651395,4.962704098360656,4.9627040983604545,1811.3869959015658,7363.02582465843,613.5854853882025
7.221215040167767,125.46709568870742,127.65180812906418,0.0036296130133951,4.962704098360656,4.9627040983604545,1811.3869959015658,34628.529349186705,2885.710779098892
7.399603989665618,125.40703852034083,31.004682570884192,0.0008789504318893,4.962704098360656,4.9627040983604545,1811.3869959015658,8410.743068226304,700.8952556855253
7.08582904577822,125.30317319722998,109.35345841366784,0.0031308914511179,4.962704098360656,4.9627040983604545,1811.3869959015658,29664.675335300515,2472.0562779417096
7.261384981084424,125.31933850580197,195.62911899438225,0.0043532795620098,4.962704098360656,4.9627040983604545,1811.3869959015658,53068.959914795734,4422.413326232978
7.292057441451446,125.39938668226635,52.2547424055079,0.0016700609037783,4.962704098360656,4.9627040983604545,1811.3869959015658,14175.31727552026,1181.2764396266882
6.971241142140947,125.5742246197465,65.64001609436082,0.0017079059427401,5.225479234972678,5.225479234972666,1907.2999207650232,18749.232776969395,1562.4360647474496
7.163513154214272,125.40685754146853,146.2369298103581,0.0054751678718699,4.962704098360656,4.9627040983604545,1811.3869959015658,39670.17694534294,3305.848078778578
7.333611275653566,125.50954580639832,38.64999470009249,0.0010704742551455,4.962704098360656,4.9627040983604545,1811.3869959015658,10484.712245241857,873.7260204368214
7.347113133547996,125.4138166152048,197.47863461585573,0.0065081518194205,4.962704098360656,4.9627040983604545,1811.3869959015658,53570.68415136291,4464.223679280242
7.259981468752608,125.66620324975938,90.15661070086,0.0024630852258932,4.962704098360656,4.9627040983604545,1811.3869959015658,24457.082789782322,2038.09023248186
7.201236784346868,125.31195012206923,58.06564877872646,0.0016154284795894,4.962704098360656,4.9627040983604545,1811.3869959015658,15751.661119290384,1312.638426607532
7.041375848583352,125.40660675470842,56.13076892292344,0.0012023845803501,4.962704098360656,4.9627040983604545,1811.3869959015658,15226.779843765622,1268.8983203138018
7.40089047525198,125.29570566255757,75.21923680334058,0.0019940539549058,4.962704098360656,4.9627040983604545,1811.3869959015658,20404.97183270881,1700.4143193924008
7.020469505401362,125.33442168370618,22.1380307270586,0.0006126838026447,4.962704098360656,4.9627040983604545,1811.3869959015658,6005.4570162457585,500.4547513538132
7.087482958045706,125.35097593342762,75.8432412079307,0.0026996287254883,4.962704098360656,4.9627040983604545,1811.3869959015658,20574.24757705646,1714.5206314213717
7.295300695374555,125.3066859841229,602.2226327376856,0.0341168555388994,4.962704098360656,4.9627040983604545,1811.3869959015658,163366.93085785836,13613.91090482153
7.124737746764019,125.44224584534189,215.50497010043847,0.0045635244693588,4.962704098360656,4.9627040983604545,1811.3869959015658,58460.74796271941,4871.728996893285
7.028113533424076,125.45523823377482,113.77998589030638,0.002546527831853,4.962704098360656,4.9627040983604545,1811.3869959015658,30865.474124494158,2572.1228437078466
7.147690229692614,125.33866115079468,30.773929962237844,0.0010435316432225,4.962704098360656,4.9627040983604545,1811.3869959015658,8348.146042786348,695.6788368988623
7.315363725337685,125.36361497681756,18.515486281068863,0.0005108238059179,4.962704098360656,4.9627040983604545,1811.3869959015658,5022.757370190941,418.56311418257843
7.308521100614397,125.51338984370032,87.93350956838533,0.0024332199177502,4.962704098360656,4.9627040983604545,1811.3869959015658,23854.01477264719,1987.834564387266
7.12072048005942,125.29687580743412,38.61756338142857,0.0010162562884047,4.962704098360656,4.9627040983604545,1811.3869959015658,10475.914493869224,872.9928744891021
7.509612103952924,125.29447813193036,90.52395806752692,0.0022854193721122,4.962704098360656,4.9627040983604545,1811.3869959015658,24556.734328247883,2046.3945273539903
7.433738234584742,125.49778918383224,17.952512693380523,0.000520790500007,4.962704098360656,4.9627040983604545,1811.3869959015658,4870.0376579533195,405.83647149610994
7.197369584386142,125.35957017153052,59.83538990902835,0.0015120963611344,4.962704098360656,4.9627040983604545,1811.3869959015658,16231.744665064842,1352.6453887554035
7.4499034934098685,125.41176151259089,228.469823808251,0.0045471871856744,4.962704098360656,4.9627040983604545,1811.3869959015658,61977.766826055646,5164.813902171304
7.090552520500733,125.5880144465359,557.0704904810066,0.0129831856794996,4.962704098360656,4.9627040983604545,1811.3869959015658,151118.35948052848,12593.196623377373
7.021425135202479,125.64737440142336,41.93983534952473,0.0013209499989257,4.962704098360656,4.9627040983604545,1811.3869959015658,11377.158228990314,948.0965190825262
7.506068867316729,125.34446602832372,166.89018722077623,0.0031457297320727,4.962704098360656,4.9627040983604545,1811.3869959015658,45272.854579723695,3772.7378816436412
7.224856935162434,125.30367692867816,59.55014023364787,0.0013789967572574,4.962704098360656,4.9627040983604545,1811.3869959015658,16154.364039592056,1346.197003299338
7.11552607831,125.43334569991552,90.82797567226628,0.0037660947333799,4.962704098360656,4.9627040983604545,1811.3869959015658,24639.206192161804,2053.26718268015
7.176628038512781,125.63704043605506,127.35955010688446,0.0024384529012264,4.962704098360656,4.9627040983604545,1811.3869959015658,34549.24754623446,2879.103962186205
7.117570599970587,125.47218922314138,1087.729388231685,0.0797950106772341,4.962704098360656,4.9627040983604545,1811.3869959015658,295071.95860688935,24589.329883907445
7.060957807539823,125.33499708965506,21.97482359879272,0.0002990066762903,4.962704098360656,4.9627040983604545,1811.3869959015658,5961.183277283618,496.76527310696815
7.300324167745192,125.45288883373848,219.1900597179561,0.0078794056393475,4.962704098360656,4.9627040983604545,1811.3869959015658,59460.41444488604,4955.034537073837
7.23849505717919,125.4749314070748,516.8187276621609,0.0071729906968011,4.962704098360656,4.9627040983604545,1811.3869959015658,140199.1302854385,11683.260857119874
7.091139566616282,125.48349160895808,45.95298793076815,0.0013387144387989,4.962704098360656,4.9627040983604545,1811.3869959015658,12465.819439349709,1038.8182866124757
7.351240888431092,125.3718000943941,49.797903775064064,0.0013577269061239,4.962704098360656,4.9627040983604545,1811.3869959015658,13508.842512119169,1125.7368760099307
7.216336541826783,125.44061399373597,104.084895295639,0.0028781251895757,4.962704098360656,4.9627040983604545,1811.3869959015658,28235.45474505049,2352.954562087541
7.077837178770695,125.4726859459362,177.72062339726452,0.0041989212144621,4.962704098360656,4.9627040983604545,1811.3869959015658,48210.862920528605,4017.5719100440506
6.9887582189521,125.38132215684524,88.37130218586438,0.0023566974918254,5.225479234972678,5.225479234972666,1907.2999207650232,25242.13450991248,2103.5112091593733
7.472276514034748,125.3818097251672,29.06669669094895,0.0008752358425764,4.962704098360656,4.9627040983604545,1811.3869959015658,7885.019211234049,657.0849342695041
7.443942656484481,125.51624470859733,16.170153829500634,0.0004301305260398,4.962704098360656,4.9627040983604545,1811.3869959015658,4386.5312577443665,365.5442714786972
7.093892087670526,125.59822153482531,54.47860211371003,0.0019076922472493,4.962704098360656,4.9627040983604545,1811.3869959015658,14778.591074008807,1231.5492561674007
7.240720869620308,125.66064079547824,1199.780506464696,0.038514204557247,4.962704098360656,4.9627040983604545,1811.3869959015658,325468.43706818856,27122.36975568238
7.211449164603976,125.52083645460804,216.2159623241372,0.0055107214089996,4.962704098360656,4.9627040983604545,1811.3869959015658,58653.62118125229,4887.801765104357
7.163528748140437,125.6597147475402,2374.583999961785,0.0253614278538614,4.962704098360656,4.9627040983604545,1811.3869959015658,644161.2769922357,53680.10641601964
7.345762388505607,125.53410632790472,95.8709697433034,0.0030457003366014,4.962704098360656,4.9627040983604545,1811.3869959015658,26007.235918933246,2167.2696599111036
7.573354471108849,125.44434042801674,195.91260677577716,0.0067396425531638,4.962704098360656,4.9627040983604545,1811.3869959015658,53145.86258544372,4428.82188212031
7.071339099014158,125.38195838557802,19.43185672893101,0.0005236894219914,4.962704098360656,4.9627040983604545,1811.3869959015658,5271.3442207307935,439.2786850608995
7.505762929506905,125.5428076390237,37.352859881715325,0.0008295263251126,4.962704098360656,4.9627040983604545,1811.3869959015658,10132.834181104994,844.4028484254162
7.152696141686784,125.53412763072676,44.72509710242939,0.0010855011693733,4.962704098360656,4.9627040983604545,1811.3869959015658,12132.725422038684,1011.060451836557
7.194175481899156,125.67203244768524,3833.6687879317274,0.1743739595538758,4.962704098360656,4.9627040983604545,1811.3869959015658,1039972.0464886145,86664.33720738454
7.218083247294551,125.5717836102302,50.7002604369919,0.0015241609759643,4.962704098360656,4.9627040983604545,1811.3869959015658,13753.627796471814,1146.1356497059844
7.423769134164197,125.48704180722363,17.952512693380523,0.000520790500007,4.962704098360656,4.9627040983604545,1811.3869959015658,4870.0376579533195,405.83647149610994
7.545438736705084,125.46167814062191,75.39725970040838,0.0014108436119272,4.962704098360656,4.9627040983604545,1811.3869959015658,20453.264694410438,1704.4387245342032
7.376537381046673,125.41868986013256,26.342358265585588,0.0007377702247831,4.962704098360656,4.9627040983604545,1811.3869959015658,7145.9788913003995,595.4982409416999
7.2213418636231745,125.38178994468056,1619.9120762071366,0.05018196153354,4.962704098360656,4.9627040983604545,1811.3869959015658,439438.9213611841,36619.91011343201
7.037931963925472,125.42864118802908,134.53266922451564,0.0024284495062472,4.962704098360656,4.9627040983604545,1811.3869959015658,36495.123358968434,3041.2602799140363
7.38980067448434,125.26158299661353,63.70412972015328,0.0020155016218876,4.962704098360656,4.9627040983604545,1811.3869959015658,17281.230544328344,1440.1025453606953
7.386825442668365,125.5319799805519,31.08613043262231,0.0008745898933977,4.962704098360656,4.9627040983604545,1811.3869959015658,8432.837699802341,702.7364749835284
7.461684647107257,125.31246217748917,29.34858627631075,0.0006211372454783,4.962704098360656,4.9627040983604545,1811.3869959015658,7961.488333943707,663.4573611619757
7.116449400164183,125.63035250602256,399.1565448416741,0.0055414384774131,4.962704098360656,4.9627040983604545,1811.3869959015658,108280.51972436406,9023.376643697005
7.040241746130481,125.53789415942148,87.27663522410353,0.0024174904662951,4.962704098360656,4.9627040983604545,1811.3869959015658,23675.82229074601,1972.9851908955009
7.046277483877638,125.34955591164464,37.64164548447054,0.000933481272049,4.962704098360656,4.9627040983604545,1811.3869959015658,10211.174009323646,850.9311674436372
7.394507967794298,125.35356934011084,30.20928597221454,0.0011084615417594,4.962704098360656,4.9627040983604545,1811.3869959015658,8194.973194967422,682.9144329139518
7.411822347527444,125.47757450615204,71.9214354315892,0.0017952699960875,4.962704098360656,4.9627040983604545,1811.3869959015658,19510.366317415057,1625.8638597845882
7.36251049072423,125.33994199637736,218.55275063508228,0.0062253102455691,4.962704098360656,4.9627040983604545,1811.3869959015658,59287.529496335315,4940.627458027943
7.401452786191139,125.4092777336472,31.004682570884192,0.0008789504318893,4.962704098360656,4.9627040983604545,1811.3869959015658,8410.743068226304,700.8952556855253
7.216083334444432,125.22873210423973,17.580052938865563,0.000486361873664,4.962704098360656,4.9627040983604545,1811.3869959015658,4768.9992650809545,397.4166054234129
7.564180005414706,125.43050817377843,27.15941956024919,0.0007781089972311,4.962704098360656,4.9627040983604545,1811.3869959015658,7367.62581849266,613.9688182077217
7.165515942929302,125.62716505636271,64.37669982604015,0.0016758812168289,4.962704098360656,4.9627040983604545,1811.3869959015658,17463.68086753521,1455.3067389612677
7.274391846516843,125.4787588205352,315.03239565895984,0.0129664323355993,4.962704098360656,4.9627040983604545,1811.3869959015658,85459.88277730526,7121.656898108772
7.173243133469517,125.52079793634108,69.84960822175654,0.0026335700271787,4.962704098360656,4.9627040983604545,1811.3869959015658,18948.334878975926,1579.0279065813272
7.252713879257017,125.44809267325824,208.00410996848268,0.0072099775557018,4.962704098360656,4.9627040983604545,1811.3869959015658,56425.964758074486,4702.163729839541
7.375074124994444,125.33280519858413,47.5985964895131,0.0013977062187452,4.962704098360656,4.9627040983604545,1811.3869959015658,12912.229130751468,1076.019094229289
7.123677995350617,125.356350731643,72.65274746139853,0.0016638989739644,4.962704098360656,4.9627040983604545,1811.3869959015658,19708.75175714233,1642.3959797618609
7.222527822667493,125.49862058132376,269.3098167267639,0.0099494232189463,4.962704098360656,4.9627040983604545,1811.3869959015658,73056.56715115113,6088.047262595927
7.486306876403177,125.32255625483376,40.82090922287595,0.0010739480498257,4.962704098360656,4.9627040983604545,1811.3869959015658,11073.62342768884,922.8019523074034
7.065144675100227,125.63032349866138,18.30908144150428,0.0004928700368406,4.962704098360656,4.9627040983604545,1811.3869959015658,4966.765244819322,413.8971037349435
7.174554450316175,125.22119249094776,26.520992778625683,0.0010748259005004,4.962704098360656,4.9627040983604545,1811.3869959015658,7194.437668095261,599.5364723412717
7.459206144334861,125.28393505401743,290.222593503994,0.0036616185173836,4.962704098360656,4.9627040983604545,1811.3869959015658,78729.64546486456,6560.803788738714
7.209588234583016,125.2730840963316,147.36915610097228,0.0041348951143569,4.962704098360656,4.9627040983604545,1811.3869959015658,39977.31972623338,3331.443310519448
7.230854158057176,125.29143340371684,38.45276005816959,0.0008375801431934,4.962704098360656,4.9627040983604545,1811.3869959015658,10431.207749797515,869.2673124831263
7.562207401713366,125.5147866122596,7.887337573146314,0.0001321521532973,4.962704098360656,4.9627040983604545,1811.3869959015658,2139.6242218715092,178.30201848929244
7.469860673256647,125.2837760405141,52.97655984751353,0.0014782972022834,4.962704098360656,4.9627040983604545,1811.3869959015658,14371.127086925164,1197.5939239104302
7.530993756925098,125.34738792974628,13.27532351493249,0.0004605052101265,4.962704098360656,4.9627040983604545,1811.3869959015658,3601.2410375887266,300.10341979906053
7.028862327663091,125.53578587445487,348.0730394552036,0.0100767608870732,4.962704098360656,4.9627040983604545,1811.3869959015658,94422.92779941292,7868.577316617743
7.070768035658079,125.61687514311984,133.7042078152363,0.005552367718747,4.962704098360656,4.9627040983604545,1811.3869959015658,36270.38388487581,3022.5319904063176
7.314900360288762,125.42070150767732,107.79388560240994,0.0039542562307061,4.962704098360656,4.9627040983604545,1811.3869959015658,29241.604846457663,2436.800403871472
7.401930357225827,125.45776074693768,38.37723378154609,0.0010765871317287,4.962704098360656,4.9627040983604545,1811.3869959015658,10410.719486254493,867.5599571878744
7.429005279870286,125.26324981058424,55.99150850026849,0.0015550120067481,4.962704098360656,4.9627040983604545,1811.3869959015658,15189.002207053958,1265.7501839211632
7.2321381213624,125.43878898854902,119.19376044338443,0.003932907950786,4.962704098360656,4.9627040983604545,1811.3869959015658,32334.086702324614,2694.5072251937177
7.467733869777792,125.38705370656533,228.469823808251,0.0045471871856744,4.962704098360656,4.9627040983604545,1811.3869959015658,61977.766826055646,5164.813902171304
7.165080726916477,125.41742611265832,106.18851830952542,0.0024291279991079,4.962704098360656,4.9627040983604545,1811.3869959015658,28806.11153670627,2400.5092947255225
7.536308629703776,125.45320035030716,17.414719677638455,0.000471773646644,4.962704098360656,4.9627040983604545,1811.3869959015658,4724.148762979089,393.67906358159075
7.52723897788662,125.28661105602016,93.1395190719976,0.001944669001499,4.962704098360656,4.9627040983604545,1811.3869959015658,25266.266236454976,2105.522186371248
7.000068644689605,125.47362305158222,82.8325660050715,0.0011567144908285,4.962704098360656,5.225479234972666,1907.2999207650232,23660.06521555669,1971.6721012963908
7.459393211692497,125.42685061714936,228.469823808251,0.0045471871856744,4.962704098360656,4.9627040983604545,1811.3869959015658,61977.766826055646,5164.813902171304
7.065340413622862,125.61236593693836,151.7953826928833,0.0039858979569771,4.962704098360656,4.9627040983604545,1811.3869959015658,41178.0368934291,3431.5030744524247
7.515372497888615,125.28802829969332,93.1395190719976,0.001944669001499,4.962704098360656,4.9627040983604545,1811.3869959015658,25266.266236454976,2105.522186371248
7.016462591624536,125.6104823281891,22.98765503856812,0.0006802228246805,4.962704098360656,4.9627040983604545,1811.3869959015658,6235.937421013258,519.6614517511049
7.435471409025069,125.40678638275908,228.469823808251,0.0045471871856744,4.962704098360656,4.9627040983604545,1811.3869959015658,61977.766826055646,5164.813902171304
7.444910751252079,125.34106667757648,50.83952734804379,0.0023875135666405,4.962704098360656,4.9627040983604545,1811.3869959015658,13791.407193312434,1149.2839327760362
7.443570706595161,125.45939736869448,40.587195528924525,0.0010071933441667,4.962704098360656,4.9627040983604545,1811.3869959015658,11010.223138817719,917.5185949014766
7.195194583309951,125.4404535695475,257.5838428017855,0.0042670034178395,4.962704098360656,4.9627040983604545,1811.3869959015658,69875.62331525679,5822.968609604733
7.091569648640525,125.32271577427728,109.35345841366784,0.0031308914511179,4.962704098360656,4.9627040983604545,1811.3869959015658,29664.675335300515,2472.0562779417096
7.033451995190396,125.578008896328,73.39152192343087,0.0019448883515592,4.962704098360656,4.9627040983604545,1811.3869959015658,19909.161555607938,1659.0967963006615
7.490887488985685,125.30168870772494,39.90270824959279,0.0011127783579826,4.962704098360656,4.9627040983604545,1811.3869959015658,10824.54000444708,902.0450003705901
7.380738910195327,125.2833989485434,173.53170796352867,0.0061489736076238,4.962704098360656,4.9627040983604545,1811.3869959015658,47074.521938255,3922.8768281879165
7.211443178767045,125.43280384860454,212.10327698950516,0.0047522754660216,4.962704098360656,4.9627040983604545,1811.3869959015658,57537.95939078016,4794.82994923168
7.081125201980561,125.6362173514896,87.43845107934497,0.0028579171150807,4.962704098360656,4.9627040983604545,1811.3869959015658,23719.71861446065,1976.6432178717207
7.382384991500252,125.32348731292682,33.457912034176864,0.0008916528932125,4.962704098360656,4.9627040983604545,1811.3869959015658,9076.238760884478,756.3532300737065
7.433475609770512,125.35623727955428,206.4786654020648,0.004351716451699,4.962704098360656,4.9627040983604545,1811.3869959015658,56012.15235139591,4667.679362616326
7.3140713867437,125.48924880353786,88.39126889263116,0.0021399350978635,4.962704098360656,4.9627040983604545,1811.3869959015658,23978.192662696998,1998.1827218914166
7.272032439108643,125.5061009775382,7.13023040142218,0.0002724075717634,4.962704098360656,4.9627040983604545,1811.3869959015658,1934.2412484472604,161.18677070393838
7.228162121419124,125.34237728514567,201.10272402579864,0.0065956523190665,4.962704098360656,4.9627040983604545,1811.3869959015658,54553.80290491319,4546.150242076099
7.206539664463925,125.48675603029542,67.3444391878214,0.0008769305255859,4.962704098360656,4.9627040983604545,1811.3869959015658,18268.749366731656,1522.3957805609714
7.295239744491716,125.34741891648528,50.15307702158783,0.0012495695705804,4.962704098360656,4.9627040983604545,1811.3869959015658,13605.19153663795,1133.765961386496
7.322637044732224,125.36854677246257,214.433436524103,0.0034569370887643,4.962704098360656,4.9627040983604545,1811.3869959015658,58170.06949571911,4847.505791309925
6.999133717969627,125.54211620661734,1298.408296993438,0.0328806676847116,5.225479234972678,5.225479234972666,1907.2999207650232,370873.7573263606,30906.146443863385
7.265471430497878,125.44298409685608,335.04763838758413,0.0094386136109168,4.962704098360656,4.9627040983604545,1811.3869959015658,90889.48405297616,7574.123671081346
7.3367175562107025,125.3207921169398,242.03784008840717,0.0013479466291257,4.962704098360656,4.9627040983604545,1811.3869959015658,65658.40760078398,5471.533966731998
7.397619776608095,125.31134789916317,24.77794238993984,0.0007016738827979,4.962704098360656,4.9627040983604545,1811.3869959015658,6721.594608318998,560.1328840265832
7.020620511336551,125.3202712757874,22.1380307270586,0.0006126838026447,4.962704098360656,4.9627040983604545,1811.3869959015658,6005.4570162457585,500.4547513538132
7.2308110917387936,125.31686267932814,59.55014023364787,0.0013789967572574,4.962704098360656,4.9627040983604545,1811.3869959015658,16154.364039592056,1346.197003299338
7.164334693220715,125.63018535730713,69.91418146017537,0.0018156915596293,4.962704098360656,4.9627040983604545,1811.3869959015658,18965.851875519347,1580.4876562932789
6.992112490266568,125.390612831875,88.37130218586438,0.0023566974918254,5.225479234972678,5.225479234972666,1907.2999207650232,25242.13450991248,2103.5112091593733
7.128224284915414,125.38898742911869,159.81672402865735,0.0033370671492823,4.962704098360656,4.9627040983604545,1811.3869959015658,43354.012760412945,3612.8343967010787
7.089628012740322,125.51038220346128,205.26839528082175,0.0068913835561714,4.962704098360656,4.9627040983604545,1811.3869959015658,55683.83836173793,4640.319863478161
7.358672161661855,125.27290293650148,507.5370546192472,0.0094401453687909,4.962704098360656,4.9627040983604545,1811.3869959015658,137681.26005636094,11473.438338030079
7.509903871325109,125.27608870796044,93.1395190719976,0.001944669001499,4.962704098360656,4.9627040983604545,1811.3869959015658,25266.266236454976,2105.522186371248
7.216865120875362,125.23877858539228,17.580052938865563,0.000486361873664,4.962704098360656,4.9627040983604545,1811.3869959015658,4768.9992650809545,397.4166054234129
7.479898693954736,125.49425600016174,59.3352532284802,0.0019042241904813,4.962704098360656,4.9627040983604545,1811.3869959015658,16096.070929026135,1341.3392440855112
7.2768913300938145,125.4567408234168,269.653502765591,0.008338010236714,4.962704098360656,4.9627040983604545,1811.3869959015658,73149.80000274064,6095.8166668950535
7.336055875124653,125.40824605583664,204.0555443894827,0.00725111473691,4.962704098360656,4.9627040983604545,1811.3869959015658,55354.82427801686,4612.9020231680715
7.164781881872806,125.27900643934498,28.838542454246475,0.0007669869483314,4.962704098360656,4.9627040983604545,1811.3869959015658,7823.127054768825,651.9272545640687
7.221674911428192,125.38961243163148,41.06963103056342,0.0013433161850764,4.962704098360656,4.9627040983604545,1811.3869959015658,11141.095017347645,928.4245847789704
7.367493468279044,125.42454964981408,24.837755346736863,0.0005296096694954,4.962704098360656,4.9627040983604545,1811.3869959015658,6737.82026747937,561.4850222899476
7.170093424334096,125.40535259296364,146.2369298103581,0.0054751678718699,4.962704098360656,4.9627040983604545,1811.3869959015658,39670.17694534294,3305.848078778578
7.325130859518931,125.43391508400045,107.79388560240994,0.0039542562307061,4.962704098360656,4.9627040983604545,1811.3869959015658,29241.604846457663,2436.800403871472
7.384125572588394,125.43908107869429,44.80700399409231,0.0014365355221414,4.962704098360656,4.9627040983604545,1811.3869959015658,12154.9445761848,1012.9120480154
7.164541483898389,125.4834832021706,102.67735595748684,0.0023521507462835,4.962704098360656,4.9627040983604545,1811.3869959015658,27853.626880676988,2321.135573389749
7.202137630892037,125.38340542419768,119.60281164433825,0.003589026207338,4.962704098360656,4.9627040983604545,1811.3869959015658,32445.051378228203,2703.754281519017
7.208960814986372,125.56439921498205,60.87476560539121,0.0016323212394165,4.962704098360656,4.9627040983604545,1811.3869959015658,16513.699557313157,1376.1416297760964
7.321712863952581,125.32048550613338,242.03784008840717,0.0013479466291257,4.962704098360656,4.9627040983604545,1811.3869959015658,65658.40760078398,5471.533966731998
7.123427225048465,125.57995067786516,264.8470933596571,0.0095154188218912,4.962704098360656,4.9627040983604545,1811.3869959015658,71845.94938270625,5987.1624485588545
7.390747596802684,125.50410394989068,71.17008894187332,0.001930109274642,4.962704098360656,4.9627040983604545,1811.3869959015658,19306.546063304522,1608.87883860871
7.556360894958023,125.40582872051684,24.21271178177608,0.0006614466258043,4.962704098360656,4.9627040983604545,1811.3869959015658,6568.262626651589,547.3552188876324
6.973444754649801,125.48744902983702,330.35538115279536,0.0103218751064929,5.225479234972678,5.225479234972666,1907.2999207650232,94361.79801440256,7863.483167866881
7.258758420864259,125.45567511597984,335.04763838758413,0.0094386136109168,4.962704098360656,4.9627040983604545,1811.3869959015658,90889.48405297616,7574.123671081346
7.527040750821907,125.37620431933,25.99833176436132,0.0008135076350871,4.962704098360656,4.9627040983604545,1811.3869959015658,7052.653681347264,587.721140112272
7.32327543902251,125.39651285313823,136.6832622954209,0.0036955587604735,4.962704098360656,4.9627040983604545,1811.3869959015658,37078.52187376819,3089.876822814016
7.060525346618656,125.34724867044068,21.97482359879272,0.0002990066762903,4.962704098360656,4.9627040983604545,1811.3869959015658,5961.183277283618,496.76527310696815
7.342239912137006,125.3075699670724,43.98844146938451,0.0011998915087905,4.962704098360656,4.9627040983604545,1811.3869959015658,11932.890405339613,994.4075337783011
7.199455594033427,125.6387537124186,81.22382742121275,0.0019111612490797,4.962704098360656,4.9627040983604545,1811.3869959015658,22033.857043881115,1836.1547536567596
7.482998469177488,125.26608285983752,485.9863886496265,0.0119483903931263,4.962704098360656,4.9627040983604545,1811.3869959015658,131835.13942586427,10986.261618822022
7.322830324196241,125.44864705546584,269.46215497143623,0.0062008048649811,4.962704098360656,4.9627040983604545,1811.3869959015658,73097.89245201412,6091.491037667843
7.1965457365989645,125.421413233316,40.12640376002892,0.0012319975598628,4.962704098360656,4.9627040983604545,1811.3869959015658,10885.222627450643,907.101885620887
7.033119885567257,125.41788331504318,33.92666536693495,0.0010001357426947,4.962704098360656,4.9627040983604545,1811.3869959015658,9203.399032085106,766.9499193404255
7.15355121371219,125.35398964829452,43.24198674267351,0.0011809492922472,4.962704098360656,4.9627040983604545,1811.3869959015658,11730.397156002979,977.5330963335815
7.2574061645483825,125.46720473912865,269.653502765591,0.008338010236714,4.962704098360656,4.9627040983604545,1811.3869959015658,73149.80000274064,6095.8166668950535
7.062346383167393,125.54857855499408,357.4101607774811,0.01638285129341,4.962704098360656,4.9627040983604545,1811.3869959015658,96955.83966712808,8079.653305594006
7.200930196791596,125.53812512727912,272.637547772646,0.0074856009289184,4.962704098360656,4.9627040983604545,1811.3869959015658,73959.29178840826,6163.274315700688
6.9822547889217,125.51432919252562,32.85513668180215,0.0008671202870562,5.225479234972678,5.225479234972666,1907.2999207650232,9384.650434587205,782.0542028822671
7.295455681391913,125.43903757191497,309.8529190324687,0.002379532456963,4.962704098360656,4.9627040983604545,1811.3869959015658,84054.82897507059,7004.569081255882
7.046907033663386,125.32038355719264,21.97482359879272,0.0002990066762903,4.962704098360656,4.9627040983604545,1811.3869959015658,5961.183277283618,496.76527310696815
7.179758341295025,125.30798482806304,31.336103192170786,0.0008628706317332,4.962704098360656,4.9627040983604545,1811.3869959015658,8500.648639321269,708.3873866101058
7.481703652965625,125.41182822387914,228.469823808251,0.0045471871856744,4.962704098360656,4.9627040983604545,1811.3869959015658,61977.766826055646,5164.813902171304
7.522263361624431,125.53013434082834,47.48965298319286,0.0012748861961064,4.962704098360656,4.9627040983604545,1811.3869959015658,12882.675664480163,1073.556305373347
7.23489833272367,125.52177245669309,35.34011868076304,0.000962601562874,4.962704098360656,4.9627040983604545,1811.3869959015658,9586.831200253959,798.9026000211633
6.9795290527378695,125.4243373557064,275.7084437077741,0.00785629476265,5.225479234972678,5.225479234972666,1907.2999207650232,78752.59783943168,6562.716486619306
7.152231419697919,125.55609403685352,51.034906692351065,0.0024291960848789,4.962704098360656,4.9627040983604545,1811.3869959015658,13844.408396019478,1153.7006996682899
6.995070650279222,125.27394748373888,41.97783797054488,0.0012318626912616,5.225479234972678,5.225479234972666,1907.2999207650232,11990.433616777662,999.2028013981385
7.057387437669652,125.6179198991096,59.02467470723451,0.0016288841843895,4.962704098360656,4.9627040983604545,1811.3869959015658,16011.819263532218,1334.3182719610181
7.551063182483741,125.4741305379228,44.149906401714304,0.0018259960486083,4.962704098360656,4.9627040983604545,1811.3869959015658,11976.691533032168,998.0576277526807
7.214246216073914,125.48974157713371,171.0762639781715,0.0065932354817523,4.962704098360656,4.9627040983604545,1811.3869959015658,46408.425504851904,3867.368792070992
6.997209623149654,125.43102286794652,216.18620681452848,0.0014914100673862,5.225479234972678,5.225479234972666,1907.2999207650232,61750.83060474548,5145.902550395457
7.142021536332882,125.30841128507868,38.61756338142857,0.0010162562884047,4.962704098360656,4.9627040983604545,1811.3869959015658,10475.914493869224,872.9928744891021
7.473141458051991,125.27847055380154,52.97655984751353,0.0014782972022834,4.962704098360656,4.9627040983604545,1811.3869959015658,14371.127086925164,1197.5939239104302
7.309255905683035,125.47929947250292,88.39126889263116,0.0021399350978635,4.962704098360656,4.9627040983604545,1811.3869959015658,23978.192662696998,1998.1827218914166
7.2071710450513,125.436484485619,194.1099875378274,0.0042139710214932,4.962704098360656,4.9627040983604545,1811.3869959015658,52656.86008636718,4388.071673863932
7.210526397700792,125.39101586242072,195.81851407625484,0.0070726579208876,4.962704098360656,4.9627040983604545,1811.3869959015658,53120.33774678528,4426.694812232106
7.291236489952601,125.32248317175248,195.62911899438225,0.0043532795620098,4.962704098360656,4.9627040983604545,1811.3869959015658,53068.959914795734,4422.413326232978
6.9881157502330185,125.330951132075,41.97783797054488,0.0012318626912616,5.225479234972678,5.225479234972666,1907.2999207650232,11990.433616777662,999.2028013981385
6.997346885508065,125.29125990752952,41.97783797054488,0.0012318626912616,5.225479234972678,5.225479234972666,1907.2999207650232,11990.433616777662,999.2028013981385
7.325543660127026,125.31117415432608,242.03784008840717,0.0013479466291257,4.962704098360656,4.9627040983604545,1811.3869959015658,65658.40760078398,5471.533966731998
7.087339497329707,125.5178181937678,49.2403830689623,0.0013267665952805,4.962704098360656,4.9627040983604545,1811.3869959015658,13357.602021154053,1113.1335017628378
7.015048434333402,125.38444614701471,64.36054177089046,0.0014202455264054,4.962704098360656,4.9627040983604545,1811.3869959015658,17459.297618326465,1454.9414681938722
7.240624706950443,125.3259481704464,347.36713180964165,0.0050386734571464,4.962704098360656,4.9627040983604545,1811.3869959015658,94231.43389125423,7852.619490937853
7.20195382114956,125.67114904507976,3086.6743371485272,0.1147502116684067,4.962704098360656,4.9627040983604545,1811.3869959015658,837332.3844129147,69777.69870107622
7.164553548146494,125.30526762503976,28.838542454246475,0.0007669869483314,4.962704098360656,4.9627040983604545,1811.3869959015658,7823.127054768825,651.9272545640687
7.39328470138901,125.53086449571748,27.011636452864423,0.0007128096102155,4.962704098360656,4.9627040983604545,1811.3869959015658,7327.536204828801,610.6280170690667
7.104734293753348,125.42610391799302,113.87990838826556,0.002264824527888,4.962704098360656,4.9627040983604545,1811.3869959015658,30892.580431909133,2574.3817026590946
7.065906976524866,125.56382032403054,313.87623438101394,0.0070841751457248,4.962704098360656,4.9627040983604545,1811.3869959015658,85146.24707302082,7095.520589418401
7.279473834387623,125.26905936676415,12.603752069103884,0.0001516532014817,4.962704098360656,4.9627040983604545,1811.3869959015658,3419.061624207924,284.921802017327
7.286323838811186,125.46676933417244,111.59096461573871,0.0016298848461594,4.962704098360656,4.9627040983604545,1811.3869959015658,30271.651063439516,2522.63758861996
7.602425835788297,125.42701887588888,13.512882178045585,0.0003509703663441,4.962704098360656,4.9627040983604545,1811.3869959015658,3665.6843639961994,305.4736969996833
7.266676295087277,125.45081344891028,335.04763838758413,0.0094386136109168,4.962704098360656,4.9627040983604545,1811.3869959015658,90889.48405297616,7574.123671081346
6.9996186610897215,125.41987211591643,79.05302884012234,0.0015453894503075,5.225479234972678,5.225479234972666,1907.2999207650232,22580.488665895748,1881.7073888246457
7.104293985742155,125.50197552339527,675.4934198650843,0.0267525846518748,4.962704098360656,4.9627040983604545,1811.3869959015658,183243.34028492897,15270.278357077414
6.989230318796378,125.5233908971794,133.83919514728333,0.0038133544894408,5.225479234972678,5.225479234972666,1907.2999207650232,38229.45778823828,3185.7881490198565
7.265126771821695,125.64767812842778,1164.9823110672337,0.0389194370352826,4.962704098360656,4.9627040983604545,1811.3869959015658,316028.6151942876,26335.7179328573
7.464026804518388,125.5284625723893,51.41022007443007,0.0015343781990117,4.962704098360656,4.9627040983604545,1811.3869959015658,13946.220901905215,1162.1850751587679
7.370603393455736,125.42294339414651,4.988685455646019,0.0001253793663004,4.962704098360656,4.9627040983604545,1811.3869959015658,1353.2972485594314,112.77477071328595
7.386578522785652,125.38433720968402,69.94672365429042,0.0024107489329402,4.962704098360656,4.9627040983604545,1811.3869959015658,18974.679704443326,1581.2233087036104
7.23233614239343,125.39548253960096,58.23637211871947,0.0015755738173704,4.962704098360656,4.9627040983604545,1811.3869959015658,15797.973805935308,1316.4978171612756
7.440282416570213,125.32094408720172,23.00391309220601,0.000537544082519,4.962704098360656,4.9627040983604545,1811.3869959015658,6240.347797143543,520.0289830952953
7.441624430068906,125.51821886612326,16.170153829500634,0.0004301305260398,4.962704098360656,4.9627040983604545,1811.3869959015658,4386.5312577443665,365.5442714786972
7.133277609113353,125.64668655779272,370.4493359179593,0.0092822344080262,4.962704098360656,4.9627040983604545,1811.3869959015658,100493.01995199102,8374.418329332586
7.084611068300992,125.29165378363084,109.35345841366784,0.0031308914511179,4.962704098360656,4.9627040983604545,1811.3869959015658,29664.675335300515,2472.0562779417096
7.300094012131218,125.35731440511734,18.515486281068863,0.0005108238059179,4.962704098360656,4.9627040983604545,1811.3869959015658,5022.757370190941,418.56311418257843
7.070004246544344,125.55722616240104,129.76134223220933,0.0030618873577188,4.962704098360656,4.9627040983604545,1811.3869959015658,35200.78966162986,2933.399138469155
7.2669740290285665,125.38913754851818,125.78261062602778,0.004607693101914,4.962704098360656,4.9627040983604545,1811.3869959015658,34121.46594333288,2843.45549527774
7.133825341655163,125.28829794111398,38.61756338142857,0.0010162562884047,4.962704098360656,4.9627040983604545,1811.3869959015658,10475.914493869224,872.9928744891021
7.0388863201982295,125.36546944461548,37.64164548447054,0.000933481272049,4.962704098360656,4.9627040983604545,1811.3869959015658,10211.174009323646,850.9311674436372
7.414184947519431,125.48148837681444,17.952512693380523,0.000520790500007,4.962704098360656,4.9627040983604545,1811.3869959015658,4870.0376579533195,405.83647149610994
7.112599115237571,125.61113324617108,1724.2721372091364,0.0262501872586788,4.962704098360656,4.9627040983604545,1811.3869959015658,467749.02121998795,38979.08510166566
7.070767513658454,125.3906377112012,170.3466013005303,0.0045480820101322,4.962704098360656,4.9627040983604545,1811.3869959015658,46210.487490357365,3850.8739575297805
7.21088573521872,125.44179880707284,207.41697426536228,0.0081324747395085,4.962704098360656,4.9627040983604545,1811.3869959015658,56266.69050864981,4688.890875720817
7.444554645759181,125.33314132325738,30.526032237199,0.0008660448759024,4.962704098360656,4.9627040983604545,1811.3869959015658,8280.898004760713,690.0748337300594
7.133419109834751,125.368113765137,60.65109484326865,0.0016452189486562,4.962704098360656,4.9627040983604545,1811.3869959015658,16453.023647866696,1371.0853039888914
7.2412613879898275,125.2803674168127,147.36915610097228,0.0041348951143569,4.962704098360656,4.9627040983604545,1811.3869959015658,39977.31972623338,3331.443310519448
7.196083540151484,125.36289466310548,41.53370271044872,0.0009563471840068,4.962704098360656,4.9627040983604545,1811.3869959015658,11266.985281046742,938.9154400872285
7.451943524645817,125.33077695354623,30.526032237199,0.0008660448759024,4.962704098360656,4.9627040983604545,1811.3869959015658,8280.898004760713,690.0748337300594
7.519511196278974,125.52597568703048,98.35921390821836,0.0030714127232443,4.962704098360656,4.9627040983604545,1811.3869959015658,26682.23016582697,2223.519180485581
7.277308660245911,125.44645866900402,227.32068153255776,0.0060061551898153,4.962704098360656,4.9627040983604545,1811.3869959015658,61666.03518979084,5138.836265815903
7.325282291171455,125.41296407888882,136.6832622954209,0.0036955587604735,4.962704098360656,4.9627040983604545,1811.3869959015658,37078.52187376819,3089.876822814016
7.499660396630094,125.4824106576953,99.38240101259254,0.0026737465823923,4.962704098360656,4.9627040983604545,1811.3869959015658,26959.793525036945,2246.6494604197455
7.160405188269687,125.6443897995495,494.0172651178623,0.0179831114433489,4.962704098360656,4.9627040983604545,1811.3869959015658,134013.7019198543,11167.808493321192
7.130353575155284,125.41022998365882,730.0302196763832,0.0271560235821088,4.962704098360656,4.9627040983604545,1811.3869959015658,198037.71884137572,16503.14323678131
7.566042918848831,125.50837474649178,20.0428417666968,0.0005516681694458,4.962704098360656,4.9627040983604545,1811.3869959015658,5437.088158261196,453.0906798550997
7.3180293125822145,125.3828826963091,214.433436524103,0.0034569370887643,4.962704098360656,4.9627040983604545,1811.3869959015658,58170.06949571911,4847.505791309925
7.066509097103162,125.3596981138846,36.99745728818641,0.0010034805693411,4.962704098360656,4.9627040983604545,1811.3869959015658,10036.422940863493,836.368578405291
6.99385008607006,125.3112035485463,41.97783797054488,0.0012318626912616,5.225479234972678,5.225479234972666,1907.2999207650232,11990.433616777662,999.2028013981385
7.217913968476703,125.6728755519397,3086.6743371485272,0.1147502116684067,4.962704098360656,4.9627040983604545,1811.3869959015658,837332.3844129147,69777.69870107622
7.070187220620504,125.30963794962356,21.97482359879272,0.0002990066762903,4.962704098360656,4.9627040983604545,1811.3869959015658,5961.183277283618,496.76527310696815
7.1281622712445945,125.60702359021614,74.82993071676673,0.0020330286966675,4.962704098360656,4.9627040983604545,1811.3869959015658,20299.363479467862,1691.6136232889885
7.4852791426298415,125.54262277799305,135.2472842221249,0.0036023353446121,4.962704098360656,4.9627040983604545,1811.3869959015658,36688.97933939499,3057.414944949582
7.135629666845779,125.33042162849948,62.69087027861875,0.0016296842964133,4.962704098360656,4.9627040983604545,1811.3869959015658,17006.360295142033,1417.1966912618361
7.237165038875427,125.42380053302898,128.3321965150191,0.0037053613539611,4.962704098360656,4.9627040983604545,1811.3869959015658,34813.10056315701,2901.0917135964173
7.460151409829477,125.33894817334968,36.708438962483136,0.0010315722554633,4.962704098360656,4.9627040983604545,1811.3869959015658,9958.019981118892,829.8349984265743
7.201959142446948,125.58777289745112,53.57796780659214,0.0013676381064395,4.962704098360656,4.9627040983604545,1811.3869959015658,14534.273018557657,1211.189418213138
7.094619832109122,125.61812043370422,329.5902673060343,0.0066587288611976,4.962704098360656,4.9627040983604545,1811.3869959015658,89409.04490027901,7450.753741689918
7.293288504799722,125.31734847534597,602.2226327376856,0.0341168555388994,4.962704098360656,4.9627040983604545,1811.3869959015658,163366.93085785836,13613.91090482153
7.014049988537274,125.60604162105672,52.11117179254636,0.0017904736179436,4.962704098360656,4.9627040983604545,1811.3869959015658,14136.370399189353,1178.0308665991126
7.441498410999104,125.40714758850594,228.469823808251,0.0045471871856744,4.962704098360656,4.9627040983604545,1811.3869959015658,61977.766826055646,5164.813902171304
7.078874874009173,125.3957851144554,170.3466013005303,0.0045480820101322,4.962704098360656,4.9627040983604545,1811.3869959015658,46210.487490357365,3850.8739575297805
7.222570954214025,125.3113523680094,59.55014023364787,0.0013789967572574,4.962704098360656,4.9627040983604545,1811.3869959015658,16154.364039592056,1346.197003299338
7.516030815326923,125.44752167967788,50.65071576658682,0.0013275875089244,4.962704098360656,4.9627040983604545,1811.3869959015658,13740.187649415819,1145.0156374513183
7.404683970342584,125.525617901351,46.88502170791073,0.001168933928085,4.962704098360656,4.9627040983604545,1811.3869959015658,12718.655333170993,1059.8879444309161
7.5560013936872945,125.41104183984883,27.15941956024919,0.0007781089972311,4.962704098360656,4.9627040983604545,1811.3869959015658,7367.62581849266,613.9688182077217
7.430286225898976,125.33551462162904,30.28266257507573,0.0008292944778063,4.962704098360656,4.9627040983604545,1811.3869959015658,8214.878309379535,684.5731924482947
7.019731247868999,125.57948718806496,93.6977182187686,0.0019350231111333,4.962704098360656,4.9627040983604545,1811.3869959015658,25417.690770270492,2118.140897522541
7.086491932539682,125.44215700592602,518.345358098301,0.0192919104111865,4.962704098360656,4.9627040983604545,1811.3869959015658,140613.26438692957,11717.772032244131
7.25750515845535,125.30649852573671,347.36713180964165,0.0050386734571464,4.962704098360656,4.9627040983604545,1811.3869959015658,94231.43389125423,7852.619490937853
7.473318068628738,125.35640328235216,29.06669669094895,0.0008752358425764,4.962704098360656,4.9627040983604545,1811.3869959015658,7885.019211234049,657.0849342695041
7.134283098230139,125.34518114498344,30.773929962237844,0.0010435316432225,4.962704098360656,4.9627040983604545,1811.3869959015658,8348.146042786348,695.6788368988623
7.043928327100023,125.33976042806438,21.97482359879272,0.0002990066762903,4.962704098360656,4.9627040983604545,1811.3869959015658,5961.183277283618,496.76527310696815
7.217373637532401,125.67024006245862,3086.6743371485272,0.1147502116684067,4.962704098360656,4.9627040983604545,1811.3869959015658,837332.3844129147,69777.69870107622
7.5061939216746625,125.32535371124696,166.89018722077623,0.0031457297320727,4.962704098360656,4.9627040983604545,1811.3869959015658,45272.854579723695,3772.7378816436412
6.9790210291629045,125.4090471252234,109.92553461111756,0.0032578490887547,5.225479234972678,5.225479234972666,1907.2999207650232,31398.82588684668,2616.56882390389
7.371456684865024,125.2952596657515,173.53170796352867,0.0061489736076238,4.962704098360656,4.9627040983604545,1811.3869959015658,47074.521938255,3922.8768281879165
7.093229367092368,125.59307534846542,119.80547555684458,0.0008195032023403,4.962704098360656,4.9627040983604545,1811.3869959015658,32500.028689909923,2708.3357241591602
7.104094806680765,125.6244775457615,39.66342792517193,0.0013194851215235,4.962704098360656,4.9627040983604545,1811.3869959015658,10759.629637266751,896.6358031055626
7.519674412698317,125.24182928144296,173.9469187978251,0.0018438781251536,4.962704098360656,4.9627040983604545,1811.3869959015658,47187.1575583239,3932.263129860325
7.358248064223138,125.36425462362357,97.92496444384426,0.0026986321395664,4.962704098360656,4.9627040983604545,1811.3869959015658,26564.429873435154,2213.7024894529295
7.039546986524665,125.5820740413434,660.4365540945815,0.0312610822858634,4.962704098360656,4.9627040983604545,1811.3869959015658,179158.81437117571,14929.901197597976
7.143195708159327,125.57698353091772,43.84517268060969,0.0011920491071793,4.962704098360656,4.9627040983604545,1811.3869959015658,11894.025405856839,991.1687838214033
7.284429655873915,125.45877212667564,111.59096461573871,0.0016298848461594,4.962704098360656,4.9627040983604545,1811.3869959015658,30271.651063439516,2522.63758861996
7.21286165057226,125.4970297282777,171.0762639781715,0.0065932354817523,4.962704098360656,4.9627040983604545,1811.3869959015658,46408.425504851904,3867.368792070992
7.434643618804628,125.33592202778888,30.526032237199,0.0008660448759024,4.962704098360656,4.9627040983604545,1811.3869959015658,8280.898004760713,690.0748337300594
7.296001075811004,125.54274902761304,163.2062306811464,0.0018700022679631,4.962704098360656,4.9627040983604545,1811.3869959015658,44273.49547135353,3689.4579559461276
7.472780090028868,125.3080116526386,34.82923411218502,0.0013193966640259,4.962704098360656,4.9627040983604545,1811.3869959015658,9448.24184898395,787.3534874153291
7.370789699871167,125.38643644828676,69.94672365429042,0.0024107489329402,4.962704098360656,4.9627040983604545,1811.3869959015658,18974.679704443326,1581.2233087036104
7.224081970041323,125.26258255753288,31.59146477905393,0.0007891559891741,4.962704098360656,4.9627040983604545,1811.3869959015658,8569.92142390335,714.1601186586125
7.140724971712449,125.63750272704895,65.89114664930307,0.0026051175987392,4.962704098360656,4.9627040983604545,1811.3869959015658,17874.50987995405,1489.5424899961708
7.204859632846398,125.59541944186924,53.57796780659214,0.0013676381064395,4.962704098360656,4.9627040983604545,1811.3869959015658,14534.273018557657,1211.189418213138
7.456515054522308,125.36210606670384,40.60046893683551,0.0013020544842726,4.962704098360656,4.9627040983604545,1811.3869959015658,11013.823860203072,917.8186550169227
7.35009348110742,125.37914930687816,49.797903775064064,0.0013577269061239,4.962704098360656,4.9627040983604545,1811.3869959015658,13508.842512119169,1125.7368760099307
7.495101853094152,125.53340105687526,85.08443703405864,0.003566724709536,4.962704098360656,4.9627040983604545,1811.3869959015658,23081.13741729361,1923.4281181078006
6.992073221081183,125.45528548495746,32.61622265509294,0.0016000653103266,5.225479234972678,5.225479234972666,1907.2999207650232,9316.407692324397,776.3673076936998
7.5181652285755165,125.38462604957024,25.99833176436132,0.0008135076350871,4.962704098360656,4.9627040983604545,1811.3869959015658,7052.653681347264,587.721140112272
7.2137284544440865,125.2324083787853,17.580052938865563,0.000486361873664,4.962704098360656,4.9627040983604545,1811.3869959015658,4768.9992650809545,397.4166054234129
7.123550810953777,125.5771527774948,544.9435887028876,0.0133330724213278,4.962704098360656,4.9627040983604545,1811.3869959015658,147828.654616233,12319.054551352749
7.09647105384494,125.64237842563608,117.32356561646375,0.0036008824311282,4.962704098360656,4.9627040983604545,1811.3869959015658,31826.752749113068,2652.2293957594225
7.462411220808077,125.4724013803136,241.8713140482579,0.0066515983828809,4.962704098360656,4.9627040983604545,1811.3869959015658,65613.23352958805,5467.769460799004
7.106098877184591,125.33543028641978,29.118146311129436,0.0007349379532846,4.962704098360656,4.9627040983604545,1811.3869959015658,7898.976120333395,658.2480100277829
7.248218786177653,125.44594702331614,208.00410996848268,0.0072099775557018,4.962704098360656,4.9627040983604545,1811.3869959015658,56425.964758074486,4702.163729839541
7.087123655915779,125.524748283179,191.6668986483592,0.0052556206111427,4.962704098360656,4.9627040983604545,1811.3869959015658,51994.11526080165,4332.842938400137
7.332065215043456,125.38524364700508,214.433436524103,0.0034569370887643,4.962704098360656,4.9627040983604545,1811.3869959015658,58170.06949571911,4847.505791309925
7.066076950500997,125.37689829486987,19.43185672893101,0.0005236894219914,4.962704098360656,4.9627040983604545,1811.3869959015658,5271.3442207307935,439.2786850608995
7.014673190601051,125.31915853785164,117.77483059295014,0.0024869388802586,4.962704098360656,4.9627040983604545,1811.3869959015658,31949.168895907635,2662.430741325636
7.002528005925289,125.27519744646214,41.97783797054488,0.0012318626912616,4.962704098360656,4.9627040983604545,1811.3869959015658,11387.467326030379,948.9556105025316
7.493581297398592,125.28115960012528,129.73503302808535,0.0035587441338497,4.962704098360656,4.9627040983604545,1811.3869959015658,35193.65267657251,2932.8043897143757
7.459258957738127,125.49587670052644,57.9325830705505,0.00115684934872,4.962704098360656,4.9627040983604545,1811.3869959015658,15715.563943320241,1309.6303286100201
7.529256775537081,125.5201790131166,63.317784074726006,0.0014386023320557,4.962704098360656,4.9627040983604545,1811.3869959015658,17176.42527977555,1431.3687733146292
7.295373962985928,125.52380265863805,65.31642244806318,0.0020307408233016,4.962704098360656,4.9627040983604545,1811.3869959015658,17718.60253980732,1476.5502116506102
7.259989390968155,125.38356514001828,393.24563518197226,0.0197651312452814,4.962704098360656,4.9627040983604545,1811.3869959015658,106677.0476574081,8889.753971450675
7.473650189503671,125.29898739211912,40.274048422546194,0.0011034858289112,4.962704098360656,4.9627040983604545,1811.3869959015658,10925.274684716143,910.4395570596786
7.055941382055268,125.3426262592178,21.97482359879272,0.0002990066762903,4.962704098360656,4.9627040983604545,1811.3869959015658,5961.183277283618,496.76527310696815
7.503205250089865,125.33574322640462,166.89018722077623,0.0031457297320727,4.962704098360656,4.9627040983604545,1811.3869959015658,45272.854579723695,3772.7378816436412
7.401856924248082,125.37595743385178,48.722733038741154,0.0012407010405213,4.962704098360656,4.9627040983604545,1811.3869959015658,13217.177380666419,1101.4314483888681
7.006711415043236,125.6283282142456,22.98765503856812,0.0006802228246805,4.962704098360656,4.9627040983604545,1811.3869959015658,6235.937421013258,519.6614517511049
7.156064356611996,125.58449964078196,140.28107430830926,0.0030503329018352,4.962704098360656,4.9627040983604545,1811.3869959015658,38054.51227067033,3171.2093558891943
7.403709267760647,125.32148470575636,24.77794238993984,0.0007016738827979,4.962704098360656,4.9627040983604545,1811.3869959015658,6721.594608318998,560.1328840265832
7.147849546177995,125.65393274377476,77.02066329688054,0.0020044875632654,4.962704098360656,4.9627040983604545,1811.3869959015658,20893.650772053563,1741.137564337797
7.144481389961042,125.49040615826344,733.1355992842255,0.047857136480177,4.962704098360656,4.9627040983604545,1811.3869959015658,198880.12546660588,16573.343788883823
7.360161511879179,125.4834287971998,142.90148076293264,0.0037478895692459,4.962704098360656,4.9627040983604545,1811.3869959015658,38765.35862021032,3230.4465516841933
7.361255632041924,125.5103104172687,86.11160804087407,0.0026358843240371,4.962704098360656,4.9627040983604545,1811.3869959015658,23359.781502931462,1946.6484585776218
7.406722700458161,125.28237669253905,38.62350193055752,0.0006851580696904,4.962704098360656,4.9627040983604545,1811.3869959015658,10477.52546378667,873.1271219822224
7.399608227558568,125.5412039903208,25.71234528095011,0.0005536165014717,4.962704098360656,4.9627040983604545,1811.3869959015658,6975.073179516354,581.2560982930295
7.246469196662407,125.2531165148628,31.59146477905393,0.0007891559891741,4.962704098360656,4.9627040983604545,1811.3869959015658,8569.92142390335,714.1601186586125
7.012536118404329,125.41376633101343,76.91343194834079,0.002556468337147,4.962704098360656,4.9627040983604545,1811.3869959015658,20864.56176850175,1738.7134807084792
7.242652102502685,125.32424029190234,347.36713180964165,0.0050386734571464,4.962704098360656,4.9627040983604545,1811.3869959015658,94231.43389125423,7852.619490937853
7.110201503334628,125.57389174918308,152.2686269830847,0.0040294819061673,4.962704098360656,4.9627040983604545,1811.3869959015658,41306.41544154965,3442.201286795804
7.358769685746601,125.45700684857864,181.765845776919,0.0078582138041912,4.962704098360656,4.9627040983604545,1811.3869959015658,49308.22381146265,4109.018650955221
7.275683431428298,125.66264903080578,275.1356092215675,0.0066852095202332,4.962704098360656,4.9627040983604545,1811.3869959015658,74636.94920249353,6219.745766874461
7.347257476155156,125.47113752405484,157.49614980779234,0.0052436685568576,4.962704098360656,4.9627040983604545,1811.3869959015658,42724.50289532006,3560.3752412766717
7.002882549881591,125.57130612988432,65.64001609436082,0.0017079059427401,4.962704098360656,4.9627040983604545,1811.3869959015658,17806.38486143882,1483.8654051199017
7.269044035360295,125.464917033165,269.653502765591,0.008338010236714,4.962704098360656,4.9627040983604545,1811.3869959015658,73149.80000274064,6095.8166668950535
7.276783826598134,125.6596344304843,275.1356092215675,0.0066852095202332,4.962704098360656,4.9627040983604545,1811.3869959015658,74636.94920249353,6219.745766874461
7.581239706012322,125.44219975240868,12.651785179958049,0.0003383281495767,4.962704098360656,4.9627040983604545,1811.3869959015658,3432.091725491445,286.00764379095375
7.073709386051673,125.4336896533265,499.7350210085824,0.0026425544647347,4.962704098360656,4.9627040983604545,1811.3869959015658,135564.77652330295,11297.064710275246
7.0180420304593465,125.32162559309636,117.77483059295014,0.0024869388802586,4.962704098360656,4.9627040983604545,1811.3869959015658,31949.168895907635,2662.430741325636
7.363264697580567,125.29786075550535,507.5370546192472,0.0094401453687909,4.962704098360656,4.9627040983604545,1811.3869959015658,137681.26005636094,11473.438338030079
7.372957864833626,125.37405680146595,11.564326124135269,0.0003316352506741,4.962704098360656,4.9627040983604545,1811.3869959015658,3137.093100853678,261.42442507113986
7.4496619003823135,125.4153123122848,228.469823808251,0.0045471871856744,4.962704098360656,4.9627040983604545,1811.3869959015658,61977.766826055646,5164.813902171304
7.44735593809185,125.45749384831385,40.587195528924525,0.0010071933441667,4.962704098360656,4.9627040983604545,1811.3869959015658,11010.223138817719,917.5185949014766
7.142570507639928,125.32499697868846,38.61756338142857,0.0010162562884047,4.962704098360656,4.9627040983604545,1811.3869959015658,10475.914493869224,872.9928744891021
7.12696679029108,125.33770040943602,62.69087027861875,0.0016296842964133,4.962704098360656,4.9627040983604545,1811.3869959015658,17006.360295142033,1417.1966912618361
7.514833063651027,125.52407108370824,43.92260725760191,0.0005931592644614,4.962704098360656,4.9627040983604545,1811.3869959015658,11915.031340369775,992.9192783641479
7.49720757516636,125.47108198170096,99.38240101259254,0.0026737465823923,4.962704098360656,4.9627040983604545,1811.3869959015658,26959.793525036945,2246.6494604197455
7.241902748993344,125.36300854363894,22.984669621182103,0.00105261087967,4.962704098360656,4.9627040983604545,1811.3869959015658,6235.1275569377985,519.5939630781498
7.164628870767882,125.34666773405986,43.24198674267351,0.0011809492922472,4.962704098360656,4.9627040983604545,1811.3869959015658,11730.397156002979,977.5330963335815
7.320481878310702,125.48007026412068,88.39126889263116,0.0021399350978635,4.962704098360656,4.9627040983604545,1811.3869959015658,23978.192662696998,1998.1827218914166
7.369780718110237,125.46003246537042,181.765845776919,0.0078582138041912,4.962704098360656,4.9627040983604545,1811.3869959015658,49308.22381146265,4109.018650955221
7.442861470557901,125.41342480163004,228.469823808251,0.0045471871856744,4.962704098360656,4.9627040983604545,1811.3869959015658,61977.766826055646,5164.813902171304
7.171012285587499,125.37756344525884,41.81428257779331,0.0011899478642595,4.962704098360656,4.9627040983604545,1811.3869959015658,11343.099112206184,945.2582593505153
7.246107700509139,125.62550395478078,174.1004634625005,0.0048201691132643,4.962704098360656,4.9627040983604545,1811.3869959015658,47228.81012874223,3935.734177395186
7.449465756919273,125.32687803731343,30.526032237199,0.0008660448759024,4.962704098360656,4.9627040983604545,1811.3869959015658,8280.898004760713,690.0748337300594
6.969952312871191,125.48328277749648,881.4189563732999,0.0358059119183553,5.225479234972678,5.225479234972666,1907.2999207650232,251766.0745743813,20980.506214531775
7.071187037742268,125.3693198142062,36.99745728818641,0.0010034805693411,4.962704098360656,4.9627040983604545,1811.3869959015658,10036.422940863493,836.368578405291
7.134865546006075,125.53215029822223,105.24546223375565,0.0044625900124555,4.962704098360656,4.9627040983604545,1811.3869959015658,28550.285587380866,2379.1904656150723
6.970320915767122,125.49658990824652,308.59291084069565,0.0044801193078043,5.225479234972678,5.225479234972666,1907.2999207650232,88145.62614301118,7345.468845250932
7.057153228934753,125.62467483456112,69.88507999441514,0.0021160258230415,4.962704098360656,4.9627040983604545,1811.3869959015658,18957.95742438738,1579.829785365615
7.24507206139374,125.50850277011894,41.368963064049325,0.0007422204405337,4.962704098360656,4.9627040983604545,1811.3869959015658,11222.295810807915,935.1913175673262
7.00284799646195,125.42998475242648,454.0878349061666,0.0291597484541713,4.962704098360656,4.9627040983604545,1811.3869959015658,123181.91296012403,10265.159413343668
7.087939194204804,125.28955144182284,109.35345841366784,0.0031308914511179,4.962704098360656,4.9627040983604545,1811.3869959015658,29664.675335300515,2472.0562779417096
7.42703932810746,125.5341230867031,24.42101144243497,0.0008171841591059,4.962704098360656,4.9627040983604545,1811.3869959015658,6624.768766425645,552.0640638688037
7.575359923161613,125.50507863601928,20.0428417666968,0.0005516681694458,4.962704098360656,4.9627040983604545,1811.3869959015658,5437.088158261196,453.0906798550997
7.151261619858764,125.45454619006884,244.61985355657148,0.0096320266440539,4.962704098360656,4.9627040983604545,1811.3869959015658,66358.83895755664,5529.903246463054
7.18984327760502,125.44647414898336,86.70214024919653,0.0028676210109051,4.962704098360656,4.9627040983604545,1811.3869959015658,23519.977133586835,1959.9980944655697
7.41833004314549,125.38651405722382,48.59890258313088,0.0015324012820986,4.962704098360656,4.9627040983604545,1811.3869959015658,13183.585482288543,1098.6321235240453
7.352718625975116,125.52646055455791,80.58210834881298,0.0022308935962433,4.962704098360656,4.9627040983604545,1811.3869959015658,21859.775782845936,1821.647981903828
7.0229854694918,125.5589279198069,28.84127345124689,0.0008138882352185,4.962704098360656,4.9627040983604545,1811.3869959015658,7823.867901382494,651.9889917818745
7.348172736510418,125.44541400419835,66.98530784666394,0.0019304330057954,4.962704098360656,4.9627040983604545,1811.3869959015658,18171.326616754548,1514.277218062879
7.251701961523415,125.32482655450892,347.36713180964165,0.0050386734571464,4.962704098360656,4.9627040983604545,1811.3869959015658,94231.43389125423,7852.619490937853
7.070969797398517,125.41611407445136,18.035296290100035,0.00084270116429,4.962704098360656,4.9627040983604545,1811.3869959015658,4892.494638787735,407.7078865656446
7.006978701418151,125.481528574109,99.04394742820726,0.0031113121448539,4.962704098360656,4.9627040983604545,1811.3869959015658,26867.98009871734,2238.9983415597785
7.227251094082527,125.5124213178809,74.86169947199812,0.0020986507437864,4.962704098360656,4.9627040983604545,1811.3869959015658,20307.981495060758,1692.331791255063
7.055972713291808,125.49184888436028,119.96000051983594,0.0030341007026877,4.962704098360656,4.9627040983604545,1811.3869959015658,32541.94718910359,2711.828932425299
7.0049397650838365,125.5723875801892,65.64001609436082,0.0017079059427401,4.962704098360656,4.9627040983604545,1811.3869959015658,17806.38486143882,1483.8654051199017
7.287387501453912,125.44418921168476,219.1900597179561,0.0078794056393475,4.962704098360656,4.9627040983604545,1811.3869959015658,59460.41444488604,4955.034537073837
7.195898871103617,125.5692003574975,84.47746059841938,0.0021968269122317,4.962704098360656,4.9627040983604545,1811.3869959015658,22916.480906556626,1909.7067422130522
7.098845155694881,125.30143014197508,109.35345841366784,0.0031308914511179,4.962704098360656,4.9627040983604545,1811.3869959015658,29664.675335300515,2472.0562779417096
7.568487334520309,125.44009034183186,46.537748858327575,0.0017527741481453,4.962704098360656,4.9627040983604545,1811.3869959015658,12624.449475532005,1052.0374562943337
7.0960286594903295,125.56969044937816,195.3542169100436,0.0064433196422234,4.962704098360656,4.9627040983604545,1811.3869959015658,52994.38631466272,4416.198859555227
7.201882821998877,125.62983968253442,34.456832860585216,0.0009587989960701,4.962704098360656,4.9627040983604545,1811.3869959015658,9347.219326391405,778.9349438659505
7.113213964164854,125.62608010298136,59.192644097594965,0.0016712430756344,4.962704098360656,4.9627040983604545,1811.3869959015658,16057.384877126826,1338.1154064272355
7.558160300330938,125.51430321427011,7.887337573146314,0.0001321521532973,4.962704098360656,4.9627040983604545,1811.3869959015658,2139.6242218715092,178.30201848929244
7.4063239342971,125.3412786857329,29.79329351723079,0.0008531444080999,4.962704098360656,4.9627040983604545,1811.3869959015658,8082.125542062416,673.5104618385346
7.394156312147631,125.25999005078556,206.6644059406605,0.0077631740028677,4.962704098360656,4.9627040983604545,1811.3869959015658,56062.53880331042,4671.878233609202
7.002488993959043,125.38053027590672,64.36054177089046,0.0014202455264054,4.962704098360656,4.9627040983604545,1811.3869959015658,17459.297618326465,1454.9414681938722
7.445847299297044,125.44554981507046,40.587195528924525,0.0010071933441667,4.962704098360656,4.9627040983604545,1811.3869959015658,11010.223138817719,917.5185949014766
7.173850891391359,125.35433748753287,130.348660660095,0.0030525965645899,4.962704098360656,4.9627040983604545,1811.3869959015658,35360.11347940763,2946.676123283969
7.246177305781527,125.6217683747963,174.1004634625005,0.0048201691132643,4.962704098360656,4.9627040983604545,1811.3869959015658,47228.81012874223,3935.734177395186
7.048216149863402,125.4522448597589,97.71011264739828,0.0016641978950971,4.962704098360656,4.9627040983604545,1811.3869959015658,26506.14631405594,2208.8455261713284
7.402820949964592,125.29082265464668,75.21923680334058,0.0019940539549058,4.962704098360656,4.9627040983604545,1811.3869959015658,20404.97183270881,1700.4143193924008
7.242726673363743,125.28463456387956,359.0068693872487,0.0066737312555985,4.962704098360656,4.9627040983604545,1811.3869959015658,97388.98410719377,8115.7486755994805
7.295212438513857,125.41631716349757,27.142462515253115,0.0013001489651395,4.962704098360656,4.9627040983604545,1811.3869959015658,7363.02582465843,613.5854853882025
7.19897104729973,125.51225315122092,104.19782367724775,0.0028350229322056,4.962704098360656,4.9627040983604545,1811.3869959015658,28266.089201657178,2355.5074334714313
7.026798058163011,125.52997392859972,230.24811737393017,0.0071345313789306,4.962704098360656,4.9627040983604545,1811.3869959015658,62460.17041933911,5205.014201611592
7.212192667489842,125.43655329182153,194.1099875378274,0.0042139710214932,4.962704098360656,4.9627040983604545,1811.3869959015658,52656.86008636718,4388.071673863932
7.201647101616644,125.60621515023529,1904.193789601532,0.0579416983390479,4.962704098360656,4.9627040983604545,1811.3869959015658,516556.964575752,43046.413714646
7.341748110655647,125.47199296279646,157.49614980779234,0.0052436685568576,4.962704098360656,4.9627040983604545,1811.3869959015658,42724.50289532006,3560.3752412766717
7.229866656845037,125.38297399960273,269.2002761892944,0.0062231184193498,4.962704098360656,4.9627040983604545,1811.3869959015658,73026.8517262599,6085.570977188326
7.46471764916248,125.26569017700808,485.9863886496265,0.0119483903931263,4.962704098360656,4.9627040983604545,1811.3869959015658,131835.13942586427,10986.261618822022
7.452390813758662,125.50601192033896,30.465006984971744,0.0007663220008181,4.962704098360656,4.9627040983604545,1811.3869959015658,8264.3434821984,688.6952901832
7.467793443304464,125.3541865030547,29.06669669094895,0.0008752358425764,4.962704098360656,4.9627040983604545,1811.3869959015658,7885.019211234049,657.0849342695041
7.55977915806996,125.52087109999964,7.887337573146314,0.0001321521532973,4.962704098360656,4.9627040983604545,1811.3869959015658,2139.6242218715092,178.30201848929244
7.311524379102545,125.43098531803918,107.79388560240994,0.0039542562307061,4.962704098360656,4.9627040983604545,1811.3869959015658,29241.604846457663,2436.800403871472
7.1746556957580765,125.28797050683016,28.838542454246475,0.0007669869483314,4.962704098360656,4.9627040983604545,1811.3869959015658,7823.127054768825,651.9272545640687
7.503584912590579,125.43461598997813,37.28312676679267,0.0010967076645023,4.962704098360656,4.9627040983604545,1811.3869959015658,10113.917447749616,842.8264539791347
7.2678792745532546,125.3729359229632,393.24563518197226,0.0197651312452814,4.962704098360656,4.9627040983604545,1811.3869959015658,106677.0476574081,8889.753971450675
6.989807168959068,125.28038227551662,41.97783797054488,0.0012318626912616,5.225479234972678,5.225479234972666,1907.2999207650232,11990.433616777662,999.2028013981385
7.128875321655694,125.67101615714196,500.9044047296306,0.0220152131707182,4.962704098360656,4.9627040983604545,1811.3869959015658,135881.99912358006,11323.499926965005
7.015128143234316,125.45934235934172,270.16164373344463,0.0039138653874871,4.962704098360656,4.9627040983604545,1811.3869959015658,73287.64508834298,6107.303757361915
7.560391642648229,125.42077811258837,27.15941956024919,0.0007781089972311,4.962704098360656,4.9627040983604545,1811.3869959015658,7367.62581849266,613.9688182077217
7.283954366351415,125.3417302928246,97.53500742968475,0.0019866644148867,4.962704098360656,4.9627040983604545,1811.3869959015658,26458.64494090925,2204.887078409104
7.247387391956146,125.62982513062563,36141.5904138944,0.8854017914499345,4.962704098360656,4.9627040983604545,1811.3869959015658,9804249.095386488,817020.757948874
7.511913065113051,125.35163491513396,166.89018722077623,0.0031457297320727,4.962704098360656,4.9627040983604545,1811.3869959015658,45272.854579723695,3772.7378816436412
7.300959217517058,125.40458402500605,60.62219109103389,0.0020091543919951,4.962704098360656,4.9627040983604545,1811.3869959015658,16445.1828311385,1370.431902594875
7.086245713628064,125.40551840608336,179.14657055271715,0.0016786337509614,4.962704098360656,4.9627040983604545,1811.3869959015658,48597.68433455084,4049.8070278792366
7.073993272867395,125.54373848710549,136.5761099836842,0.0043750394187109,4.962704098360656,4.9627040983604545,1811.3869959015658,37049.454310792076,3087.45452589934
7.127359201587558,125.54123391560448,235.64702161224653,0.0018632714948785,4.962704098360656,4.9627040983604545,1811.3869959015658,63924.74907756667,5327.0624231305555
7.182824102457103,125.38795542576732,513.6116033893229,0.0063907758707021,4.962704098360656,4.9627040983604545,1811.3869959015658,139329.12304749817,11610.76025395818
7.510060032111338,125.39087191900713,25.99833176436132,0.0008135076350871,4.962704098360656,4.9627040983604545,1811.3869959015658,7052.653681347264,587.721140112272
7.0951108443582935,125.49190099273902,435.899237777743,0.0136877737238428,4.962704098360656,4.9627040983604545,1811.3869959015658,118247.83189450107,9853.985991208423
7.178789952693805,125.64927803721676,634.3723907575767,0.0127802584395597,4.962704098360656,4.9627040983604545,1811.3869959015658,172088.3023407866,14340.691861732217
7.041144025165786,125.57590826760698,71.91410937205575,0.0016836659258049,4.962704098360656,4.9627040983604545,1811.3869959015658,19508.378952948497,1625.6982460790414
7.417647878498715,125.50848635103269,25.124135650795115,0.0005981533527804,4.962704098360656,4.9627040983604545,1811.3869959015658,6815.507602343311,567.9589668619426
7.061998758839405,125.38139467024372,19.43185672893101,0.0005236894219914,4.962704098360656,4.9627040983604545,1811.3869959015658,5271.3442207307935,439.2786850608995
7.302600404444663,125.46658595186628,364.5650717092,0.0028843011640726,4.962704098360656,4.9627040983604545,1811.3869959015658,98896.77608488206,8241.398007073505
7.354475952760715,125.3029193563768,43.98844146938451,0.0011998915087905,4.962704098360656,4.9627040983604545,1811.3869959015658,11932.890405339613,994.4075337783011
7.081541622840903,125.35157133837966,75.8432412079307,0.0026996287254883,4.962704098360656,4.9627040983604545,1811.3869959015658,20574.24757705646,1714.5206314213717
7.206408615052961,125.39917960548782,191.93724009530672,0.0043606948181437,4.962704098360656,4.9627040983604545,1811.3869959015658,52067.451681704195,4338.954306808683
7.1692239063365735,125.38018102601173,41.81428257779331,0.0011899478642595,4.962704098360656,4.9627040983604545,1811.3869959015658,11343.099112206184,945.2582593505153
7.447717288653823,125.31452660342936,29.34858627631075,0.0006211372454783,4.962704098360656,4.9627040983604545,1811.3869959015658,7961.488333943707,663.4573611619757
7.30167412707881,125.45941691304236,364.5650717092,0.0028843011640726,4.962704098360656,4.9627040983604545,1811.3869959015658,98896.77608488206,8241.398007073505
7.458948608489835,125.36846617550536,40.60046893683551,0.0013020544842726,4.962704098360656,4.9627040983604545,1811.3869959015658,11013.823860203072,917.8186550169227
7.238356152363955,125.6470782444346,178.99003567502874,0.0047747251577452,4.962704098360656,4.9627040983604545,1811.3869959015658,48555.22059913141,4046.268383260951
7.016797015745469,125.58692945664671,93.6977182187686,0.0019350231111333,4.962704098360656,4.9627040983604545,1811.3869959015658,25417.690770270492,2118.140897522541
6.978412108722246,125.5323214141823,133.83919514728333,0.0038133544894408,5.225479234972678,5.225479234972666,1907.2999207650232,38229.45778823828,3185.7881490198565
7.512812757880852,125.50650950316728,16.385285429165638,0.0004484718079086,4.962704098360656,4.9627040983604545,1811.3869959015658,4444.89072027078,370.40756002256495
6.983789719567273,125.4162326333819,275.7084437077741,0.00785629476265,5.225479234972678,5.225479234972666,1907.2999207650232,78752.59783943168,6562.716486619306
7.128488197239462,125.43255761131776,96.75359653107368,0.0037376317720505,4.962704098360656,4.9627040983604545,1811.3869959015658,26246.669014888917,2187.2224179074096
7.23234969563088,125.40594875436804,64.76455934309413,0.0012624316667841,4.962704098360656,4.9627040983604545,1811.3869959015658,17568.896805064946,1464.0747337554121
7.131818950101517,125.63936007796885,121.57640384239696,0.0032508143638508,4.962704098360656,4.9627040983604545,1811.3869959015658,32980.43427922639,2748.369523268866
7.232913750998279,125.64623344951583,376.9834691138741,0.0048061147460519,4.962704098360656,4.9627040983604545,1811.3869959015658,102265.55593454023,8522.129661211686
7.282633637808936,125.37480946958335,34.408133958172385,0.0009392982805123,4.962704098360656,4.9627040983604545,1811.3869959015658,9334.008613623664,777.8340511353053
7.123394713815308,125.4179427827235,193.86794878148712,0.0048190922889827,4.962704098360656,4.9627040983604545,1811.3869959015658,52591.20143021171,4382.600119184309
7.0548177225208,125.45867831060258,194.90182771182492,0.0005059382087944,4.962704098360656,4.9627040983604545,1811.3869959015658,52871.665196510345,4405.972099709195
7.323738143598965,125.38637854530567,214.433436524103,0.0034569370887643,4.962704098360656,4.9627040983604545,1811.3869959015658,58170.06949571911,4847.505791309925
7.491410234314529,125.41586368618916,228.469823808251,0.0045471871856744,4.962704098360656,4.9627040983604545,1811.3869959015658,61977.766826055646,5164.813902171304
7.048518179201591,125.61956440322436,41.93983534952473,0.0013209499989257,4.962704098360656,4.9627040983604545,1811.3869959015658,11377.158228990314,948.0965190825262
7.066625078705999,125.47008362297277,160.45947921469647,0.0045814085509784,4.962704098360656,4.9627040983604545,1811.3869959015658,43528.37509143135,3627.3645909526126
7.322485864655231,125.27283560761605,69.58041270433492,0.0016482590098712,4.962704098360656,4.9627040983604545,1811.3869959015658,18875.309318176354,1572.942443181363
6.994436785929112,125.56340488051548,65.64001609436082,0.0017079059427401,5.225479234972678,5.225479234972666,1907.2999207650232,18749.232776969395,1562.4360647474496
7.486206319915743,125.50432528838016,71.84685863470258,0.0020543100289592,4.962704098360656,4.9627040983604545,1811.3869959015658,19490.13562238921,1624.1779685324343
7.386835015804495,125.34159674317736,36.94326946917393,0.0008701475668533,4.962704098360656,4.9627040983604545,1811.3869959015658,10021.723231485737,835.1436026238115
7.077015763352868,125.64670607513898,33.01914479452608,0.0007546894804249,4.962704098360656,4.9627040983604545,1811.3869959015658,8957.21291661013,746.4344097175108
7.337928153665515,125.37263119397964,81.30777061325696,0.0023047116322638,4.962704098360656,4.9627040983604545,1811.3869959015658,22056.628591985067,1838.0523826654223
7.160645212809575,125.67201203838678,119.06393785351642,0.0045254424097664,4.962704098360656,4.9627040983604545,1811.3869959015658,32298.86929781369,2691.572441484474
7.250114269079972,125.387930032198,68.6218456503959,0.0020547770542951,4.962704098360656,4.9627040983604545,1811.3869959015658,18615.27565436072,1551.2729711967268
7.079660088577463,125.41718424054832,170.3466013005303,0.0045480820101322,4.962704098360656,4.9627040983604545,1811.3869959015658,46210.487490357365,3850.8739575297805
7.120754340489055,125.64845509023824,169.86174408046116,0.0057387016816872,4.962704098360656,4.9627040983604545,1811.3869959015658,46078.95866423723,3839.9132220197694
6.999832973912498,125.55584244023926,65.64001609436082,0.0017079059427401,5.225479234972678,5.225479234972666,1907.2999207650232,18749.232776969395,1562.4360647474496
7.381985830798447,125.3801849189302,69.94672365429042,0.0024107489329402,4.962704098360656,4.9627040983604545,1811.3869959015658,18974.679704443326,1581.2233087036104
7.164181238865596,125.28304370524909,28.838542454246475,0.0007669869483314,4.962704098360656,4.9627040983604545,1811.3869959015658,7823.127054768825,651.9272545640687
7.305148618742523,125.39425084517936,39.98330632701681,0.0011061111952605,4.962704098360656,4.9627040983604545,1811.3869959015658,10846.40411221392,903.86700935116
6.995594478223585,125.35997093813371,41.97783797054488,0.0012318626912616,5.225479234972678,5.225479234972666,1907.2999207650232,11990.433616777662,999.2028013981385
7.121560938357643,125.3945070567098,205.1405983752912,0.0056001776982733,4.962704098360656,4.9627040983604545,1811.3869959015658,55649.17047133542,4637.430872611285
7.08415152662115,125.40268087759686,170.3466013005303,0.0045480820101322,4.962704098360656,4.9627040983604545,1811.3869959015658,46210.487490357365,3850.8739575297805
7.363468097193057,125.34319822979256,47.5985964895131,0.0013977062187452,4.962704098360656,4.9627040983604545,1811.3869959015658,12912.229130751468,1076.019094229289
7.180565329683629,125.40375161063284,337.04623202851417,0.0048078546224883,4.962704098360656,4.9627040983604545,1811.3869959015658,91431.6491782995,7619.304098191625
7.457598189121724,125.47365452282716,241.8713140482579,0.0066515983828809,4.962704098360656,4.9627040983604545,1811.3869959015658,65613.23352958805,5467.769460799004
7.337853138308241,125.39929808114758,136.6832622954209,0.0036955587604735,4.962704098360656,4.9627040983604545,1811.3869959015658,37078.52187376819,3089.876822814016
7.2349455900541475,125.24575372064425,378.368650394622,0.0074835146090126,4.962704098360656,4.9627040983604545,1811.3869959015658,102641.31865453103,8553.443221210919
7.0164816742691,125.43743046934416,103.95729375345168,0.0019452653373086,4.962704098360656,4.9627040983604545,1811.3869959015658,28200.839851510027,2350.0699876258354
7.038423552312188,125.4871330490143,251.96543187960648,0.0054936811462557,4.962704098360656,4.9627040983604545,1811.3869959015658,68351.49835090252,5695.9581959085435
7.354040672985397,125.5192370785065,28.118700436160665,0.0007926486780615,4.962704098360656,4.9627040983604545,1811.3869959015658,7627.8531231621555,635.6544269301796
7.096694848216325,125.48434230120093,60.46656328295216,0.0010845722895254,4.962704098360656,4.9627040983604545,1811.3869959015658,16402.965159499574,1366.913763291631
7.078399253351248,125.4191318094779,170.3466013005303,0.0045480820101322,4.962704098360656,4.9627040983604545,1811.3869959015658,46210.487490357365,3850.8739575297805
7.413372641063526,125.38018864464786,49.80585876670349,0.0013411204160204,4.962704098360656,4.9627040983604545,1811.3869959015658,13511.000489083974,1125.9167074236645
7.016999712039564,125.3156034283464,117.77483059295014,0.0024869388802586,4.962704098360656,4.9627040983604545,1811.3869959015658,31949.168895907635,2662.430741325636
7.14609068932089,125.31341422825147,38.61756338142857,0.0010162562884047,4.962704098360656,4.9627040983604545,1811.3869959015658,10475.914493869224,872.9928744891021
7.1560403343642935,125.51039991847377,767.8886473734274,0.0125395570073226,4.962704098360656,4.9627040983604545,1811.3869959015658,208307.70008046378,17358.975006705314
6.984255648345918,125.56697375172264,65.64001609436082,0.0017079059427401,5.225479234972678,5.225479234972666,1907.2999207650232,18749.232776969395,1562.4360647474496
7.271937063204325,125.4437918673599,227.32068153255776,0.0060061551898153,4.962704098360656,4.9627040983604545,1811.3869959015658,61666.03518979084,5138.836265815903
7.167093129249299,125.42676417502992,56.0909810594018,0.0016942993820182,4.962704098360656,4.9627040983604545,1811.3869959015658,15215.986458071411,1267.998871505951
7.2362785926888415,125.46780748923764,27.54978111013737,0.000753486352254,4.962704098360656,4.9627040983604545,1811.3869959015658,7473.520490767335,622.7933742306112
7.539614403808247,125.50447485087048,31.30902447918925,0.0008740529188306,4.962704098360656,4.9627040983604545,1811.3869959015658,8493.30290704405,707.7752422536709
7.073593607682846,125.40208721672872,170.3466013005303,0.0045480820101322,4.962704098360656,4.9627040983604545,1811.3869959015658,46210.487490357365,3850.8739575297805
7.142947659522664,125.38646992438382,140.85170804634058,0.0020105881636922,4.962704098360656,4.9627040983604545,1811.3869959015658,38209.309977296434,3184.109164774703
7.452541508308432,125.30130052721732,29.34858627631075,0.0006211372454783,4.962704098360656,4.9627040983604545,1811.3869959015658,7961.488333943707,663.4573611619757
7.553337198052669,125.45561337215388,75.39725970040838,0.0014108436119272,4.962704098360656,4.9627040983604545,1811.3869959015658,20453.264694410438,1704.4387245342032
7.008356586980532,125.41100307823,76.91343194834079,0.002556468337147,4.962704098360656,4.9627040983604545,1811.3869959015658,20864.56176850175,1738.7134807084792
7.0849038743727535,125.31780962925268,109.35345841366784,0.0031308914511179,4.962704098360656,4.9627040983604545,1811.3869959015658,29664.675335300515,2472.0562779417096
7.279701571126069,125.49271154149204,315.03239565895984,0.0129664323355993,4.962704098360656,4.9627040983604545,1811.3869959015658,85459.88277730526,7121.656898108772
7.200931021980404,125.4959717003904,1900.7135914320784,0.035315915044556,4.962704098360656,4.9627040983604545,1811.3869959015658,515612.8796762255,42967.73997301879
7.046229450502366,125.61410931203528,82.57187653851352,0.0029067485737103,4.962704098360656,4.9627040983604545,1811.3869959015658,22399.546798744577,1866.6288998953814
7.404268167488259,125.42305024108792,73.35406427475853,0.0010229822571124,4.962704098360656,4.9627040983604545,1811.3869959015658,19899.000295024067,1658.250024585339
7.19627761321513,125.63400038052713,89.16842740655164,0.0012616346769851,4.962704098360656,4.9627040983604545,1811.3869959015658,24189.015030219252,2015.751252518271
7.00112192277958,125.4898842519148,77.06330641498778,0.0024860525566153,4.962704098360656,4.9627040983604545,1811.3869959015658,20905.21871212868,1742.1015593440568
7.001120764868837,125.29927754342424,41.97783797054488,0.0012318626912616,4.962704098360656,4.9627040983604545,1811.3869959015658,11387.467326030379,948.9556105025316
7.143328933140394,125.56668552271664,43.84517268060969,0.0011920491071793,4.962704098360656,4.9627040983604545,1811.3869959015658,11894.025405856839,991.1687838214033
6.99934097961353,125.5647020781647,65.64001609436082,0.0017079059427401,5.225479234972678,5.225479234972666,1907.2999207650232,18749.232776969395,1562.4360647474496
7.312359439389589,125.33015645663768,132.76640719825255,0.0039309172694209,4.962704098360656,4.9627040983604545,1811.3869959015658,36015.98360128505,3001.331966773754
7.472970592087338,125.42201984283123,228.469823808251,0.0045471871856744,4.962704098360656,4.9627040983604545,1811.3869959015658,61977.766826055646,5164.813902171304
7.281431121718362,125.45206889874126,227.32068153255776,0.0060061551898153,4.962704098360656,4.9627040983604545,1811.3869959015658,61666.03518979084,5138.836265815903
6.989825522273277,125.615999702712,93.6977182187686,0.0019350231111333,5.225479234972678,5.225479234972666,1907.2999207650232,26763.557264049836,2230.2964386708195
7.531958886170156,125.44667359624424,17.414719677638455,0.000471773646644,4.962704098360656,4.9627040983604545,1811.3869959015658,4724.148762979089,393.67906358159075
7.401314358870716,125.53663031441724,25.71234528095011,0.0005536165014717,4.962704098360656,4.9627040983604545,1811.3869959015658,6975.073179516354,581.2560982930295
7.228109312844176,125.34387970053167,201.10272402579864,0.0065956523190665,4.962704098360656,4.9627040983604545,1811.3869959015658,54553.80290491319,4546.150242076099
7.294931022660234,125.3934052578487,52.2547424055079,0.0016700609037783,4.962704098360656,4.9627040983604545,1811.3869959015658,14175.31727552026,1181.2764396266882
7.168557737075168,125.43927772464392,65.265909807132,0.0017382879641686,4.962704098360656,4.9627040983604545,1811.3869959015658,17704.89980817643,1475.4083173480358
7.119159800028768,125.36410133484668,32.49785229895129,0.0009576584253378,4.962704098360656,4.9627040983604545,1811.3869959015658,8815.800172465753,734.6500143721461
7.053609329984762,125.39266963571932,251.92004597557752,0.0046588568395913,4.962704098360656,4.9627040983604545,1811.3869959015658,68339.18636619396,5694.932197182829
7.40692982991062,125.28175639080224,38.62350193055752,0.0006851580696904,4.962704098360656,4.9627040983604545,1811.3869959015658,10477.52546378667,873.1271219822224
7.110509143255096,125.62413497245134,46.60107629414986,0.0012608928349064,4.962704098360656,4.9627040983604545,1811.3869959015658,12641.628519073352,1053.4690432561126
7.451356208511793,125.2402534759164,40.74935278858621,0.0012725246800196,4.962704098360656,4.9627040983604545,1811.3869959015658,11054.212076441703,921.1843397034753
7.002890234694283,125.576368727345,65.64001609436082,0.0017079059427401,4.962704098360656,4.9627040983604545,1811.3869959015658,17806.38486143882,1483.8654051199017
7.447344333083449,125.50158042394256,30.465006984971744,0.0007663220008181,4.962704098360656,4.9627040983604545,1811.3869959015658,8264.3434821984,688.6952901832
7.079300258647764,125.34114603427516,21.97482359879272,0.0002990066762903,4.962704098360656,4.9627040983604545,1811.3869959015658,5961.183277283618,496.76527310696815
7.316895033173844,125.27702725558672,15.134142288459191,0.0004875024616092,4.962704098360656,4.9627040983604545,1811.3869959015658,4105.488971067336,342.124080922278
7.47085639717375,125.50364860112144,66.58172420462257,0.0017223334380791,4.962704098360656,4.9627040983604545,1811.3869959015658,18061.84514369033,1505.1537619741941
7.116830515075202,125.60404261997944,904.870994683936,0.0158039906578727,4.962704098360656,4.9627040983604545,1811.3869959015658,245467.35573819213,20455.61297818268
7.149403839259431,125.48419223748418,118.33733991946572,0.0030768034072919,4.962704098360656,4.9627040983604545,1811.3869959015658,32101.762666477192,2675.146888873099
7.561586130725209,125.3757579595178,37.6958936029642,0.001170374332108,4.962704098360656,4.9627040983604545,1811.3869959015658,10225.890076341644,852.1575063618037
7.305320709880841,125.4175443532004,294.0166291258601,0.009012909373495,4.962704098360656,4.9627040983604545,1811.3869959015658,79758.86609095092,6646.57217424591
7.02590168816061,125.45121382446892,169.56543518817634,0.0043704846041026,4.962704098360656,4.9627040983604545,1811.3869959015658,45998.577968316844,3833.2148306930703
7.29895399595781,125.33111494465976,50.15307702158783,0.0012495695705804,4.962704098360656,4.9627040983604545,1811.3869959015658,13605.19153663795,1133.765961386496
7.019176856474032,125.5846419957719,93.6977182187686,0.0019350231111333,4.962704098360656,4.9627040983604545,1811.3869959015658,25417.690770270492,2118.140897522541
7.405622689012298,125.25050282775948,34.022922963141454,0.0009965316724591,4.962704098360656,4.9627040983604545,1811.3869959015658,9229.51114944696,769.12592912058
7.448172001121757,125.52052266473386,16.170153829500634,0.0004301305260398,4.962704098360656,4.9627040983604545,1811.3869959015658,4386.5312577443665,365.5442714786972
7.165676809076621,125.49872365803506,2763.6650927347528,0.2137008523788443,4.962704098360656,4.9627040983604545,1811.3869959015658,749708.5954186223,62475.71628488519
7.387757696320457,125.49936895599392,36.35739738806345,0.0007341653361801,4.962704098360656,4.9627040983604545,1811.3869959015658,9862.791768994497,821.8993140828748
7.447373906912387,125.42723975814631,228.469823808251,0.0045471871856744,4.962704098360656,4.9627040983604545,1811.3869959015658,61977.766826055646,5164.813902171304
7.306619998855576,125.31466615782269,45.00512874643664,0.0013995363188802,4.962704098360656,4.9627040983604545,1811.3869959015658,12208.69053483522,1017.3908779029349
7.327492458369948,125.44846089582764,269.46215497143623,0.0062008048649811,4.962704098360656,4.9627040983604545,1811.3869959015658,73097.89245201412,6091.491037667843
7.218821338891895,125.24112813106628,17.580052938865563,0.000486361873664,4.962704098360656,4.9627040983604545,1811.3869959015658,4768.9992650809545,397.4166054234129
7.336340814303488,125.49718987363448,38.64999470009249,0.0010704742551455,4.962704098360656,4.9627040983604545,1811.3869959015658,10484.712245241857,873.7260204368214
7.424050725048475,125.53285104566562,24.42101144243497,0.0008171841591059,4.962704098360656,4.9627040983604545,1811.3869959015658,6624.768766425645,552.0640638688037
7.469539246923437,125.52527967843557,26.791839957889454,0.0004736089860776,4.962704098360656,4.9627040983604545,1811.3869959015658,7267.911280680499,605.6592733900416
7.305366238713866,125.51722879982024,55.44438214713895,0.0017417997552193,4.962704098360656,4.9627040983604545,1811.3869959015658,15040.581426692555,1253.3817855577129
7.021943322307107,125.50832536216602,198.7925519857941,0.0068874544010946,4.962704098360656,4.9627040983604545,1811.3869959015658,53927.114873921215,4493.926239493435
7.298800317338966,125.34859863250766,50.15307702158783,0.0012495695705804,4.962704098360656,4.9627040983604545,1811.3869959015658,13605.19153663795,1133.765961386496
7.340942209091963,125.26095203141452,69.58041270433492,0.0016482590098712,4.962704098360656,4.9627040983604545,1811.3869959015658,18875.309318176354,1572.942443181363
7.433015333178766,125.32393817104192,30.28266257507573,0.0008292944778063,4.962704098360656,4.9627040983604545,1811.3869959015658,8214.878309379535,684.5731924482947
7.176153385624087,125.5012110269072,1520.3470446615734,0.1148222549766896,4.962704098360656,4.9627040983604545,1811.3869959015658,412429.58504577295,34369.132087147744
7.517520920137294,125.431614681149,50.65071576658682,0.0013275875089244,4.962704098360656,4.9627040983604545,1811.3869959015658,13740.187649415819,1145.0156374513183
6.988935587030354,125.39419723620244,34.23246179952801,0.0008368908460457,5.225479234972678,5.225479234972666,1907.2999207650232,9778.06577447204,814.8388145393366
7.569510590085489,125.39666774346736,20.60223821544115,0.0007272460230216,4.962704098360656,4.9627040983604545,1811.3869959015658,5588.8374881538775,465.73645734615644
7.108758183062633,125.4598648805424,73.12803808653696,0.0023022870359696,4.962704098360656,4.9627040983604545,1811.3869959015658,19837.685421327944,1653.1404517773287
7.175967657385349,125.26831011972688,28.838542454246475,0.0007669869483314,4.962704098360656,4.9627040983604545,1811.3869959015658,7823.127054768825,651.9272545640687
7.205223160117609,125.6088184705638,1904.193789601532,0.0579416983390479,4.962704098360656,4.9627040983604545,1811.3869959015658,516556.964575752,43046.413714646
7.351585519348243,125.27074200711736,152.45941267703455,0.0039820379932422,4.962704098360656,4.9627040983604545,1811.3869959015658,41358.17050948938,3446.5142091241146
7.217432279889572,125.67757687382333,3086.6743371485272,0.1147502116684067,4.962704098360656,4.9627040983604545,1811.3869959015658,837332.3844129147,69777.69870107622
7.093753396028057,125.48245402192448,63.21609720922325,0.0018106695684037,4.962704098360656,4.9627040983604545,1811.3869959015658,17148.840346525496,1429.0700288771247
6.990848837968865,125.35053699332052,41.97783797054488,0.0012318626912616,5.225479234972678,5.225479234972666,1907.2999207650232,11990.433616777662,999.2028013981385
7.373449006238466,125.47293976513106,31.25544713635405,0.0008450439951177,4.962704098360656,4.9627040983604545,1811.3869959015658,8478.768803563553,706.5640669636294
7.22888269215109,125.43945619935704,164.18669916230806,0.005909809901347,4.962704098360656,4.9627040983604545,1811.3869959015658,44539.470407968074,3711.6225339973394
7.499678393605973,125.32921099610306,166.89018722077623,0.0031457297320727,4.962704098360656,4.9627040983604545,1811.3869959015658,45272.854579723695,3772.7378816436412
7.095955561703523,125.48070871952469,71.09346398644684,0.0017442465306652,4.962704098360656,4.9627040983604545,1811.3869959015658,19285.75975751884,1607.1466464599034
7.322131086542002,125.2958664176867,80.20288985798338,0.0026223878919752,4.962704098360656,4.9627040983604545,1811.3869959015658,21756.90392515811,1813.075327096509
7.362952941381181,125.39413051619384,29.391433718371,0.0005063406157912,4.962704098360656,4.9627040983604545,1811.3869959015658,7973.111701655199,664.4259751379333
7.371432208255991,125.51501592527244,86.11160804087407,0.0026358843240371,4.962704098360656,4.9627040983604545,1811.3869959015658,23359.781502931462,1946.6484585776218
6.966916278736714,125.5487554235534,133.83919514728333,0.0038133544894408,5.225479234972678,5.225479234972666,1907.2999207650232,38229.45778823828,3185.7881490198565
7.201286059329388,125.59238499209542,53.57796780659214,0.0013676381064395,4.962704098360656,4.9627040983604545,1811.3869959015658,14534.273018557657,1211.189418213138
7.240071080955293,125.4608416984802,95.12410277889737,0.0031778966003624,4.962704098360656,4.9627040983604545,1811.3869959015658,25804.63084050988,2150.385903375823
7.118492804371616,125.38052121449708,105.91015786574744,0.0028932465578454,4.962704098360656,4.9627040983604545,1811.3869959015658,28730.599775938477,2394.2166479948733
7.1999844876781,125.47060388791655,2036.2904151315013,0.1552048805882231,4.962704098360656,4.9627040983604545,1811.3869959015658,552391.2542825468,46032.60452354557
7.147161806733208,125.37090447343132,106.136494411588,0.0029053887013357,4.962704098360656,4.9627040983604545,1811.3869959015658,28791.998841375207,2399.3332367812673
7.280534316230372,125.4781644848648,111.59096461573871,0.0016298848461594,4.962704098360656,4.9627040983604545,1811.3869959015658,30271.651063439516,2522.63758861996
7.573315935137208,125.5263315721946,12.78623504042829,0.0005578813121591,4.962704098360656,4.9627040983604545,1811.3869959015658,3468.564385045005,289.0470320870838
7.406223234874409,125.35438481713346,30.20928597221454,0.0011084615417594,4.962704098360656,4.9627040983604545,1811.3869959015658,8194.973194967422,682.9144329139518
6.976343427979166,125.43999319447452,382.791754396372,0.0154851611431154,5.225479234972678,5.225479234972666,1907.2999207650232,109339.57874057659,9111.631561714716
7.396829621741197,125.51382785568823,18.53903098099958,0.0005228324958524,4.962704098360656,4.9627040983604545,1811.3869959015658,5029.14441902729,419.0953682522741
7.21348746900606,125.50724541079094,269.3098167267639,0.0099494232189463,4.962704098360656,4.9627040983604545,1811.3869959015658,73056.56715115113,6088.047262595927
7.358897388046706,125.47907367911814,76.06484366462419,0.0020028320344258,4.962704098360656,4.9627040983604545,1811.3869959015658,20634.36241042963,1719.5302008691358
7.064036089213262,125.3779515875958,19.43185672893101,0.0005236894219914,4.962704098360656,4.9627040983604545,1811.3869959015658,5271.3442207307935,439.2786850608995
7.217583508485784,125.43393602373794,27.11797447910052,0.0010406399396127,4.962704098360656,4.9627040983604545,1811.3869959015658,7356.3828738765915,613.0319061563827
7.037024735273647,125.5305649201089,264.71982712755965,0.0036730670928795,4.962704098360656,4.9627040983604545,1811.3869959015658,71811.42544984593,5984.285454153828
7.220496865631603,125.26014937580938,378.368650394622,0.0074835146090126,4.962704098360656,4.9627040983604545,1811.3869959015658,102641.31865453103,8553.443221210919
7.389740240377836,125.41480613060028,26.342358265585588,0.0007377702247831,4.962704098360656,4.9627040983604545,1811.3869959015658,7145.9788913003995,595.4982409416999
7.445645837087379,125.43664838516,228.469823808251,0.0045471871856744,4.962704098360656,4.9627040983604545,1811.3869959015658,61977.766826055646,5164.813902171304
7.107271998612494,125.51216332025663,76.68092278865831,0.0022891960053947,4.962704098360656,4.9627040983604545,1811.3869959015658,20801.48823763661,1733.4573531363842
7.184358599478898,125.537032381255,2863.8242348888098,0.0246988608509281,4.962704098360656,4.9627040983604545,1811.3869959015658,776879.0980891711,64739.92484076426
7.458270214123952,125.45395829172372,40.587195528924525,0.0010071933441667,4.962704098360656,4.9627040983604545,1811.3869959015658,11010.223138817719,917.5185949014766
7.27727309113849,125.34763048096929,97.53500742968475,0.0019866644148867,4.962704098360656,4.9627040983604545,1811.3869959015658,26458.64494090925,2204.887078409104
7.515427839158392,125.31230496603057,90.52395806752692,0.0022854193721122,4.962704098360656,4.9627040983604545,1811.3869959015658,24556.734328247883,2046.3945273539903
7.230655873340414,125.49154731748408,516.8187276621609,0.0071729906968011,4.962704098360656,4.9627040983604545,1811.3869959015658,140199.1302854385,11683.260857119874
7.178758812023021,125.48634876540356,1577.2576505800855,0.1226006634027448,4.962704098360656,4.9627040983604545,1811.3869959015658,427867.9138576662,35655.65948813885
7.112963705315096,125.3559828146657,42.04168088567761,0.0012608295643269,4.962704098360656,4.9627040983604545,1811.3869959015658,11404.78620535386,950.3988504461549
7.278770461117928,125.25712476157082,12.603752069103884,0.0001516532014817,4.962704098360656,4.9627040983604545,1811.3869959015658,3419.061624207924,284.921802017327
7.234616930786979,125.4674532638112,27.54978111013737,0.000753486352254,4.962704098360656,4.9627040983604545,1811.3869959015658,7473.520490767335,622.7933742306112
7.092152979328382,125.44032023454562,82.32573373098035,0.0009427061379685,4.962704098360656,4.9627040983604545,1811.3869959015658,22332.7748230109,1861.0645685842417
7.0850761583351565,125.61227412174792,470.3759292190943,0.0096355605455595,4.962704098360656,4.9627040983604545,1811.3869959015658,127600.43832395802,10633.369860329834
7.51675312522657,125.4933006722422,16.385285429165638,0.0004484718079086,4.962704098360656,4.9627040983604545,1811.3869959015658,4444.89072027078,370.40756002256495
7.528894405528991,125.35718054755618,25.99833176436132,0.0008135076350871,4.962704098360656,4.9627040983604545,1811.3869959015658,7052.653681347264,587.721140112272
7.505980836251318,125.5363261236806,85.08443703405864,0.003566724709536,4.962704098360656,4.9627040983604545,1811.3869959015658,23081.13741729361,1923.4281181078006
7.229140893742389,125.69388469799664,61.67460371868274,0.0016584268934523,4.962704098360656,4.9627040983604545,1811.3869959015658,16730.67429497382,1394.222857914485
7.558341217126944,125.43478971836387,46.537748858327575,0.0017527741481453,4.962704098360656,4.9627040983604545,1811.3869959015658,12624.449475532005,1052.0374562943337
7.323527481398158,125.40675972244524,136.6832622954209,0.0036955587604735,4.962704098360656,4.9627040983604545,1811.3869959015658,37078.52187376819,3089.876822814016
7.213804122871871,125.6207920010588,1904.193789601532,0.0579416983390479,4.962704098360656,4.9627040983604545,1811.3869959015658,516556.964575752,43046.413714646
7.1159951075146415,125.40659577508538,222.49489219852103,0.0043185002033113,4.962704098360656,4.9627040983604545,1811.3869959015658,60356.92731238636,5029.743942698863
7.479655746767071,125.45336959619388,36.36744261645025,0.0012179079123288,4.962704098360656,4.9627040983604545,1811.3869959015658,9865.516771414048,822.1263976178374
7.259743143590985,125.49327750227252,315.03239565895984,0.0129664323355993,4.962704098360656,4.9627040983604545,1811.3869959015658,85459.88277730526,7121.656898108772
7.246752963987327,125.5122031497626,13.604560598458598,0.0003733882921213,4.962704098360656,4.9627040983604545,1811.3869959015658,3690.5542731536884,307.54618942947405
7.262736002267011,125.40878311282889,59.27070093500185,0.0016530763954764,4.962704098360656,4.9627040983604545,1811.3869959015658,16078.559614286178,1339.8799678571816
7.281640528449829,125.49672027894948,7.13023040142218,0.0002724075717634,4.962704098360656,4.9627040983604545,1811.3869959015658,1934.2412484472604,161.18677070393838
7.4874626773344035,125.44403371185618,16.810209271145602,0.0004638677170399,4.962704098360656,4.9627040983604545,1811.3869959015658,4560.16122014725,380.0134350122708
7.177963810177744,125.57520666615284,107.96452712238744,0.0010706140463193,4.962704098360656,4.9627040983604545,1811.3869959015658,29287.89533751562,2440.6579447929685
7.334711079025652,125.29120733007876,43.98844146938451,0.0011998915087905,4.962704098360656,4.9627040983604545,1811.3869959015658,11932.890405339613,994.4075337783011
7.436364435318145,125.35442841687896,206.4786654020648,0.004351716451699,4.962704098360656,4.9627040983604545,1811.3869959015658,56012.15235139591,4667.679362616326
7.392342888267472,125.33211411704522,36.94326946917393,0.0008701475668533,4.962704098360656,4.9627040983604545,1811.3869959015658,10021.723231485737,835.1436026238115
7.288240663767005,125.33995049734442,50.15307702158783,0.0012495695705804,4.962704098360656,4.9627040983604545,1811.3869959015658,13605.19153663795,1133.765961386496
7.203901090452946,125.67256522276412,3086.6743371485272,0.1147502116684067,4.962704098360656,4.9627040983604545,1811.3869959015658,837332.3844129147,69777.69870107622
7.0639536688116165,125.637172666729,18.30908144150428,0.0004928700368406,4.962704098360656,4.9627040983604545,1811.3869959015658,4966.765244819322,413.8971037349435
7.521824428793323,125.40622062734673,50.65071576658682,0.0013275875089244,4.962704098360656,4.9627040983604545,1811.3869959015658,13740.187649415819,1145.0156374513183
7.302269517573976,125.54791931424496,77.82426705422398,0.0016475881078481,4.962704098360656,4.9627040983604545,1811.3869959015658,21111.647028464973,1759.3039190387478
7.483865043365038,125.40361261730328,228.469823808251,0.0045471871856744,4.962704098360656,4.9627040983604545,1811.3869959015658,61977.766826055646,5164.813902171304
7.105580322191104,125.64562973008816,315.9892260160648,0.0085735841798257,4.962704098360656,4.9627040983604545,1811.3869959015658,85719.44532161095,7143.287110134246
7.373764933291994,125.2993122767321,173.53170796352867,0.0061489736076238,4.962704098360656,4.9627040983604545,1811.3869959015658,47074.521938255,3922.8768281879165
7.046825961504325,125.33733461294555,21.97482359879272,0.0002990066762903,4.962704098360656,4.9627040983604545,1811.3869959015658,5961.183277283618,496.76527310696815
7.103273987809818,125.63032044646177,296.4350884294534,0.0071784972211633,4.962704098360656,4.9627040983604545,1811.3869959015658,80414.92956707197,6701.244130589331
7.4807148387922275,125.463287154375,36.36744261645025,0.0012179079123288,4.962704098360656,4.9627040983604545,1811.3869959015658,9865.516771414048,822.1263976178374
7.222761004381483,125.3879859790452,41.06963103056342,0.0013433161850764,4.962704098360656,4.9627040983604545,1811.3869959015658,11141.095017347645,928.4245847789704
7.437431643671471,125.29813555854638,10.185925843251336,0.0003147518217936,4.962704098360656,4.9627040983604545,1811.3869959015658,2763.16988518519,230.26415709876585
7.044984047563792,125.593940376148,85.68515673309395,0.0011515215834236,4.962704098360656,4.9627040983604545,1811.3869959015658,23244.096642341534,1937.0080535284612
7.536226766379172,125.40629505698178,27.15941956024919,0.0007781089972311,4.962704098360656,4.9627040983604545,1811.3869959015658,7367.62581849266,613.9688182077217
7.173231825961508,125.48379171201267,755.1485917213112,0.0095279007809457,4.962704098360656,4.9627040983604545,1811.3869959015658,204851.66293124043,17070.971910936703
7.255042827604614,125.34806562563809,1490.0147818183038,0.1089115092625069,4.962704098360656,4.9627040983604545,1811.3869959015658,404201.2515071408,33683.43762559507
7.300245941410997,125.30465101830488,16.94171018723605,0.0005460670961957,4.962704098360656,4.9627040983604545,1811.3869959015658,4595.833909778711,382.9861591482259
7.45301956804858,125.3015118908058,29.34858627631075,0.0006211372454783,4.962704098360656,4.9627040983604545,1811.3869959015658,7961.488333943707,663.4573611619757
7.46467918234408,125.39051999248436,228.469823808251,0.0045471871856744,4.962704098360656,4.9627040983604545,1811.3869959015658,61977.766826055646,5164.813902171304
7.077462471965523,125.31652107952816,21.97482359879272,0.0002990066762903,4.962704098360656,4.9627040983604545,1811.3869959015658,5961.183277283618,496.76527310696815
6.977604418052624,125.45596688870792,382.791754396372,0.0154851611431154,5.225479234972678,5.225479234972666,1907.2999207650232,109339.57874057659,9111.631561714716
7.426516692026594,125.32564524439364,30.28266257507573,0.0008292944778063,4.962704098360656,4.9627040983604545,1811.3869959015658,8214.878309379535,684.5731924482947
7.008686604083787,125.61920322591564,22.98765503856812,0.0006802228246805,4.962704098360656,4.9627040983604545,1811.3869959015658,6235.937421013258,519.6614517511049
7.29730202041706,125.54091752904156,207.22344552292,0.0070322554639835,4.962704098360656,4.9627040983604545,1811.3869959015658,56214.19132484821,4684.51594373735
7.553248908080733,125.53067041955538,105.13765504565971,0.0031764332609587,4.962704098360656,4.9627040983604545,1811.3869959015658,28521.040373922868,2376.7533644935725
7.161325347306518,125.26580269313226,28.838542454246475,0.0007669869483314,4.962704098360656,4.9627040983604545,1811.3869959015658,7823.127054768825,651.9272545640687
7.394902865243062,125.43114248613044,73.35406427475853,0.0010229822571124,4.962704098360656,4.9627040983604545,1811.3869959015658,19899.000295024067,1658.250024585339
7.475560536326652,125.29518335503508,10.394589890937905,0.000325415761799,4.962704098360656,4.9627040983604545,1811.3869959015658,2819.774873436738,234.98123945306148
7.186633699461736,125.57925574248236,47.656425422815474,0.0011926052126587,4.962704098360656,4.9627040983604545,1811.3869959015658,12927.91657727842,1077.3263814398683
7.290127337590169,125.52866067782152,34.33817632642737,0.0009244678740844,4.962704098360656,4.9627040983604545,1811.3869959015658,9315.030974845273,776.252581237106
7.044047373782406,125.34216510748216,37.64164548447054,0.000933481272049,4.962704098360656,4.9627040983604545,1811.3869959015658,10211.174009323646,850.9311674436372
7.184480671918773,125.52347773394465,100.58242934692105,0.0014479197367771,4.962704098360656,4.9627040983604545,1811.3869959015658,27285.32919119167,2273.777432599306
7.4056473936258,125.3214900168838,442.48778437671024,0.016459018536462,4.962704098360656,4.9627040983604545,1811.3869959015658,120035.12878135868,10002.927398446556
7.306444957772916,125.54700680018055,77.82426705422398,0.0016475881078481,4.962704098360656,4.9627040983604545,1811.3869959015658,21111.647028464973,1759.3039190387478
7.206568733740913,125.66600011286762,3086.6743371485272,0.1147502116684067,4.962704098360656,4.9627040983604545,1811.3869959015658,837332.3844129147,69777.69870107622
7.0050190797040495,125.61847398709187,22.98765503856812,0.0006802228246805,4.962704098360656,4.9627040983604545,1811.3869959015658,6235.937421013258,519.6614517511049
7.185701044668314,125.51819060868986,348.5537784012789,0.0078002010110032,4.962704098360656,4.9627040983604545,1811.3869959015658,94553.33944768849,7879.444953974041
7.456646445707074,125.54347484144112,17.123032355193214,0.0006981157579047,4.962704098360656,4.9627040983604545,1811.3869959015658,4645.021775636549,387.0851479697124
7.431075228428199,125.375275734534,36.47092000158425,0.000965252251625,4.962704098360656,4.9627040983604545,1811.3869959015658,9893.587424862737,824.4656187385614
7.063880211947526,125.30574691735164,21.97482359879272,0.0002990066762903,4.962704098360656,4.9627040983604545,1811.3869959015658,5961.183277283618,496.76527310696815
6.982158296905699,125.5501989659342,133.83919514728333,0.0038133544894408,5.225479234972678,5.225479234972666,1907.2999207650232,38229.45778823828,3185.7881490198565
7.343833768636879,125.35309627693968,46.409893411108925,0.0015865331853093,4.962704098360656,4.9627040983604545,1811.3869959015658,12589.765704331616,1049.1471420276346
7.555979044469513,125.4260293057066,27.15941956024919,0.0007781089972311,4.962704098360656,4.9627040983604545,1811.3869959015658,7367.62581849266,613.9688182077217
7.397371868755621,125.35562599431712,30.20928597221454,0.0011084615417594,4.962704098360656,4.9627040983604545,1811.3869959015658,8194.973194967422,682.9144329139518
7.099113984289991,125.44070911787182,85.07777422944254,0.0027233609632927,4.962704098360656,4.9627040983604545,1811.3869959015658,23079.329976188164,1923.2774980156803
7.249312071004441,125.32404179006312,347.36713180964165,0.0050386734571464,4.962704098360656,4.9627040983604545,1811.3869959015658,94231.43389125423,7852.619490937853
7.493033018616638,125.43955158129438,16.810209271145602,0.0004638677170399,4.962704098360656,4.9627040983604545,1811.3869959015658,4560.16122014725,380.0134350122708
7.374001238553186,125.54556565183388,61.9315725523175,0.0016052806517251,4.962704098360656,4.9627040983604545,1811.3869959015658,16800.38308271266,1400.0319235593881
7.131902817186612,125.52925089144716,30.861825016108693,0.0004695717507266,4.962704098360656,4.9627040983604545,1811.3869959015658,8371.989625554386,697.6658021295322
6.9858712037218025,125.39586571232128,34.23246179952801,0.0008368908460457,5.225479234972678,5.225479234972666,1907.2999207650232,9778.06577447204,814.8388145393366
7.1155892776075245,125.42777226783126,63.60921862885479,0.0022102789386066,4.962704098360656,4.9627040983604545,1811.3869959015658,17255.483697818574,1437.9569748182146
7.338049596643748,125.3180339268134,242.03784008840717,0.0013479466291257,4.962704098360656,4.9627040983604545,1811.3869959015658,65658.40760078398,5471.533966731998
6.997918761897956,125.32912508421892,41.97783797054488,0.0012318626912616,5.225479234972678,5.225479234972666,1907.2999207650232,11990.433616777662,999.2028013981385
7.200758334020256,125.58569049872224,53.57796780659214,0.0013676381064395,4.962704098360656,4.9627040983604545,1811.3869959015658,14534.273018557657,1211.189418213138
7.236387283975638,125.39995399860352,64.76455934309413,0.0012624316667841,4.962704098360656,4.9627040983604545,1811.3869959015658,17568.896805064946,1464.0747337554121
7.164620310463238,125.60848955341407,561.7332947093377,0.0026910505630796,4.962704098360656,4.9627040983604545,1811.3869959015658,152383.25384776705,12698.60448731392
7.236622952939621,125.5345460728492,35.34011868076304,0.000962601562874,4.962704098360656,4.9627040983604545,1811.3869959015658,9586.831200253959,798.9026000211633
7.297425396111147,125.41635241384893,27.142462515253115,0.0013001489651395,4.962704098360656,4.9627040983604545,1811.3869959015658,7363.02582465843,613.5854853882025
7.023929003767093,125.36997249430814,117.77483059295014,0.0024869388802586,4.962704098360656,4.9627040983604545,1811.3869959015658,31949.168895907635,2662.430741325636
7.036665185428561,125.41655611749516,33.92666536693495,0.0010001357426947,4.962704098360656,4.9627040983604545,1811.3869959015658,9203.399032085106,766.9499193404255
7.317985101440835,125.41444081577671,136.6832622954209,0.0036955587604735,4.962704098360656,4.9627040983604545,1811.3869959015658,37078.52187376819,3089.876822814016
7.25354729080546,125.5156450432585,109.18697159449732,0.0021025602857386,4.962704098360656,4.9627040983604545,1811.3869959015658,29619.511903709565,2468.2926586424637
7.216891994954809,125.34927664773244,201.10272402579864,0.0065956523190665,4.962704098360656,4.9627040983604545,1811.3869959015658,54553.80290491319,4546.150242076099
7.016988955099222,125.29522503384402,21.97482359879272,0.0002990066762903,4.962704098360656,4.9627040983604545,1811.3869959015658,5961.183277283618,496.76527310696815
7.169971569337199,125.48121678150255,755.1485917213112,0.0095279007809457,4.962704098360656,4.9627040983604545,1811.3869959015658,204851.66293124043,17070.971910936703
7.100302634466827,125.48060497035682,71.09346398644684,0.0017442465306652,4.962704098360656,4.9627040983604545,1811.3869959015658,19285.75975751884,1607.1466464599034
7.35264447107458,125.51382343357012,37.50535686486937,0.0011628050914155,4.962704098360656,4.9627040983604545,1811.3869959015658,10174.202543482383,847.8502119568652
7.229089388708718,125.51641868847996,52.82492024665848,0.0020398600026297,4.962704098360656,4.9627040983604545,1811.3869959015658,14329.991309487536,1194.1659424572947
7.561130745660002,125.401736311228,20.60223821544115,0.0007272460230216,4.962704098360656,4.9627040983604545,1811.3869959015658,5588.8374881538775,465.73645734615644
7.377643691800014,125.39942138919966,29.391433718371,0.0005063406157912,4.962704098360656,4.9627040983604545,1811.3869959015658,7973.111701655199,664.4259751379333
7.053117403660885,125.5554225337101,139.0397551413518,0.0022709861003932,4.962704098360656,4.9627040983604545,1811.3869959015658,37717.77550340705,3143.147958617254
7.393713634920197,125.4734059919564,46.01234612126378,0.0013808581263407,4.962704098360656,4.9627040983604545,1811.3869959015658,12481.921732547267,1040.1601443789389
7.056885638430398,125.43640940361666,306.5527388770074,0.0129238426357175,4.962704098360656,4.9627040983604545,1811.3869959015658,83159.57815923059,6929.964846602549
7.5112098430625585,125.33467219429684,166.89018722077623,0.0031457297320727,4.962704098360656,4.9627040983604545,1811.3869959015658,45272.854579723695,3772.7378816436412
7.394123253794656,125.29482999599009,75.21923680334058,0.0019940539549058,4.962704098360656,4.9627040983604545,1811.3869959015658,20404.97183270881,1700.4143193924008
7.338260333837234,125.54564019126812,26.64886744254802,0.0008385103669533,4.962704098360656,4.9627040983604545,1811.3869959015658,7229.126652274591,602.4272210228826
7.409153332140874,125.3927355600122,48.59890258313088,0.0015324012820986,4.962704098360656,4.9627040983604545,1811.3869959015658,13183.585482288543,1098.6321235240453
7.091087547088608,125.50261713398206,166.05323244809964,0.0017469767698384,4.962704098360656,4.9627040983604545,1811.3869959015658,45045.81108277401,3753.8175902311673
7.529082782310138,125.48767325822872,21.121423176287,0.0004770523045121,4.962704098360656,4.9627040983604545,1811.3869959015658,5729.678514362682,477.4732095302235
7.262678056076377,125.53740694421704,19.918625957029214,0.0005780759724677,4.962704098360656,4.9627040983604545,1811.3869959015658,5403.391723610166,450.2826436341805
7.012000033237159,125.37182460753804,117.77483059295014,0.0024869388802586,4.962704098360656,4.9627040983604545,1811.3869959015658,31949.168895907635,2662.430741325636
7.065758767495869,125.60840855781416,110.04841562206522,0.0026089433025392,4.962704098360656,4.9627040983604545,1811.3869959015658,29853.19868205238,2487.7665568376983
7.227916079616835,125.3536078919936,201.10272402579864,0.0065956523190665,4.962704098360656,4.9627040983604545,1811.3869959015658,54553.80290491319,4546.150242076099
7.474805853861046,125.37317783509592,29.06669669094895,0.0008752358425764,4.962704098360656,4.9627040983604545,1811.3869959015658,7885.019211234049,657.0849342695041
7.46073447014428,125.29124841357503,290.222593503994,0.0036616185173836,4.962704098360656,4.9627040983604545,1811.3869959015658,78729.64546486456,6560.803788738714
7.174717573618554,125.46596790779924,142.6469652659467,0.0039272540108233,4.962704098360656,4.9627040983604545,1811.3869959015658,38696.31535724072,3224.6929464367263
7.34087971457501,125.26591756735746,152.45941267703455,0.0039820379932422,4.962704098360656,4.9627040983604545,1811.3869959015658,41358.17050948938,3446.5142091241146
7.308896107884975,125.3409220845063,132.76640719825255,0.0039309172694209,4.962704098360656,4.9627040983604545,1811.3869959015658,36015.98360128505,3001.331966773754
7.140344471028946,125.37128303220796,106.136494411588,0.0029053887013357,4.962704098360656,4.9627040983604545,1811.3869959015658,28791.998841375207,2399.3332367812673
7.075290299855312,125.49280968407972,122.12498984046329,0.0048117539275698,4.962704098360656,4.9627040983604545,1811.3869959015658,33129.25102231072,2760.770918525893
7.378967129620044,125.44258962229208,44.80700399409231,0.0014365355221414,4.962704098360656,4.9627040983604545,1811.3869959015658,12154.9445761848,1012.9120480154
7.488562203946911,125.46013887959748,36.36744261645025,0.0012179079123288,4.962704098360656,4.9627040983604545,1811.3869959015658,9865.516771414048,822.1263976178374
7.417415164403389,125.5312067138989,71.86725319130794,0.002167467521364,4.962704098360656,4.9627040983604545,1811.3869959015658,19495.668121398223,1624.6390101165186
7.136935193748933,125.51187873930157,34.910848047827656,0.0010328095764821,4.962704098360656,4.9627040983604545,1811.3869959015658,9470.381531978852,789.1984609982377
7.352720711309069,125.2944906495341,43.98844146938451,0.0011998915087905,4.962704098360656,4.9627040983604545,1811.3869959015658,11932.890405339613,994.4075337783011
7.312801945852181,125.36604990940722,18.515486281068863,0.0005108238059179,4.962704098360656,4.9627040983604545,1811.3869959015658,5022.757370190941,418.56311418257843
7.263389789198587,125.48761341176323,315.03239565895984,0.0129664323355993,4.962704098360656,4.9627040983604545,1811.3869959015658,85459.88277730526,7121.656898108772
7.092678997267923,125.53178629460064,99.86191043202804,0.0018091775490918,4.962704098360656,4.9627040983604545,1811.3869959015658,27089.871635543182,2257.489302961932
7.44058847333142,125.3350250244055,30.526032237199,0.0008660448759024,4.962704098360656,4.9627040983604545,1811.3869959015658,8280.898004760713,690.0748337300594
7.459259366897929,125.25810934032089,143.41008999076496,0.0024190961992156,4.962704098360656,4.9627040983604545,1811.3869959015658,38903.33073225006,3241.944227687505
7.028151368050303,125.50055042855227,434.0922822774718,0.0131553329345541,4.962704098360656,4.9627040983604545,1811.3869959015658,117757.65308316336,9813.13775693028
7.443941194069891,125.25572315887246,55.99150850026849,0.0015550120067481,4.962704098360656,4.9627040983604545,1811.3869959015658,15189.002207053958,1265.7501839211632
7.533886220219325,125.35808486380542,25.99833176436132,0.0008135076350871,4.962704098360656,4.9627040983604545,1811.3869959015658,7052.653681347264,587.721140112272
7.416728929127495,125.35121223149751,29.79329351723079,0.0008531444080999,4.962704098360656,4.9627040983604545,1811.3869959015658,8082.125542062416,673.5104618385346
7.108649119289284,125.37402048589526,66.22955639218121,0.0023385734884491,4.962704098360656,4.9627040983604545,1811.3869959015658,17966.31141324262,1497.1926177702182
7.438417337970442,125.40619580825889,228.469823808251,0.0045471871856744,4.962704098360656,4.9627040983604545,1811.3869959015658,61977.766826055646,5164.813902171304
7.326947341265196,125.44503998023382,269.46215497143623,0.0062008048649811,4.962704098360656,4.9627040983604545,1811.3869959015658,73097.89245201412,6091.491037667843
7.047988989658287,125.3682615382941,37.64164548447054,0.000933481272049,4.962704098360656,4.9627040983604545,1811.3869959015658,10211.174009323646,850.9311674436372
7.514644526706066,125.34561411867128,166.89018722077623,0.0031457297320727,4.962704098360656,4.9627040983604545,1811.3869959015658,45272.854579723695,3772.7378816436412
7.201745207686754,125.50651272084949,269.3098167267639,0.0099494232189463,4.962704098360656,4.9627040983604545,1811.3869959015658,73056.56715115113,6088.047262595927
6.998080236141019,125.59643290461474,93.6977182187686,0.0019350231111333,5.225479234972678,5.225479234972666,1907.2999207650232,26763.557264049836,2230.2964386708195
7.105681096256129,125.3393588751062,29.118146311129436,0.0007349379532846,4.962704098360656,4.9627040983604545,1811.3869959015658,7898.976120333395,658.2480100277829
7.369047345917012,125.3059876193463,33.457912034176864,0.0008916528932125,4.962704098360656,4.9627040983604545,1811.3869959015658,9076.238760884478,756.3532300737065
7.556607726035894,125.399706400307,20.60223821544115,0.0007272460230216,4.962704098360656,4.9627040983604545,1811.3869959015658,5588.8374881538775,465.73645734615644
7.373584429115952,125.4386796098808,50.567417385355455,0.0013605561871751,4.962704098360656,4.9627040983604545,1811.3869959015658,13717.591021279586,1143.1325851066322
7.117744856266504,125.65818585417848,805.6273409398274,0.0215651420226196,4.962704098360656,4.9627040983604545,1811.3869959015658,218545.20064483298,18212.10005373608
7.019573210067833,125.64278740313334,82.57187653851352,0.0029067485737103,4.962704098360656,4.9627040983604545,1811.3869959015658,22399.546798744577,1866.6288998953814
7.464729074965203,125.52858939888944,51.41022007443007,0.0015343781990117,4.962704098360656,4.9627040983604545,1811.3869959015658,13946.220901905215,1162.1850751587679
7.278101328881067,125.51235871780838,41.27795170070718,0.0010489705962705,4.962704098360656,4.9627040983604545,1811.3869959015658,11197.606856434339,933.1339047028615
7.054728064102899,125.5136732507574,289.54501240609915,0.0064301718675824,4.962704098360656,4.9627040983604545,1811.3869959015658,78545.83579323669,6545.486316103058
7.13153207641434,125.32098033004408,62.69087027861875,0.0016296842964133,4.962704098360656,4.9627040983604545,1811.3869959015658,17006.360295142033,1417.1966912618361
7.24326169965794,125.50428850643658,74.57875061072244,0.0018514117144636,4.962704098360656,4.9627040983604545,1811.3869959015658,20231.225019060843,1685.9354182550703
7.529668782054605,125.33484330079824,19.090012169702057,0.000475428299997,4.962704098360656,4.9627040983604545,1811.3869959015658,5178.610913419148,431.5509094515957
7.245944902113745,125.39692591201704,59.27070093500185,0.0016530763954764,4.962704098360656,4.9627040983604545,1811.3869959015658,16078.559614286178,1339.8799678571816
7.0743969872433805,125.41408571959548,170.3466013005303,0.0045480820101322,4.962704098360656,4.9627040983604545,1811.3869959015658,46210.487490357365,3850.8739575297805
7.353078865448237,125.37945297315729,49.797903775064064,0.0013577269061239,4.962704098360656,4.9627040983604545,1811.3869959015658,13508.842512119169,1125.7368760099307
7.129843368254563,125.50957778643374,34.910848047827656,0.0010328095764821,4.962704098360656,4.9627040983604545,1811.3869959015658,9470.381531978852,789.1984609982377
7.030202064386536,125.32404093247942,22.1380307270586,0.0006126838026447,4.962704098360656,4.9627040983604545,1811.3869959015658,6005.4570162457585,500.4547513538132
7.463482416145435,125.5338007707156,34.71188915012901,0.0008369283001014,4.962704098360656,4.9627040983604545,1811.3869959015658,9416.409291951719,784.7007743293099
7.161657219495938,125.5825469752635,48.27071000245962,0.0013558481272017,4.962704098360656,4.9627040983604545,1811.3869959015658,13094.555592477116,1091.2129660397597
7.250870348581521,125.31603521690676,347.36713180964165,0.0050386734571464,4.962704098360656,4.9627040983604545,1811.3869959015658,94231.43389125423,7852.619490937853
7.553234268660465,125.47984514788364,39.35664558442856,0.0011213014777925,4.962704098360656,4.9627040983604545,1811.3869959015658,10676.407774247757,889.7006478539797
6.987047738598628,125.44084701584228,32.61622265509294,0.0016000653103266,5.225479234972678,5.225479234972666,1907.2999207650232,9316.407692324397,776.3673076936998
7.209726954359888,125.2576686511673,378.368650394622,0.0074835146090126,4.962704098360656,4.9627040983604545,1811.3869959015658,102641.31865453103,8553.443221210919
7.066600440080864,125.34117944742356,21.97482359879272,0.0002990066762903,4.962704098360656,4.9627040983604545,1811.3869959015658,5961.183277283618,496.76527310696815
7.395341002976387,125.52499118262088,15.429342294462025,0.0004397776714783,4.962704098360656,4.9627040983604545,1811.3869959015658,4185.568855728381,348.79740464403176
7.376118555018163,125.3765679811653,11.564326124135269,0.0003316352506741,4.962704098360656,4.9627040983604545,1811.3869959015658,3137.093100853678,261.42442507113986
7.121974851957642,125.36233291014912,118.69772763630036,0.0034096964252705,4.962704098360656,4.9627040983604545,1811.3869959015658,32199.526237651025,2683.2938531375853
7.367036844649251,125.43403614435483,24.837755346736863,0.0005296096694954,4.962704098360656,4.9627040983604545,1811.3869959015658,6737.82026747937,561.4850222899476
7.3935931972338835,125.29408535999988,96.5454195523464,0.0023918855545183,4.962704098360656,4.9627040983604545,1811.3869959015658,26190.196155449325,2182.516346287444
7.133439666924192,125.34737763888128,30.773929962237844,0.0010435316432225,4.962704098360656,4.9627040983604545,1811.3869959015658,8348.146042786348,695.6788368988623
7.1721166685984725,125.29537398603088,28.838542454246475,0.0007669869483314,4.962704098360656,4.9627040983604545,1811.3869959015658,7823.127054768825,651.9272545640687
7.2512372553913105,125.37646090352786,80.97256003620116,0.0021338515039921,4.962704098360656,4.9627040983604545,1811.3869959015658,21965.694907019177,1830.4745755849315
7.081584365270417,125.3089177514448,109.35345841366784,0.0031308914511179,4.962704098360656,4.9627040983604545,1811.3869959015658,29664.675335300515,2472.0562779417096
7.039926438698687,125.47741121914224,122.915945769248,0.0032449093231736,4.962704098360656,4.9627040983604545,1811.3869959015658,33343.816260322405,2778.651355026867
7.569382932990467,125.54798875838426,28.34203501341281,0.0007714647537892,4.962704098360656,4.9627040983604545,1811.3869959015658,7688.437834623861,640.7031528853217
7.541553564069264,125.42228430445972,27.15941956024919,0.0007781089972311,4.962704098360656,4.9627040983604545,1811.3869959015658,7367.62581849266,613.9688182077217
6.9931175718510765,125.62192485570696,22.98765503856812,0.0006802228246805,5.225479234972678,5.225479234972666,1907.2999207650232,6566.130250413128,547.1775208677607
7.200803349166555,125.59019858813424,53.57796780659214,0.0013676381064395,4.962704098360656,4.9627040983604545,1811.3869959015658,14534.273018557657,1211.189418213138
7.06860332282904,125.36307355664472,36.99745728818641,0.0010034805693411,4.962704098360656,4.9627040983604545,1811.3869959015658,10036.422940863493,836.368578405291
7.075598143043031,125.62929933928386,28.14134048254343,0.0004471871268102,4.962704098360656,4.9627040983604545,1811.3869959015658,7633.994763630264,636.166230302522
7.036620006832594,125.3873035526802,24.618467103700965,0.0004222190202613,4.962704098360656,4.9627040983604545,1811.3869959015658,6678.3332185202,556.5277682100167
7.171708844909306,125.3068646932014,31.336103192170786,0.0008628706317332,4.962704098360656,4.9627040983604545,1811.3869959015658,8500.648639321269,708.3873866101058
7.158946745966996,125.65692049028064,1920.919563171316,0.0742317887095624,4.962704098360656,4.9627040983604545,1811.3869959015658,521094.22064315935,43424.51838692994
7.42061330284981,125.28596962917516,17.133473813376416,0.0004616652857443,4.962704098360656,4.9627040983604545,1811.3869959015658,4647.854264627067,387.32118871892226
7.40484319553006,125.50573956675709,66.59861914307231,0.0020798022926703,4.962704098360656,4.9627040983604545,1811.3869959015658,18066.428289675758,1505.5356908063131
6.982311018728764,125.54276806860852,133.83919514728333,0.0038133544894408,5.225479234972678,5.225479234972666,1907.2999207650232,38229.45778823828,3185.7881490198565
7.193098991980907,125.63341006698428,67.34433230226469,0.0017861138967991,4.962704098360656,4.9627040983604545,1811.3869959015658,18268.720371532203,1522.3933642943502
7.123367674310072,125.66698674325626,436.1629774599536,0.0058381383113013,4.962704098360656,4.9627040983604545,1811.3869959015658,118319.37743278863,9859.948119399052
7.069092438006303,125.45332299742776,88.71024162009576,0.0022790874827855,4.962704098360656,4.9627040983604545,1811.3869959015658,24064.721452351354,2005.3934543626128
7.143496915048166,125.28631856722272,38.61756338142857,0.0010162562884047,4.962704098360656,4.9627040983604545,1811.3869959015658,10475.914493869224,872.9928744891021
7.410868152943345,125.48301911323308,88.22026110124524,0.0018847965503059,4.962704098360656,4.9627040983604545,1811.3869959015658,23931.802811979334,1994.3169009982778
7.208283191886847,125.52831569473844,298.0492493960961,0.003288152682521,4.962704098360656,4.9627040983604545,1811.3869959015658,80852.80836586804,6737.734030489003
7.017335132231777,125.48377634597736,404.0060741483075,0.012605271801644,4.962704098360656,4.9627040983604545,1811.3869959015658,109596.06762286859,9133.00563523905
7.22689414310795,125.66277758340736,376.9834691138741,0.0048061147460519,4.962704098360656,4.9627040983604545,1811.3869959015658,102265.55593454023,8522.129661211686
7.411744206346567,125.38626941073753,48.59890258313088,0.0015324012820986,4.962704098360656,4.9627040983604545,1811.3869959015658,13183.585482288543,1098.6321235240453
7.442034838700301,125.28782324076435,290.222593503994,0.0036616185173836,4.962704098360656,4.9627040983604545,1811.3869959015658,78729.64546486456,6560.803788738714
7.170962629541279,125.3521630758202,130.348660660095,0.0030525965645899,4.962704098360656,4.9627040983604545,1811.3869959015658,35360.11347940763,2946.676123283969
7.48358780514925,125.34912091687988,29.06669669094895,0.0008752358425764,4.962704098360656,4.9627040983604545,1811.3869959015658,7885.019211234049,657.0849342695041
7.480965924752819,125.28425926926668,52.97655984751353,0.0014782972022834,4.962704098360656,4.9627040983604545,1811.3869959015658,14371.127086925164,1197.5939239104302
7.082773202186634,125.54236731643604,295.1190686338823,0.0079740500865584,4.962704098360656,4.9627040983604545,1811.3869959015658,80057.92851253957,6671.494042711631
7.270291270863227,125.52841950438844,48.94474323429765,0.0013781331855356,4.962704098360656,4.9627040983604545,1811.3869959015658,13277.402822713222,1106.4502352261018
7.029043146657997,125.4283054441064,134.53266922451564,0.0024284495062472,4.962704098360656,4.9627040983604545,1811.3869959015658,36495.123358968434,3041.2602799140363
7.021123834179046,125.4661720746256,270.16164373344463,0.0039138653874871,4.962704098360656,4.9627040983604545,1811.3869959015658,73287.64508834298,6107.303757361915
7.165428205184386,125.38794894608702,38.45928161629016,0.0008669552650135,4.962704098360656,4.9627040983604545,1811.3869959015658,10432.976874497672,869.4147395414726
7.151036210004779,125.65842339351217,132.6001149741069,0.0061508260019725,4.962704098360656,4.9627040983604545,1811.3869959015658,35970.87295813186,2997.5727465109885
7.317520474259916,125.27266708546078,69.58041270433492,0.0016482590098712,4.962704098360656,4.9627040983604545,1811.3869959015658,18875.309318176354,1572.942443181363
7.477115789098304,125.38331247055127,29.06669669094895,0.0008752358425764,4.962704098360656,4.9627040983604545,1811.3869959015658,7885.019211234049,657.0849342695041
7.263186033281112,125.6393656775302,39.45625947690944,0.0007317622386075,4.962704098360656,4.9627040983604545,1811.3869959015658,10703.430365231136,891.952530435928
7.27384051785205,125.34752617087702,97.53500742968475,0.0019866644148867,4.962704098360656,4.9627040983604545,1811.3869959015658,26458.64494090925,2204.887078409104
7.478476230888672,125.23548620578114,165.75069324833808,0.0044604838167378,4.962704098360656,4.9627040983604545,1811.3869959015658,44963.74027068155,3746.978355890129
7.156767870780282,125.2662405938339,28.838542454246475,0.0007669869483314,4.962704098360656,4.9627040983604545,1811.3869959015658,7823.127054768825,651.9272545640687
6.984125666910752,125.48871927270328,330.35538115279536,0.0103218751064929,5.225479234972678,5.225479234972666,1907.2999207650232,94361.79801440256,7863.483167866881
7.408395956878599,125.255632675208,186.33075981275783,0.0022730677123354,4.962704098360656,4.9627040983604545,1811.3869959015658,50546.563181530444,4212.21359846087
7.104366502561783,125.38003133865811,105.91015786574744,0.0028932465578454,4.962704098360656,4.9627040983604545,1811.3869959015658,28730.599775938477,2394.2166479948733
7.452109690851373,125.30813091248476,29.34858627631075,0.0006211372454783,4.962704098360656,4.9627040983604545,1811.3869959015658,7961.488333943707,663.4573611619757
7.417366729397284,125.52533397039718,32.8540695906716,0.0008085380424263,4.962704098360656,4.9627040983604545,1811.3869959015658,8912.432418587585,742.7027015489654
7.302671064719726,125.44946482551111,219.1900597179561,0.0078794056393475,4.962704098360656,4.9627040983604545,1811.3869959015658,59460.41444488604,4955.034537073837
7.02458338037729,125.37290030756624,117.77483059295014,0.0024869388802586,4.962704098360656,4.9627040983604545,1811.3869959015658,31949.168895907635,2662.430741325636
6.978042208306872,125.53635513070468,133.83919514728333,0.0038133544894408,5.225479234972678,5.225479234972666,1907.2999207650232,38229.45778823828,3185.7881490198565
7.017419940535315,125.34978733202372,117.77483059295014,0.0024869388802586,4.962704098360656,4.9627040983604545,1811.3869959015658,31949.168895907635,2662.430741325636
7.371119272942806,125.30906530239716,33.457912034176864,0.0008916528932125,4.962704098360656,4.9627040983604545,1811.3869959015658,9076.238760884478,756.3532300737065
7.22972036091988,125.5190110001902,52.82492024665848,0.0020398600026297,4.962704098360656,4.9627040983604545,1811.3869959015658,14329.991309487536,1194.1659424572947
7.237722592161544,125.26083879633713,31.59146477905393,0.0007891559891741,4.962704098360656,4.9627040983604545,1811.3869959015658,8569.92142390335,714.1601186586125
7.424208654486526,125.38676938713093,48.59890258313088,0.0015324012820986,4.962704098360656,4.9627040983604545,1811.3869959015658,13183.585482288543,1098.6321235240453
7.275523104879567,125.49529465095613,315.03239565895984,0.0129664323355993,4.962704098360656,4.9627040983604545,1811.3869959015658,85459.88277730526,7121.656898108772
7.583900987103238,125.45114987543047,57.625129721717386,0.0015471314375884,4.962704098360656,4.9627040983604545,1811.3869959015658,15632.16005371134,1302.680004475945
6.9734101084858136,125.44742841527582,382.791754396372,0.0154851611431154,5.225479234972678,5.225479234972666,1907.2999207650232,109339.57874057659,9111.631561714716
7.1635401010287,125.6696218047104,2125.232635633344,0.1196098060110571,4.962704098360656,4.9627040983604545,1811.3869959015658,576518.9054155091,48043.2421179591
6.986976463523976,125.56227739130878,65.64001609436082,0.0017079059427401,5.225479234972678,5.225479234972666,1907.2999207650232,18749.232776969395,1562.4360647474496
7.002696875677593,125.50517076329172,32.85513668180215,0.0008671202870562,4.962704098360656,4.9627040983604545,1811.3869959015658,8912.721891937585,742.726824328132
7.356768668603586,125.47948094094214,76.06484366462419,0.0020028320344258,4.962704098360656,4.9627040983604545,1811.3869959015658,20634.36241042963,1719.5302008691358
6.9977652591794985,125.35758535551808,41.97783797054488,0.0012318626912616,5.225479234972678,5.225479234972666,1907.2999207650232,11990.433616777662,999.2028013981385
7.0223282802513385,125.57127989941904,65.64001609436082,0.0017079059427401,4.962704098360656,4.9627040983604545,1811.3869959015658,17806.38486143882,1483.8654051199017
7.158375345536249,125.25862574997076,28.838542454246475,0.0007669869483314,4.962704098360656,4.9627040983604545,1811.3869959015658,7823.127054768825,651.9272545640687
7.506325886417809,125.5074193332395,16.385285429165638,0.0004484718079086,4.962704098360656,4.9627040983604545,1811.3869959015658,4444.89072027078,370.40756002256495
7.507558720733551,125.412551532532,37.28312676679267,0.0010967076645023,4.962704098360656,4.9627040983604545,1811.3869959015658,10113.917447749616,842.8264539791347
7.101090467080483,125.46049791525095,500.70050355568,0.0272336998293455,4.962704098360656,4.9627040983604545,1811.3869959015658,135826.68617588296,11318.890514656914
7.134826462601872,125.67040661808792,22.786205783240625,0.0005126275161588,4.962704098360656,4.9627040983604545,1811.3869959015658,6181.2896134128605,515.107467784405
7.184440938074678,125.39345633442922,513.6116033893229,0.0063907758707021,4.962704098360656,4.9627040983604545,1811.3869959015658,139329.12304749817,11610.76025395818
7.529875057478488,125.46922389673117,278.17627017675665,0.0030419508756388,4.962704098360656,4.9627040983604545,1811.3869959015658,75461.79938417865,6288.483282014888
7.294494110831732,125.35779821533356,97.53500742968475,0.0019866644148867,4.962704098360656,4.9627040983604545,1811.3869959015658,26458.64494090925,2204.887078409104
7.490020577531799,125.38072355852248,29.06669669094895,0.0008752358425764,4.962704098360656,4.9627040983604545,1811.3869959015658,7885.019211234049,657.0849342695041
7.392657327078167,125.45882983064136,38.37723378154609,0.0010765871317287,4.962704098360656,4.9627040983604545,1811.3869959015658,10410.719486254493,867.5599571878744
7.211307988493257,125.58873230276802,50.7002604369919,0.0015241609759643,4.962704098360656,4.9627040983604545,1811.3869959015658,13753.627796471814,1146.1356497059844
7.169886330934217,125.23616355248367,26.520992778625683,0.0010748259005004,4.962704098360656,4.9627040983604545,1811.3869959015658,7194.437668095261,599.5364723412717
7.187667943199054,125.45523093645168,211.91854336582,0.0058324634912294,4.962704098360656,4.9627040983604545,1811.3869959015658,57487.84608801289,4790.653840667741
7.268405857297283,125.4864569536806,315.03239565895984,0.0129664323355993,4.962704098360656,4.9627040983604545,1811.3869959015658,85459.88277730526,7121.656898108772
7.38945785014482,125.54273509483669,12.942168890986624,0.0004022822168921,4.962704098360656,4.9627040983604545,1811.3869959015658,3510.86507784155,292.5720898201292
7.181105174635616,125.37013642830728,41.81428257779331,0.0011899478642595,4.962704098360656,4.9627040983604545,1811.3869959015658,11343.099112206184,945.2582593505153
7.343642867152145,125.49823039961394,7.797856323858228,0.0002012762640457,4.962704098360656,4.9627040983604545,1811.3869959015658,2115.3503466120105,176.27919555100087
7.170779012608909,125.36852293386016,41.81428257779331,0.0011899478642595,4.962704098360656,4.9627040983604545,1811.3869959015658,11343.099112206184,945.2582593505153
7.242703580679625,125.28236279004636,359.0068693872487,0.0066737312555985,4.962704098360656,4.9627040983604545,1811.3869959015658,97388.98410719377,8115.7486755994805
7.062207668931801,125.6277307811273,29.691905578615955,0.0007849783956355,4.962704098360656,4.9627040983604545,1811.3869959015658,8054.621699700641,671.2184749750535
7.231851982146454,125.46086976152536,27.54978111013737,0.000753486352254,4.962704098360656,4.9627040983604545,1811.3869959015658,7473.520490767335,622.7933742306112
7.57608739057175,125.43577533085008,12.651785179958049,0.0003383281495767,4.962704098360656,4.9627040983604545,1811.3869959015658,3432.091725491445,286.00764379095375
7.518928841881373,125.355115163095,25.99833176436132,0.0008135076350871,4.962704098360656,4.9627040983604545,1811.3869959015658,7052.653681347264,587.721140112272
7.401335673511192,125.31479685348803,24.77794238993984,0.0007016738827979,4.962704098360656,4.9627040983604545,1811.3869959015658,6721.594608318998,560.1328840265832
7.569761341822113,125.4808832982549,124.85606764145994,0.0034051396734365,4.962704098360656,4.9627040983604545,1811.3869959015658,33870.11955502359,2822.509962918633
7.13063194984256,125.42826803509726,745.278045225251,0.0141509496121153,4.962704098360656,4.9627040983604545,1811.3869959015658,202174.04704752538,16847.83725396045
7.410031097671839,125.2839148778054,17.133473813376416,0.0004616652857443,4.962704098360656,4.9627040983604545,1811.3869959015658,4647.854264627067,387.32118871892226
7.377116535956903,125.54945638511352,44.390336335792966,0.0016969235502455,4.962704098360656,4.9627040983604545,1811.3869959015658,12041.913758637058,1003.4928132197548
7.545510870720703,125.46862743364365,44.149906401714304,0.0018259960486083,4.962704098360656,4.9627040983604545,1811.3869959015658,11976.691533032168,998.0576277526807
7.119716981023355,125.46501844879616,13.23038672930504,7.865576499274273e-05,4.962704098360656,4.9627040983604545,1811.3869959015658,3589.0508867184394,299.0875738932033
7.021695188281405,125.46025916601698,169.56543518817634,0.0043704846041026,4.962704098360656,4.9627040983604545,1811.3869959015658,45998.577968316844,3833.2148306930703
7.043239198168822,125.5335762940386,87.2623867126209,0.0025803942372017,4.962704098360656,4.9627040983604545,1811.3869959015658,23671.957049780845,1972.6630874817372
6.99153537662177,125.46275187963046,82.8325660050715,0.0011567144908285,5.225479234972678,5.225479234972666,1907.2999207650232,23660.06521555669,1971.6721012963908
7.106965523587862,125.3612390091657,51.29621093499542,0.0013608147908754,4.962704098360656,4.9627040983604545,1811.3869959015658,13915.293264538761,1159.6077720448968
7.467293995578443,125.5149607159602,40.99883166401497,0.0005711541382916,4.962704098360656,4.9627040983604545,1811.3869959015658,11121.889038377507,926.8240865314589
7.178542317033033,125.63041835234267,198.02736881099295,0.0049725490862404,4.962704098360656,4.9627040983604545,1811.3869959015658,53719.54109635815,4476.628424696512
7.217740804369963,125.53365203164913,205.5880759185769,0.00427021919021,4.962704098360656,4.9627040983604545,1811.3869959015658,55770.55918856459,4647.546599047049
7.299620507098625,125.29154241715626,92.4217315423895,0.0023325394660791,4.962704098360656,4.9627040983604545,1811.3869959015658,25071.549632751383,2089.295802729282
7.318416990497215,125.48738193678206,88.39126889263116,0.0021399350978635,4.962704098360656,4.9627040983604545,1811.3869959015658,23978.192662696998,1998.1827218914166
7.165595906097372,125.37527846179516,41.81428257779331,0.0011899478642595,4.962704098360656,4.9627040983604545,1811.3869959015658,11343.099112206184,945.2582593505153
7.078239663526759,125.34422329729227,21.97482359879272,0.0002990066762903,4.962704098360656,4.9627040983604545,1811.3869959015658,5961.183277283618,496.76527310696815
7.192893259601807,125.23698335133273,26.520992778625683,0.0010748259005004,4.962704098360656,4.9627040983604545,1811.3869959015658,7194.437668095261,599.5364723412717
7.174905770883574,125.63914768072183,127.35955010688446,0.0024384529012264,4.962704098360656,4.9627040983604545,1811.3869959015658,34549.24754623446,2879.103962186205
7.4476507296385535,125.54327772095148,24.755571283619545,0.0007740241978547,4.962704098360656,4.9627040983604545,1811.3869959015658,6715.525924113579,559.6271603427982
7.489934621704283,125.37495003552957,166.89018722077623,0.0031457297320727,4.962704098360656,4.9627040983604545,1811.3869959015658,45272.854579723695,3772.7378816436412
7.319484671661147,125.54941924528744,6.991616931852943,0.00015383901369,4.962704098360656,4.9627040983604545,1811.3869959015658,1896.63911284478,158.05325940373166
7.469094313255024,125.43396268157754,228.469823808251,0.0045471871856744,4.962704098360656,4.9627040983604545,1811.3869959015658,61977.766826055646,5164.813902171304
7.151900990942118,125.51480871005758,767.8886473734274,0.0125395570073226,4.962704098360656,4.9627040983604545,1811.3869959015658,208307.70008046378,17358.975006705314
7.246655437567258,125.42823931526996,31.64444489262155,0.0005680552598211,4.962704098360656,4.9627040983604545,1811.3869959015658,8584.293515019715,715.3577929183097
7.222215988840418,125.48249221261403,2456.957463251448,0.0028517472227013,4.962704098360656,4.9627040983604545,1811.3869959015658,666506.9995709258,55542.24996424382
7.237048002963668,125.48265470879268,516.8187276621609,0.0071729906968011,4.962704098360656,4.9627040983604545,1811.3869959015658,140199.1302854385,11683.260857119874
7.414322569922255,125.4296476093165,73.35406427475853,0.0010229822571124,4.962704098360656,4.9627040983604545,1811.3869959015658,19899.000295024067,1658.250024585339
7.440886343504935,125.54199217865867,24.755571283619545,0.0007740241978547,4.962704098360656,4.9627040983604545,1811.3869959015658,6715.525924113579,559.6271603427982
7.279945981264971,125.31765890224266,195.62911899438225,0.0043532795620098,4.962704098360656,4.9627040983604545,1811.3869959015658,53068.959914795734,4422.413326232978
7.486502437539218,125.27952619460966,129.73503302808535,0.0035587441338497,4.962704098360656,4.9627040983604545,1811.3869959015658,35193.65267657251,2932.8043897143757
7.511086237369712,125.40561660561086,37.28312676679267,0.0010967076645023,4.962704098360656,4.9627040983604545,1811.3869959015658,10113.917447749616,842.8264539791347
7.326803488759755,125.41616072205689,204.0555443894827,0.00725111473691,4.962704098360656,4.9627040983604545,1811.3869959015658,55354.82427801686,4612.9020231680715
7.482331717320489,125.45574290039528,36.36744261645025,0.0012179079123288,4.962704098360656,4.9627040983604545,1811.3869959015658,9865.516771414048,822.1263976178374
7.136842230439704,125.54438009044696,474.2500550666091,0.0136457545456445,4.962704098360656,4.9627040983604545,1811.3869959015658,128651.3852911758,10720.94877426465
7.068049060049008,125.50987588776162,76.01915307173482,0.0024559988392832,4.962704098360656,4.9627040983604545,1811.3869959015658,20621.96777176339,1718.4973143136158
7.453386272535954,125.47818474383983,36.67297216199619,0.000994205546197,4.962704098360656,4.9627040983604545,1811.3869959015658,9948.398784524934,829.0332320437445
7.520204206458,125.46739644337237,278.17627017675665,0.0030419508756388,4.962704098360656,4.9627040983604545,1811.3869959015658,75461.79938417865,6288.483282014888
7.2036625693289285,125.2701833324265,283.14378232074347,0.0056272739246538,4.962704098360656,4.9627040983604545,1811.3869959015658,76809.35287826289,6400.779406521907
7.237041424689427,125.46025384947212,95.12410277889737,0.0031778966003624,4.962704098360656,4.9627040983604545,1811.3869959015658,25804.63084050988,2150.385903375823
7.062987539614522,125.44467203913744,150.61751346612084,0.0055623281874663,4.962704098360656,4.9627040983604545,1811.3869959015658,40858.51240187463,3404.8760334895524
7.34087854621717,125.32708374928814,9.831483517251623,0.000312497333837,4.962704098360656,4.9627040983604545,1811.3869959015658,2667.01913990107,222.25159499175584
7.153412224228084,125.29166412168274,28.838542454246475,0.0007669869483314,4.962704098360656,4.9627040983604545,1811.3869959015658,7823.127054768825,651.9272545640687
7.102527137204482,125.64246644432404,559.1310920704971,0.0158415558547343,4.962704098360656,4.9627040983604545,1811.3869959015658,151677.34570770754,12639.778808975629
7.262132815192975,125.37587256708048,393.24563518197226,0.0197651312452814,4.962704098360656,4.9627040983604545,1811.3869959015658,106677.0476574081,8889.753971450675
7.29349082549584,125.38259315158628,54.652942944964295,0.0013996254475718,4.962704098360656,4.9627040983604545,1811.3869959015658,14825.885089505598,1235.4904241254665
7.475297352519645,125.35786031314773,29.06669669094895,0.0008752358425764,4.962704098360656,4.9627040983604545,1811.3869959015658,7885.019211234049,657.0849342695041
7.557622243676584,125.45656798038746,75.39725970040838,0.0014108436119272,4.962704098360656,4.9627040983604545,1811.3869959015658,20453.264694410438,1704.4387245342032
7.290303463977768,125.5162363632124,31.719489310787694,0.0007510960881695,4.962704098360656,4.9627040983604545,1811.3869959015658,8604.651063220925,717.0542552684104
7.15548532833864,125.61911597234602,294.6849856473639,0.0049667823036044,4.962704098360656,4.9627040983604545,1811.3869959015658,79940.1733811478,6661.68111509565
7.047443917822022,125.583024275115,126.73614560338108,0.0031939778210359,4.962704098360656,4.9627040983604545,1811.3869959015658,34380.134539044186,2865.0112115870156
7.245750640115667,125.36485493582022,22.984669621182103,0.00105261087967,4.962704098360656,4.9627040983604545,1811.3869959015658,6235.1275569377985,519.5939630781498
7.207609942140754,125.37217741038891,107.3672995465013,0.0022184984698189,4.962704098360656,4.9627040983604545,1811.3869959015658,29125.883432296017,2427.156952691335
7.1229423297240455,125.61091630384963,60.02675345075765,0.0013905590091031,4.962704098360656,4.9627040983604545,1811.3869959015658,16283.656487688124,1356.9713739740102
7.004091902815444,125.57503073884014,65.64001609436082,0.0017079059427401,4.962704098360656,4.9627040983604545,1811.3869959015658,17806.38486143882,1483.8654051199017
7.425519951027765,125.41024779680804,75.94976107977344,0.0033305286645456,4.962704098360656,4.9627040983604545,1811.3869959015658,20603.14357596506,1716.9286313304217
7.270747196724155,125.404851183458,135.00635633121303,0.0036303164620245,4.962704098360656,4.9627040983604545,1811.3869959015658,36623.62203138847,3051.968502615706
7.14627455183093,125.59137384893738,392.6993889995576,0.0037440500783284,4.962704098360656,4.9627040983604545,1811.3869959015658,106528.8656438756,8877.405470322967
7.1693195634906495,125.60313619157073,23.686192339680368,0.0006345446647891,4.962704098360656,4.9627040983604545,1811.3869959015658,6425.43195138928,535.4526626157733
7.012593905233669,125.6041471176895,52.11117179254636,0.0017904736179436,4.962704098360656,4.9627040983604545,1811.3869959015658,14136.370399189353,1178.0308665991126
7.240933093029593,125.673828245944,28.543796151979283,0.0007590048368699,4.962704098360656,4.9627040983604545,1811.3869959015658,7743.170247824857,645.2641873187381
7.040671895371208,125.35515912042992,37.64164548447054,0.000933481272049,4.962704098360656,4.9627040983604545,1811.3869959015658,10211.174009323646,850.9311674436372
7.0991496342229725,125.45797320334697,192.60275471320963,0.005449106390217,4.962704098360656,4.9627040983604545,1811.3869959015658,52247.98803928609,4353.999003273841
7.102871827680725,125.3130122163762,64.61935644368404,0.001273050682087,4.962704098360656,4.9627040983604545,1811.3869959015658,17529.50713297565,1460.792261081304
7.168956404132592,125.5322341059016,500.7953720979736,0.0292520912476433,4.962704098360656,4.9627040983604545,1811.3869959015658,135852.42147998305,11321.035123331922
7.534507276647073,125.51255926961936,171.54842391278294,0.0040636003717417,4.962704098360656,4.9627040983604545,1811.3869959015658,46536.50989623531,3878.0424913529423
7.40736729705481,125.50657977088235,20.39931245449461,0.0006591523093811,4.962704098360656,4.9627040983604545,1811.3869959015658,5533.789143977361,461.14909533144674
7.05997330067377,125.39288835903488,251.92004597557752,0.0046588568395913,4.962704098360656,4.9627040983604545,1811.3869959015658,68339.18636619396,5694.932197182829
7.136476566259761,125.51581433233105,67.14703124842406,0.0018316328160105,4.962704098360656,4.9627040983604545,1811.3869959015658,18215.197860306682,1517.9331550255567
7.498945851560487,125.4338521443276,37.28312676679267,0.0010967076645023,4.962704098360656,4.9627040983604545,1811.3869959015658,10113.917447749616,842.8264539791347
7.320400983088068,125.53817924077504,46.87863291659695,0.0012260543959526,4.962704098360656,4.9627040983604545,1811.3869959015658,12716.922224562837,1059.7435187135698
7.079480102572361,125.52584682143876,115.06591364835458,0.0028869786841022,4.962704098360656,4.9627040983604545,1811.3869959015658,31214.3120122073,2601.1926676839416
7.226231116351997,125.50480601156022,47.55204299401382,0.0006419006009157,4.962704098360656,4.9627040983604545,1811.3869959015658,12899.600409632418,1074.9667008027016
6.996361779464397,125.5000878993585,116.50507103887529,0.0031702344806558,5.225479234972678,5.225479234972666,1907.2999207650232,33278.18648711286,2773.1822072594045
7.096939238567684,125.61188631366986,147.48257227321113,0.0035778514822777,4.962704098360656,4.9627040983604545,1811.3869959015658,40008.08650742205,3334.0072089518376
7.070835437474241,125.60886773521467,177.90917471790996,0.00455093577499,4.962704098360656,4.9627040983604545,1811.3869959015658,48262.01186261172,4021.8343218843097
7.447216006664118,125.24243795779316,68.53346654782437,0.001347900033468,4.962704098360656,4.9627040983604545,1811.3869959015658,18591.3007620963,1549.275063508025
7.209114957488448,125.38547366955382,119.60281164433825,0.003589026207338,4.962704098360656,4.9627040983604545,1811.3869959015658,32445.051378228203,2703.754281519017
7.514318550659389,125.33608630782204,166.89018722077623,0.0031457297320727,4.962704098360656,4.9627040983604545,1811.3869959015658,45272.854579723695,3772.7378816436412
7.09274749328692,125.36019205431155,75.8432412079307,0.0026996287254883,4.962704098360656,4.9627040983604545,1811.3869959015658,20574.24757705646,1714.5206314213717
7.088172474580411,125.36590901095016,88.7479946019441,0.0023310412357944,4.962704098360656,4.9627040983604545,1811.3869959015658,24074.962828945354,2006.2469024121128
7.010083768276466,125.3699403062707,64.36054177089046,0.0014202455264054,4.962704098360656,4.9627040983604545,1811.3869959015658,17459.297618326465,1454.9414681938722
7.227120705323868,125.29362348243777,38.45276005816959,0.0008375801431934,4.962704098360656,4.9627040983604545,1811.3869959015658,10431.207749797515,869.2673124831263
7.22891204943603,125.3329237936806,201.10272402579864,0.0065956523190665,4.962704098360656,4.9627040983604545,1811.3869959015658,54553.80290491319,4546.150242076099
7.0397387766881385,125.31889419586284,21.97482359879272,0.0002990066762903,4.962704098360656,4.9627040983604545,1811.3869959015658,5961.183277283618,496.76527310696815
7.3302543742545,125.399840242005,136.6832622954209,0.0036955587604735,4.962704098360656,4.9627040983604545,1811.3869959015658,37078.52187376819,3089.876822814016
7.352991738037252,125.39021667499134,36.74070851671803,0.000941387546809,4.962704098360656,4.9627040983604545,1811.3869959015658,9966.773850118369,830.5644875098641
7.180868772980124,125.35967658209928,142.86920772332306,0.0027576618838091,4.962704098360656,4.9627040983604545,1811.3869959015658,38756.603805721694,3229.7169838101413
7.327457391755811,125.37204041838407,214.433436524103,0.0034569370887643,4.962704098360656,4.9627040983604545,1811.3869959015658,58170.06949571911,4847.505791309925
6.99085504589927,125.3509993989442,41.97783797054488,0.0012318626912616,5.225479234972678,5.225479234972666,1907.2999207650232,11990.433616777662,999.2028013981385
7.067290877955516,125.57147017503767,136.35254034232173,0.0025793002660055,4.962704098360656,4.9627040983604545,1811.3869959015658,36988.80583270957,3082.400486059131
7.272586805884854,125.42176484809907,227.32068153255776,0.0060061551898153,4.962704098360656,4.9627040983604545,1811.3869959015658,61666.03518979084,5138.836265815903
7.0176313712719365,125.30606511450412,21.97482359879272,0.0002990066762903,4.962704098360656,4.9627040983604545,1811.3869959015658,5961.183277283618,496.76527310696815
7.574799674655939,125.38449997706748,20.60223821544115,0.0007272460230216,4.962704098360656,4.9627040983604545,1811.3869959015658,5588.8374881538775,465.73645734615644
7.203967796229939,125.51261260528386,83.18809348319462,0.0027489054634211,4.962704098360656,4.9627040983604545,1811.3869959015658,22566.71001301555,1880.5591677512957
7.308637810610557,125.26183908601097,22.199960247118057,0.0003591248402613,4.962704098360656,4.9627040983604545,1811.3869959015658,6022.256842541926,501.85473687849384
6.986989754355441,125.3611905715016,41.97783797054488,0.0012318626912616,5.225479234972678,5.225479234972666,1907.2999207650232,11990.433616777662,999.2028013981385
7.114749049318429,125.6412466118578,229.5935578691047,0.0048151776096829,4.962704098360656,4.9627040983604545,1811.3869959015658,62282.60589161443,5190.217157634536
7.400724016862604,125.49291049830616,147.39336014086877,0.00295803244657,4.962704098360656,4.9627040983604545,1811.3869959015658,39983.885636408944,3331.9904697007455
7.391491705464078,125.37647324518834,69.94672365429042,0.0024107489329402,4.962704098360656,4.9627040983604545,1811.3869959015658,18974.679704443326,1581.2233087036104
7.433131289452001,125.42815439350886,228.469823808251,0.0045471871856744,4.962704098360656,4.9627040983604545,1811.3869959015658,61977.766826055646,5164.813902171304
7.264896952334837,125.66586841932497,62.83270646003048,0.0034759544190773,4.962704098360656,4.9627040983604545,1811.3869959015658,17044.83666647417,1420.403055539514
7.290706458580044,125.52371608855732,19.56233228396289,0.0005228455408753,4.962704098360656,4.9627040983604545,1811.3869959015658,5306.7387572672815,442.22822977227344
7.236414125679566,125.62575148154608,121.0134727952745,0.0034031116227917,4.962704098360656,4.9627040983604545,1811.3869959015658,32827.72610710916,2735.643842259097
7.332418516832223,125.49265647973743,27.19856689615005,0.0009235187443353,4.962704098360656,4.9627040983604545,1811.3869959015658,7378.245446134869,614.8537871779057
7.42698696914733,125.33989908715448,30.28266257507573,0.0008292944778063,4.962704098360656,4.9627040983604545,1811.3869959015658,8214.878309379535,684.5731924482947
7.078955398911076,125.31888111499087,21.97482359879272,0.0002990066762903,4.962704098360656,4.9627040983604545,1811.3869959015658,5961.183277283618,496.76527310696815
7.42197429230105,125.26082201291432,186.33075981275783,0.0022730677123354,4.962704098360656,4.9627040983604545,1811.3869959015658,50546.563181530444,4212.21359846087
7.525501970690184,125.33757473733584,19.090012169702057,0.000475428299997,4.962704098360656,4.9627040983604545,1811.3869959015658,5178.610913419148,431.5509094515957
7.086302486974525,125.36606347155228,88.7479946019441,0.0023310412357944,4.962704098360656,4.9627040983604545,1811.3869959015658,24074.962828945354,2006.2469024121128
7.288492295320971,125.2582904131892,6.771728371212082,0.000219406184551,4.962704098360656,4.9627040983604545,1811.3869959015658,1836.9892137379545,153.08243447816287
7.444250273533531,125.43376692888786,228.469823808251,0.0045471871856744,4.962704098360656,4.9627040983604545,1811.3869959015658,61977.766826055646,5164.813902171304
7.17954715550256,125.440416615864,125.46220052706444,0.0035966307743845,4.962704098360656,4.9627040983604545,1811.3869959015658,34034.54723314501,2836.2122694287505
7.136889458953389,125.34308242550937,30.773929962237844,0.0010435316432225,4.962704098360656,4.9627040983604545,1811.3869959015658,8348.146042786348,695.6788368988623
7.469400634581504,125.24560777662892,165.75069324833808,0.0044604838167378,4.962704098360656,4.9627040983604545,1811.3869959015658,44963.74027068155,3746.978355890129
7.1751109169259575,125.4634137069817,142.6469652659467,0.0039272540108233,4.962704098360656,4.9627040983604545,1811.3869959015658,38696.31535724072,3224.6929464367263
7.3658677821068705,125.53511267930034,28.99445121771368,0.00086741185554,4.962704098360656,4.9627040983604545,1811.3869959015658,7865.420942106955,655.4517451755796
7.487450086627755,125.5440496724502,25.618083343740636,0.0007890472032045,4.962704098360656,4.9627040983604545,1811.3869959015658,6949.502431189238,579.1252025991032
7.007045522724826,125.55545198564072,65.64001609436082,0.0017079059427401,4.962704098360656,4.9627040983604545,1811.3869959015658,17806.38486143882,1483.8654051199017
7.558931835886618,125.46929280512424,78.81533502212338,0.0024542845998686,4.962704098360656,4.9627040983604545,1811.3869959015658,21380.497323000123,1781.7081102500103
7.40971349802073,125.38497536418652,49.80585876670349,0.0013411204160204,4.962704098360656,4.9627040983604545,1811.3869959015658,13511.000489083974,1125.9167074236645
7.167175601462089,125.3238520880459,320.7440734088234,0.0043956536445001,4.962704098360656,4.9627040983604545,1811.3869959015658,87009.30854332555,7250.775711943796
7.380446753557156,125.48728667511354,26.670044781796925,0.0006426191485609,4.962704098360656,4.9627040983604545,1811.3869959015658,7234.871499327419,602.9059582772849
7.461820441558139,125.52881177158196,34.71188915012901,0.0008369283001014,4.962704098360656,4.9627040983604545,1811.3869959015658,9416.409291951719,784.7007743293099
7.133864975466009,125.41676206270452,161.79815889159175,0.003825485724204,4.962704098360656,4.9627040983604545,1811.3869959015658,43891.5231671222,3657.6269305935166
7.071970076122064,125.36741404446283,36.99745728818641,0.0010034805693411,4.962704098360656,4.9627040983604545,1811.3869959015658,10036.422940863493,836.368578405291
7.365178502049559,125.53705504452994,28.99445121771368,0.00086741185554,4.962704098360656,4.9627040983604545,1811.3869959015658,7865.420942106955,655.4517451755796
7.045564143696934,125.48988929625172,71.94985292376975,0.0018980332317511,4.962704098360656,4.9627040983604545,1811.3869959015658,19518.075224765664,1626.506268730472
6.996220884527395,125.48812229812889,134.29253664935453,0.0039700897677522,5.225479234972678,5.225479234972666,1907.2999207650232,38358.949001914625,3196.5790834928853
7.209715578303624,125.424245530922,56.31316116891539,0.0010526946143401,4.962704098360656,4.9627040983604545,1811.3869959015658,15276.257993240879,1273.02149943674
7.137980223322335,125.4227726297236,161.79815889159175,0.003825485724204,4.962704098360656,4.9627040983604545,1811.3869959015658,43891.5231671222,3657.6269305935166
7.5024740231291505,125.54651802867346,20.091910749016623,0.000544986449528,4.962704098360656,4.9627040983604545,1811.3869959015658,5450.39926383268,454.19993865272335
6.97640149531159,125.47578355778764,68.66294220891794,0.0016559518974505,5.225479234972678,5.225479234972666,1907.2999207650232,19612.69303736809,1634.391086447341
7.169170741319186,125.34744015767691,27.684261208840432,0.0007860074475366,4.962704098360656,4.9627040983604545,1811.3869959015658,7510.0013531465975,625.8334460955498
7.359550713643268,125.4458408458516,66.98530784666394,0.0019304330057954,4.962704098360656,4.9627040983604545,1811.3869959015658,18171.326616754548,1514.277218062879
7.26163272281099,125.41602391204472,128.3321965150191,0.0037053613539611,4.962704098360656,4.9627040983604545,1811.3869959015658,34813.10056315701,2901.0917135964173
7.241931498367513,125.35682511625922,22.984669621182103,0.00105261087967,4.962704098360656,4.9627040983604545,1811.3869959015658,6235.1275569377985,519.5939630781498
6.9821553474479465,125.54640378009856,133.83919514728333,0.0038133544894408,5.225479234972678,5.225479234972666,1907.2999207650232,38229.45778823828,3185.7881490198565
7.140028766964717,125.598889152605,267.9375113676743,0.0143507692800643,4.962704098360656,4.9627040983604545,1811.3869959015658,72684.29732513163,6057.024777094302
7.3737139736287265,125.54494941507372,61.9315725523175,0.0016052806517251,4.962704098360656,4.9627040983604545,1811.3869959015658,16800.38308271266,1400.0319235593881
7.351240696375784,125.53059407867548,32.63962474235692,0.000687449712866,4.962704098360656,4.9627040983604545,1811.3869959015658,8854.25925337759,737.8549377814658
7.140240725234087,125.33090659710489,62.69087027861875,0.0016296842964133,4.962704098360656,4.9627040983604545,1811.3869959015658,17006.360295142033,1417.1966912618361
7.136597915771392,125.42095171791712,161.79815889159175,0.003825485724204,4.962704098360656,4.9627040983604545,1811.3869959015658,43891.5231671222,3657.6269305935166
7.2101715767261885,125.39348297043024,195.81851407625484,0.0070726579208876,4.962704098360656,4.9627040983604545,1811.3869959015658,53120.33774678528,4426.694812232106
7.099046819487025,125.50720699270096,101.14082023924752,0.0014906967990961,4.962704098360656,4.9627040983604545,1811.3869959015658,27436.80574045994,2286.4004783716614
7.00911345716708,125.55630847094916,65.64001609436082,0.0017079059427401,4.962704098360656,4.9627040983604545,1811.3869959015658,17806.38486143882,1483.8654051199017
6.974540665055737,125.442988630939,382.791754396372,0.0154851611431154,5.225479234972678,5.225479234972666,1907.2999207650232,109339.57874057659,9111.631561714716
7.179478369769088,125.54176015425872,227.42439559566787,0.0076954303716921,4.962704098360656,4.9627040983604545,1811.3869959015658,61694.17004765906,5141.180837304922
7.123404628186283,125.48799476182346,62.27228475915422,0.0017918576091325,4.962704098360656,4.9627040983604545,1811.3869959015658,16892.80921303541,1407.734101086284
7.259593078081652,125.51499960511346,97.24109305019844,0.0021572009186753,4.962704098360656,4.9627040983604545,1811.3869959015658,26378.913812417122,2198.2428177014267
7.088523103239704,125.39534630372592,145.1005994802513,0.0033755904927376,4.962704098360656,4.9627040983604545,1811.3869959015658,39361.920848048256,3280.160070670688
7.228116675358054,125.22717451961245,17.580052938865563,0.000486361873664,4.962704098360656,4.9627040983604545,1811.3869959015658,4768.9992650809545,397.4166054234129
7.1217058667667015,125.66310916564584,238.29220824236745,0.0148584120581988,4.962704098360656,4.9627040983604545,1811.3869959015658,64642.31762749747,5386.859802291456
7.38708889143062,125.28591533336692,60.863461394342,0.0013809255555554,4.962704098360656,4.9627040983604545,1811.3869959015658,16510.63302649135,1375.8860855409457
7.296051393562565,125.4649995245208,364.5650717092,0.0028843011640726,4.962704098360656,4.9627040983604545,1811.3869959015658,98896.77608488206,8241.398007073505
7.216086654004116,125.36677906186937,117.42631393323568,0.0037984636875171,4.962704098360656,4.9627040983604545,1811.3869959015658,31854.625625769222,2654.5521354807684
7.482562233676839,125.28634313771266,52.97655984751353,0.0014782972022834,4.962704098360656,4.9627040983604545,1811.3869959015658,14371.127086925164,1197.5939239104302
7.39045309563434,125.3971398114906,69.94672365429042,0.0024107489329402,4.962704098360656,4.9627040983604545,1811.3869959015658,18974.679704443326,1581.2233087036104
7.488794202937665,125.47994239588672,36.36744261645025,0.0012179079123288,4.962704098360656,4.9627040983604545,1811.3869959015658,9865.516771414048,822.1263976178374
7.264456995814053,125.46281566239102,269.653502765591,0.008338010236714,4.962704098360656,4.9627040983604545,1811.3869959015658,73149.80000274064,6095.8166668950535
7.2071921429267265,125.63265529499282,51.85875471018159,0.0016485477072046,4.962704098360656,4.9627040983604545,1811.3869959015658,14067.896380113441,1172.3246983427869
7.15427532278896,125.40747277105837,1067.0954216137022,0.0862133750368961,4.962704098360656,4.9627040983604545,1811.3869959015658,289474.5140497505,24122.876170812542
7.310135727739144,125.46636269377424,93.46712197719792,0.0033168648402144,4.962704098360656,4.9627040983604545,1811.3869959015658,25355.136163045743,2112.9280135871454
7.235857241760908,125.53435085039764,35.34011868076304,0.000962601562874,4.962704098360656,4.9627040983604545,1811.3869959015658,9586.831200253959,798.9026000211633
7.519296694323674,125.32206738799688,166.89018722077623,0.0031457297320727,4.962704098360656,4.9627040983604545,1811.3869959015658,45272.854579723695,3772.7378816436412
7.555739255316486,125.38353494632943,20.60223821544115,0.0007272460230216,4.962704098360656,4.9627040983604545,1811.3869959015658,5588.8374881538775,465.73645734615644
7.320014243660679,125.31703925616748,242.03784008840717,0.0013479466291257,4.962704098360656,4.9627040983604545,1811.3869959015658,65658.40760078398,5471.533966731998
7.494486332242164,125.47495398673296,99.38240101259254,0.0026737465823923,4.962704098360656,4.9627040983604545,1811.3869959015658,26959.793525036945,2246.6494604197455
7.336937153873445,125.47246632680134,157.49614980779234,0.0052436685568576,4.962704098360656,4.9627040983604545,1811.3869959015658,42724.50289532006,3560.3752412766717
6.979610913889801,125.46226907866472,382.791754396372,0.0154851611431154,5.225479234972678,5.225479234972666,1907.2999207650232,109339.57874057659,9111.631561714716
7.127407423145269,125.45599797442004,60.38736494589877,0.0018824185753873,4.962704098360656,4.9627040983604545,1811.3869959015658,16381.480763945321,1365.1233969954435
7.377855907936859,125.38194617376084,69.94672365429042,0.0024107489329402,4.962704098360656,4.9627040983604545,1811.3869959015658,18974.679704443326,1581.2233087036104
7.016762787422843,125.4562888377689,169.56543518817634,0.0043704846041026,4.962704098360656,4.9627040983604545,1811.3869959015658,45998.577968316844,3833.2148306930703
7.351352321406714,125.3091410744204,43.98844146938451,0.0011998915087905,4.962704098360656,4.9627040983604545,1811.3869959015658,11932.890405339613,994.4075337783011
7.5289607943643455,125.30287234371096,90.52395806752692,0.0022854193721122,4.962704098360656,4.9627040983604545,1811.3869959015658,24556.734328247883,2046.3945273539903
7.015407256185284,125.3181938162558,117.77483059295014,0.0024869388802586,4.962704098360656,4.9627040983604545,1811.3869959015658,31949.168895907635,2662.430741325636
7.148049856776501,125.63760199123652,52.5985522035671,0.0013246954351073,4.962704098360656,4.9627040983604545,1811.3869959015658,14268.583699687115,1189.048641640593
7.579178182340254,125.42162581428258,42.27861757156095,0.0006182785000885,4.962704098360656,4.9627040983604545,1811.3869959015658,11469.060805935424,955.7550671612853
7.213423843400845,125.26843114981855,147.36915610097228,0.0041348951143569,4.962704098360656,4.9627040983604545,1811.3869959015658,39977.31972623338,3331.443310519448
7.040479041514148,125.3689242806232,37.64164548447054,0.000933481272049,4.962704098360656,4.9627040983604545,1811.3869959015658,10211.174009323646,850.9311674436372
7.134097298069089,125.55081903759086,474.2500550666091,0.0136457545456445,4.962704098360656,4.9627040983604545,1811.3869959015658,128651.3852911758,10720.94877426465
7.014905407670876,125.38299056685682,64.36054177089046,0.0014202455264054,4.962704098360656,4.9627040983604545,1811.3869959015658,17459.297618326465,1454.9414681938722
7.058953060992916,125.45641853631238,268.9060506506841,0.007177788181427,4.962704098360656,4.9627040983604545,1811.3869959015658,72947.03618860025,6078.9196823833545
7.049322557005417,125.42482370416576,76.36387622183933,0.0017114552136703,4.962704098360656,4.9627040983604545,1811.3869959015658,20715.481963968716,1726.2901636640597
7.084164701943957,125.46789043151593,47.19675823113338,0.001272621597494,4.962704098360656,4.9627040983604545,1811.3869959015658,12803.221133701718,1066.9350944751432
7.379618828975319,125.45426828642522,44.80700399409231,0.0014365355221414,4.962704098360656,4.9627040983604545,1811.3869959015658,12154.9445761848,1012.9120480154
7.242688474095817,125.25948048492398,31.59146477905393,0.0007891559891741,4.962704098360656,4.9627040983604545,1811.3869959015658,8569.92142390335,714.1601186586125
7.108359021923588,125.49635956715332,324.1910044189051,0.0231577356725588,4.962704098360656,4.9627040983604545,1811.3869959015658,87944.36895019852,7328.697412516543
7.002872503571497,125.39604179915128,64.36054177089046,0.0014202455264054,4.962704098360656,4.9627040983604545,1811.3869959015658,17459.297618326465,1454.9414681938722
7.259405072656007,125.32316749439438,347.36713180964165,0.0050386734571464,4.962704098360656,4.9627040983604545,1811.3869959015658,94231.43389125423,7852.619490937853
7.231039974084428,125.68742100935924,61.67460371868274,0.0016584268934523,4.962704098360656,4.9627040983604545,1811.3869959015658,16730.67429497382,1394.222857914485
7.166397924734202,125.2562866031206,28.838542454246475,0.0007669869483314,4.962704098360656,4.9627040983604545,1811.3869959015658,7823.127054768825,651.9272545640687
7.250596065894493,125.26326636805496,31.59146477905393,0.0007891559891741,4.962704098360656,4.9627040983604545,1811.3869959015658,8569.92142390335,714.1601186586125
7.07336464602033,125.38049503283044,19.43185672893101,0.0005236894219914,4.962704098360656,4.9627040983604545,1811.3869959015658,5271.3442207307935,439.2786850608995
7.188186384379588,125.56103536456786,40.75455117533087,0.0011288370250358,4.962704098360656,4.9627040983604545,1811.3869959015658,11055.62226005441,921.3018550045341
7.1127446799655045,125.62614996809889,69.15437258136747,0.0021145778849672,4.962704098360656,4.9627040983604545,1811.3869959015658,18759.736001054258,1563.3113334211882
7.0758236444744,125.47580690998991,48.441924160929815,0.0009883443339247,4.962704098360656,4.9627040983604545,1811.3869959015658,13141.001425078144,1095.0834520898454
7.055249550508169,125.45513946434014,97.71011264739828,0.0016641978950971,4.962704098360656,4.9627040983604545,1811.3869959015658,26506.14631405594,2208.8455261713284
7.353900393819474,125.29508559603728,765.5640457552189,0.0221613031792798,4.962704098360656,4.9627040983604545,1811.3869959015658,207677.09768993664,17306.42480749472
7.068176744210677,125.344104518914,21.97482359879272,0.0002990066762903,4.962704098360656,4.9627040983604545,1811.3869959015658,5961.183277283618,496.76527310696815
7.312353283912572,125.4886384912044,88.39126889263116,0.0021399350978635,4.962704098360656,4.9627040983604545,1811.3869959015658,23978.192662696998,1998.1827218914166
7.250323117108888,125.337784717625,290.6467041018037,0.0062750665158749,4.962704098360656,4.9627040983604545,1811.3869959015658,78844.69535329782,6570.3912794414855
7.424735462850865,125.25967135133712,186.33075981275783,0.0022730677123354,4.962704098360656,4.9627040983604545,1811.3869959015658,50546.563181530444,4212.21359846087
7.081829793593181,125.32391858443468,21.97482359879272,0.0002990066762903,4.962704098360656,4.9627040983604545,1811.3869959015658,5961.183277283618,496.76527310696815
7.542375032995189,125.36860857389024,25.99833176436132,0.0008135076350871,4.962704098360656,4.9627040983604545,1811.3869959015658,7052.653681347264,587.721140112272
7.386833105698721,125.5302748058671,31.08613043262231,0.0008745898933977,4.962704098360656,4.9627040983604545,1811.3869959015658,8432.837699802341,702.7364749835284
7.544204524233911,125.4478161193992,17.414719677638455,0.000471773646644,4.962704098360656,4.9627040983604545,1811.3869959015658,4724.148762979089,393.67906358159075
7.186851147545337,125.4626100068952,16.676555764358255,0.0004505665679225,4.962704098360656,4.9627040983604545,1811.3869959015658,4523.90459009836,376.9920491748633
7.310973340523219,125.52471749165652,53.81057912695052,0.0014913249727104,4.962704098360656,4.9627040983604545,1811.3869959015658,14597.374262888165,1216.4478552406804
7.211317963088516,125.2770723010702,283.14378232074347,0.0056272739246538,4.962704098360656,4.9627040983604545,1811.3869959015658,76809.35287826289,6400.779406521907
7.506299624956964,125.3678637191419,166.89018722077623,0.0031457297320727,4.962704098360656,4.9627040983604545,1811.3869959015658,45272.854579723695,3772.7378816436412
7.489879080705072,125.39928589954644,228.469823808251,0.0045471871856744,4.962704098360656,4.9627040983604545,1811.3869959015658,61977.766826055646,5164.813902171304
7.445671836055422,125.42976321096992,228.469823808251,0.0045471871856744,4.962704098360656,4.9627040983604545,1811.3869959015658,61977.766826055646,5164.813902171304
7.124970561526392,125.4480697769709,191.98082878768508,0.0018086471050899,4.962704098360656,4.9627040983604545,1811.3869959015658,52079.27613084784,4339.939677570653
7.128399744944871,125.33341109478762,62.69087027861875,0.0016296842964133,4.962704098360656,4.9627040983604545,1811.3869959015658,17006.360295142033,1417.1966912618361
7.4222991233694176,125.39347389346948,48.59890258313088,0.0015324012820986,4.962704098360656,4.9627040983604545,1811.3869959015658,13183.585482288543,1098.6321235240453
7.247611793102345,125.48001435674384,516.8187276621609,0.0071729906968011,4.962704098360656,4.9627040983604545,1811.3869959015658,140199.1302854385,11683.260857119874
7.475927852521131,125.40709037647063,228.469823808251,0.0045471871856744,4.962704098360656,4.9627040983604545,1811.3869959015658,61977.766826055646,5164.813902171304
7.336955063730789,125.29507221612774,43.98844146938451,0.0011998915087905,4.962704098360656,4.9627040983604545,1811.3869959015658,11932.890405339613,994.4075337783011
7.468823979568829,125.27455789330172,485.9863886496265,0.0119483903931263,4.962704098360656,4.9627040983604545,1811.3869959015658,131835.13942586427,10986.261618822022
7.407810334187066,125.35251153254632,29.79329351723079,0.0008531444080999,4.962704098360656,4.9627040983604545,1811.3869959015658,8082.125542062416,673.5104618385346
7.376567904967616,125.40600766225194,29.391433718371,0.0005063406157912,4.962704098360656,4.9627040983604545,1811.3869959015658,7973.111701655199,664.4259751379333
7.069769339822031,125.41886136829206,18.035296290100035,0.00084270116429,4.962704098360656,4.9627040983604545,1811.3869959015658,4892.494638787735,407.7078865656446
7.220329470557939,125.23153491592724,17.580052938865563,0.000486361873664,4.962704098360656,4.9627040983604545,1811.3869959015658,4768.9992650809545,397.4166054234129
7.3290608300637885,125.52895430725034,56.02371982910877,0.0018215169519489,4.962704098360656,4.9627040983604545,1811.3869959015658,15197.740281057533,1266.4783567547945
7.248973085249186,125.2925257735682,359.0068693872487,0.0066737312555985,4.962704098360656,4.9627040983604545,1811.3869959015658,97388.98410719377,8115.7486755994805
7.134327275552076,125.39479130047904,313.7521052340176,0.0041598281359527,4.962704098360656,4.9627040983604545,1811.3869959015658,85112.57414764004,7092.714512303337
7.157354797168788,125.56735233880644,78.35206618894622,0.0018879396902413,4.962704098360656,4.9627040983604545,1811.3869959015658,21254.82485019019,1771.2354041825158
7.555921213901639,125.4766454766796,44.149906401714304,0.0018259960486083,4.962704098360656,4.9627040983604545,1811.3869959015658,11976.691533032168,998.0576277526807
7.357018095180611,125.47623015535116,26.499185853818624,0.0007923174913483,4.962704098360656,4.9627040983604545,1811.3869959015658,7188.522031280048,599.0435026066707
7.453020183688665,125.26600853746626,87.86633358194885,0.0026789291589205,4.962704098360656,4.9627040983604545,1811.3869959015658,23835.791720016987,1986.3159766680822
7.077328131111094,125.61850185661832,239.1684289374068,0.0064619557506911,4.962704098360656,4.9627040983604545,1811.3869959015658,64880.01292143218,5406.667743452682
7.166160080900067,125.32275535799492,320.7440734088234,0.0043956536445001,4.962704098360656,4.9627040983604545,1811.3869959015658,87009.30854332555,7250.775711943796
7.36011874529225,125.50107434367736,14.2031631694767,0.0005145313051036,4.962704098360656,4.9627040983604545,1811.3869959015658,3852.9391778629183,321.07826482190984
7.544208702909993,125.54696094672596,176.8331032575936,0.0047213698685301,4.962704098360656,4.9627040983604545,1811.3869959015658,47970.10238877401,3997.508532397834
7.384129196872591,125.35909405947848,67.5218791562901,0.001735200963627,4.962704098360656,4.9627040983604545,1811.3869959015658,18316.884095458925,1526.4070079549103
7.154876769727329,125.4860365201698,102.67735595748684,0.0023521507462835,4.962704098360656,4.9627040983604545,1811.3869959015658,27853.626880676988,2321.135573389749
7.01823422531914,125.65279060128675,41.93983534952473,0.0013209499989257,4.962704098360656,4.9627040983604545,1811.3869959015658,11377.158228990314,948.0965190825262
7.493897043612552,125.37184294530356,166.89018722077623,0.0031457297320727,4.962704098360656,4.9627040983604545,1811.3869959015658,45272.854579723695,3772.7378816436412
7.130217485462436,125.58585834021169,264.8470933596571,0.0095154188218912,4.962704098360656,4.9627040983604545,1811.3869959015658,71845.94938270625,5987.1624485588545
7.518219288849964,125.5003207508767,16.385285429165638,0.0004484718079086,4.962704098360656,4.9627040983604545,1811.3869959015658,4444.89072027078,370.40756002256495
7.270316176852287,125.37009823157688,393.24563518197226,0.0197651312452814,4.962704098360656,4.9627040983604545,1811.3869959015658,106677.0476574081,8889.753971450675
7.206460142375578,125.64301814304416,3633.133800123469,0.0587544681814885,4.962704098360656,4.9627040983604545,1811.3869959015658,985572.2552703341,82131.02127252784
7.267538164547542,125.46639571675996,269.653502765591,0.008338010236714,4.962704098360656,4.9627040983604545,1811.3869959015658,73149.80000274064,6095.8166668950535
7.287709403615499,125.422588165761,27.142462515253115,0.0013001489651395,4.962704098360656,4.9627040983604545,1811.3869959015658,7363.02582465843,613.5854853882025
6.969440740720335,125.46185375254338,207.51233624490345,0.0068527425111155,5.225479234972678,5.225479234972666,1907.2999207650232,59273.250188655744,4939.437515721312
7.512234893051549,125.45885407530528,99.38240101259254,0.0026737465823923,4.962704098360656,4.9627040983604545,1811.3869959015658,26959.793525036945,2246.6494604197455
7.299822409818838,125.40486963825695,60.62219109103389,0.0020091543919951,4.962704098360656,4.9627040983604545,1811.3869959015658,16445.1828311385,1370.431902594875
7.204999150165514,125.2336509000516,26.520992778625683,0.0010748259005004,4.962704098360656,4.9627040983604545,1811.3869959015658,7194.437668095261,599.5364723412717
7.121989394399839,125.44512317372902,191.98082878768508,0.0018086471050899,4.962704098360656,4.9627040983604545,1811.3869959015658,52079.27613084784,4339.939677570653
7.226227728098076,125.4262612295177,66.55995254285591,0.0013757846130612,4.962704098360656,4.9627040983604545,1811.3869959015658,18055.939072797035,1504.661589399753
7.305575883251848,125.33748634720028,74.57547401262664,0.0021326726255488,4.962704098360656,4.9627040983604545,1811.3869959015658,20230.33616542854,1685.861347119045
7.264102572123471,125.42767079556172,227.32068153255776,0.0060061551898153,4.962704098360656,4.9627040983604545,1811.3869959015658,61666.03518979084,5138.836265815903
7.090915864001361,125.43385669103216,33.94712630546029,0.0003527727564493,4.962704098360656,4.9627040983604545,1811.3869959015658,9208.949538737705,767.4124615614754
7.138242779061913,125.46879938142747,74.79145069424477,0.0020418553732113,4.962704098360656,4.9627040983604545,1811.3869959015658,20288.9248761391,1690.7437396782582
7.213678825292595,125.63005328048642,649.7387958132017,0.0143948611050321,4.962704098360656,4.9627040983604545,1811.3869959015658,176256.79800300393,14688.066500250328
7.11787806399313,125.52394079755987,275.08859670445383,0.0072094101927153,4.962704098360656,4.9627040983604545,1811.3869959015658,74624.19596105881,6218.682996754901
7.218742141108175,125.22689933635168,17.580052938865563,0.000486361873664,4.962704098360656,4.9627040983604545,1811.3869959015658,4768.9992650809545,397.4166054234129
7.2547243145693585,125.47489230795972,269.653502765591,0.008338010236714,4.962704098360656,4.9627040983604545,1811.3869959015658,73149.80000274064,6095.8166668950535
7.540067041836853,125.53124593056992,17.922888003937814,0.0004161191071017,4.962704098360656,4.9627040983604545,1811.3869959015658,4862.001270197729,405.16677251647747
7.038957724710286,125.56566365437192,97.78751570741244,0.0026631188731467,4.962704098360656,4.9627040983604545,1811.3869959015658,26527.143698853706,2210.5953082378087
7.426299785689038,125.25633042956808,55.99150850026849,0.0015550120067481,4.962704098360656,4.9627040983604545,1811.3869959015658,15189.002207053958,1265.7501839211632
7.499187484007746,125.48250460132422,99.38240101259254,0.0026737465823923,4.962704098360656,4.9627040983604545,1811.3869959015658,26959.793525036945,2246.6494604197455
7.293435402880766,125.35178283175664,50.15307702158783,0.0012495695705804,4.962704098360656,4.9627040983604545,1811.3869959015658,13605.19153663795,1133.765961386496
7.479925017240076,125.31593485917315,40.82090922287595,0.0010739480498257,4.962704098360656,4.9627040983604545,1811.3869959015658,11073.62342768884,922.8019523074034
6.996239681849322,125.3087457573634,41.97783797054488,0.0012318626912616,5.225479234972678,5.225479234972666,1907.2999207650232,11990.433616777662,999.2028013981385
7.0877410012509365,125.43284071879248,33.94712630546029,0.0003527727564493,4.962704098360656,4.9627040983604545,1811.3869959015658,9208.949538737705,767.4124615614754
7.187911742579207,125.55296405825302,17.493628536079378,0.0005404962510884,4.962704098360656,4.9627040983604545,1811.3869959015658,4745.554630710077,395.4628858925064
7.029927730829422,125.43310332856896,44.27929193752823,0.0013316366675391,4.962704098360656,4.9627040983604545,1811.3869959015658,12011.790376440345,1000.9825313700288
7.076723300855109,125.4897905795492,71.5299212488893,0.0019666974146652,4.962704098360656,4.9627040983604545,1811.3869959015658,19404.15896661483,1617.0132472179023
7.002439849776597,125.54323525254038,230.24811737393017,0.0071345313789306,4.962704098360656,4.9627040983604545,1811.3869959015658,62460.17041933911,5205.014201611592
7.055474797160068,125.37800130581256,41.49012457509043,0.0010834427352919,4.962704098360656,4.9627040983604545,1811.3869959015658,11255.163695740941,937.9303079784117
7.523134565702196,125.32234269955134,166.89018722077623,0.0031457297320727,4.962704098360656,4.9627040983604545,1811.3869959015658,45272.854579723695,3772.7378816436412
7.07083382102242,125.50689050265156,76.01915307173482,0.0024559988392832,4.962704098360656,4.9627040983604545,1811.3869959015658,20621.96777176339,1718.4973143136158
7.122360796708617,125.48456728455226,69.49277896136269,0.0020745654277994,4.962704098360656,4.9627040983604545,1811.3869959015658,18851.53662208242,1570.961385173535
7.520149445282506,125.40190649604224,25.99833176436132,0.0008135076350871,4.962704098360656,4.9627040983604545,1811.3869959015658,7052.653681347264,587.721140112272
7.381886741447191,125.47513855926536,14.389610161618853,0.0002562381211452,4.962704098360656,4.9627040983604545,1811.3869959015658,3903.517271773929,325.29310598116075
7.286713734894975,125.44601930994584,219.1900597179561,0.0078794056393475,4.962704098360656,4.9627040983604545,1811.3869959015658,59460.41444488604,4955.034537073837
7.127272761759631,125.56194943227337,10.357499693799664,0.0002824069747098,4.962704098360656,4.9627040983604545,1811.3869959015658,2809.7132926491777,234.14277438743147
7.476007019857407,125.31148463027164,40.82090922287595,0.0010739480498257,4.962704098360656,4.9627040983604545,1811.3869959015658,11073.62342768884,922.8019523074034
7.053538755741449,125.38078075504345,41.49012457509043,0.0010834427352919,4.962704098360656,4.9627040983604545,1811.3869959015658,11255.163695740941,937.9303079784117
7.300980725822161,125.3071601290506,16.94171018723605,0.0005460670961957,4.962704098360656,4.9627040983604545,1811.3869959015658,4595.833909778711,382.9861591482259
7.002103295748675,125.62342279230953,22.98765503856812,0.0006802228246805,4.962704098360656,4.9627040983604545,1811.3869959015658,6235.937421013258,519.6614517511049
7.486886336456184,125.35338436215964,166.89018722077623,0.0031457297320727,4.962704098360656,4.9627040983604545,1811.3869959015658,45272.854579723695,3772.7378816436412
7.288681488221025,125.54653570439352,18.85351883921931,0.0005301954213327,4.962704098360656,4.9627040983604545,1811.3869959015658,5114.456583327493,426.2047152772911
7.485947486855909,125.42042369720212,228.469823808251,0.0045471871856744,4.962704098360656,4.9627040983604545,1811.3869959015658,61977.766826055646,5164.813902171304
7.512732399444184,125.4117104050858,37.28312676679267,0.0010967076645023,4.962704098360656,4.9627040983604545,1811.3869959015658,10113.917447749616,842.8264539791347
7.41092530592278,125.35624672750876,30.20928597221454,0.0011084615417594,4.962704098360656,4.9627040983604545,1811.3869959015658,8194.973194967422,682.9144329139518
7.187048856013639,125.22111628513076,26.520992778625683,0.0010748259005004,4.962704098360656,4.9627040983604545,1811.3869959015658,7194.437668095261,599.5364723412717
7.040497933483105,125.51279538404609,20.924365336889643,0.0005753704028174,4.962704098360656,4.9627040983604545,1811.3869959015658,5676.221980725811,473.01849839381754
7.0577228220338135,125.64760692692248,18.30908144150428,0.0004928700368406,4.962704098360656,4.9627040983604545,1811.3869959015658,4966.765244819322,413.8971037349435
7.096772797608314,125.65393126768842,1084.536966528578,0.0070942082838587,4.962704098360656,4.9627040983604545,1811.3869959015658,294205.93978380103,24517.161648650086
7.217967970539075,125.6058682284263,162.01320027571774,0.0037277741833124,4.962704098360656,4.9627040983604545,1811.3869959015658,43949.85815658014,3662.488179715012
7.339001740483595,125.4309363977574,197.47863461585573,0.0065081518194205,4.962704098360656,4.9627040983604545,1811.3869959015658,53570.68415136291,4464.223679280242
7.403163799253376,125.473239653353,88.22026110124524,0.0018847965503059,4.962704098360656,4.9627040983604545,1811.3869959015658,23931.802811979334,1994.3169009982778
7.419922393404863,125.44386166367592,100.2659098210938,0.0037804248399335,4.962704098360656,4.9627040983604545,1811.3869959015658,27199.46588968154,2266.622157473462
7.179834153681908,125.4830588315538,175.12057458794598,0.0031305600486227,4.962704098360656,4.9627040983604545,1811.3869959015658,47505.53905694671,3958.794921412226
7.474603630806134,125.46715569604147,36.36744261645025,0.0012179079123288,4.962704098360656,4.9627040983604545,1811.3869959015658,9865.516771414048,822.1263976178374
7.488698985872339,125.34161242277084,166.89018722077623,0.0031457297320727,4.962704098360656,4.9627040983604545,1811.3869959015658,45272.854579723695,3772.7378816436412
7.214065237794692,125.62699710727593,3379.23571303264,0.0966853277233407,4.962704098360656,4.9627040983604545,1811.3869959015658,916696.4791306204,76391.37326088503
6.99448017946171,125.5142454819235,133.83919514728333,0.0038133544894408,5.225479234972678,5.225479234972666,1907.2999207650232,38229.45778823828,3185.7881490198565
7.31410753417628,125.31425677768893,242.03784008840717,0.0013479466291257,4.962704098360656,4.9627040983604545,1811.3869959015658,65658.40760078398,5471.533966731998
7.4378419048445155,125.24579322845469,55.99150850026849,0.0015550120067481,4.962704098360656,4.9627040983604545,1811.3869959015658,15189.002207053958,1265.7501839211632
7.001882711726594,125.62057850609554,22.98765503856812,0.0006802228246805,4.962704098360656,4.9627040983604545,1811.3869959015658,6235.937421013258,519.6614517511049
7.483410203221102,125.4627985338821,36.36744261645025,0.0012179079123288,4.962704098360656,4.9627040983604545,1811.3869959015658,9865.516771414048,822.1263976178374
7.108404443846493,125.49026853619434,90.90594220954333,0.0024945612923893,4.962704098360656,4.9627040983604545,1811.3869959015658,24660.356433305456,2055.0297027754546
7.496871252606634,125.4667868202179,16.810209271145602,0.0004638677170399,4.962704098360656,4.9627040983604545,1811.3869959015658,4560.16122014725,380.0134350122708
7.00060741653912,125.30531290600766,41.97783797054488,0.0012318626912616,4.962704098360656,4.9627040983604545,1811.3869959015658,11387.467326030379,948.9556105025316
6.989957230786924,125.53218878590326,133.83919514728333,0.0038133544894408,5.225479234972678,5.225479234972666,1907.2999207650232,38229.45778823828,3185.7881490198565
7.438000116594578,125.45075479187304,46.82475006944004,0.0015699549251295,4.962704098360656,4.9627040983604545,1811.3869959015658,12702.305245911786,1058.5254371593155
7.308186186518063,125.33402948409658,132.76640719825255,0.0039309172694209,4.962704098360656,4.9627040983604545,1811.3869959015658,36015.98360128505,3001.331966773754
7.032945645686937,125.57475358720654,58.483745683694,0.0015810965143996,4.962704098360656,4.9627040983604545,1811.3869959015658,15865.079653321913,1322.0899711101595
7.338665956928733,125.44556316408372,212.1386902533137,0.0020406085747399,4.962704098360656,4.9627040983604545,1811.3869959015658,57547.56606430181,4795.630505358485
7.236808068747814,125.28791291121328,38.45276005816959,0.0008375801431934,4.962704098360656,4.9627040983604545,1811.3869959015658,10431.207749797515,869.2673124831263
7.033398205860999,125.35380197112862,22.1380307270586,0.0006126838026447,4.962704098360656,4.9627040983604545,1811.3869959015658,6005.4570162457585,500.4547513538132
7.063802348986248,125.4631686401897,121.4576450994354,0.0026320407651021,4.962704098360656,4.9627040983604545,1811.3869959015658,32948.2182011591,2745.6848500965916
7.066442162942479,125.50081525844747,63.97913902368718,0.0016537334087791,4.962704098360656,4.9627040983604545,1811.3869959015658,17355.833230168046,1446.3194358473372
7.083035593026592,125.56462996198772,214.085976063975,0.0076930521759635,4.962704098360656,4.9627040983604545,1811.3869959015658,58075.812744345414,4839.6510620287845
7.164144730275076,125.46794329962088,126.12527057364528,0.0028004252673569,4.962704098360656,4.9627040983604545,1811.3869959015658,34214.42044375693,2851.201703646411
7.262555461182047,125.32553934194516,195.62911899438225,0.0043532795620098,4.962704098360656,4.9627040983604545,1811.3869959015658,53068.959914795734,4422.413326232978
7.056403935288091,125.3630308650604,36.99745728818641,0.0010034805693411,4.962704098360656,4.9627040983604545,1811.3869959015658,10036.422940863493,836.368578405291
7.450085907297726,125.31399992734453,29.34858627631075,0.0006211372454783,4.962704098360656,4.9627040983604545,1811.3869959015658,7961.488333943707,663.4573611619757
7.38064496329538,125.46647238217516,33.247330625065565,0.0005667373294233,4.962704098360656,4.9627040983604545,1811.3869959015658,9019.113643640301,751.5928036366918
7.241440581990311,125.38993196310253,26.313660664534787,0.0007216912588064,4.962704098360656,4.9627040983604545,1811.3869959015658,7138.193997887576,594.8494998239647
7.447630530323291,125.30408460320166,29.34858627631075,0.0006211372454783,4.962704098360656,4.9627040983604545,1811.3869959015658,7961.488333943707,663.4573611619757
7.461782846199553,125.29289510789036,40.274048422546194,0.0011034858289112,4.962704098360656,4.9627040983604545,1811.3869959015658,10925.274684716143,910.4395570596786
7.343065978367685,125.44220800545354,66.98530784666394,0.0019304330057954,4.962704098360656,4.9627040983604545,1811.3869959015658,18171.326616754548,1514.277218062879
7.200197442481042,125.65845322499042,3086.6743371485272,0.1147502116684067,4.962704098360656,4.9627040983604545,1811.3869959015658,837332.3844129147,69777.69870107622
7.062370799733865,125.63725538373996,18.30908144150428,0.0004928700368406,4.962704098360656,4.9627040983604545,1811.3869959015658,4966.765244819322,413.8971037349435
6.990171273401961,125.39565911288231,34.23246179952801,0.0008368908460457,5.225479234972678,5.225479234972666,1907.2999207650232,9778.06577447204,814.8388145393366
7.054071365980128,125.57369174596457,94.74831231623898,0.0024027954758683,4.962704098360656,4.9627040983604545,1811.3869959015658,25702.688915393137,2141.890742949428
7.459789049462653,125.34085951635304,36.708438962483136,0.0010315722554633,4.962704098360656,4.9627040983604545,1811.3869959015658,9958.019981118892,829.8349984265743
6.965286159162538,125.47404352099603,367.4166930119109,0.0121820924835521,5.225479234972678,5.225479234972666,1907.2999207650232,104947.88870133205,8745.657391777671
7.073337184428764,125.36384949628734,36.99745728818641,0.0010034805693411,4.962704098360656,4.9627040983604545,1811.3869959015658,10036.422940863493,836.368578405291
7.104598445575035,125.51187322515408,76.68092278865831,0.0022891960053947,4.962704098360656,4.9627040983604545,1811.3869959015658,20801.48823763661,1733.4573531363842
7.202574907025419,125.50161607028606,269.3098167267639,0.0099494232189463,4.962704098360656,4.9627040983604545,1811.3869959015658,73056.56715115113,6088.047262595927
7.045920369475154,125.30715603418535,21.97482359879272,0.0002990066762903,4.962704098360656,4.9627040983604545,1811.3869959015658,5961.183277283618,496.76527310696815
7.5421053060534575,125.3653705304973,25.99833176436132,0.0008135076350871,4.962704098360656,4.9627040983604545,1811.3869959015658,7052.653681347264,587.721140112272
7.19785749990611,125.6163153708426,34.456832860585216,0.0009587989960701,4.962704098360656,4.9627040983604545,1811.3869959015658,9347.219326391405,778.9349438659505
7.324758211574756,125.49376328547253,88.39126889263116,0.0021399350978635,4.962704098360656,4.9627040983604545,1811.3869959015658,23978.192662696998,1998.1827218914166
7.109700040190827,125.6150566127674,181.4213950078807,0.0057248072495897,4.962704098360656,4.9627040983604545,1811.3869959015658,49214.78350897251,4101.231959081043
7.152244779729839,125.3597402509551,43.24198674267351,0.0011809492922472,4.962704098360656,4.9627040983604545,1811.3869959015658,11730.397156002979,977.5330963335815
7.160625995393206,125.23719344518248,26.520992778625683,0.0010748259005004,4.962704098360656,4.9627040983604545,1811.3869959015658,7194.437668095261,599.5364723412717
7.253757337116229,125.27017347495544,359.0068693872487,0.0066737312555985,4.962704098360656,4.9627040983604545,1811.3869959015658,97388.98410719377,8115.7486755994805
7.274089751187166,125.4004879484388,135.00635633121303,0.0036303164620245,4.962704098360656,4.9627040983604545,1811.3869959015658,36623.62203138847,3051.968502615706
6.969369472444996,125.4836369150654,881.4189563732999,0.0358059119183553,5.225479234972678,5.225479234972666,1907.2999207650232,251766.0745743813,20980.506214531775
7.385229105025148,125.5309666160085,31.08613043262231,0.0008745898933977,4.962704098360656,4.9627040983604545,1811.3869959015658,8432.837699802341,702.7364749835284
7.173348460157098,125.47081250696726,755.1479968154531,0.0095279069718458,4.962704098360656,4.9627040983604545,1811.3869959015658,204851.5015491553,17070.958462429608
7.335608077620874,125.28904222202328,43.98844146938451,0.0011998915087905,4.962704098360656,4.9627040983604545,1811.3869959015658,11932.890405339613,994.4075337783011
7.2256275323742996,125.4194623612542,1685.2655781530843,0.1330340960112614,4.962704098360656,4.9627040983604545,1811.3869959015658,457167.582579357,38097.29854827975
7.0544968852975,125.30148269034952,21.97482359879272,0.0002990066762903,4.962704098360656,4.9627040983604545,1811.3869959015658,5961.183277283618,496.76527310696815
7.383978813978375,125.2969814054166,129.44751138576504,0.0024197388345345,4.962704098360656,4.9627040983604545,1811.3869959015658,35115.65572709296,2926.3046439244135
7.137194642581649,125.65192837711533,26.0212418751022,0.0002245500142328,4.962704098360656,4.9627040983604545,1811.3869959015658,7058.868583069466,588.2390485891221
6.98251718334237,125.5283264566519,133.83919514728333,0.0038133544894408,5.225479234972678,5.225479234972666,1907.2999207650232,38229.45778823828,3185.7881490198565
7.381408073346356,125.45530893577627,33.247330625065565,0.0005667373294233,4.962704098360656,4.9627040983604545,1811.3869959015658,9019.113643640301,751.5928036366918
7.110703832003669,125.47481235232344,55.38834302904074,0.0016405325501044,4.962704098360656,4.9627040983604545,1811.3869959015658,15025.37950927197,1252.1149591059975
7.369292870734476,125.43782364956456,50.567417385355455,0.0013605561871751,4.962704098360656,4.9627040983604545,1811.3869959015658,13717.591021279586,1143.1325851066322
7.113077202401666,125.59667620049038,110.8570429550054,0.0031606145364499,4.962704098360656,4.9627040983604545,1811.3869959015658,30072.557700476642,2506.04647503972
7.138223808935161,125.63218457785396,113.38988359084708,0.0018148126073881,4.962704098360656,4.9627040983604545,1811.3869959015658,30759.64977994313,2563.3041483285942
7.029027601426255,125.58968241535985,38.27753850905734,0.0009029098681142,4.962704098360656,4.9627040983604545,1811.3869959015658,10383.674819046479,865.3062349205399
7.302840831254375,125.35590305508552,18.515486281068863,0.0005108238059179,4.962704098360656,4.9627040983604545,1811.3869959015658,5022.757370190941,418.56311418257843
7.508636445672748,125.46934599691282,99.38240101259254,0.0026737465823923,4.962704098360656,4.9627040983604545,1811.3869959015658,26959.793525036945,2246.6494604197455
7.188499883069009,125.3477504998344,80.29538520852496,0.0014649645027802,4.962704098360656,4.9627040983604545,1811.3869959015658,21781.995445660927,1815.1662871384106
7.27704571477013,125.44728251778986,227.32068153255776,0.0060061551898153,4.962704098360656,4.9627040983604545,1811.3869959015658,61666.03518979084,5138.836265815903
7.25527544516491,125.51402179619907,109.18697159449732,0.0021025602857386,4.962704098360656,4.9627040983604545,1811.3869959015658,29619.511903709565,2468.2926586424637
7.214402624422331,125.28024987833854,283.14378232074347,0.0056272739246538,4.962704098360656,4.9627040983604545,1811.3869959015658,76809.35287826289,6400.779406521907
7.07814701608338,125.41502315935789,170.3466013005303,0.0045480820101322,4.962704098360656,4.9627040983604545,1811.3869959015658,46210.487490357365,3850.8739575297805
7.1649865358298745,125.58031880723736,165.89353741252677,0.0078569001979111,4.962704098360656,4.9627040983604545,1811.3869959015658,45002.490080844575,3750.207506737048
7.291219928586974,125.5000718181262,54.133861822500336,0.0009399961604467,4.962704098360656,4.9627040983604545,1811.3869959015658,14685.07223187903,1223.7560193232525
7.0354686841036695,125.63840823301716,59.02467470723451,0.0016288841843895,4.962704098360656,4.9627040983604545,1811.3869959015658,16011.819263532218,1334.3182719610181
7.151292642043505,125.2723929129896,28.838542454246475,0.0007669869483314,4.962704098360656,4.9627040983604545,1811.3869959015658,7823.127054768825,651.9272545640687
7.1501380576760845,125.42440383362909,105.9270199765441,0.0027840118296275,4.962704098360656,4.9627040983604545,1811.3869959015658,28735.174016657576,2394.5978347214646
7.115530541010064,125.58361845636576,140.08718293998282,0.0041692173414988,4.962704098360656,4.9627040983604545,1811.3869959015658,38001.9147161425,3166.8262263452084
7.225007559843727,125.25825027009296,378.368650394622,0.0074835146090126,4.962704098360656,4.9627040983604545,1811.3869959015658,102641.31865453103,8553.443221210919
7.313974029460587,125.32999489942456,132.76640719825255,0.0039309172694209,4.962704098360656,4.9627040983604545,1811.3869959015658,36015.98360128505,3001.331966773754
7.1622063031596985,125.5871781853958,71.52753737324116,0.0019611717797562,4.962704098360656,4.9627040983604545,1811.3869959015658,19403.512284761622,1616.9593570634686
7.268971826473499,125.531239190701,48.94474323429765,0.0013781331855356,4.962704098360656,4.9627040983604545,1811.3869959015658,13277.402822713222,1106.4502352261018
7.014708038679197,125.45890829249448,270.16164373344463,0.0039138653874871,4.962704098360656,4.9627040983604545,1811.3869959015658,73287.64508834298,6107.303757361915
7.5185464068798415,125.53711145140166,41.9060574391445,0.0008690312119404,4.962704098360656,4.9627040983604545,1811.3869959015658,11367.995183216817,947.3329319347348
7.194026190316909,125.2854228851723,95.89604120293568,0.0017573702376873,4.962704098360656,4.9627040983604545,1811.3869959015658,26014.037136937342,2167.836428078112
7.134765533405509,125.3880998745831,159.81672402865735,0.0033370671492823,4.962704098360656,4.9627040983604545,1811.3869959015658,43354.012760412945,3612.8343967010787
7.140534504033431,125.56564358829596,43.84517268060969,0.0011920491071793,4.962704098360656,4.9627040983604545,1811.3869959015658,11894.025405856839,991.1687838214033
7.400055461348007,125.251399035944,48.25416059034451,0.0011253535495824,4.962704098360656,4.9627040983604545,1811.3869959015658,13090.066178566423,1090.8388482138687
7.4408672953172035,125.33767331777936,30.526032237199,0.0008660448759024,4.962704098360656,4.9627040983604545,1811.3869959015658,8280.898004760713,690.0748337300594
7.48466377424069,125.34911757741185,166.89018722077623,0.0031457297320727,4.962704098360656,4.9627040983604545,1811.3869959015658,45272.854579723695,3772.7378816436412
7.385314484444051,125.29451879265724,129.44751138576504,0.0024197388345345,4.962704098360656,4.9627040983604545,1811.3869959015658,35115.65572709296,2926.3046439244135
6.980348682495464,125.57970456271258,65.64001609436082,0.0017079059427401,5.225479234972678,5.225479234972666,1907.2999207650232,18749.232776969395,1562.4360647474496
7.33029052587195,125.48317772943862,27.19856689615005,0.0009235187443353,4.962704098360656,4.9627040983604545,1811.3869959015658,7378.245446134869,614.8537871779057
7.525469438629318,125.36312404185206,25.99833176436132,0.0008135076350871,4.962704098360656,4.9627040983604545,1811.3869959015658,7052.653681347264,587.721140112272
7.192784865438068,125.29564725597554,95.89604120293568,0.0017573702376873,4.962704098360656,4.9627040983604545,1811.3869959015658,26014.037136937342,2167.836428078112
7.0800482415999735,125.62461563916072,44.40182776786066,0.001727433412817,4.962704098360656,4.9627040983604545,1811.3869959015658,12045.031077525466,1003.7525897937888
7.007571796232139,125.61152510708068,22.98765503856812,0.0006802228246805,4.962704098360656,4.9627040983604545,1811.3869959015658,6235.937421013258,519.6614517511049
7.005143315633328,125.45222753477408,32.61622265509294,0.0016000653103266,4.962704098360656,4.9627040983604545,1811.3869959015658,8847.910891552323,737.3259076293602
7.46977201484714,125.5427162863641,57.08354519354239,0.0015354289280904,4.962704098360656,4.9627040983604545,1811.3869959015658,15485.242622584852,1290.4368852154043
7.45578024495843,125.53989245325262,43.20884815858504,0.0014434824649184,4.962704098360656,4.9627040983604545,1811.3869959015658,11721.407542392977,976.7839618660814
7.549109261037911,125.46015498410276,75.39725970040838,0.0014108436119272,4.962704098360656,4.9627040983604545,1811.3869959015658,20453.264694410438,1704.4387245342032
7.530150821743795,125.52634016512296,70.42471336441187,0.0018317502910961,4.962704098360656,4.9627040983604545,1811.3869959015658,19104.345558363817,1592.028796530318
7.278882763571297,125.3305154524447,195.62911899438225,0.0043532795620098,4.962704098360656,4.9627040983604545,1811.3869959015658,53068.959914795734,4422.413326232978
7.087894569032372,125.5676150061076,136.46447265746912,0.0032864716012248,4.962704098360656,4.9627040983604545,1811.3869959015658,37019.17008306382,3084.9308402553183
7.074314163716671,125.42603227207444,499.7350210085824,0.0026425544647347,4.962704098360656,4.9627040983604545,1811.3869959015658,135564.77652330295,11297.064710275246
7.214339007108017,125.37656297331164,117.42631393323568,0.0037984636875171,4.962704098360656,4.9627040983604545,1811.3869959015658,31854.625625769222,2654.5521354807684
7.555785531187273,125.51642528488732,7.887337573146314,0.0001321521532973,4.962704098360656,4.9627040983604545,1811.3869959015658,2139.6242218715092,178.30201848929244
7.16526487591694,125.55327654405224,160.15790141908525,0.0038014402603671,4.962704098360656,4.9627040983604545,1811.3869959015658,43446.565082631256,3620.5470902192715
7.097688079125254,125.62868741955783,79.88190088608143,0.0015367267790622,4.962704098360656,4.9627040983604545,1811.3869959015658,21669.828182188343,1805.819015182362
7.153452812167359,125.63203508333596,363.4103241118677,0.0173486323088354,4.962704098360656,4.9627040983604545,1811.3869959015658,98583.52387442613,8215.293656202177
7.259577492787403,125.54140559598606,35.627904765698695,0.0011762300338787,4.962704098360656,4.9627040983604545,1811.3869959015658,9664.899885958794,805.4083238298995
7.142493724954779,125.37256516317508,106.136494411588,0.0029053887013357,4.962704098360656,4.9627040983604545,1811.3869959015658,28791.998841375207,2399.3332367812673
7.313038101952493,125.2828311891938,15.134142288459191,0.0004875024616092,4.962704098360656,4.9627040983604545,1811.3869959015658,4105.488971067336,342.124080922278
7.288917957300045,125.4317809444124,309.8529190324687,0.002379532456963,4.962704098360656,4.9627040983604545,1811.3869959015658,84054.82897507059,7004.569081255882
7.540576163305895,125.523861970379,21.01420328293314,0.0005981260283477,4.962704098360656,4.9627040983604545,1811.3869959015658,5700.592618297137,475.04938485809475
7.1711706431112345,125.6249960269301,64.2880246960898,0.0016496148086413,4.962704098360656,4.9627040983604545,1811.3869959015658,17439.62567094196,1453.3021392451635
7.128363379416829,125.31118323226124,38.61756338142857,0.0010162562884047,4.962704098360656,4.9627040983604545,1811.3869959015658,10475.914493869224,872.9928744891021
7.246703126590579,125.34849177039015,626.4591831032208,0.0147191442853099,4.962704098360656,4.9627040983604545,1811.3869959015658,169941.66025618708,14161.805021348924
7.132425078628169,125.3739250262056,110.98513672866166,0.0017105043416,4.962704098360656,4.9627040983604545,1811.3869959015658,30107.30612328017,2508.942176940014
6.99065869602982,125.52862015474462,133.83919514728333,0.0038133544894408,5.225479234972678,5.225479234972666,1907.2999207650232,38229.45778823828,3185.7881490198565
7.404261747969067,125.38083138486888,49.80585876670349,0.0013411204160204,4.962704098360656,4.9627040983604545,1811.3869959015658,13511.000489083974,1125.9167074236645
7.099720970726071,125.30193006179456,64.61935644368404,0.001273050682087,4.962704098360656,4.9627040983604545,1811.3869959015658,17529.50713297565,1460.792261081304
6.98151671795172,125.44481225082104,382.791754396372,0.0154851611431154,5.225479234972678,5.225479234972666,1907.2999207650232,109339.57874057659,9111.631561714716
7.257424916479709,125.36627001035176,80.97256003620116,0.0021338515039921,4.962704098360656,4.9627040983604545,1811.3869959015658,21965.694907019177,1830.4745755849315
7.52141000459549,125.417457889125,50.65071576658682,0.0013275875089244,4.962704098360656,4.9627040983604545,1811.3869959015658,13740.187649415819,1145.0156374513183
7.02595287031253,125.6406421825702,41.93983534952473,0.0013209499989257,4.962704098360656,4.9627040983604545,1811.3869959015658,11377.158228990314,948.0965190825262
7.057333863951878,125.49302645762177,119.96000051983594,0.0030341007026877,4.962704098360656,4.9627040983604545,1811.3869959015658,32541.94718910359,2711.828932425299
7.5515103498526255,125.54666136378768,24.421564356677763,0.0007704837661788,4.962704098360656,4.9627040983604545,1811.3869959015658,6624.918757306032,552.076563108836
7.010178966040393,125.4357005441176,103.95729375345168,0.0019452653373086,4.962704098360656,4.9627040983604545,1811.3869959015658,28200.839851510027,2350.0699876258354
7.22157571520853,125.4954038025611,171.0762639781715,0.0065932354817523,4.962704098360656,4.9627040983604545,1811.3869959015658,46408.425504851904,3867.368792070992
7.177292120358498,125.60650108777637,313.2680062430233,0.0174813471123334,4.962704098360656,4.9627040983604545,1811.3869959015658,84981.2510088357,7081.770917402974
7.134001187703157,125.63719489709992,47.61039112176895,0.0017325029730872,4.962704098360656,4.9627040983604545,1811.3869959015658,12915.428699760481,1076.2857249800402
7.155294541364225,125.29313793621456,28.838542454246475,0.0007669869483314,4.962704098360656,4.9627040983604545,1811.3869959015658,7823.127054768825,651.9272545640687
7.048634489027599,125.53418610149214,125.15855547049271,0.0003297946371256,4.962704098360656,4.9627040983604545,1811.3869959015658,33952.17643160807,2829.3480359673395
7.250524732288767,125.3545228976363,527.2297262583446,0.0231765231545987,4.962704098360656,4.9627040983604545,1811.3869959015658,143023.35640276686,11918.613033563905
7.115073883361863,125.44378401307596,161.7000494889122,0.0053565540789965,4.962704098360656,4.9627040983604545,1811.3869959015658,43864.90870407688,3655.409058673073
7.390512308813812,125.40940967030292,31.004682570884192,0.0008789504318893,4.962704098360656,4.9627040983604545,1811.3869959015658,8410.743068226304,700.8952556855253
7.267031525069729,125.40953474586514,135.00635633121303,0.0036303164620245,4.962704098360656,4.9627040983604545,1811.3869959015658,36623.62203138847,3051.968502615706
7.460109009893592,125.46934037801128,241.8713140482579,0.0066515983828809,4.962704098360656,4.9627040983604545,1811.3869959015658,65613.23352958805,5467.769460799004
7.244862982701043,125.6864063160026,61.67460371868274,0.0016584268934523,4.962704098360656,4.9627040983604545,1811.3869959015658,16730.67429497382,1394.222857914485
7.198888552425664,125.38176719855235,149.60067340554656,0.0043802592514204,4.962704098360656,4.9627040983604545,1811.3869959015658,40582.67082628626,3381.889235523855
7.149096442148209,125.28180561900612,28.838542454246475,0.0007669869483314,4.962704098360656,4.9627040983604545,1811.3869959015658,7823.127054768825,651.9272545640687
7.234163095421307,125.25905248687752,31.59146477905393,0.0007891559891741,4.962704098360656,4.9627040983604545,1811.3869959015658,8569.92142390335,714.1601186586125
7.181230083599064,125.29785704801904,95.89604120293568,0.0017573702376873,4.962704098360656,4.9627040983604545,1811.3869959015658,26014.037136937342,2167.836428078112
7.115960440758588,125.5981938931948,83.66725937056222,0.0023829659665239,4.962704098360656,4.9627040983604545,1811.3869959015658,22696.6949324384,1891.3912443698666
7.541603001395617,125.51105822894274,171.54842391278294,0.0040636003717417,4.962704098360656,4.9627040983604545,1811.3869959015658,46536.50989623531,3878.0424913529423
7.082094338712938,125.48949269872942,49.1551752046658,0.0016283701575919,4.962704098360656,4.9627040983604545,1811.3869959015658,13334.487401213932,1111.2072834344942
7.339704268190217,125.38294279406496,81.30777061325696,0.0023047116322638,4.962704098360656,4.9627040983604545,1811.3869959015658,22056.628591985067,1838.0523826654223
7.052750812314047,125.46056401849556,194.90182771182492,0.0005059382087944,4.962704098360656,4.9627040983604545,1811.3869959015658,52871.665196510345,4405.972099709195
7.308977298866587,125.43187669922484,107.79388560240994,0.0039542562307061,4.962704098360656,4.9627040983604545,1811.3869959015658,29241.604846457663,2436.800403871472
7.354044691370177,125.34580551145235,218.55275063508228,0.0062253102455691,4.962704098360656,4.9627040983604545,1811.3869959015658,59287.529496335315,4940.627458027943
7.1748643442737325,125.25124105209736,26.520992778625683,0.0010748259005004,4.962704098360656,4.9627040983604545,1811.3869959015658,7194.437668095261,599.5364723412717
7.124637035898563,125.60332519926452,60.02675345075765,0.0013905590091031,4.962704098360656,4.9627040983604545,1811.3869959015658,16283.656487688124,1356.9713739740102
7.222558564559713,125.50783636968592,74.86169947199812,0.0020986507437864,4.962704098360656,4.9627040983604545,1811.3869959015658,20307.981495060758,1692.331791255063
7.551314461198854,125.3693671438067,15.589343822209786,0.0003467495660574,4.962704098360656,4.9627040983604545,1811.3869959015658,4228.973000806577,352.4144167338814
7.109950649794314,125.38222124381949,105.91015786574744,0.0028932465578454,4.962704098360656,4.9627040983604545,1811.3869959015658,28730.599775938477,2394.2166479948733
6.988386820668052,125.54458487900897,1298.408296993438,0.0328806676847116,5.225479234972678,5.225479234972666,1907.2999207650232,370873.7573263606,30906.146443863385
7.370865318553325,125.2805183140512,507.5370546192472,0.0094401453687909,4.962704098360656,4.9627040983604545,1811.3869959015658,137681.26005636094,11473.438338030079
7.102780592949107,125.3180365910368,109.35345841366784,0.0031308914511179,4.962704098360656,4.9627040983604545,1811.3869959015658,29664.675335300515,2472.0562779417096
7.1419420577427815,125.59126880189125,119.42968705784452,0.0018406167390516,4.962704098360656,4.9627040983604545,1811.3869959015658,32398.087297481285,2699.8406081234402
7.357086735145277,125.43014132631,15.9764019739974,0.0004316112831595,4.962704098360656,4.9627040983604545,1811.3869959015658,4333.971549322771,361.16429577689763
7.0281864953842,125.63431154325926,82.57187653851352,0.0029067485737103,4.962704098360656,4.9627040983604545,1811.3869959015658,22399.546798744577,1866.6288998953814
7.300359858975902,125.31191685950266,16.94171018723605,0.0005460670961957,4.962704098360656,4.9627040983604545,1811.3869959015658,4595.833909778711,382.9861591482259
7.269658452491089,125.39221934439132,125.78261062602778,0.004607693101914,4.962704098360656,4.9627040983604545,1811.3869959015658,34121.46594333288,2843.45549527774
7.598934329185619,125.41668494113902,13.512882178045585,0.0003509703663441,4.962704098360656,4.9627040983604545,1811.3869959015658,3665.6843639961994,305.4736969996833
7.28344190803903,125.45819032344302,111.59096461573871,0.0016298848461594,4.962704098360656,4.9627040983604545,1811.3869959015658,30271.651063439516,2522.63758861996
7.133214011368436,125.42785319279528,745.278045225251,0.0141509496121153,4.962704098360656,4.9627040983604545,1811.3869959015658,202174.04704752538,16847.83725396045
7.326242207672525,125.53356220252589,28.77914647452583,0.0012423714580713,4.962704098360656,4.9627040983604545,1811.3869959015658,7807.014510362867,650.584542530239
7.41703319184107,125.3203926859892,442.48778437671024,0.016459018536462,4.962704098360656,4.9627040983604545,1811.3869959015658,120035.12878135868,10002.927398446556
7.214311553038587,125.52649770258712,216.2159623241372,0.0055107214089996,4.962704098360656,4.9627040983604545,1811.3869959015658,58653.62118125229,4887.801765104357
7.009423570624607,125.42411364269356,216.18620681452848,0.0014914100673862,4.962704098360656,4.9627040983604545,1811.3869959015658,58645.5493054764,4887.1291087897
7.38200660180142,125.34980190364136,36.94326946917393,0.0008701475668533,4.962704098360656,4.9627040983604545,1811.3869959015658,10021.723231485737,835.1436026238115
7.443135652730995,125.37053659499234,206.4786654020648,0.004351716451699,4.962704098360656,4.9627040983604545,1811.3869959015658,56012.15235139591,4667.679362616326
7.400883557819068,125.28321695200458,96.5454195523464,0.0023918855545183,4.962704098360656,4.9627040983604545,1811.3869959015658,26190.196155449325,2182.516346287444
6.967139565971388,125.45311612258318,207.51233624490345,0.0068527425111155,5.225479234972678,5.225479234972666,1907.2999207650232,59273.250188655744,4939.437515721312
7.074079665328868,125.369065638244,36.99745728818641,0.0010034805693411,4.962704098360656,4.9627040983604545,1811.3869959015658,10036.422940863493,836.368578405291
7.267499113063155,125.3075326318515,195.62911899438225,0.0043532795620098,4.962704098360656,4.9627040983604545,1811.3869959015658,53068.959914795734,4422.413326232978
7.091795406468579,125.42710737125994,33.94712630546029,0.0003527727564493,4.962704098360656,4.9627040983604545,1811.3869959015658,9208.949538737705,767.4124615614754
7.342519218845724,125.41355800879587,197.47863461585573,0.0065081518194205,4.962704098360656,4.9627040983604545,1811.3869959015658,53570.68415136291,4464.223679280242
7.332329474366776,125.42681697843746,197.47863461585573,0.0065081518194205,4.962704098360656,4.9627040983604545,1811.3869959015658,53570.68415136291,4464.223679280242
7.3985549122656815,125.46578885722371,143.3128750255864,0.0036539624121574,4.962704098360656,4.9627040983604545,1811.3869959015658,38876.95890623204,3239.7465755193366
7.567215836816975,125.4610904798597,57.625129721717386,0.0015471314375884,4.962704098360656,4.9627040983604545,1811.3869959015658,15632.16005371134,1302.680004475945
6.966548680568638,125.4228754431542,275.7084437077741,0.00785629476265,5.225479234972678,5.225479234972666,1907.2999207650232,78752.59783943168,6562.716486619306
7.281396055498411,125.33095741487864,195.62911899438225,0.0043532795620098,4.962704098360656,4.9627040983604545,1811.3869959015658,53068.959914795734,4422.413326232978
7.315030186695917,125.47685165753823,88.39126889263116,0.0021399350978635,4.962704098360656,4.9627040983604545,1811.3869959015658,23978.192662696998,1998.1827218914166
7.134616821468507,125.56029300125536,32.36726664937426,0.0013538834596502,4.962704098360656,4.9627040983604545,1811.3869959015658,8780.375770216873,731.6979808514061
7.413538011311552,125.53648150023712,118.15436312579176,0.0042199664581803,4.962704098360656,4.9627040983604545,1811.3869959015658,32052.125944813582,2671.0104954011317
7.217452432750594,125.41484333603076,37.42410011916514,0.000519546665552,4.962704098360656,4.9627040983604545,1811.3869959015658,10152.159756586694,846.0133130488912
7.225129400013683,125.30340485662032,59.55014023364787,0.0013789967572574,4.962704098360656,4.9627040983604545,1811.3869959015658,16154.364039592056,1346.197003299338
7.1506759749285616,125.50229041122776,52.39007315758371,0.0022223526270807,4.962704098360656,4.9627040983604545,1811.3869959015658,14212.028897461149,1184.3357414550958
7.436997056873448,125.54481988656453,70.3073260113274,0.0021078894940908,4.962704098360656,4.9627040983604545,1811.3869959015658,19072.501501776707,1589.375125148059
7.493122214022184,125.37692214601388,166.89018722077623,0.0031457297320727,4.962704098360656,4.9627040983604545,1811.3869959015658,45272.854579723695,3772.7378816436412
7.232271141550219,125.6391285736314,59.08403877779204,0.0012577849758929,4.962704098360656,4.9627040983604545,1811.3869959015658,16027.92315183367,1335.6602626528058
7.234930158865716,125.34944999930504,626.4591831032208,0.0147191442853099,4.962704098360656,4.9627040983604545,1811.3869959015658,169941.66025618708,14161.805021348924
7.152034466576828,125.40695873975736,1017.95695381149,0.0769997036967661,4.962704098360656,4.9627040983604545,1811.3869959015658,276144.5589210104,23012.04657675087
7.38228208622548,125.28372907068378,173.53170796352867,0.0061489736076238,4.962704098360656,4.9627040983604545,1811.3869959015658,47074.521938255,3922.8768281879165
7.459913250292263,125.2831078994237,290.222593503994,0.0036616185173836,4.962704098360656,4.9627040983604545,1811.3869959015658,78729.64546486456,6560.803788738714
7.431297018584277,125.31432215522054,49.43015931957566,0.0017048660244231,4.962704098360656,4.9627040983604545,1811.3869959015658,13409.083254052057,1117.423604504338
7.0376195083311295,125.6039531296982,22.98765503856812,0.0006802228246805,4.962704098360656,4.9627040983604545,1811.3869959015658,6235.937421013258,519.6614517511049
7.365600782837182,125.43967045983088,50.567417385355455,0.0013605561871751,4.962704098360656,4.9627040983604545,1811.3869959015658,13717.591021279586,1143.1325851066322
7.531883202750237,125.45998202808106,75.39725970040838,0.0014108436119272,4.962704098360656,4.9627040983604545,1811.3869959015658,20453.264694410438,1704.4387245342032
7.459761810876502,125.34777509611848,36.708438962483136,0.0010315722554633,4.962704098360656,4.9627040983604545,1811.3869959015658,9958.019981118892,829.8349984265743
7.031087781015557,125.5351910097039,348.0730394552036,0.0100767608870732,4.962704098360656,4.9627040983604545,1811.3869959015658,94422.92779941292,7868.577316617743
7.110722443605155,125.35829553697144,42.04168088567761,0.0012608295643269,4.962704098360656,4.9627040983604545,1811.3869959015658,11404.78620535386,950.3988504461549
7.368912849536095,125.42982939306636,24.837755346736863,0.0005296096694954,4.962704098360656,4.9627040983604545,1811.3869959015658,6737.82026747937,561.4850222899476
7.115056820384134,125.4254612549493,63.60921862885479,0.0022102789386066,4.962704098360656,4.9627040983604545,1811.3869959015658,17255.483697818574,1437.9569748182146
7.316351966113228,125.46665629634994,93.46712197719792,0.0033168648402144,4.962704098360656,4.9627040983604545,1811.3869959015658,25355.136163045743,2112.9280135871454
7.398207034518,125.32401618252408,24.77794238993984,0.0007016738827979,4.962704098360656,4.9627040983604545,1811.3869959015658,6721.594608318998,560.1328840265832
7.1923126892518505,125.40343828684568,24.182207146541234,0.0006123779432084,4.962704098360656,4.9627040983604545,1811.3869959015658,6559.98753308262,546.665627756885
7.3439058621778175,125.28940498564684,43.98844146938451,0.0011998915087905,4.962704098360656,4.9627040983604545,1811.3869959015658,11932.890405339613,994.4075337783011
7.177263655405671,125.50663139769269,239.82670457849136,0.0041713033004063,4.962704098360656,4.9627040983604545,1811.3869959015658,65058.58553776444,5421.548794813703
7.407695724618635,125.26989480711931,38.62350193055752,0.0006851580696904,4.962704098360656,4.9627040983604545,1811.3869959015658,10477.52546378667,873.1271219822224
7.1384338196072274,125.32551397285349,38.61756338142857,0.0010162562884047,4.962704098360656,4.9627040983604545,1811.3869959015658,10475.914493869224,872.9928744891021
7.130762841755124,125.42962733992404,745.278045225251,0.0141509496121153,4.962704098360656,4.9627040983604545,1811.3869959015658,202174.04704752538,16847.83725396045
7.268600059415728,125.54947377930304,73.5435477574859,0.0020081694417969,4.962704098360656,4.9627040983604545,1811.3869959015658,19950.402107806665,1662.5335089838889
7.28514234546558,125.32352611930304,195.62911899438225,0.0043532795620098,4.962704098360656,4.9627040983604545,1811.3869959015658,53068.959914795734,4422.413326232978
7.14360996566714,125.45683164934452,113.45791321400164,0.0039616617654486,4.962704098360656,4.9627040983604545,1811.3869959015658,30778.104401436936,2564.842033453078
7.526793426409435,125.30386608019884,90.52395806752692,0.0022854193721122,4.962704098360656,4.9627040983604545,1811.3869959015658,24556.734328247883,2046.3945273539903
7.0352578001406965,125.63937106684251,59.02467470723451,0.0016288841843895,4.962704098360656,4.9627040983604545,1811.3869959015658,16011.819263532218,1334.3182719610181
7.09698261576033,125.54491559954089,89.79343691833847,0.0039100419891473,4.962704098360656,4.9627040983604545,1811.3869959015658,24358.563433329597,2029.8802861107997
7.258661678046897,125.27542133009712,245.1014509897109,0.0046835111354882,4.962704098360656,4.9627040983604545,1811.3869959015658,66489.48349046525,5540.790290872104
7.567581300191974,125.403386678858,20.60223821544115,0.0007272460230216,4.962704098360656,4.9627040983604545,1811.3869959015658,5588.8374881538775,465.73645734615644
7.485557413514714,125.37297346817309,29.06669669094895,0.0008752358425764,4.962704098360656,4.9627040983604545,1811.3869959015658,7885.019211234049,657.0849342695041
7.221191112093988,125.65901837579275,1146.928307071968,0.0292357925836184,4.962704098360656,4.9627040983604545,1811.3869959015658,311131.04565427534,25927.587137856277
7.060758619483998,125.40447933600822,18.035296290100035,0.00084270116429,4.962704098360656,4.9627040983604545,1811.3869959015658,4892.494638787735,407.7078865656446
7.527698673366782,125.34984825323642,13.27532351493249,0.0004605052101265,4.962704098360656,4.9627040983604545,1811.3869959015658,3601.2410375887266,300.10341979906053
7.177947458847927,125.44510690946142,125.46220052706444,0.0035966307743845,4.962704098360656,4.9627040983604545,1811.3869959015658,34034.54723314501,2836.2122694287505
7.2712322646823235,125.32123996028636,195.62911899438225,0.0043532795620098,4.962704098360656,4.9627040983604545,1811.3869959015658,53068.959914795734,4422.413326232978
7.142440338672117,125.56130653167168,112.71069997680888,0.0039198451209185,4.962704098360656,4.9627040983604545,1811.3869959015658,30575.405388446306,2547.9504490371924
7.119196655635969,125.5953089951442,70.49938330691332,0.0020118097895434,4.962704098360656,4.9627040983604545,1811.3869959015658,19124.601521309512,1593.7167934424594
7.056073723912063,125.52023471268151,28.016842242462587,0.0007489761996239,4.962704098360656,4.9627040983604545,1811.3869959015658,7600.221713144346,633.3518094286954
7.426742645156395,125.39207000575892,48.59890258313088,0.0015324012820986,4.962704098360656,4.9627040983604545,1811.3869959015658,13183.585482288543,1098.6321235240453
7.078241077765866,125.52054177372824,193.13379892164045,0.0063287903297854,4.962704098360656,4.9627040983604545,1811.3869959015658,52392.04616291852,4366.003846909877
7.476313543698066,125.47250304500314,62.94705107657986,0.0015180384187187,4.962704098360656,4.9627040983604545,1811.3869959015658,17075.855309830153,1422.9879424858461
7.464891574887432,125.50304232317583,30.465006984971744,0.0007663220008181,4.962704098360656,4.9627040983604545,1811.3869959015658,8264.3434821984,688.6952901832
7.405158205870951,125.53201662074233,46.88502170791073,0.001168933928085,4.962704098360656,4.9627040983604545,1811.3869959015658,12718.655333170993,1059.8879444309161
7.438084918868625,125.3268508748078,30.526032237199,0.0008660448759024,4.962704098360656,4.9627040983604545,1811.3869959015658,8280.898004760713,690.0748337300594
7.109955912798181,125.32683938347424,45.49366738038527,0.0013387935050536,4.962704098360656,4.9627040983604545,1811.3869959015658,12341.21803030788,1028.43483585899
7.114049501053015,125.62941378939956,36.05146310809134,0.000691101480555,4.962704098360656,4.9627040983604545,1811.3869959015658,9779.799962233523,814.9833301861269
7.420428728851365,125.39068194592512,48.59890258313088,0.0015324012820986,4.962704098360656,4.9627040983604545,1811.3869959015658,13183.585482288543,1098.6321235240453
7.059540214509394,125.293728300058,21.97482359879272,0.0002990066762903,4.962704098360656,4.9627040983604545,1811.3869959015658,5961.183277283618,496.76527310696815
7.114511285510538,125.45085076705888,246.4486270841145,0.0028959504364405,4.962704098360656,4.9627040983604545,1811.3869959015658,66854.936417512,5571.244701459334
7.162940263746407,125.39526061301756,109.94008691454457,0.0028422620467397,4.962704098360656,4.9627040983604545,1811.3869959015658,29823.811994290416,2485.317666190868
7.0022005748967615,125.51813742926124,133.83919514728333,0.0038133544894408,4.962704098360656,4.9627040983604545,1811.3869959015658,36307.00234612654,3025.583528843878
7.523170470537359,125.36964599447111,25.99833176436132,0.0008135076350871,4.962704098360656,4.9627040983604545,1811.3869959015658,7052.653681347264,587.721140112272
7.22382201271502,125.49680082313108,55.08962333968588,0.0013542955301008,4.962704098360656,4.9627040983604545,1811.3869959015658,14944.344828434969,1245.3620690362475
7.091505114389586,125.440656101136,82.32573373098035,0.0009427061379685,4.962704098360656,4.9627040983604545,1811.3869959015658,22332.7748230109,1861.0645685842417
7.101673965073368,125.65434876025682,872.6531629549972,0.0301228288133147,4.962704098360656,4.9627040983604545,1811.3869959015658,236727.51767444366,19727.29313953697
7.06054773273871,125.36662387820223,36.99745728818641,0.0010034805693411,4.962704098360656,4.9627040983604545,1811.3869959015658,10036.422940863493,836.368578405291
7.172394844686499,125.3649265009728,109.99659431299222,0.0037754730437838,4.962704098360656,4.9627040983604545,1811.3869959015658,29839.14094367445,2486.5950786395374
7.079401012005471,125.52123113094996,111.17721551728386,0.0014532946023478,4.962704098360656,4.9627040983604545,1811.3869959015658,30159.41197330021,2513.284331108351
7.023181497105737,125.6585370714794,69.88507999441514,0.0021160258230415,4.962704098360656,4.9627040983604545,1811.3869959015658,18957.95742438738,1579.829785365615
7.187045892633292,125.55512178885212,17.493628536079378,0.0005404962510884,4.962704098360656,4.9627040983604545,1811.3869959015658,4745.554630710077,395.4628858925064
7.101420438262783,125.50319518815378,675.4934198650843,0.0267525846518748,4.962704098360656,4.9627040983604545,1811.3869959015658,183243.34028492897,15270.278357077414
7.262260781144692,125.29835217962548,149.21146837072516,0.0051526406446375,4.962704098360656,4.9627040983604545,1811.3869959015658,40477.08988568934,3373.090823807445
7.355853481715933,125.38698183078496,49.797903775064064,0.0013577269061239,4.962704098360656,4.9627040983604545,1811.3869959015658,13508.842512119169,1125.7368760099307
7.386837126319279,125.32221697247353,33.457912034176864,0.0008916528932125,4.962704098360656,4.9627040983604545,1811.3869959015658,9076.238760884478,756.3532300737065
7.064453922323851,125.58538072560488,143.24436296416812,0.0028036558373425,4.962704098360656,4.9627040983604545,1811.3869959015658,38858.37341211042,3238.197784342535
7.217887810682054,125.55421625762696,78.16373084631066,0.0022816270753528,4.962704098360656,4.9627040983604545,1811.3869959015658,21203.734497178106,1766.9778747648422
7.301644887669843,125.33027254737269,74.57547401262664,0.0021326726255488,4.962704098360656,4.9627040983604545,1811.3869959015658,20230.33616542854,1685.861347119045
7.427956459770956,125.3156063771998,49.43015931957566,0.0017048660244231,4.962704098360656,4.9627040983604545,1811.3869959015658,13409.083254052057,1117.423604504338
7.145409745224349,125.31205768499768,38.61756338142857,0.0010162562884047,4.962704098360656,4.9627040983604545,1811.3869959015658,10475.914493869224,872.9928744891021
7.272368831873648,125.46053219139118,269.653502765591,0.008338010236714,4.962704098360656,4.9627040983604545,1811.3869959015658,73149.80000274064,6095.8166668950535
7.240366844604518,125.50576090296332,74.57875061072244,0.0018514117144636,4.962704098360656,4.9627040983604545,1811.3869959015658,20231.225019060843,1685.9354182550703
7.351935600522546,125.52214342046584,26.32437176603443,0.0008213630489417,4.962704098360656,4.9627040983604545,1811.3869959015658,7141.099633914821,595.0916361595685
7.1654447012290765,125.4261635841825,85.66904459359169,0.0028403456250989,4.962704098360656,4.9627040983604545,1811.3869959015658,23239.72584882275,1936.6438207352292
6.972794780555294,125.5015181056274,330.35538115279536,0.0103218751064929,5.225479234972678,5.225479234972666,1907.2999207650232,94361.79801440256,7863.483167866881
7.084938619474429,125.51254170708128,49.2403830689623,0.0013267665952805,4.962704098360656,4.9627040983604545,1811.3869959015658,13357.602021154053,1113.1335017628378
7.079692928824128,125.64718675978597,62.39712802848471,0.0016000905608467,4.962704098360656,4.9627040983604545,1811.3869959015658,16926.675860750172,1410.556321729181
7.05413074372954,125.3330529982933,21.97482359879272,0.0002990066762903,4.962704098360656,4.9627040983604545,1811.3869959015658,5961.183277283618,496.76527310696815
7.21471214002528,125.36925806676382,117.42631393323568,0.0037984636875171,4.962704098360656,4.9627040983604545,1811.3869959015658,31854.625625769222,2654.5521354807684
7.49577704264128,125.32773391162613,166.89018722077623,0.0031457297320727,4.962704098360656,4.9627040983604545,1811.3869959015658,45272.854579723695,3772.7378816436412
7.230131964677112,125.32575369184887,299.9972938276951,0.0076708839496766,4.962704098360656,4.9627040983604545,1811.3869959015658,81381.26083952936,6781.771736627447
7.03434541207967,125.48548076697564,251.96543187960648,0.0054936811462557,4.962704098360656,4.9627040983604545,1811.3869959015658,68351.49835090252,5695.9581959085435
7.134641109466604,125.60934096473112,677.4198494120149,0.0283674109965725,4.962704098360656,4.9627040983604545,1811.3869959015658,183765.9292171404,15313.827434761699
7.313243194175505,125.48102326305592,88.39126889263116,0.0021399350978635,4.962704098360656,4.9627040983604545,1811.3869959015658,23978.192662696998,1998.1827218914166
6.992252525716206,125.506620003193,32.85513668180215,0.0008671202870562,5.225479234972678,5.225479234972666,1907.2999207650232,9384.650434587205,782.0542028822671
7.060917650284804,125.29846206285946,21.97482359879272,0.0002990066762903,4.962704098360656,4.9627040983604545,1811.3869959015658,5961.183277283618,496.76527310696815
7.050343661142914,125.36245660893888,37.64164548447054,0.000933481272049,4.962704098360656,4.9627040983604545,1811.3869959015658,10211.174009323646,850.9311674436372
7.188428406174266,125.51666023741856,348.5537784012789,0.0078002010110032,4.962704098360656,4.9627040983604545,1811.3869959015658,94553.33944768849,7879.444953974041
7.283065689901273,125.3500804122306,97.53500742968475,0.0019866644148867,4.962704098360656,4.9627040983604545,1811.3869959015658,26458.64494090925,2204.887078409104
7.179436698113021,125.35875010510593,109.99659431299222,0.0037754730437838,4.962704098360656,4.9627040983604545,1811.3869959015658,29839.14094367445,2486.5950786395374
7.284726363176069,125.4347325059024,309.8529190324687,0.002379532456963,4.962704098360656,4.9627040983604545,1811.3869959015658,84054.82897507059,7004.569081255882
7.053330178637965,125.45162663982052,97.71011264739828,0.0016641978950971,4.962704098360656,4.9627040983604545,1811.3869959015658,26506.14631405594,2208.8455261713284
7.422163481093396,125.38545257200492,48.59890258313088,0.0015324012820986,4.962704098360656,4.9627040983604545,1811.3869959015658,13183.585482288543,1098.6321235240453
7.333846382168979,125.30126456285672,80.20288985798338,0.0026223878919752,4.962704098360656,4.9627040983604545,1811.3869959015658,21756.90392515811,1813.075327096509
6.989714962246298,125.41744291098568,79.05302884012234,0.0015453894503075,5.225479234972678,5.225479234972666,1907.2999207650232,22580.488665895748,1881.7073888246457
7.224879806364957,125.66509722519363,1146.928307071968,0.0292357925836184,4.962704098360656,4.9627040983604545,1811.3869959015658,311131.04565427534,25927.587137856277
7.144894668860761,125.66715235989396,36.71358096666031,0.0005322721265411,4.962704098360656,4.9627040983604545,1811.3869959015658,9959.414869645521,829.9512391371268
7.449155996303861,125.41529890894378,228.469823808251,0.0045471871856744,4.962704098360656,4.9627040983604545,1811.3869959015658,61977.766826055646,5164.813902171304
7.192890333133312,125.38241576921024,513.6116033893229,0.0063907758707021,4.962704098360656,4.9627040983604545,1811.3869959015658,139329.12304749817,11610.76025395818
7.374192664949109,125.54822062009328,44.390336335792966,0.0016969235502455,4.962704098360656,4.9627040983604545,1811.3869959015658,12041.913758637058,1003.4928132197548
7.147548701767796,125.48773109294748,733.1355992842255,0.047857136480177,4.962704098360656,4.9627040983604545,1811.3869959015658,198880.12546660588,16573.343788883823
7.143343291690447,125.29658556027417,38.61756338142857,0.0010162562884047,4.962704098360656,4.9627040983604545,1811.3869959015658,10475.914493869224,872.9928744891021
7.499704683952754,125.46218401456731,16.810209271145602,0.0004638677170399,4.962704098360656,4.9627040983604545,1811.3869959015658,4560.16122014725,380.0134350122708
7.353852648507852,125.29996532106196,43.98844146938451,0.0011998915087905,4.962704098360656,4.9627040983604545,1811.3869959015658,11932.890405339613,994.4075337783011
7.454247013981091,125.50605737339176,30.465006984971744,0.0007663220008181,4.962704098360656,4.9627040983604545,1811.3869959015658,8264.3434821984,688.6952901832
7.155524145090111,125.51620678600035,721.0095413958759,0.0278041856942369,4.962704098360656,4.9627040983604545,1811.3869959015658,195590.64952708688,16299.220793923907
7.316273066196903,125.42461257576586,107.79388560240994,0.0039542562307061,4.962704098360656,4.9627040983604545,1811.3869959015658,29241.604846457663,2436.800403871472
6.983402289678333,125.48259541803016,330.35538115279536,0.0103218751064929,5.225479234972678,5.225479234972666,1907.2999207650232,94361.79801440256,7863.483167866881
7.095102616408003,125.42836861000748,33.94712630546029,0.0003527727564493,4.962704098360656,4.9627040983604545,1811.3869959015658,9208.949538737705,767.4124615614754
7.070007383643551,125.361303470643,36.99745728818641,0.0010034805693411,4.962704098360656,4.9627040983604545,1811.3869959015658,10036.422940863493,836.368578405291
7.26655006436687,125.3228668176048,195.62911899438225,0.0043532795620098,4.962704098360656,4.9627040983604545,1811.3869959015658,53068.959914795734,4422.413326232978
7.503660690426027,125.326649343259,166.89018722077623,0.0031457297320727,4.962704098360656,4.9627040983604545,1811.3869959015658,45272.854579723695,3772.7378816436412
7.3218982833812705,125.5156556669472,38.99859616707268,0.0012443882520765,4.962704098360656,4.9627040983604545,1811.3869959015658,10579.278521328506,881.6065434440421
7.4985764818320755,125.37642598111162,166.89018722077623,0.0031457297320727,4.962704098360656,4.9627040983604545,1811.3869959015658,45272.854579723695,3772.7378816436412
7.136016769677612,125.6464953799372,109.37636740353948,0.0030365366662534,4.962704098360656,4.9627040983604545,1811.3869959015658,29670.889932960807,2472.5741610800674
7.013349570010589,125.53337835143772,230.24811737393017,0.0071345313789306,4.962704098360656,4.9627040983604545,1811.3869959015658,62460.17041933911,5205.014201611592
7.097385026572769,125.44489208652082,111.93800138108809,0.0029718942272361,4.962704098360656,4.9627040983604545,1811.3869959015658,30365.792877725435,2530.482739810453
7.339159518580747,125.3733439944501,81.30777061325696,0.0023047116322638,4.962704098360656,4.9627040983604545,1811.3869959015658,22056.628591985067,1838.0523826654223
7.152234298540278,125.43592166728632,648.2735744246891,0.0223354185169184,4.962704098360656,4.9627040983604545,1811.3869959015658,175859.32253752628,14654.943544793858
7.225856967177256,125.2778557275272,147.36915610097228,0.0041348951143569,4.962704098360656,4.9627040983604545,1811.3869959015658,39977.31972623338,3331.443310519448
7.432673806269926,125.52878064677596,24.42101144243497,0.0008171841591059,4.962704098360656,4.9627040983604545,1811.3869959015658,6624.768766425645,552.0640638688037
7.440982648928422,125.39330506478775,48.59890258313088,0.0015324012820986,4.962704098360656,4.9627040983604545,1811.3869959015658,13183.585482288543,1098.6321235240453
7.171749971909188,125.277134744152,28.838542454246475,0.0007669869483314,4.962704098360656,4.9627040983604545,1811.3869959015658,7823.127054768825,651.9272545640687
6.986647286269328,125.61912012835217,93.6977182187686,0.0019350231111333,5.225479234972678,5.225479234972666,1907.2999207650232,26763.557264049836,2230.2964386708195
6.987711019278928,125.30123078640806,41.97783797054488,0.0012318626912616,5.225479234972678,5.225479234972666,1907.2999207650232,11990.433616777662,999.2028013981385
7.299394436825128,125.45941257078992,364.5650717092,0.0028843011640726,4.962704098360656,4.9627040983604545,1811.3869959015658,98896.77608488206,8241.398007073505
7.206242782576377,125.5331185773026,272.637547772646,0.0074856009289184,4.962704098360656,4.9627040983604545,1811.3869959015658,73959.29178840826,6163.274315700688
7.518860412983443,125.24363023598252,173.9469187978251,0.0018438781251536,4.962704098360656,4.9627040983604545,1811.3869959015658,47187.1575583239,3932.263129860325
7.39897340578966,125.50939023184266,14.101110064844702,0.000666621912896,4.962704098360656,4.9627040983604545,1811.3869959015658,3825.2548937096403,318.77124114247005
7.394631748331057,125.27629967715276,63.70412972015328,0.0020155016218876,4.962704098360656,4.9627040983604545,1811.3869959015658,17281.230544328344,1440.1025453606953
7.179994642923563,125.43008090221706,154.49319768793535,0.0039607807162253,4.962704098360656,4.9627040983604545,1811.3869959015658,41909.88211445707,3492.4901762047557
7.068040759197525,125.3409960298078,21.97482359879272,0.0002990066762903,4.962704098360656,4.9627040983604545,1811.3869959015658,5961.183277283618,496.76527310696815
7.254483893899882,125.299234960717,359.0068693872487,0.0066737312555985,4.962704098360656,4.9627040983604545,1811.3869959015658,97388.98410719377,8115.7486755994805
7.1154229953304045,125.43398316133016,26.33768217170764,0.0008798787272872,4.962704098360656,4.9627040983604545,1811.3869959015658,7144.710391805836,595.3925326504863
7.247698649927947,125.41170793344654,59.27070093500185,0.0016530763954764,4.962704098360656,4.9627040983604545,1811.3869959015658,16078.559614286178,1339.8799678571816
6.980806934873344,125.3974975082878,34.23246179952801,0.0008368908460457,5.225479234972678,5.225479234972666,1907.2999207650232,9778.06577447204,814.8388145393366
7.035896459886471,125.35804214693896,22.1380307270586,0.0006126838026447,4.962704098360656,4.9627040983604545,1811.3869959015658,6005.4570162457585,500.4547513538132
7.320536572252783,125.26668915596404,69.58041270433492,0.0016482590098712,4.962704098360656,4.9627040983604545,1811.3869959015658,18875.309318176354,1572.942443181363
7.243509380550534,125.44804763086027,63.94083131623563,0.0015262800708841,4.962704098360656,4.9627040983604545,1811.3869959015658,17345.441371319917,1445.4534476099932
7.109441604808263,125.31014310541052,64.61935644368404,0.001273050682087,4.962704098360656,4.9627040983604545,1811.3869959015658,17529.50713297565,1460.792261081304
7.219308702615429,125.41228400730178,37.42410011916514,0.000519546665552,4.962704098360656,4.9627040983604545,1811.3869959015658,10152.159756586694,846.0133130488912
7.323113336905229,125.4274718130267,107.79388560240994,0.0039542562307061,4.962704098360656,4.9627040983604545,1811.3869959015658,29241.604846457663,2436.800403871472
7.146715556924279,125.28411659937322,28.838542454246475,0.0007669869483314,4.962704098360656,4.9627040983604545,1811.3869959015658,7823.127054768825,651.9272545640687
7.1259449090035405,125.3643230953513,118.69772763630036,0.0034096964252705,4.962704098360656,4.9627040983604545,1811.3869959015658,32199.526237651025,2683.2938531375853
7.380429551275828,125.43857430914058,44.80700399409231,0.0014365355221414,4.962704098360656,4.9627040983604545,1811.3869959015658,12154.9445761848,1012.9120480154
7.087072719967847,125.46189671071797,66.19285100956354,0.0015545436102148,4.962704098360656,4.9627040983604545,1811.3869959015658,17956.354222366295,1496.362851863858
7.490083849332729,125.26696191401766,129.73503302808535,0.0035587441338497,4.962704098360656,4.9627040983604545,1811.3869959015658,35193.65267657251,2932.8043897143757
6.996574338428175,125.44746777616268,32.61622265509294,0.0016000653103266,5.225479234972678,5.225479234972666,1907.2999207650232,9316.407692324397,776.3673076936998
7.478497419108026,125.34138779072352,36.708438962483136,0.0010315722554633,4.962704098360656,4.9627040983604545,1811.3869959015658,9958.019981118892,829.8349984265743
7.230922755335823,125.5063548663612,47.55204299401382,0.0006419006009157,4.962704098360656,4.9627040983604545,1811.3869959015658,12899.600409632418,1074.9667008027016
7.082229083101917,125.42220726875112,33.94712630546029,0.0003527727564493,4.962704098360656,4.9627040983604545,1811.3869959015658,9208.949538737705,767.4124615614754
7.336261178378447,125.52971684386148,56.91797108379447,0.0014844262964095,4.962704098360656,4.9627040983604545,1811.3869959015658,15440.326784705972,1286.6938987254978
6.988519221183867,125.39431033463146,34.23246179952801,0.0008368908460457,5.225479234972678,5.225479234972666,1907.2999207650232,9778.06577447204,814.8388145393366
7.521254965126219,125.3748445765202,25.99833176436132,0.0008135076350871,4.962704098360656,4.9627040983604545,1811.3869959015658,7052.653681347264,587.721140112272
7.274764812596707,125.65736667927511,102.44314763482984,0.0027629803565464,4.962704098360656,4.9627040983604545,1811.3869959015658,27790.092412236467,2315.841034353039
7.447600047352432,125.40074046417716,228.469823808251,0.0045471871856744,4.962704098360656,4.9627040983604545,1811.3869959015658,61977.766826055646,5164.813902171304
7.423705128491676,125.49448527148893,17.952512693380523,0.000520790500007,4.962704098360656,4.9627040983604545,1811.3869959015658,4870.0376579533195,405.83647149610994
7.431311702204588,125.3028587438824,10.185925843251336,0.0003147518217936,4.962704098360656,4.9627040983604545,1811.3869959015658,2763.16988518519,230.26415709876585
7.029149071984427,125.31337996850768,21.97482359879272,0.0002990066762903,4.962704098360656,4.9627040983604545,1811.3869959015658,5961.183277283618,496.76527310696815
7.351449507547219,125.36489300555542,49.797903775064064,0.0013577269061239,4.962704098360656,4.9627040983604545,1811.3869959015658,13508.842512119169,1125.7368760099307
7.247455859943777,125.3768686267314,83.72664813124736,0.0023383886940167,4.962704098360656,4.9627040983604545,1811.3869959015658,22712.80551851265,1892.7337932093876
7.016334533429083,125.34338757017952,117.77483059295014,0.0024869388802586,4.962704098360656,4.9627040983604545,1811.3869959015658,31949.168895907635,2662.430741325636
7.354638230230864,125.48330118283992,142.90148076293264,0.0037478895692459,4.962704098360656,4.9627040983604545,1811.3869959015658,38765.35862021032,3230.4465516841933
7.174110106995602,125.56576501267004,77.1495847876557,0.0022462838769538,4.962704098360656,4.9627040983604545,1811.3869959015658,20928.623732425065,1744.0519777020888
7.139241092062761,125.30580750484684,38.61756338142857,0.0010162562884047,4.962704098360656,4.9627040983604545,1811.3869959015658,10475.914493869224,872.9928744891021
7.119198799314601,125.4216223827002,193.86794878148712,0.0048190922889827,4.962704098360656,4.9627040983604545,1811.3869959015658,52591.20143021171,4382.600119184309
7.370778777535358,125.38399496087033,11.564326124135269,0.0003316352506741,4.962704098360656,4.9627040983604545,1811.3869959015658,3137.093100853678,261.42442507113986
7.213483372406029,125.38306835055688,570.2738523034855,0.0134979553662536,4.962704098360656,4.9627040983604545,1811.3869959015658,154700.0792311439,12891.673269261992
7.169366576163,125.41273558290146,2258.898804109979,0.0616810368568985,4.962704098360656,4.9627040983604545,1811.3869959015658,612778.9702428449,51064.91418690374
7.55462657124696,125.50644456608444,19.10587699420732,0.0005237981170445,4.962704098360656,4.9627040983604545,1811.3869959015658,5182.914616978482,431.9095514148735
7.179540970985489,125.4275468594887,154.49319768793535,0.0039607807162253,4.962704098360656,4.9627040983604545,1811.3869959015658,41909.88211445707,3492.4901762047557
7.060679979981314,125.33593693661209,21.97482359879272,0.0002990066762903,4.962704098360656,4.9627040983604545,1811.3869959015658,5961.183277283618,496.76527310696815
7.460029486617162,125.38919865029048,228.469823808251,0.0045471871856744,4.962704098360656,4.9627040983604545,1811.3869959015658,61977.766826055646,5164.813902171304
7.136229199951066,125.61538802808282,215.30531507520573,0.0046956801356664,4.962704098360656,4.9627040983604545,1811.3869959015658,58406.586881867384,4867.215573488948
6.983712742386346,125.38050522997612,18.40099223854877,0.0004923123123017,5.225479234972678,5.225479234972666,1907.2999207650232,5256.008565138022,438.00071376150186
7.001301588989964,125.36057226668092,41.97783797054488,0.0012318626912616,4.962704098360656,4.9627040983604545,1811.3869959015658,11387.467326030379,948.9556105025316
7.088582619365751,125.53709298038312,74.9903340483521,0.0012896009761405,4.962704098360656,4.9627040983604545,1811.3869959015658,20342.876623205673,1695.2397186004728
7.379052652835195,125.53305361140605,31.08613043262231,0.0008745898933977,4.962704098360656,4.9627040983604545,1811.3869959015658,8432.837699802341,702.7364749835284
7.226871607651519,125.50326123520752,47.55204299401382,0.0006419006009157,4.962704098360656,4.9627040983604545,1811.3869959015658,12899.600409632418,1074.9667008027016
7.488270455628233,125.39203978955824,228.469823808251,0.0045471871856744,4.962704098360656,4.9627040983604545,1811.3869959015658,61977.766826055646,5164.813902171304
7.006400500176098,125.52674636803737,1298.408296993438,0.0328806676847116,4.962704098360656,4.9627040983604545,1811.3869959015658,352223.52490460104,29351.960408716754
7.465523355847154,125.42279045077298,228.469823808251,0.0045471871856744,4.962704098360656,4.9627040983604545,1811.3869959015658,61977.766826055646,5164.813902171304
7.1612814535910685,125.61481081084,17.264273506604837,0.0004185860610481,4.962704098360656,4.9627040983604545,1811.3869959015658,4683.336731207137,390.2780609339281
7.399089352450815,125.529435467207,48.49993185160476,0.001292999761913,4.962704098360656,4.9627040983604545,1811.3869959015658,13156.737363710405,1096.3947803092003
7.424936248302398,125.34019177951416,30.28266257507573,0.0008292944778063,4.962704098360656,4.9627040983604545,1811.3869959015658,8214.878309379535,684.5731924482947
7.494739935035678,125.32137784990864,40.82090922287595,0.0010739480498257,4.962704098360656,4.9627040983604545,1811.3869959015658,11073.62342768884,922.8019523074034
7.4087789982031635,125.322680982771,442.48778437671024,0.016459018536462,4.962704098360656,4.9627040983604545,1811.3869959015658,120035.12878135868,10002.927398446556
7.078945893051955,125.59331908799834,112.13934570611778,0.0019624241922216,4.962704098360656,4.9627040983604545,1811.3869959015658,30420.41222053594,2535.0343517113283
7.462303256753147,125.33173099063616,36.708438962483136,0.0010315722554633,4.962704098360656,4.9627040983604545,1811.3869959015658,9958.019981118892,829.8349984265743
7.560441277056322,125.43606581588286,46.537748858327575,0.0017527741481453,4.962704098360656,4.9627040983604545,1811.3869959015658,12624.449475532005,1052.0374562943337
7.2080391436538465,125.48707005812147,67.3444391878214,0.0008769305255859,4.962704098360656,4.9627040983604545,1811.3869959015658,18268.749366731656,1522.3957805609714
7.22360738543449,125.42561243434446,66.55995254285591,0.0013757846130612,4.962704098360656,4.9627040983604545,1811.3869959015658,18055.939072797035,1504.661589399753
7.167775934997022,125.3673144120544,41.81428257779331,0.0011899478642595,4.962704098360656,4.9627040983604545,1811.3869959015658,11343.099112206184,945.2582593505153
6.982735862914407,125.54748040475113,133.83919514728333,0.0038133544894408,5.225479234972678,5.225479234972666,1907.2999207650232,38229.45778823828,3185.7881490198565
7.086908983071946,125.5445930379801,429.9900913445968,0.0101019720628534,4.962704098360656,4.9627040983604545,1811.3869959015658,116644.83814386062,9720.403178655051
7.0513991159133225,125.40185918043608,251.92004597557752,0.0046588568395913,4.962704098360656,4.9627040983604545,1811.3869959015658,68339.18636619396,5694.932197182829
7.429984298238924,125.48269282733966,36.36747155246184,0.0010628202874733,4.962704098360656,4.9627040983604545,1811.3869959015658,9865.524620981878,822.1270517484899
7.062362543129887,125.38768576545002,251.92004597557752,0.0046588568395913,4.962704098360656,4.9627040983604545,1811.3869959015658,68339.18636619396,5694.932197182829
7.487643007501392,125.3262247207076,40.82090922287595,0.0010739480498257,4.962704098360656,4.9627040983604545,1811.3869959015658,11073.62342768884,922.8019523074034
7.459444341589383,125.34595707569169,36.708438962483136,0.0010315722554633,4.962704098360656,4.9627040983604545,1811.3869959015658,9958.019981118892,829.8349984265743
7.078807404200085,125.37643613038284,88.7479946019441,0.0023310412357944,4.962704098360656,4.9627040983604545,1811.3869959015658,24074.962828945354,2006.2469024121128
7.185777323414397,125.28845500686484,95.89604120293568,0.0017573702376873,4.962704098360656,4.9627040983604545,1811.3869959015658,26014.037136937342,2167.836428078112
7.274135678508847,125.40214053045106,135.00635633121303,0.0036303164620245,4.962704098360656,4.9627040983604545,1811.3869959015658,36623.62203138847,3051.968502615706
7.243919721647806,125.38895834572943,26.313660664534787,0.0007216912588064,4.962704098360656,4.9627040983604545,1811.3869959015658,7138.193997887576,594.8494998239647
7.233537933274014,125.53318597533776,35.34011868076304,0.000962601562874,4.962704098360656,4.9627040983604545,1811.3869959015658,9586.831200253959,798.9026000211633
7.015872729231734,125.56850412296583,65.64001609436082,0.0017079059427401,4.962704098360656,4.9627040983604545,1811.3869959015658,17806.38486143882,1483.8654051199017
7.088847434549804,125.61565568882112,293.6189230745043,0.007700511172563,4.962704098360656,4.9627040983604545,1811.3869959015658,79650.97905140504,6637.581587617086
7.483591674982635,125.27953955844478,129.73503302808535,0.0035587441338497,4.962704098360656,4.9627040983604545,1811.3869959015658,35193.65267657251,2932.8043897143757
7.184889701279884,125.61405481917672,198.02736881099295,0.0049725490862404,4.962704098360656,4.9627040983604545,1811.3869959015658,53719.54109635815,4476.628424696512
7.245664483373517,125.47532977057976,516.8187276621609,0.0071729906968011,4.962704098360656,4.9627040983604545,1811.3869959015658,140199.1302854385,11683.260857119874
7.069596187898074,125.57609771778571,70.38597239654263,0.0013961319800642,4.962704098360656,4.9627040983604545,1811.3869959015658,19093.836167525267,1591.153013960439
7.3758071006907455,125.30307931090168,173.53170796352867,0.0061489736076238,4.962704098360656,4.9627040983604545,1811.3869959015658,47074.521938255,3922.8768281879165
6.997479965579082,125.30963869161846,41.97783797054488,0.0012318626912616,5.225479234972678,5.225479234972666,1907.2999207650232,11990.433616777662,999.2028013981385
7.028115358285581,125.54627093502084,348.0730394552036,0.0100767608870732,4.962704098360656,4.9627040983604545,1811.3869959015658,94422.92779941292,7868.577316617743
7.436865421528964,125.26853424316322,87.86633358194885,0.0026789291589205,4.962704098360656,4.9627040983604545,1811.3869959015658,23835.791720016987,1986.3159766680822
7.48222304533344,125.24406722353196,680.6074546616775,0.0164765387869029,4.962704098360656,4.9627040983604545,1811.3869959015658,184630.641464929,15385.886788744085
7.048056651002495,125.59942695540452,53.86621589112296,0.0018666777018175,4.962704098360656,4.9627040983604545,1811.3869959015658,14612.467032424898,1217.7055860354083
7.018976101913217,125.4662087025476,270.16164373344463,0.0039138653874871,4.962704098360656,4.9627040983604545,1811.3869959015658,73287.64508834298,6107.303757361915
6.997088048424463,125.52097477518028,133.83919514728333,0.0038133544894408,5.225479234972678,5.225479234972666,1907.2999207650232,38229.45778823828,3185.7881490198565
7.039545795100008,125.54511001594014,70.9336865926225,0.0018348583631199,4.962704098360656,4.9627040983604545,1811.3869959015658,19242.41641399339,1603.5347011661158
7.24913951200515,125.318115059649,347.36713180964165,0.0050386734571464,4.962704098360656,4.9627040983604545,1811.3869959015658,94231.43389125423,7852.619490937853
7.194059127869477,125.38562899950632,513.6116033893229,0.0063907758707021,4.962704098360656,4.9627040983604545,1811.3869959015658,139329.12304749817,11610.76025395818
7.049216368409354,125.63989399192188,69.88507999441514,0.0021160258230415,4.962704098360656,4.9627040983604545,1811.3869959015658,18957.95742438738,1579.829785365615
7.440724991029799,125.41523856800444,228.469823808251,0.0045471871856744,4.962704098360656,4.9627040983604545,1811.3869959015658,61977.766826055646,5164.813902171304
7.387038710483407,125.36752111837588,67.5218791562901,0.001735200963627,4.962704098360656,4.9627040983604545,1811.3869959015658,18316.884095458925,1526.4070079549103
7.166297772288991,125.33132638632932,320.7440734088234,0.0043956536445001,4.962704098360656,4.9627040983604545,1811.3869959015658,87009.30854332555,7250.775711943796
7.118936436851545,125.63025622485868,1688.7589852778456,0.0507889277841222,4.962704098360656,4.9627040983604545,1811.3869959015658,458115.2507159975,38176.27089299979
7.285436540071551,125.2997024011918,21.970984537465007,0.0005418021225058,4.962704098360656,4.9627040983604545,1811.3869959015658,5960.141842384977,496.67848686541475
7.362881221691246,125.2716509959294,507.5370546192472,0.0094401453687909,4.962704098360656,4.9627040983604545,1811.3869959015658,137681.26005636094,11473.438338030079
7.191696274073262,125.63719579399664,67.34433230226469,0.0017861138967991,4.962704098360656,4.9627040983604545,1811.3869959015658,18268.720371532203,1522.3933642943502
7.21605965686912,125.2984016125614,123.28427531876702,0.0052458821547605,4.962704098360656,4.9627040983604545,1811.3869959015658,33443.73423878766,2786.9778532323053
7.305158041612518,125.26610062785564,52.52358281279318,0.0011837922812452,4.962704098360656,4.9627040983604545,1811.3869959015658,14248.246504415423,1187.353875367952
7.168696685848927,125.44208697235102,65.265909807132,0.0017382879641686,4.962704098360656,4.9627040983604545,1811.3869959015658,17704.89980817643,1475.4083173480358
7.081412455794283,125.30202289872476,109.35345841366784,0.0031308914511179,4.962704098360656,4.9627040983604545,1811.3869959015658,29664.675335300515,2472.0562779417096
7.326598145908123,125.2874139085307,15.134142288459191,0.0004875024616092,4.962704098360656,4.9627040983604545,1811.3869959015658,4105.488971067336,342.124080922278
7.118318127396693,125.43037709272888,47.4663920437847,0.0017353571870632,4.962704098360656,4.9627040983604545,1811.3869959015658,12876.36559230186,1073.030466025155
7.393718920156631,125.42354458511323,73.35406427475853,0.0010229822571124,4.962704098360656,4.9627040983604545,1811.3869959015658,19899.000295024067,1658.250024585339
7.084943687011742,125.3645164905814,40.16180834081981,0.0010970801035711,4.962704098360656,4.9627040983604545,1811.3869959015658,10894.826945501298,907.9022454584415
7.502790620022999,125.38216172840522,166.89018722077623,0.0031457297320727,4.962704098360656,4.9627040983604545,1811.3869959015658,45272.854579723695,3772.7378816436412
7.181454678856164,125.46641665904836,142.6469652659467,0.0039272540108233,4.962704098360656,4.9627040983604545,1811.3869959015658,38696.31535724072,3224.6929464367263
7.35029853865889,125.36045358943126,97.92496444384426,0.0026986321395664,4.962704098360656,4.9627040983604545,1811.3869959015658,26564.429873435154,2213.7024894529295
7.345889751824588,125.50460181199716,7.797856323858228,0.0002012762640457,4.962704098360656,4.9627040983604545,1811.3869959015658,2115.3503466120105,176.27919555100087
7.144620226213763,125.4816810661485,132.5044025776476,0.0046481037016488,4.962704098360656,4.9627040983604545,1811.3869959015658,35944.90873891359,2995.4090615761324
7.251635934906866,125.53936759473294,145.07111360468346,0.003567656790176,4.962704098360656,4.9627040983604545,1811.3869959015658,39353.92211679288,3279.4935097327398
6.998009788541814,125.35565111854274,41.97783797054488,0.0012318626912616,5.225479234972678,5.225479234972666,1907.2999207650232,11990.433616777662,999.2028013981385
7.070599825323108,125.38556334282644,19.43185672893101,0.0005236894219914,4.962704098360656,4.9627040983604545,1811.3869959015658,5271.3442207307935,439.2786850608995
7.527196823206856,125.53513122246792,17.379416526240966,0.00047278714263,4.962704098360656,4.9627040983604545,1811.3869959015658,4714.57196001637,392.88099666803083
7.1724450272117455,125.36279405662629,109.99659431299222,0.0037754730437838,4.962704098360656,4.9627040983604545,1811.3869959015658,29839.14094367445,2486.5950786395374
7.05317408012159,125.5391005249112,187.15675944674464,0.0067653208734186,4.962704098360656,4.9627040983604545,1811.3869959015658,50770.63484167497,4230.886236806247
7.192558856559692,125.66335252048444,3833.6687879317274,0.1743739595538758,4.962704098360656,4.9627040983604545,1811.3869959015658,1039972.0464886145,86664.33720738454
7.057652177416447,125.5352178077626,165.9254116209283,0.0052920040616485,4.962704098360656,4.9627040983604545,1811.3869959015658,45011.13670306867,3750.9280585890556
7.527349042957389,125.31068373749454,90.52395806752692,0.0022854193721122,4.962704098360656,4.9627040983604545,1811.3869959015658,24556.734328247883,2046.3945273539903
7.516623493084634,125.45798474065646,65.43646826732785,0.0025993617877038,4.962704098360656,4.9627040983604545,1811.3869959015658,17751.16776733195,1479.2639806109958
7.039461898863804,125.37393818775983,37.64164548447054,0.000933481272049,4.962704098360656,4.9627040983604545,1811.3869959015658,10211.174009323646,850.9311674436372
7.206016480352392,125.55247077038668,2577.6296049888188,0.0044832805410633,4.962704098360656,4.9627040983604545,1811.3869959015658,699242.1316699309,58270.17763916091
7.421934747643095,125.37314633915643,48.722733038741154,0.0012407010405213,4.962704098360656,4.9627040983604545,1811.3869959015658,13217.177380666419,1101.4314483888681
7.147590944768312,125.49032271342362,733.1355992842255,0.047857136480177,4.962704098360656,4.9627040983604545,1811.3869959015658,198880.12546660588,16573.343788883823
7.354868560038234,125.452371287028,212.1386902533137,0.0020406085747399,4.962704098360656,4.9627040983604545,1811.3869959015658,57547.56606430181,4795.630505358485
7.470117356144326,125.4222527360286,228.469823808251,0.0045471871856744,4.962704098360656,4.9627040983604545,1811.3869959015658,61977.766826055646,5164.813902171304
7.367788771768394,125.4908886780118,112.33212229572467,0.0029540725924925,4.962704098360656,4.9627040983604545,1811.3869959015658,30472.707365343365,2539.3922804452804
7.22495680378198,125.65655359286754,376.9834691138741,0.0048061147460519,4.962704098360656,4.9627040983604545,1811.3869959015658,102265.55593454023,8522.129661211686
7.264760586524081,125.49310816810892,315.03239565895984,0.0129664323355993,4.962704098360656,4.9627040983604545,1811.3869959015658,85459.88277730526,7121.656898108772
6.99992936763267,125.4725757990691,82.8325660050715,0.0011567144908285,5.225479234972678,5.225479234972666,1907.2999207650232,23660.06521555669,1971.6721012963908
7.317739425090729,125.4804428042236,88.39126889263116,0.0021399350978635,4.962704098360656,4.9627040983604545,1811.3869959015658,23978.192662696998,1998.1827218914166
7.416793310215296,125.42341432839034,73.35406427475853,0.0010229822571124,4.962704098360656,4.9627040983604545,1811.3869959015658,19899.000295024067,1658.250024585339
7.417991177764458,125.24019332309904,162.02311043634774,0.0041782574424278,4.962704098360656,4.9627040983604545,1811.3869959015658,43952.546518721356,3662.7122098934465
7.379547250888651,125.35518706645516,36.94326946917393,0.0008701475668533,4.962704098360656,4.9627040983604545,1811.3869959015658,10021.723231485737,835.1436026238115
7.1035623670057895,125.51836322286204,76.68092278865831,0.0022891960053947,4.962704098360656,4.9627040983604545,1811.3869959015658,20801.48823763661,1733.4573531363842
7.499023945638873,125.42883410185136,37.28312676679267,0.0010967076645023,4.962704098360656,4.9627040983604545,1811.3869959015658,10113.917447749616,842.8264539791347
7.000861021773835,125.508035305688,133.83919514728333,0.0038133544894408,4.962704098360656,4.9627040983604545,1811.3869959015658,36307.00234612654,3025.583528843878
7.158731544810232,125.43001223848266,77.74749865599246,0.0024476022582832,4.962704098360656,4.9627040983604545,1811.3869959015658,21090.82181047384,1757.5684842061535
7.355420787611523,125.52532690755564,53.69240058924124,0.001414278340607,4.962704098360656,4.9627040983604545,1811.3869959015658,14565.31557902391,1213.7762982519926
7.153461440317422,125.24587702102087,28.838542454246475,0.0007669869483314,4.962704098360656,4.9627040983604545,1811.3869959015658,7823.127054768825,651.9272545640687
7.072986578967762,125.41963591069704,18.035296290100035,0.00084270116429,4.962704098360656,4.9627040983604545,1811.3869959015658,4892.494638787735,407.7078865656446
7.002414329738592,125.41937707437204,216.18620681452848,0.0014914100673862,4.962704098360656,4.9627040983604545,1811.3869959015658,58645.5493054764,4887.1291087897
7.390583319435309,125.27189138065168,63.70412972015328,0.0020155016218876,4.962704098360656,4.9627040983604545,1811.3869959015658,17281.230544328344,1440.1025453606953
7.418327769450925,125.34352248254632,30.28266257507573,0.0008292944778063,4.962704098360656,4.9627040983604545,1811.3869959015658,8214.878309379535,684.5731924482947
7.473909803737433,125.40533181853304,228.469823808251,0.0045471871856744,4.962704098360656,4.9627040983604545,1811.3869959015658,61977.766826055646,5164.813902171304
7.200167347454011,125.59357715935036,53.57796780659214,0.0013676381064395,4.962704098360656,4.9627040983604545,1811.3869959015658,14534.273018557657,1211.189418213138
7.104021872667899,125.5162472356701,76.68092278865831,0.0022891960053947,4.962704098360656,4.9627040983604545,1811.3869959015658,20801.48823763661,1733.4573531363842
7.008997969332615,125.49595661160852,156.4982180167759,0.0048486332430524,4.962704098360656,4.9627040983604545,1811.3869959015658,42453.79062872403,3537.8158857270028
7.074906733102555,125.42602935771356,499.7350210085824,0.0026425544647347,4.962704098360656,4.9627040983604545,1811.3869959015658,135564.77652330295,11297.064710275246
7.245210286408412,125.64126383504592,46.02868584609168,0.0008217369334738,4.962704098360656,4.9627040983604545,1811.3869959015658,12486.354263892128,1040.5295219910106
7.190308098475168,125.50092860770356,724.4296502607463,0.0418320629065381,4.962704098360656,4.9627040983604545,1811.3869959015658,196518.4338016726,16376.536150139384
7.088023205236178,125.3560729934795,75.8432412079307,0.0026996287254883,4.962704098360656,4.9627040983604545,1811.3869959015658,20574.24757705646,1714.5206314213717
7.441270456058595,125.28150446469589,290.222593503994,0.0036616185173836,4.962704098360656,4.9627040983604545,1811.3869959015658,78729.64546486456,6560.803788738714
7.040685825750019,125.470998334934,1298.3938613148196,0.0019302064194135,4.962704098360656,4.9627040983604545,1811.3869959015658,352219.60889018624,29351.634074182188
7.4083469806979965,125.31827710040204,39.6753362739553,0.0009737653359757,4.962704098360656,4.9627040983604545,1811.3869959015658,10762.86005453533,896.9050045446107
7.535566273271676,125.3409180381538,19.090012169702057,0.000475428299997,4.962704098360656,4.9627040983604545,1811.3869959015658,5178.610913419148,431.5509094515957
7.496847984947348,125.53277229334763,85.08443703405864,0.003566724709536,4.962704098360656,4.9627040983604545,1811.3869959015658,23081.13741729361,1923.4281181078006
7.520600753389322,125.51263847903805,16.385285429165638,0.0004484718079086,4.962704098360656,4.9627040983604545,1811.3869959015658,4444.89072027078,370.40756002256495
7.312922797237816,125.39105693818384,42.725753313205686,0.0012185038373423,4.962704098360656,4.9627040983604545,1811.3869959015658,11590.35680149986,965.863066791655
7.543297954453333,125.46501437419006,75.39725970040838,0.0014108436119272,4.962704098360656,4.9627040983604545,1811.3869959015658,20453.264694410438,1704.4387245342032
7.331708896212094,125.29668592576569,80.20288985798338,0.0026223878919752,4.962704098360656,4.9627040983604545,1811.3869959015658,21756.90392515811,1813.075327096509
7.196588214661425,125.57941911138612,53.57796780659214,0.0013676381064395,4.962704098360656,4.9627040983604545,1811.3869959015658,14534.273018557657,1211.189418213138
7.198514236361853,125.63368628140148,81.22382742121275,0.0019111612490797,4.962704098360656,4.9627040983604545,1811.3869959015658,22033.857043881115,1836.1547536567596
7.335598342111929,125.30071139718711,43.98844146938451,0.0011998915087905,4.962704098360656,4.9627040983604545,1811.3869959015658,11932.890405339613,994.4075337783011
7.024783367071413,125.47928277271532,155.70995792561104,0.0045941882062356,4.962704098360656,4.9627040983604545,1811.3869959015658,42239.95669952425,3519.996391627021
7.511997574198045,125.47390071210069,99.38240101259254,0.0026737465823923,4.962704098360656,4.9627040983604545,1811.3869959015658,26959.793525036945,2246.6494604197455
7.145302496896645,125.5770433696735,43.84517268060969,0.0011920491071793,4.962704098360656,4.9627040983604545,1811.3869959015658,11894.025405856839,991.1687838214033
6.991102357867105,125.6272151126978,22.98765503856812,0.0006802228246805,5.225479234972678,5.225479234972666,1907.2999207650232,6566.130250413128,547.1775208677607
7.019357503266683,125.61262836213864,22.98765503856812,0.0006802228246805,4.962704098360656,4.9627040983604545,1811.3869959015658,6235.937421013258,519.6614517511049
7.448984932752126,125.24794308246034,40.74935278858621,0.0012725246800196,4.962704098360656,4.9627040983604545,1811.3869959015658,11054.212076441703,921.1843397034753
7.225493588045093,125.47480796142072,2456.957463251448,0.0028517472227013,4.962704098360656,4.9627040983604545,1811.3869959015658,666506.9995709258,55542.24996424382
6.998013231040841,125.58371436329604,93.6977182187686,0.0019350231111333,5.225479234972678,5.225479234972666,1907.2999207650232,26763.557264049836,2230.2964386708195
7.165724295869658,125.52957988889504,44.72509710242939,0.0010855011693733,4.962704098360656,4.9627040983604545,1811.3869959015658,12132.725422038684,1011.060451836557
7.1502558118640485,125.65226208123526,77.19303847240249,0.0019388380078788,4.962704098360656,4.9627040983604545,1811.3869959015658,20940.411557600746,1745.0342964667288
7.532001495821043,125.34972775982855,13.27532351493249,0.0004605052101265,4.962704098360656,4.9627040983604545,1811.3869959015658,3601.2410375887266,300.10341979906053
7.538024224175395,125.54411624933395,9.2827610346279,0.0001390320163925,4.962704098360656,4.9627040983604545,1811.3869959015658,2518.1653721982066,209.84711434985056
7.390154776492898,125.51146470893464,18.53903098099958,0.0005228324958524,4.962704098360656,4.9627040983604545,1811.3869959015658,5029.14441902729,419.0953682522741
7.203540854539928,125.65597774806996,3086.6743371485272,0.1147502116684067,4.962704098360656,4.9627040983604545,1811.3869959015658,837332.3844129147,69777.69870107622
7.000147292664185,125.54375091841032,230.24811737393017,0.0071345313789306,4.962704098360656,5.225479234972666,1907.2999207650232,65767.43587169326,5480.6196559744385
7.204642025463706,125.23524118075046,26.520992778625683,0.0010748259005004,4.962704098360656,4.9627040983604545,1811.3869959015658,7194.437668095261,599.5364723412717
7.276590739244392,125.28611271193928,149.17855459372657,0.0053515818109501,4.962704098360656,4.9627040983604545,1811.3869959015658,40468.16125624418,3372.3467713536816
6.990742362528483,125.33254593736908,41.97783797054488,0.0012318626912616,5.225479234972678,5.225479234972666,1907.2999207650232,11990.433616777662,999.2028013981385
7.224678018627508,125.44300039952302,164.18669916230806,0.005909809901347,4.962704098360656,4.9627040983604545,1811.3869959015658,44539.470407968074,3711.6225339973394
7.35655311357403,125.3894850976615,36.74070851671803,0.000941387546809,4.962704098360656,4.9627040983604545,1811.3869959015658,9966.773850118369,830.5644875098641
7.440977076304938,125.38620082573398,48.59890258313088,0.0015324012820986,4.962704098360656,4.9627040983604545,1811.3869959015658,13183.585482288543,1098.6321235240453
7.298554948974153,125.33404000886787,50.15307702158783,0.0012495695705804,4.962704098360656,4.9627040983604545,1811.3869959015658,13605.19153663795,1133.765961386496
7.0131281675699775,125.56478936069912,65.64001609436082,0.0017079059427401,4.962704098360656,4.9627040983604545,1811.3869959015658,17806.38486143882,1483.8654051199017
7.518787844261592,125.44060713231109,50.65071576658682,0.0013275875089244,4.962704098360656,4.9627040983604545,1811.3869959015658,13740.187649415819,1145.0156374513183
7.435321098541923,125.33440816392888,30.526032237199,0.0008660448759024,4.962704098360656,4.9627040983604545,1811.3869959015658,8280.898004760713,690.0748337300594
7.545552715325282,125.46668613230769,75.39725970040838,0.0014108436119272,4.962704098360656,4.9627040983604545,1811.3869959015658,20453.264694410438,1704.4387245342032
7.213540406105462,125.5339332181723,272.637547772646,0.0074856009289184,4.962704098360656,4.9627040983604545,1811.3869959015658,73959.29178840826,6163.274315700688
7.3493669344506385,125.41611478863764,197.47863461585573,0.0065081518194205,4.962704098360656,4.9627040983604545,1811.3869959015658,53570.68415136291,4464.223679280242
7.428392984103125,125.46159504013843,46.82475006944004,0.0015699549251295,4.962704098360656,4.9627040983604545,1811.3869959015658,12702.305245911786,1058.5254371593155
7.44661475225198,125.24759208682288,55.99150850026849,0.0015550120067481,4.962704098360656,4.9627040983604545,1811.3869959015658,15189.002207053958,1265.7501839211632
7.004729178091551,125.46399284530152,270.16164373344463,0.0039138653874871,4.962704098360656,4.9627040983604545,1811.3869959015658,73287.64508834298,6107.303757361915
7.421662960342616,125.54324693913416,36.14054818887185,0.0006784136660106,4.962704098360656,4.9627040983604545,1811.3869959015658,9803.966367548075,816.9971972956729
7.471849053237337,125.46872494721885,62.94705107657986,0.0015180384187187,4.962704098360656,4.9627040983604545,1811.3869959015658,17075.855309830153,1422.9879424858461
7.0873654592146895,125.36159181349409,40.16180834081981,0.0010970801035711,4.962704098360656,4.9627040983604545,1811.3869959015658,10894.826945501298,907.9022454584415
7.222572075644008,125.38580494501755,41.06963103056342,0.0013433161850764,4.962704098360656,4.9627040983604545,1811.3869959015658,11141.095017347645,928.4245847789704
7.069229286766936,125.5633461941654,35.986464077436125,0.0006297154895645,4.962704098360656,4.9627040983604545,1811.3869959015658,9762.167459617993,813.5139549681661
7.059112761160376,125.3932306927912,251.92004597557752,0.0046588568395913,4.962704098360656,4.9627040983604545,1811.3869959015658,68339.18636619396,5694.932197182829
7.117418255791206,125.54694667424612,10.357499693799664,0.0002824069747098,4.962704098360656,4.9627040983604545,1811.3869959015658,2809.7132926491777,234.14277438743147
7.4705699344107295,125.46956893392438,62.94705107657986,0.0015180384187187,4.962704098360656,4.9627040983604545,1811.3869959015658,17075.855309830153,1422.9879424858461
7.1500287598644165,125.53937618650666,105.24546223375565,0.0044625900124555,4.962704098360656,4.9627040983604545,1811.3869959015658,28550.285587380866,2379.1904656150723
7.38062488275803,125.3772357924758,69.94672365429042,0.0024107489329402,4.962704098360656,4.9627040983604545,1811.3869959015658,18974.679704443326,1581.2233087036104
7.018825396082788,125.48111815130603,694.6824456390747,0.0072463859908383,4.962704098360656,4.9627040983604545,1811.3869959015658,188448.81094716262,15704.067578930219
7.085112777578733,125.44461717799594,518.345358098301,0.0192919104111865,4.962704098360656,4.9627040983604545,1811.3869959015658,140613.26438692957,11717.772032244131
7.1724075052095495,125.39839924036345,92.1779306517678,0.0014365350772322,4.962704098360656,4.9627040983604545,1811.3869959015658,25005.412956585264,2083.784413048772
7.324788102607322,125.34743758325064,18.515486281068863,0.0005108238059179,4.962704098360656,4.9627040983604545,1811.3869959015658,5022.757370190941,418.56311418257843
7.533818555976748,125.43930047225128,17.414719677638455,0.000471773646644,4.962704098360656,4.9627040983604545,1811.3869959015658,4724.148762979089,393.67906358159075
7.466352643646884,125.2656029038898,485.9863886496265,0.0119483903931263,4.962704098360656,4.9627040983604545,1811.3869959015658,131835.13942586427,10986.261618822022
7.289913198961022,125.49643628120654,54.133861822500336,0.0009399961604467,4.962704098360656,4.9627040983604545,1811.3869959015658,14685.07223187903,1223.7560193232525
7.120198074164544,125.48350759408524,107.5724180385943,0.0042656695143697,4.962704098360656,4.9627040983604545,1811.3869959015658,29181.52660592284,2431.7938838269033
6.976130487738672,125.50613930577109,330.35538115279536,0.0103218751064929,5.225479234972678,5.225479234972666,1907.2999207650232,94361.79801440256,7863.483167866881
7.433286385473035,125.52742087324457,24.42101144243497,0.0008171841591059,4.962704098360656,4.9627040983604545,1811.3869959015658,6624.768766425645,552.0640638688037
7.171948025650581,125.54037711133924,227.42439559566787,0.0076954303716921,4.962704098360656,4.9627040983604545,1811.3869959015658,61694.17004765906,5141.180837304922
7.144209876524697,125.52315082402048,30.861825016108693,0.0004695717507266,4.962704098360656,4.9627040983604545,1811.3869959015658,8371.989625554386,697.6658021295322
7.266575171751984,125.29702249726842,149.21146837072516,0.0051526406446375,4.962704098360656,4.9627040983604545,1811.3869959015658,40477.08988568934,3373.090823807445
7.070797848229713,125.50889562118988,76.01915307173482,0.0024559988392832,4.962704098360656,4.9627040983604545,1811.3869959015658,20621.96777176339,1718.4973143136158
7.138751077935055,125.55930718432208,49.37071072132306,0.001068475897799,4.962704098360656,4.9627040983604545,1811.3869959015658,13392.956435642427,1116.0797029702023
7.101390895321389,125.36701613091329,51.29621093499542,0.0013608147908754,4.962704098360656,4.9627040983604545,1811.3869959015658,13915.293264538761,1159.6077720448968
6.983512144793151,125.45379620942563,382.791754396372,0.0154851611431154,5.225479234972678,5.225479234972666,1907.2999207650232,109339.57874057659,9111.631561714716
7.058876687721232,125.34256176952402,21.97482359879272,0.0002990066762903,4.962704098360656,4.9627040983604545,1811.3869959015658,5961.183277283618,496.76527310696815
7.011329518029007,125.62178291444452,22.98765503856812,0.0006802228246805,4.962704098360656,4.9627040983604545,1811.3869959015658,6235.937421013258,519.6614517511049
7.506635360918732,125.46590134445626,99.38240101259254,0.0026737465823923,4.962704098360656,4.9627040983604545,1811.3869959015658,26959.793525036945,2246.6494604197455
7.502365952855552,125.27351568010435,93.1395190719976,0.001944669001499,4.962704098360656,4.9627040983604545,1811.3869959015658,25266.266236454976,2105.522186371248
6.995918400041498,125.4713862847694,82.8325660050715,0.0011567144908285,5.225479234972678,5.225479234972666,1907.2999207650232,23660.06521555669,1971.6721012963908
7.474463984832754,125.28395501640144,52.97655984751353,0.0014782972022834,4.962704098360656,4.9627040983604545,1811.3869959015658,14371.127086925164,1197.5939239104302
7.528745964546242,125.44054540669296,278.17627017675665,0.0030419508756388,4.962704098360656,4.9627040983604545,1811.3869959015658,75461.79938417865,6288.483282014888
7.361244189437573,125.52234550426084,72.31558427784805,0.0013643068767345,4.962704098360656,4.9627040983604545,1811.3869959015658,19617.288382136794,1634.774031844733
7.043046469314986,125.35774875826516,37.64164548447054,0.000933481272049,4.962704098360656,4.9627040983604545,1811.3869959015658,10211.174009323646,850.9311674436372
7.133265977279397,125.47130685342071,74.79145069424477,0.0020418553732113,4.962704098360656,4.9627040983604545,1811.3869959015658,20288.9248761391,1690.7437396782582
7.342443573055465,125.34427459619126,46.409893411108925,0.0015865331853093,4.962704098360656,4.9627040983604545,1811.3869959015658,12589.765704331616,1049.1471420276346
7.146474719974888,125.63427147526129,64.4020456618439,0.0016523686784787,4.962704098360656,4.9627040983604545,1811.3869959015658,17470.55651647332,1455.87970970611
7.152607038860766,125.5757868085145,103.2611002415988,0.003230434226928,4.962704098360656,4.9627040983604545,1811.3869959015658,28011.981128619587,2334.331760718299
7.066184505185407,125.48688574614086,43.314176980705625,0.0013338357606289,4.962704098360656,4.9627040983604545,1811.3869959015658,11749.98044129332,979.1650367744434
7.118174275111166,125.36599723846916,32.49785229895129,0.0009576584253378,4.962704098360656,4.9627040983604545,1811.3869959015658,8815.800172465753,734.6500143721461
7.315209840141638,125.34590142421509,18.515486281068863,0.0005108238059179,4.962704098360656,4.9627040983604545,1811.3869959015658,5022.757370190941,418.56311418257843
7.211997361676114,125.3326058125934,299.9972938276951,0.0076708839496766,4.962704098360656,4.9627040983604545,1811.3869959015658,81381.26083952936,6781.771736627447
7.499279196232695,125.53202259039556,85.08443703405864,0.003566724709536,4.962704098360656,4.9627040983604545,1811.3869959015658,23081.13741729361,1923.4281181078006
7.3422724891051825,125.5498325861076,67.92046730598759,0.0024327814371863,4.962704098360656,4.9627040983604545,1811.3869959015658,18425.010424747437,1535.4175353956198
7.486345581746273,125.28844307314326,129.73503302808535,0.0035587441338497,4.962704098360656,4.9627040983604545,1811.3869959015658,35193.65267657251,2932.8043897143757
7.379770157528696,125.39426375530245,69.94672365429042,0.0024107489329402,4.962704098360656,4.9627040983604545,1811.3869959015658,18974.679704443326,1581.2233087036104
7.252251723597878,125.3840289809563,68.6218456503959,0.0020547770542951,4.962704098360656,4.9627040983604545,1811.3869959015658,18615.27565436072,1551.2729711967268
6.985818177006174,125.43723129958212,32.61622265509294,0.0016000653103266,5.225479234972678,5.225479234972666,1907.2999207650232,9316.407692324397,776.3673076936998
7.372635045569135,125.4239297745792,26.342358265585588,0.0007377702247831,4.962704098360656,4.9627040983604545,1811.3869959015658,7145.9788913003995,595.4982409416999
7.005112852619244,125.47948006774315,99.04394742820726,0.0031113121448539,4.962704098360656,4.9627040983604545,1811.3869959015658,26867.98009871734,2238.9983415597785
7.1568420964477015,125.53799335406973,44.72509710242939,0.0010855011693733,4.962704098360656,4.9627040983604545,1811.3869959015658,12132.725422038684,1011.060451836557
7.157841744399886,125.4562229057922,225.54354944769187,0.0062711559826845,4.962704098360656,4.9627040983604545,1811.3869959015658,61183.94667525966,5098.662222938306
7.112534419467954,125.55061985991544,67.08354060419705,0.0024527039854399,4.962704098360656,4.9627040983604545,1811.3869959015658,18197.97454268011,1516.4978785566757
7.142300779341781,125.58822699711148,54.63927577855731,0.0015243790129027,4.962704098360656,4.9627040983604545,1811.3869959015658,14822.177551947138,1235.1814626622615
7.475368112913997,125.5153598242304,32.14545105108606,0.0007360060869766,4.962704098360656,4.9627040983604545,1811.3869959015658,8720.203117216422,726.6835931013685
6.986613455365743,125.40250574463224,109.92553461111756,0.0032578490887547,5.225479234972678,5.225479234972666,1907.2999207650232,31398.82588684668,2616.56882390389
7.180284994206555,125.5800259595915,47.656425422815474,0.0011926052126587,4.962704098360656,4.9627040983604545,1811.3869959015658,12927.91657727842,1077.3263814398683
7.388777434650581,125.29445916614976,96.5454195523464,0.0023918855545183,4.962704098360656,4.9627040983604545,1811.3869959015658,26190.196155449325,2182.516346287444
7.3064854043333725,125.45780994476598,56.08452478935031,0.0019519272714678,4.962704098360656,4.9627040983604545,1811.3869959015658,15214.235044282284,1267.852920356857
7.174823188120758,125.61441160655052,198.02736881099295,0.0049725490862404,4.962704098360656,4.9627040983604545,1811.3869959015658,53719.54109635815,4476.628424696512
7.19408192773289,125.53753234771033,2863.8242348888098,0.0246988608509281,4.962704098360656,4.9627040983604545,1811.3869959015658,776879.0980891711,64739.92484076426
7.201762378888507,125.23808258333732,26.520992778625683,0.0010748259005004,4.962704098360656,4.9627040983604545,1811.3869959015658,7194.437668095261,599.5364723412717
7.403011209481575,125.26949967726,38.62350193055752,0.0006851580696904,4.962704098360656,4.9627040983604545,1811.3869959015658,10477.52546378667,873.1271219822224
7.200635763921119,125.4919058905188,66.49436147047601,0.0010568109349209,4.962704098360656,4.9627040983604545,1811.3869959015658,18038.14596505934,1503.1788304216116
7.486225707886956,125.49608650344344,71.84685863470258,0.0020543100289592,4.962704098360656,4.9627040983604545,1811.3869959015658,19490.13562238921,1624.1779685324343
7.033417983954385,125.43603966424396,44.27929193752823,0.0013316366675391,4.962704098360656,4.9627040983604545,1811.3869959015658,12011.790376440345,1000.9825313700288
7.057823410757874,125.49056904148014,820.9546558745707,0.0188914046821987,4.962704098360656,4.9627040983604545,1811.3869959015658,222703.09220031614,18558.59101669301
7.511050380128882,125.53191077953863,36.60257475853648,0.000701492032348,4.962704098360656,4.9627040983604545,1811.3869959015658,9929.30184741499,827.4418206179158
6.994318948089241,125.27537546242144,41.97783797054488,0.0012318626912616,5.225479234972678,5.225479234972666,1907.2999207650232,11990.433616777662,999.2028013981385
7.491007362385627,125.29260774353904,39.90270824959279,0.0011127783579826,4.962704098360656,4.9627040983604545,1811.3869959015658,10824.54000444708,902.0450003705901
7.526793337895835,125.2813437530711,93.1395190719976,0.001944669001499,4.962704098360656,4.9627040983604545,1811.3869959015658,25266.266236454976,2105.522186371248
7.252410299269204,125.3943839669002,59.27070093500185,0.0016530763954764,4.962704098360656,4.9627040983604545,1811.3869959015658,16078.559614286178,1339.8799678571816
7.141057402158981,125.6551515605276,137.81311668007118,0.0029897454516819,4.962704098360656,4.9627040983604545,1811.3869959015658,37385.021219861366,3115.418434988447
7.2328459300857935,125.32315334253248,59.55014023364787,0.0013789967572574,4.962704098360656,4.9627040983604545,1811.3869959015658,16154.364039592056,1346.197003299338
7.208416452618577,125.47115351015906,96.57576789930874,0.0026860836311173,4.962704098360656,4.9627040983604545,1811.3869959015658,26198.428852180285,2183.202404348357
7.018619896648021,125.40595685059344,168.1562301261445,0.0008363996927907,4.962704098360656,4.9627040983604545,1811.3869959015658,45616.29823750211,3801.358186458509
7.282387276012275,125.34524394687574,97.53500742968475,0.0019866644148867,4.962704098360656,4.9627040983604545,1811.3869959015658,26458.64494090925,2204.887078409104
7.310255713789216,125.4247074377794,107.79388560240994,0.0039542562307061,4.962704098360656,4.9627040983604545,1811.3869959015658,29241.604846457663,2436.800403871472
7.102523563529515,125.62480602284406,39.66342792517193,0.0013194851215235,4.962704098360656,4.9627040983604545,1811.3869959015658,10759.629637266751,896.6358031055626
7.326786490346079,125.2819397810303,69.58041270433492,0.0016482590098712,4.962704098360656,4.9627040983604545,1811.3869959015658,18875.309318176354,1572.942443181363
7.218085227443037,125.52219391593889,216.2159623241372,0.0055107214089996,4.962704098360656,4.9627040983604545,1811.3869959015658,58653.62118125229,4887.801765104357
7.216964751034554,125.291697724867,283.14378232074347,0.0056272739246538,4.962704098360656,4.9627040983604545,1811.3869959015658,76809.35287826289,6400.779406521907
7.521364852798468,125.3770191960185,25.99833176436132,0.0008135076350871,4.962704098360656,4.9627040983604545,1811.3869959015658,7052.653681347264,587.721140112272
7.103143005334832,125.45102388153263,73.12803808653696,0.0023022870359696,4.962704098360656,4.9627040983604545,1811.3869959015658,19837.685421327944,1653.1404517773287
7.044858576305347,125.3561017847674,37.64164548447054,0.000933481272049,4.962704098360656,4.9627040983604545,1811.3869959015658,10211.174009323646,850.9311674436372
7.188586579962757,125.51774804264988,348.5537784012789,0.0078002010110032,4.962704098360656,4.9627040983604545,1811.3869959015658,94553.33944768849,7879.444953974041
7.010313069921076,125.49226237808348,1062.4546354854847,0.0262522666702906,4.962704098360656,4.9627040983604545,1811.3869959015658,288215.5926055529,24017.966050462743
7.476122053731654,125.26351971398044,485.9863886496265,0.0119483903931263,4.962704098360656,4.9627040983604545,1811.3869959015658,131835.13942586427,10986.261618822022
7.113089798897043,125.45336923889992,246.4486270841145,0.0028959504364405,4.962704098360656,4.9627040983604545,1811.3869959015658,66854.936417512,5571.244701459334
7.429913190773156,125.38479416934663,48.59890258313088,0.0015324012820986,4.962704098360656,4.9627040983604545,1811.3869959015658,13183.585482288543,1098.6321235240453
7.350489009253602,125.51315285101036,37.50535686486937,0.0011628050914155,4.962704098360656,4.9627040983604545,1811.3869959015658,10174.202543482383,847.8502119568652
7.04689347788301,125.5237447629533,38.64795238090828,0.0010397507535814,4.962704098360656,4.9627040983604545,1811.3869959015658,10484.158218543393,873.6798515452828
7.084676117285398,125.48274602937622,73.80020207030273,0.0014293764576583,4.962704098360656,4.9627040983604545,1811.3869959015658,20020.02557444012,1668.3354645366765
7.584190898689027,125.42364324555068,41.74818841645064,0.000784814383669,4.962704098360656,4.9627040983604545,1811.3869959015658,11325.169529857061,943.7641274880884
7.346169101895221,125.39394852331078,36.74070851671803,0.000941387546809,4.962704098360656,4.9627040983604545,1811.3869959015658,9966.773850118369,830.5644875098641
7.204776707586253,125.258280517086,378.368650394622,0.0074835146090126,4.962704098360656,4.9627040983604545,1811.3869959015658,102641.31865453103,8553.443221210919
7.451628715779985,125.41498964843596,228.469823808251,0.0045471871856744,4.962704098360656,4.9627040983604545,1811.3869959015658,61977.766826055646,5164.813902171304
7.04183275149457,125.40305692043331,56.13076892292344,0.0012023845803501,4.962704098360656,4.9627040983604545,1811.3869959015658,15226.779843765622,1268.8983203138018
7.192908089235546,125.24442147741624,26.520992778625683,0.0010748259005004,4.962704098360656,4.9627040983604545,1811.3869959015658,7194.437668095261,599.5364723412717
7.178175445463451,125.5470301519026,17.493628536079378,0.0005404962510884,4.962704098360656,4.9627040983604545,1811.3869959015658,4745.554630710077,395.4628858925064
7.162673595825173,125.2493958864818,28.838542454246475,0.0007669869483314,4.962704098360656,4.9627040983604545,1811.3869959015658,7823.127054768825,651.9272545640687
7.031981054876962,125.47408438108592,82.62194470444058,0.0027301349825756,4.962704098360656,4.9627040983604545,1811.3869959015658,22413.128956166995,1867.7607463472496
7.372716547032146,125.35547601009796,28.80866087216612,0.00079827401832,4.962704098360656,4.9627040983604545,1811.3869959015658,7815.020978895433,651.251748241286
7.12734633895233,125.56535932463716,32.36726664937426,0.0013538834596502,4.962704098360656,4.9627040983604545,1811.3869959015658,8780.375770216873,731.6979808514061
7.116598064612562,125.3754741747077,148.95462281326053,0.0015490690854229,4.962704098360656,4.9627040983604545,1811.3869959015658,40407.41453948602,3367.2845449571682
7.245297641118019,125.30544595713616,347.36713180964165,0.0050386734571464,4.962704098360656,4.9627040983604545,1811.3869959015658,94231.43389125423,7852.619490937853
7.058005052880367,125.30838388420786,21.97482359879272,0.0002990066762903,4.962704098360656,4.9627040983604545,1811.3869959015658,5961.183277283618,496.76527310696815
7.378545307006524,125.51114821844835,119.17711638328628,0.003073849352585,4.962704098360656,4.9627040983604545,1811.3869959015658,32329.57161294166,2694.1309677451386
7.168206741289256,125.58846863976132,23.686192339680368,0.0006345446647891,4.962704098360656,4.9627040983604545,1811.3869959015658,6425.43195138928,535.4526626157733
7.140063160635425,125.389508287843,159.81672402865735,0.0033370671492823,4.962704098360656,4.9627040983604545,1811.3869959015658,43354.012760412945,3612.8343967010787
7.019239098825809,125.42023230061106,76.91343194834079,0.002556468337147,4.962704098360656,4.9627040983604545,1811.3869959015658,20864.56176850175,1738.7134807084792
6.984233405305233,125.43402731162423,180.1063394697582,0.0064143700507385,5.225479234972678,5.225479234972666,1907.2999207650232,51445.07701631224,4287.089751359354
7.321176655816984,125.5481997127464,18.48954308920715,0.0004163820226061,4.962704098360656,4.9627040983604545,1811.3869959015658,5015.7196744938565,417.9766395411547
7.3268222368925935,125.3811854567522,214.433436524103,0.0034569370887643,4.962704098360656,4.9627040983604545,1811.3869959015658,58170.06949571911,4847.505791309925
7.2551513199197055,125.50654391217527,109.18697159449732,0.0021025602857386,4.962704098360656,4.9627040983604545,1811.3869959015658,29619.511903709565,2468.2926586424637
7.409974938013855,125.38338922557304,49.80585876670349,0.0013411204160204,4.962704098360656,4.9627040983604545,1811.3869959015658,13511.000489083974,1125.9167074236645
7.232125629015187,125.68807291366544,61.67460371868274,0.0016584268934523,4.962704098360656,4.9627040983604545,1811.3869959015658,16730.67429497382,1394.222857914485
7.234305490266816,125.4056946571377,64.76455934309413,0.0012624316667841,4.962704098360656,4.9627040983604545,1811.3869959015658,17568.896805064946,1464.0747337554121
7.599703999971233,125.42168400838216,13.512882178045585,0.0003509703663441,4.962704098360656,4.9627040983604545,1811.3869959015658,3665.6843639961994,305.4736969996833
7.189530279011348,125.55656464856928,59.39218371260017,0.0015651996760041,4.962704098360656,4.9627040983604545,1811.3869959015658,16111.514650263662,1342.626220855305
7.23604861880202,125.395765530093,58.23637211871947,0.0015755738173704,4.962704098360656,4.9627040983604545,1811.3869959015658,15797.973805935308,1316.4978171612756
7.429129313061799,125.31275521431688,49.43015931957566,0.0017048660244231,4.962704098360656,4.9627040983604545,1811.3869959015658,13409.083254052057,1117.423604504338
7.126751052619903,125.5626461742975,10.357499693799664,0.0002824069747098,4.962704098360656,4.9627040983604545,1811.3869959015658,2809.7132926491777,234.14277438743147
7.35307260001619,125.51632428032777,28.118700436160665,0.0007926486780615,4.962704098360656,4.9627040983604545,1811.3869959015658,7627.8531231621555,635.6544269301796
7.044600137431708,125.62035625989172,41.93983534952473,0.0013209499989257,4.962704098360656,4.9627040983604545,1811.3869959015658,11377.158228990314,948.0965190825262
7.271887859926357,125.31103711437612,195.62911899438225,0.0043532795620098,4.962704098360656,4.9627040983604545,1811.3869959015658,53068.959914795734,4422.413326232978
7.226173165933166,125.23876421935712,378.368650394622,0.0074835146090126,4.962704098360656,4.9627040983604545,1811.3869959015658,102641.31865453103,8553.443221210919
7.052812235516019,125.59562384426876,206.74978138253343,0.0042567353293903,4.962704098360656,4.9627040983604545,1811.3869959015658,56085.698882575474,4673.808240214623
7.279913032465672,125.4602325526466,104.18740615423256,0.0027809509466012,4.962704098360656,4.9627040983604545,1811.3869959015658,28263.26320563907,2355.2719338032557
7.0770352186995344,125.48559084385872,140.4406029570183,0.0035965168122638,4.962704098360656,4.9627040983604545,1811.3869959015658,38097.788136283394,3174.8156780236163
7.396208632605497,125.2881722513295,96.5454195523464,0.0023918855545183,4.962704098360656,4.9627040983604545,1811.3869959015658,26190.196155449325,2182.516346287444
7.14452849415471,125.40740281187117,188.9363418191072,0.0026994344154253,4.962704098360656,4.9627040983604545,1811.3869959015658,51253.38805382177,4271.115671151814
7.3451079023051955,125.40079472966826,36.74070851671803,0.000941387546809,4.962704098360656,4.9627040983604545,1811.3869959015658,9966.773850118369,830.5644875098641
7.057154883409595,125.3363790635582,21.97482359879272,0.0002990066762903,4.962704098360656,4.9627040983604545,1811.3869959015658,5961.183277283618,496.76527310696815
7.408072033444401,125.47340626533165,77.48665584878228,0.0025981989787922,4.962704098360656,4.9627040983604545,1811.3869959015658,21020.062117075144,1751.6718430895953
7.239661621416719,125.3113511534396,347.36713180964165,0.0050386734571464,4.962704098360656,4.9627040983604545,1811.3869959015658,94231.43389125423,7852.619490937853
7.096506364369378,125.43084969092368,33.94712630546029,0.0003527727564493,4.962704098360656,4.9627040983604545,1811.3869959015658,9208.949538737705,767.4124615614754
7.05100723094311,125.4885911705412,654.0001483763199,0.0165837384108306,4.962704098360656,4.9627040983604545,1811.3869959015658,177412.7892456033,14784.399103800273
7.029893028908624,125.4620690269216,113.77998589030638,0.002546527831853,4.962704098360656,4.9627040983604545,1811.3869959015658,30865.474124494158,2572.1228437078466
7.158619553942,125.4504594045887,225.54354944769187,0.0062711559826845,4.962704098360656,4.9627040983604545,1811.3869959015658,61183.94667525966,5098.662222938306
7.237966474029343,125.4344905070734,85.0625039443015,0.0017466196328361,4.962704098360656,4.9627040983604545,1811.3869959015658,23075.18755529396,1922.9322962744966
7.274464173742799,125.65303900474328,102.44314763482984,0.0027629803565464,4.962704098360656,4.9627040983604545,1811.3869959015658,27790.092412236467,2315.841034353039
7.102789951692881,125.61014613869672,24.96931377130924,0.0007998653414772,4.962704098360656,4.9627040983604545,1811.3869959015658,6773.508557627452,564.4590464689544
7.004986582756045,125.3864518533053,64.36054177089046,0.0014202455264054,4.962704098360656,4.9627040983604545,1811.3869959015658,17459.297618326465,1454.9414681938722
7.390586648055648,125.4193837521911,26.342358265585588,0.0007377702247831,4.962704098360656,4.9627040983604545,1811.3869959015658,7145.9788913003995,595.4982409416999
7.071359610526851,125.52457248851124,634.0390920247427,0.0187973594401396,4.962704098360656,4.9627040983604545,1811.3869959015658,171997.8872881434,14333.15727401195
7.4704778896033055,125.23543620523124,165.75069324833808,0.0044604838167378,4.962704098360656,4.9627040983604545,1811.3869959015658,44963.74027068155,3746.978355890129
7.015431998920368,125.29770402518054,21.97482359879272,0.0002990066762903,4.962704098360656,4.9627040983604545,1811.3869959015658,5961.183277283618,496.76527310696815
7.2021665277324844,125.51315057607006,83.18809348319462,0.0027489054634211,4.962704098360656,4.9627040983604545,1811.3869959015658,22566.71001301555,1880.5591677512957
7.089192571480922,125.61721578362123,559.5705160174984,0.0166743263688548,4.962704098360656,4.9627040983604545,1811.3869959015658,151796.5496991629,12649.71247493024
7.188122532259197,125.42352969077686,154.49319768793535,0.0039607807162253,4.962704098360656,4.9627040983604545,1811.3869959015658,41909.88211445707,3492.4901762047557
7.028144756500938,125.52975855239106,230.24811737393017,0.0071345313789306,4.962704098360656,4.9627040983604545,1811.3869959015658,62460.17041933911,5205.014201611592
7.115571155043797,125.4488529191828,246.4486270841145,0.0028959504364405,4.962704098360656,4.9627040983604545,1811.3869959015658,66854.936417512,5571.244701459334
7.04611398531698,125.64199977586088,69.88507999441514,0.0021160258230415,4.962704098360656,4.9627040983604545,1811.3869959015658,18957.95742438738,1579.829785365615
7.413795740658304,125.24363943864746,162.02311043634774,0.0041782574424278,4.962704098360656,4.9627040983604545,1811.3869959015658,43952.546518721356,3662.7122098934465
7.500798368658229,125.43498918944132,37.28312676679267,0.0010967076645023,4.962704098360656,4.9627040983604545,1811.3869959015658,10113.917447749616,842.8264539791347
7.476576178846773,125.25338465021991,272.1121025869706,0.0060234764668965,4.962704098360656,4.9627040983604545,1811.3869959015658,73816.75253024788,6151.396044187323
7.099957047503303,125.438840241688,85.07777422944254,0.0027233609632927,4.962704098360656,4.9627040983604545,1811.3869959015658,23079.329976188164,1923.2774980156803
6.972980014112962,125.50234101680525,330.35538115279536,0.0103218751064929,5.225479234972678,5.225479234972666,1907.2999207650232,94361.79801440256,7863.483167866881
7.382607957781171,125.3183878163277,33.457912034176864,0.0008916528932125,4.962704098360656,4.9627040983604545,1811.3869959015658,9076.238760884478,756.3532300737065
6.9947502937556365,125.57725656846895,65.64001609436082,0.0017079059427401,5.225479234972678,5.225479234972666,1907.2999207650232,18749.232776969395,1562.4360647474496
7.130571908974529,125.58676794397054,173.3860434152368,0.0053789917482166,4.962704098360656,4.9627040983604545,1811.3869959015658,47035.00703314248,3919.58391942854
7.012489159079719,125.4044192764629,168.1562301261445,0.0008363996927907,4.962704098360656,4.9627040983604545,1811.3869959015658,45616.29823750211,3801.358186458509
7.534845939260464,125.37802186528135,25.99833176436132,0.0008135076350871,4.962704098360656,4.9627040983604545,1811.3869959015658,7052.653681347264,587.721140112272
7.473289450845344,125.28074458630122,52.97655984751353,0.0014782972022834,4.962704098360656,4.9627040983604545,1811.3869959015658,14371.127086925164,1197.5939239104302
7.280726022448202,125.31563344794527,195.62911899438225,0.0043532795620098,4.962704098360656,4.9627040983604545,1811.3869959015658,53068.959914795734,4422.413326232978
7.061331501684776,125.46769857087716,203.3138424156374,0.0044940995149602,4.962704098360656,4.9627040983604545,1811.3869959015658,55153.62032371264,4596.135026976053
7.013936414637006,125.5641186572602,65.64001609436082,0.0017079059427401,4.962704098360656,4.9627040983604545,1811.3869959015658,17806.38486143882,1483.8654051199017
7.417038319359346,125.38516346402092,48.59890258313088,0.0015324012820986,4.962704098360656,4.9627040983604545,1811.3869959015658,13183.585482288543,1098.6321235240453
7.505724889944467,125.29278129056532,90.52395806752692,0.0022854193721122,4.962704098360656,4.9627040983604545,1811.3869959015658,24556.734328247883,2046.3945273539903
7.284789638774903,125.54940956417988,26.02076679806681,0.0007754602956682,4.962704098360656,4.9627040983604545,1811.3869959015658,7058.739707346479,588.2283089455399
7.415134329314425,125.4725004551452,71.9214354315892,0.0017952699960875,4.962704098360656,4.9627040983604545,1811.3869959015658,19510.366317415057,1625.8638597845882
7.346172299130354,125.45199321645896,212.1386902533137,0.0020406085747399,4.962704098360656,4.9627040983604545,1811.3869959015658,57547.56606430181,4795.630505358485
7.2020816425254495,125.32833278307214,299.9972938276951,0.0076708839496766,4.962704098360656,4.9627040983604545,1811.3869959015658,81381.26083952936,6781.771736627447
7.027600646097358,125.63256344847112,82.57187653851352,0.0029067485737103,4.962704098360656,4.9627040983604545,1811.3869959015658,22399.546798744577,1866.6288998953814
7.075919682320907,125.5041906293244,101.59794821542415,0.0040272473223799,4.962704098360656,4.9627040983604545,1811.3869959015658,27560.812362625154,2296.734363552096
7.118491885756844,125.41089526348574,193.86794878148712,0.0048190922889827,4.962704098360656,4.9627040983604545,1811.3869959015658,52591.20143021171,4382.600119184309
7.578259632405247,125.42710386615865,42.27861757156095,0.0006182785000885,4.962704098360656,4.9627040983604545,1811.3869959015658,11469.060805935424,955.7550671612853
7.261182728806581,125.46181009746334,269.653502765591,0.008338010236714,4.962704098360656,4.9627040983604545,1811.3869959015658,73149.80000274064,6095.8166668950535
7.202432726173394,125.5755068120119,504.2121978872391,0.0125979781820319,4.962704098360656,4.9627040983604545,1811.3869959015658,136779.31514376108,11398.27626198009
7.1750856563495375,125.4225856521803,106.18851830952542,0.0024291279991079,4.962704098360656,4.9627040983604545,1811.3869959015658,28806.11153670627,2400.5092947255225
7.419888958741379,125.2899735768634,10.185925843251336,0.0003147518217936,4.962704098360656,4.9627040983604545,1811.3869959015658,2763.16988518519,230.26415709876585
7.249681365058022,125.64002730300996,36141.5904138944,0.8854017914499345,4.962704098360656,4.9627040983604545,1811.3869959015658,9804249.095386488,817020.757948874
7.370594952337826,125.35383092753952,28.80866087216612,0.00079827401832,4.962704098360656,4.9627040983604545,1811.3869959015658,7815.020978895433,651.251748241286
7.403648935709317,125.4549226577752,100.2659098210938,0.0037804248399335,4.962704098360656,4.9627040983604545,1811.3869959015658,27199.46588968154,2266.622157473462
7.280924981266207,125.34881444291167,97.53500742968475,0.0019866644148867,4.962704098360656,4.9627040983604545,1811.3869959015658,26458.64494090925,2204.887078409104
7.262850084557745,125.46121373763664,269.653502765591,0.008338010236714,4.962704098360656,4.9627040983604545,1811.3869959015658,73149.80000274064,6095.8166668950535
7.371558442203676,125.384587841898,69.94672365429042,0.0024107489329402,4.962704098360656,4.9627040983604545,1811.3869959015658,18974.679704443326,1581.2233087036104
7.040037854246617,125.46700994134969,1298.3938613148196,0.0019302064194135,4.962704098360656,4.9627040983604545,1811.3869959015658,352219.60889018624,29351.634074182188
7.189418799259147,125.63446625217304,38.517255400119446,0.0009810319584583,4.962704098360656,4.9627040983604545,1811.3869959015658,10448.703615107457,870.7253012589548
7.089807791035871,125.42505775319616,33.94712630546029,0.0003527727564493,4.962704098360656,4.9627040983604545,1811.3869959015658,9208.949538737705,767.4124615614754
7.412253646289128,125.48300320852924,17.952512693380523,0.000520790500007,4.962704098360656,4.9627040983604545,1811.3869959015658,4870.0376579533195,405.83647149610994
7.089033290603418,125.3539424313606,75.8432412079307,0.0026996287254883,4.962704098360656,4.9627040983604545,1811.3869959015658,20574.24757705646,1714.5206314213717
7.52506739938822,125.35959657639776,25.99833176436132,0.0008135076350871,4.962704098360656,4.9627040983604545,1811.3869959015658,7052.653681347264,587.721140112272
7.256851042716567,125.3573435264012,650.5889298219331,0.0200271763678998,4.962704098360656,4.9627040983604545,1811.3869959015658,176487.41667502723,14707.284722918936
7.445417610254376,125.53344441003198,16.170153829500634,0.0004301305260398,4.962704098360656,4.9627040983604545,1811.3869959015658,4386.5312577443665,365.5442714786972
7.526160049565269,125.30072004748786,90.52395806752692,0.0022854193721122,4.962704098360656,4.9627040983604545,1811.3869959015658,24556.734328247883,2046.3945273539903
7.039602139833937,125.34982768218929,37.64164548447054,0.000933481272049,4.962704098360656,4.9627040983604545,1811.3869959015658,10211.174009323646,850.9311674436372
7.362863048177989,125.28313071281411,507.5370546192472,0.0094401453687909,4.962704098360656,4.9627040983604545,1811.3869959015658,137681.26005636094,11473.438338030079
7.042831250102727,125.37051963176988,37.64164548447054,0.000933481272049,4.962704098360656,4.9627040983604545,1811.3869959015658,10211.174009323646,850.9311674436372
7.449234587535497,125.50589123050742,30.465006984971744,0.0007663220008181,4.962704098360656,4.9627040983604545,1811.3869959015658,8264.3434821984,688.6952901832
7.057228244069736,125.59801194394583,188.25079430825568,0.006766369262848,4.962704098360656,4.9627040983604545,1811.3869959015658,51067.41730693048,4255.618108910873
7.484762394844258,125.48466688226496,36.67297216199619,0.000994205546197,4.962704098360656,4.9627040983604545,1811.3869959015658,9948.398784524934,829.0332320437445
7.091116830138877,125.29484981728788,109.35345841366784,0.0031308914511179,4.962704098360656,4.9627040983604545,1811.3869959015658,29664.675335300515,2472.0562779417096
7.426666306583755,125.31096190905107,49.43015931957566,0.0017048660244231,4.962704098360656,4.9627040983604545,1811.3869959015658,13409.083254052057,1117.423604504338
7.093814040362404,125.52890058467462,99.86191043202804,0.0018091775490918,4.962704098360656,4.9627040983604545,1811.3869959015658,27089.871635543182,2257.489302961932
7.571227580686193,125.425741784533,27.15941956024919,0.0007781089972311,4.962704098360656,4.9627040983604545,1811.3869959015658,7367.62581849266,613.9688182077217
7.058508099205561,125.4738368913621,92.2660790070135,0.0032641089854894,4.962704098360656,4.9627040983604545,1811.3869959015658,25029.325253257335,2085.777104438111
7.08800502450481,125.43330500174464,33.94712630546029,0.0003527727564493,4.962704098360656,4.9627040983604545,1811.3869959015658,9208.949538737705,767.4124615614754
7.29907349491645,125.38125104968552,42.725753313205686,0.0012185038373423,4.962704098360656,4.9627040983604545,1811.3869959015658,11590.35680149986,965.863066791655
7.464741781866717,125.53867640501942,43.20884815858504,0.0014434824649184,4.962704098360656,4.9627040983604545,1811.3869959015658,11721.407542392977,976.7839618660814
7.212793101646027,125.27248388824916,147.36915610097228,0.0041348951143569,4.962704098360656,4.9627040983604545,1811.3869959015658,39977.31972623338,3331.443310519448
7.044853032539321,125.44142571029124,38.42490204234172,0.0009867046612287,4.962704098360656,4.9627040983604545,1811.3869959015658,10423.650613452608,868.6375511210507
7.243080928542899,125.4147821317042,128.3321965150191,0.0037053613539611,4.962704098360656,4.9627040983604545,1811.3869959015658,34813.10056315701,2901.0917135964173
7.208596280576573,125.50494392482128,269.3098167267639,0.0099494232189463,4.962704098360656,4.9627040983604545,1811.3869959015658,73056.56715115113,6088.047262595927
7.160307454309599,125.4607060017705,126.12527057364528,0.0028004252673569,4.962704098360656,4.9627040983604545,1811.3869959015658,34214.42044375693,2851.201703646411
7.547906556950072,125.4549453203331,75.39725970040838,0.0014108436119272,4.962704098360656,4.9627040983604545,1811.3869959015658,20453.264694410438,1704.4387245342032
7.055676069176994,125.32579481581168,21.97482359879272,0.0002990066762903,4.962704098360656,4.9627040983604545,1811.3869959015658,5961.183277283618,496.76527310696815
7.260632352035946,125.54856404708588,13.411919537611269,0.0003273919725061,4.962704098360656,4.9627040983604545,1811.3869959015658,3638.2958936823575,303.1913244735298
7.450301208131838,125.54550235804462,24.755571283619545,0.0007740241978547,4.962704098360656,4.9627040983604545,1811.3869959015658,6715.525924113579,559.6271603427982
7.141114152344777,125.35922516687496,31.54397934795365,0.0008442742802182,4.962704098360656,4.9627040983604545,1811.3869959015658,8557.03989352305,713.0866577935875
7.13390303934259,125.45299609717318,113.45791321400164,0.0039616617654486,4.962704098360656,4.9627040983604545,1811.3869959015658,30778.104401436936,2564.842033453078
7.441274073976113,125.53762851588604,24.755571283619545,0.0007740241978547,4.962704098360656,4.9627040983604545,1811.3869959015658,6715.525924113579,559.6271603427982
7.426378664076559,125.4439831114206,100.2659098210938,0.0037804248399335,4.962704098360656,4.9627040983604545,1811.3869959015658,27199.46588968154,2266.622157473462
7.419279978503734,125.46239918317652,100.2659098210938,0.0037804248399335,4.962704098360656,4.9627040983604545,1811.3869959015658,27199.46588968154,2266.622157473462
7.436150542802283,125.32548741156664,30.28266257507573,0.0008292944778063,4.962704098360656,4.9627040983604545,1811.3869959015658,8214.878309379535,684.5731924482947
7.129392581589545,125.56056729794764,32.36726664937426,0.0013538834596502,4.962704098360656,4.9627040983604545,1811.3869959015658,8780.375770216873,731.6979808514061
7.511806731058026,125.48423712163324,16.385285429165638,0.0004484718079086,4.962704098360656,4.9627040983604545,1811.3869959015658,4444.89072027078,370.40756002256495
7.434290612813325,125.33726376034234,30.28266257507573,0.0008292944778063,4.962704098360656,4.9627040983604545,1811.3869959015658,8214.878309379535,684.5731924482947
7.350642310187687,125.41016209530166,36.74070851671803,0.000941387546809,4.962704098360656,4.9627040983604545,1811.3869959015658,9966.773850118369,830.5644875098641
7.182051992666469,125.3359641546967,320.7440734088234,0.0043956536445001,4.962704098360656,4.9627040983604545,1811.3869959015658,87009.30854332555,7250.775711943796
7.384324230398584,125.33967355368588,36.94326946917393,0.0008701475668533,4.962704098360656,4.9627040983604545,1811.3869959015658,10021.723231485737,835.1436026238115
7.38805015553491,125.3427712561964,36.94326946917393,0.0008701475668533,4.962704098360656,4.9627040983604545,1811.3869959015658,10021.723231485737,835.1436026238115
7.060445025612885,125.624848214696,69.88507999441514,0.0021160258230415,4.962704098360656,4.9627040983604545,1811.3869959015658,18957.95742438738,1579.829785365615
7.2628379286055536,125.42956539617089,227.32068153255776,0.0060061551898153,4.962704098360656,4.9627040983604545,1811.3869959015658,61666.03518979084,5138.836265815903
7.337116024956288,125.3970069038966,136.6832622954209,0.0036955587604735,4.962704098360656,4.9627040983604545,1811.3869959015658,37078.52187376819,3089.876822814016
7.168616694920373,125.65635268605942,45.71291954764723,0.0014441017473866,4.962704098360656,4.9627040983604545,1811.3869959015658,12400.695292872211,1033.3912744060176
7.526195580561208,125.49540653210876,16.385285429165638,0.0004484718079086,4.962704098360656,4.9627040983604545,1811.3869959015658,4444.89072027078,370.40756002256495
6.982669389305393,125.58832254667956,93.6977182187686,0.0019350231111333,5.225479234972678,5.225479234972666,1907.2999207650232,26763.557264049836,2230.2964386708195
7.3299503787048925,125.49996207733028,38.64999470009249,0.0010704742551455,4.962704098360656,4.9627040983604545,1811.3869959015658,10484.712245241857,873.7260204368214
7.052635975925182,125.59474674198138,1240.838711176074,0.0453567733066992,4.962704098360656,4.9627040983604545,1811.3869959015658,336606.4324300354,28050.53603583628
7.444766555427996,125.30361857052222,29.34858627631075,0.0006211372454783,4.962704098360656,4.9627040983604545,1811.3869959015658,7961.488333943707,663.4573611619757
7.261153884253344,125.28929493806802,274.869726288389,0.00344015382327,4.962704098360656,4.9627040983604545,1811.3869959015658,74564.82225740781,6213.735188117317
7.153657511866419,125.3185983731099,38.61756338142857,0.0010162562884047,4.962704098360656,4.9627040983604545,1811.3869959015658,10475.914493869224,872.9928744891021
7.247659090723876,125.68231478913415,61.67460371868274,0.0016584268934523,4.962704098360656,4.9627040983604545,1811.3869959015658,16730.67429497382,1394.222857914485
7.010518445474551,125.46359051960732,270.16164373344463,0.0039138653874871,4.962704098360656,4.9627040983604545,1811.3869959015658,73287.64508834298,6107.303757361915
6.989121946916073,125.55553842481136,65.64001609436082,0.0017079059427401,5.225479234972678,5.225479234972666,1907.2999207650232,18749.232776969395,1562.4360647474496
7.067702733494752,125.43278332708476,499.7350210085824,0.0026425544647347,4.962704098360656,4.9627040983604545,1811.3869959015658,135564.77652330295,11297.064710275246
7.337558175584392,125.27655665227763,152.45941267703455,0.0039820379932422,4.962704098360656,4.9627040983604545,1811.3869959015658,41358.17050948938,3446.5142091241146
7.438764170165981,125.4601058782456,46.82475006944004,0.0015699549251295,4.962704098360656,4.9627040983604545,1811.3869959015658,12702.305245911786,1058.5254371593155
7.116450361682446,125.64554430859496,70.35424750719224,0.0017445209104274,4.962704098360656,4.9627040983604545,1811.3869959015658,19085.230051575396,1590.435837631283
7.505618901593797,125.3417299479654,166.89018722077623,0.0031457297320727,4.962704098360656,4.9627040983604545,1811.3869959015658,45272.854579723695,3772.7378816436412
7.138078809926943,125.56368352009206,49.37071072132306,0.001068475897799,4.962704098360656,4.9627040983604545,1811.3869959015658,13392.956435642427,1116.0797029702023
7.112294779889702,125.63172489604392,66.96920756581623,0.0017012454413258,4.962704098360656,4.9627040983604545,1811.3869959015658,18166.95904017231,1513.9132533476925
7.007231275349632,125.6203978216964,22.98765503856812,0.0006802228246805,4.962704098360656,4.9627040983604545,1811.3869959015658,6235.937421013258,519.6614517511049
7.203691304244712,125.29429375688632,283.14378232074347,0.0056272739246538,4.962704098360656,4.9627040983604545,1811.3869959015658,76809.35287826289,6400.779406521907
7.050130083196125,125.62719917367124,103.8165472633034,0.0035700411407258,4.962704098360656,4.9627040983604545,1811.3869959015658,28162.6590843409,2346.888257028408
7.105439692902703,125.6374543808571,50.3181700834881,0.0008912127744366,4.962704098360656,4.9627040983604545,1811.3869959015658,13649.976879071803,1137.4980732559836
7.1853404310773685,125.43461621398608,139.8114173012296,0.0039868215375847,4.962704098360656,4.9627040983604545,1811.3869959015658,37927.106856739454,3160.592238061621
7.404638049176181,125.42774345987266,73.35406427475853,0.0010229822571124,4.962704098360656,4.9627040983604545,1811.3869959015658,19899.000295024067,1658.250024585339
7.282116482647299,125.49349185837048,315.03239565895984,0.0129664323355993,4.962704098360656,4.9627040983604545,1811.3869959015658,85459.88277730526,7121.656898108772
7.539758758134891,125.51330420804416,171.54842391278294,0.0040636003717417,4.962704098360656,4.9627040983604545,1811.3869959015658,46536.50989623531,3878.0424913529423
7.350113904228457,125.5270248351817,38.85449127988193,0.0011112185035263,4.962704098360656,4.9627040983604545,1811.3869959015658,10540.186710655516,878.3488925546263
7.362046592185782,125.42531807060134,79.77004861406348,0.0019322676369757,4.962704098360656,4.9627040983604545,1811.3869959015658,21639.485645399283,1803.2904704499404
7.448344105319862,125.43032924072624,228.469823808251,0.0045471871856744,4.962704098360656,4.9627040983604545,1811.3869959015658,61977.766826055646,5164.813902171304
7.071867077241071,125.5769735198755,205.37971093511095,0.0094908284323736,4.962704098360656,4.9627040983604545,1811.3869959015658,55714.03532845602,4642.836277371335
7.12335083565358,125.44733050177206,191.98082878768508,0.0018086471050899,4.962704098360656,4.9627040983604545,1811.3869959015658,52079.27613084784,4339.939677570653
7.406355516834624,125.33948414734736,29.79329351723079,0.0008531444080999,4.962704098360656,4.9627040983604545,1811.3869959015658,8082.125542062416,673.5104618385346
7.478052944323711,125.42612374367276,228.469823808251,0.0045471871856744,4.962704098360656,4.9627040983604545,1811.3869959015658,61977.766826055646,5164.813902171304
7.129897166816001,125.33480838621938,62.69087027861875,0.0016296842964133,4.962704098360656,4.9627040983604545,1811.3869959015658,17006.360295142033,1417.1966912618361
7.212175922721216,125.26236118345945,378.368650394622,0.0074835146090126,4.962704098360656,4.9627040983604545,1811.3869959015658,102641.31865453103,8553.443221210919
7.060054049385217,125.34789803246176,21.97482359879272,0.0002990066762903,4.962704098360656,4.9627040983604545,1811.3869959015658,5961.183277283618,496.76527310696815
7.024808914152571,125.56873736130238,65.64001609436082,0.0017079059427401,4.962704098360656,4.9627040983604545,1811.3869959015658,17806.38486143882,1483.8654051199017
7.099842210112927,125.63292495115562,2331.0804992140997,0.0770316931218419,4.962704098360656,4.9627040983604545,1811.3869959015658,632359.9380647803,52696.66150539836
7.122903909278765,125.56060613656491,10.357499693799664,0.0002824069747098,4.962704098360656,4.9627040983604545,1811.3869959015658,2809.7132926491777,234.14277438743147
7.0287137315463,125.46194885382072,113.77998589030638,0.002546527831853,4.962704098360656,4.9627040983604545,1811.3869959015658,30865.474124494158,2572.1228437078466
7.509427845819283,125.41515276303969,37.28312676679267,0.0010967076645023,4.962704098360656,4.9627040983604545,1811.3869959015658,10113.917447749616,842.8264539791347
7.129630380303844,125.33504046821989,62.69087027861875,0.0016296842964133,4.962704098360656,4.9627040983604545,1811.3869959015658,17006.360295142033,1417.1966912618361
7.133766849879313,125.60535040822003,677.4198494120149,0.0283674109965725,4.962704098360656,4.9627040983604545,1811.3869959015658,183765.9292171404,15313.827434761699
7.334926614013339,125.5254072626681,23.930240363970917,0.0006000876494233,4.962704098360656,4.9627040983604545,1811.3869959015658,6491.635668325369,540.9696390271141
7.410883752899331,125.31427491322442,102.15393176861092,0.0038075740712204,4.962704098360656,4.9627040983604545,1811.3869959015658,27711.635865021042,2309.3029887517537
6.995485888343806,125.54240505251929,1298.408296993438,0.0328806676847116,5.225479234972678,5.225479234972666,1907.2999207650232,370873.7573263606,30906.146443863385
7.126994553503964,125.59766111806664,250.88524873884137,0.0068532405893513,4.962704098360656,4.9627040983604545,1811.3869959015658,68058.47348787307,5671.539457322756
7.412509914283836,125.27612651767647,38.62350193055752,0.0006851580696904,4.962704098360656,4.9627040983604545,1811.3869959015658,10477.52546378667,873.1271219822224
7.206971022712613,125.59834014164642,70.32328908323106,0.0021494168910091,4.962704098360656,4.9627040983604545,1811.3869959015658,19076.83185723364,1589.7359881028033
7.487734667826963,125.22895497210315,680.6074546616775,0.0164765387869029,4.962704098360656,4.9627040983604545,1811.3869959015658,184630.641464929,15385.886788744085
7.176439526655121,125.31643523210144,320.7440734088234,0.0043956536445001,4.962704098360656,4.9627040983604545,1811.3869959015658,87009.30854332555,7250.775711943796
7.0211387163105705,125.51889319908432,1298.408296993438,0.0328806676847116,4.962704098360656,4.9627040983604545,1811.3869959015658,352223.52490460104,29351.960408716754
7.1584790419678335,125.6572147769065,1920.919563171316,0.0742317887095624,4.962704098360656,4.9627040983604545,1811.3869959015658,521094.22064315935,43424.51838692994
7.29730303539988,125.5386623072742,175.60734854683304,0.0054618666789565,4.962704098360656,4.9627040983604545,1811.3869959015658,47637.58784316287,3969.7989869302396
7.201049162037496,125.46742655032271,2037.142742285387,0.1552719190381993,4.962704098360656,4.9627040983604545,1811.3869959015658,552622.4678963297,46051.872324694144
7.530137910198165,125.3770334378716,25.99833176436132,0.0008135076350871,4.962704098360656,4.9627040983604545,1811.3869959015658,7052.653681347264,587.721140112272
7.508086944435476,125.2827153078565,93.1395190719976,0.001944669001499,4.962704098360656,4.9627040983604545,1811.3869959015658,25266.266236454976,2105.522186371248
7.421071216181034,125.339927526924,30.28266257507573,0.0008292944778063,4.962704098360656,4.9627040983604545,1811.3869959015658,8214.878309379535,684.5731924482947
7.504957563299587,125.30981195643938,40.82090922287595,0.0010739480498257,4.962704098360656,4.9627040983604545,1811.3869959015658,11073.62342768884,922.8019523074034
7.164518562529355,125.3938499843076,109.94008691454457,0.0028422620467397,4.962704098360656,4.9627040983604545,1811.3869959015658,29823.811994290416,2485.317666190868
7.238834891367119,125.46219708509555,95.12410277889737,0.0031778966003624,4.962704098360656,4.9627040983604545,1811.3869959015658,25804.63084050988,2150.385903375823
7.045331242313292,125.5451855826171,323.59515983205256,0.0185849897807369,4.962704098360656,4.9627040983604545,1811.3869959015658,87782.73221300077,7315.227684416731
7.535445196853456,125.42654990373651,17.414719677638455,0.000471773646644,4.962704098360656,4.9627040983604545,1811.3869959015658,4724.148762979089,393.67906358159075
7.532852885078407,125.53438481635506,47.88488142371404,0.0014659747501712,4.962704098360656,4.9627040983604545,1811.3869959015658,12989.890594317922,1082.4908828598268
7.4917817381940095,125.50237339952407,57.04972193593237,0.0021498680114511,4.962704098360656,4.9627040983604545,1811.3869959015658,15476.067275317937,1289.6722729431615
7.185389170665468,125.32439524715132,320.7440734088234,0.0043956536445001,4.962704098360656,4.9627040983604545,1811.3869959015658,87009.30854332555,7250.775711943796
7.265079459064628,125.48518768958466,315.03239565895984,0.0129664323355993,4.962704098360656,4.9627040983604545,1811.3869959015658,85459.88277730526,7121.656898108772
6.994398541156246,125.4339251035033,19.3534929177454,0.0004764168102079,5.225479234972678,5.225479234972666,1907.2999207650232,5528.078226559286,460.67318554660716
7.137729519070998,125.43641124401424,74.80318717157584,0.0020103758919551,4.962704098360656,4.9627040983604545,1811.3869959015658,20292.1086692688,1691.0090557724
7.036212882961831,125.38205764585162,22.1380307270586,0.0006126838026447,4.962704098360656,4.9627040983604545,1811.3869959015658,6005.4570162457585,500.4547513538132
7.360904338434185,125.32986866343504,218.55275063508228,0.0062253102455691,4.962704098360656,4.9627040983604545,1811.3869959015658,59287.529496335315,4940.627458027943
7.277207511777525,125.43748261145991,227.32068153255776,0.0060061551898153,4.962704098360656,4.9627040983604545,1811.3869959015658,61666.03518979084,5138.836265815903
7.301515859254543,125.2975884440632,92.4217315423895,0.0023325394660791,4.962704098360656,4.9627040983604545,1811.3869959015658,25071.549632751383,2089.295802729282
7.058418242107235,125.50822024754508,13.649618791786652,0.0003702842942946,4.962704098360656,4.9627040983604545,1811.3869959015658,3702.7773586935687,308.56477989113074
7.512480381000852,125.29179805330202,90.52395806752692,0.0022854193721122,4.962704098360656,4.9627040983604545,1811.3869959015658,24556.734328247883,2046.3945273539903
7.365664372012102,125.3669342619568,97.92496444384426,0.0026986321395664,4.962704098360656,4.9627040983604545,1811.3869959015658,26564.429873435154,2213.7024894529295
7.501321925795733,125.5181939713492,15.155319606913787,0.0005300067317209,4.962704098360656,4.9627040983604545,1811.3869959015658,4111.233812479223,342.6028177066019
7.24817001499247,125.51744661363196,13.604560598458598,0.0003733882921213,4.962704098360656,4.9627040983604545,1811.3869959015658,3690.5542731536884,307.54618942947405
7.202421485655932,125.4063475481814,85.29946059922263,0.002466339233625,4.962704098360656,4.9627040983604545,1811.3869959015658,23139.467572942634,1928.2889644118861
7.04020696004383,125.41825443390069,33.92666536693495,0.0010001357426947,4.962704098360656,4.9627040983604545,1811.3869959015658,9203.399032085106,766.9499193404255
7.20918699743378,125.4209235522332,56.31316116891539,0.0010526946143401,4.962704098360656,4.9627040983604545,1811.3869959015658,15276.257993240879,1273.02149943674
7.171802922509151,125.59768252189592,23.686192339680368,0.0006345446647891,4.962704098360656,4.9627040983604545,1811.3869959015658,6425.43195138928,535.4526626157733
7.191438810714768,125.5046676089532,775.9952459077712,0.0482102721338979,4.962704098360656,4.9627040983604545,1811.3869959015658,210506.80395045967,17542.233662538307
7.297803497949123,125.51057630337353,54.133861822500336,0.0009399961604467,4.962704098360656,4.9627040983604545,1811.3869959015658,14685.07223187903,1223.7560193232525
7.405671027384163,125.43603339187496,73.35406427475853,0.0010229822571124,4.962704098360656,4.9627040983604545,1811.3869959015658,19899.000295024067,1658.250024585339
7.009140414199459,125.42781938356336,454.0878349061666,0.0291597484541713,4.962704098360656,4.9627040983604545,1811.3869959015658,123181.91296012403,10265.159413343668
7.114289452269126,125.41598455860937,96.50175996759496,0.0020032916878427,4.962704098360656,4.9627040983604545,1811.3869959015658,26178.352475096515,2181.5293729247096
7.373819862112072,125.36974528894694,11.564326124135269,0.0003316352506741,4.962704098360656,4.9627040983604545,1811.3869959015658,3137.093100853678,261.42442507113986
7.21078807298054,125.61074544319932,1904.193789601532,0.0579416983390479,4.962704098360656,4.9627040983604545,1811.3869959015658,516556.964575752,43046.413714646
7.334909958449282,125.38473625986816,81.30777061325696,0.0023047116322638,4.962704098360656,4.9627040983604545,1811.3869959015658,22056.628591985067,1838.0523826654223
7.206411402782994,125.46525370685872,67.39948295459313,0.0023040973967441,4.962704098360656,4.9627040983604545,1811.3869959015658,18283.68127189682,1523.6401059914017
7.312142889261056,125.40700317512496,55.26810042691003,0.0019784055283883,4.962704098360656,4.9627040983604545,1811.3869959015658,14992.760899806635,1249.396741650553
7.425798479002772,125.38780876521764,48.59890258313088,0.0015324012820986,4.962704098360656,4.9627040983604545,1811.3869959015658,13183.585482288543,1098.6321235240453
7.205743862419929,125.40015895371674,236.6253340630203,0.0074148148427658,4.962704098360656,4.9627040983604545,1811.3869959015658,64190.139140667394,5349.1782617222825
6.995734873207426,125.51349395113692,133.83919514728333,0.0038133544894408,5.225479234972678,5.225479234972666,1907.2999207650232,38229.45778823828,3185.7881490198565
7.284231724202474,125.53190189157982,57.93482121477092,0.00125247241654,4.962704098360656,4.9627040983604545,1811.3869959015658,15716.171092125735,1309.6809243438113
7.423425150491931,125.43486451167456,73.35406427475853,0.0010229822571124,4.962704098360656,4.9627040983604545,1811.3869959015658,19899.000295024067,1658.250024585339
7.168648250396028,125.39734857627154,109.94008691454457,0.0028422620467397,4.962704098360656,4.9627040983604545,1811.3869959015658,29823.811994290416,2485.317666190868
7.317068658746309,125.52060563795403,38.99859616707268,0.0012443882520765,4.962704098360656,4.9627040983604545,1811.3869959015658,10579.278521328506,881.6065434440421
7.0796572775225535,125.58817752839182,102.1365859757805,0.0029643881668928,4.962704098360656,4.9627040983604545,1811.3869959015658,27706.930414272505,2308.910867856042
7.058910139899695,125.4841129725719,39.44361103744032,0.0007396982919096,4.962704098360656,4.9627040983604545,1811.3869959015658,10699.999181107722,891.6665984256434
7.3875296629880545,125.4129111074886,26.342358265585588,0.0007377702247831,4.962704098360656,4.9627040983604545,1811.3869959015658,7145.9788913003995,595.4982409416999
7.202786402635123,125.45407042671934,116.36800151108812,0.0035493380996536,4.962704098360656,4.9627040983604545,1811.3869959015658,31567.533705113525,2630.6278087594605
7.573349314092253,125.47000242358406,78.81533502212338,0.0024542845998686,4.962704098360656,4.9627040983604545,1811.3869959015658,21380.497323000123,1781.7081102500103
7.4681295010162705,125.42111871128972,228.469823808251,0.0045471871856744,4.962704098360656,4.9627040983604545,1811.3869959015658,61977.766826055646,5164.813902171304
7.141856006189153,125.29813472365574,38.61756338142857,0.0010162562884047,4.962704098360656,4.9627040983604545,1811.3869959015658,10475.914493869224,872.9928744891021
7.024949199571041,125.37973875621316,117.77483059295014,0.0024869388802586,4.962704098360656,4.9627040983604545,1811.3869959015658,31949.168895907635,2662.430741325636
7.081098864644465,125.45825889364204,203.69090327320265,0.0111288626367082,4.962704098360656,4.9627040983604545,1811.3869959015658,55255.90687306904,4604.6589060890865
7.079690712328588,125.5217491746262,111.17721551728386,0.0014532946023478,4.962704098360656,4.9627040983604545,1811.3869959015658,30159.41197330021,2513.284331108351
7.5645135119152735,125.53328573044374,7.887337573146314,0.0001321521532973,4.962704098360656,4.9627040983604545,1811.3869959015658,2139.6242218715092,178.30201848929244
6.977907415587297,125.45254346077066,382.791754396372,0.0154851611431154,5.225479234972678,5.225479234972666,1907.2999207650232,109339.57874057659,9111.631561714716
7.318891379124953,125.49306189182973,88.39126889263116,0.0021399350978635,4.962704098360656,4.9627040983604545,1811.3869959015658,23978.192662696998,1998.1827218914166
7.439949391975386,125.51493152635328,16.170153829500634,0.0004301305260398,4.962704098360656,4.9627040983604545,1811.3869959015658,4386.5312577443665,365.5442714786972
7.357914214746932,125.4544778479238,181.765845776919,0.0078582138041912,4.962704098360656,4.9627040983604545,1811.3869959015658,49308.22381146265,4109.018650955221
7.061654524692969,125.40977837734788,18.035296290100035,0.00084270116429,4.962704098360656,4.9627040983604545,1811.3869959015658,4892.494638787735,407.7078865656446
7.176581903518909,125.56426226926322,23.488957423884685,0.0006408338498444,4.962704098360656,4.9627040983604545,1811.3869959015658,6371.927381650561,530.9939484708801
7.008024858622333,125.50593775953918,286.97217631645185,0.0054606144997162,4.962704098360656,4.9627040983604545,1811.3869959015658,77847.89401437118,6487.324501197599
7.227437281877444,125.32391155434873,299.9972938276951,0.0076708839496766,4.962704098360656,4.9627040983604545,1811.3869959015658,81381.26083952936,6781.771736627447
7.22109116463837,125.5577400238722,51.580593375642906,0.0018453718648153,4.962704098360656,4.9627040983604545,1811.3869959015658,13992.438632369336,1166.0365526974447
7.175072090515781,125.28450104924572,28.838542454246475,0.0007669869483314,4.962704098360656,4.9627040983604545,1811.3869959015658,7823.127054768825,651.9272545640687
7.169324161148599,125.32951772679613,320.7440734088234,0.0043956536445001,4.962704098360656,4.9627040983604545,1811.3869959015658,87009.30854332555,7250.775711943796
7.029187325521868,125.3207170178076,21.97482359879272,0.0002990066762903,4.962704098360656,4.9627040983604545,1811.3869959015658,5961.183277283618,496.76527310696815
7.167166517104093,125.25846462023443,28.838542454246475,0.0007669869483314,4.962704098360656,4.9627040983604545,1811.3869959015658,7823.127054768825,651.9272545640687
7.186495555604759,125.4710379376832,51.14722466293502,0.0004354897639912,4.962704098360656,4.9627040983604545,1811.3869959015658,13874.877264403038,1156.2397720335864
6.98441468943329,125.46583770502808,82.8325660050715,0.0011567144908285,5.225479234972678,5.225479234972666,1907.2999207650232,23660.06521555669,1971.6721012963908
7.322236682873632,125.52864765272868,42.36727105650237,0.0013625945522288,4.962704098360656,4.9627040983604545,1811.3869959015658,11493.110130815317,957.7591775679431
7.324691471213665,125.54418515542297,55.69622903966384,0.0010524034421263,4.962704098360656,4.9627040983604545,1811.3869959015658,15108.900768479569,1259.075064039964
7.183656148652021,125.42761170909996,154.49319768793535,0.0039607807162253,4.962704098360656,4.9627040983604545,1811.3869959015658,41909.88211445707,3492.4901762047557
7.281045844270265,125.32619096061632,195.62911899438225,0.0043532795620098,4.962704098360656,4.9627040983604545,1811.3869959015658,53068.959914795734,4422.413326232978
7.16942978855232,125.23008691868614,26.520992778625683,0.0010748259005004,4.962704098360656,4.9627040983604545,1811.3869959015658,7194.437668095261,599.5364723412717
7.026830582122735,125.54270127888704,348.0730394552036,0.0100767608870732,4.962704098360656,4.9627040983604545,1811.3869959015658,94422.92779941292,7868.577316617743
7.477062655089404,125.4083658109192,228.469823808251,0.0045471871856744,4.962704098360656,4.9627040983604545,1811.3869959015658,61977.766826055646,5164.813902171304
7.12791251495164,125.42170745415048,161.79815889159175,0.003825485724204,4.962704098360656,4.9627040983604545,1811.3869959015658,43891.5231671222,3657.6269305935166
7.364273962054045,125.50948470977386,86.11160804087407,0.0026358843240371,4.962704098360656,4.9627040983604545,1811.3869959015658,23359.781502931462,1946.6484585776218
7.165232035547549,125.51607022496984,755.0738282664358,0.0479957751168589,4.962704098360656,4.9627040983604545,1811.3869959015658,204831.38160088295,17069.28180007358
7.5716738023742,125.50624451619632,20.0428417666968,0.0005516681694458,4.962704098360656,4.9627040983604545,1811.3869959015658,5437.088158261196,453.0906798550997
7.298604343286431,125.3902744440737,39.98330632701681,0.0011061111952605,4.962704098360656,4.9627040983604545,1811.3869959015658,10846.40411221392,903.86700935116
7.162238154085785,125.55129161488348,160.15790141908525,0.0038014402603671,4.962704098360656,4.9627040983604545,1811.3869959015658,43446.565082631256,3620.5470902192715
7.486986883061405,125.44667513966915,16.810209271145602,0.0004638677170399,4.962704098360656,4.9627040983604545,1811.3869959015658,4560.16122014725,380.0134350122708
7.436820172559169,125.53729734621072,62.52779021983938,0.0018243713216968,4.962704098360656,4.9627040983604545,1811.3869959015658,16962.121026740922,1413.5100855617436
7.380700929273006,125.38512761381524,69.94672365429042,0.0024107489329402,4.962704098360656,4.9627040983604545,1811.3869959015658,18974.679704443326,1581.2233087036104
7.342432196115316,125.35202006369089,46.409893411108925,0.0015865331853093,4.962704098360656,4.9627040983604545,1811.3869959015658,12589.765704331616,1049.1471420276346
7.286666370084099,125.4190848199324,27.142462515253115,0.0013001489651395,4.962704098360656,4.9627040983604545,1811.3869959015658,7363.02582465843,613.5854853882025
7.066013056841503,125.37770728986088,19.43185672893101,0.0005236894219914,4.962704098360656,4.9627040983604545,1811.3869959015658,5271.3442207307935,439.2786850608995
7.425905326211613,125.33340556921672,30.28266257507573,0.0008292944778063,4.962704098360656,4.9627040983604545,1811.3869959015658,8214.878309379535,684.5731924482947
7.4088855433115315,125.49283749696497,147.39336014086877,0.00295803244657,4.962704098360656,4.9627040983604545,1811.3869959015658,39983.885636408944,3331.9904697007455
7.415302483952232,125.52643587669284,32.8540695906716,0.0008085380424263,4.962704098360656,4.9627040983604545,1811.3869959015658,8912.432418587585,742.7027015489654
7.343738997501888,125.48067894738917,68.09468526102405,0.001275439408004,4.962704098360656,4.9627040983604545,1811.3869959015658,18472.27110720511,1539.3559256004257
7.458920082937327,125.40110201763366,228.469823808251,0.0045471871856744,4.962704098360656,4.9627040983604545,1811.3869959015658,61977.766826055646,5164.813902171304
7.366720329439442,125.2747571974962,507.5370546192472,0.0094401453687909,4.962704098360656,4.9627040983604545,1811.3869959015658,137681.26005636094,11473.438338030079
7.313505393693123,125.35581753384488,18.515486281068863,0.0005108238059179,4.962704098360656,4.9627040983604545,1811.3869959015658,5022.757370190941,418.56311418257843
7.546762423317738,125.39252596286184,20.60223821544115,0.0007272460230216,4.962704098360656,4.9627040983604545,1811.3869959015658,5588.8374881538775,465.73645734615644
7.0703462038595175,125.38871059735274,170.3466013005303,0.0045480820101322,4.962704098360656,4.9627040983604545,1811.3869959015658,46210.487490357365,3850.8739575297805
7.213440270277003,125.49402971495728,171.0762639781715,0.0065932354817523,4.962704098360656,4.9627040983604545,1811.3869959015658,46408.425504851904,3867.368792070992
7.323122423183331,125.26358508040204,69.58041270433492,0.0016482590098712,4.962704098360656,4.9627040983604545,1811.3869959015658,18875.309318176354,1572.942443181363
7.068715808282663,125.47554452962646,39.41273353700829,0.00074883892586,4.962704098360656,4.9627040983604545,1811.3869959015658,10691.622939160105,890.968578263342
7.324757181881935,125.50422080016476,38.64999470009249,0.0010704742551455,4.962704098360656,4.9627040983604545,1811.3869959015658,10484.712245241857,873.7260204368214
7.191079849777877,125.58861857068104,53.57796780659214,0.0013676381064395,4.962704098360656,4.9627040983604545,1811.3869959015658,14534.273018557657,1211.189418213138
6.973839391193809,125.48675337084867,330.35538115279536,0.0103218751064929,5.225479234972678,5.225479234972666,1907.2999207650232,94361.79801440256,7863.483167866881
7.084020647271387,125.61120739340804,386.8185103833175,0.0040760348571963,4.962704098360656,4.9627040983604545,1811.3869959015658,104933.54019767765,8744.461683139803
7.454083314704308,125.3492000941704,50.83952734804379,0.0023875135666405,4.962704098360656,4.9627040983604545,1811.3869959015658,13791.407193312434,1149.2839327760362
7.364926802656065,125.36955655959224,97.92496444384426,0.0026986321395664,4.962704098360656,4.9627040983604545,1811.3869959015658,26564.429873435154,2213.7024894529295
6.991640311414313,125.50427255693482,132.13617067359334,0.0024300857611937,5.225479234972678,5.225479234972666,1907.2999207650232,37743.010584505304,3145.2508820421085
7.21044733207715,125.57007257394746,50.7002604369919,0.0015241609759643,4.962704098360656,4.9627040983604545,1811.3869959015658,13753.627796471814,1146.1356497059844
7.299563351084879,125.50471253818304,54.133861822500336,0.0009399961604467,4.962704098360656,4.9627040983604545,1811.3869959015658,14685.07223187903,1223.7560193232525
7.25142090356633,125.6445161990137,1410.2512459017028,0.0487902590322854,4.962704098360656,4.9627040983604545,1811.3869959015658,382563.5325827816,31880.294381898468
6.991187450357088,125.6068233535851,93.6977182187686,0.0019350231111333,5.225479234972678,5.225479234972666,1907.2999207650232,26763.557264049836,2230.2964386708195
7.269766412065815,125.37934902696507,393.24563518197226,0.0197651312452814,4.962704098360656,4.9627040983604545,1811.3869959015658,106677.0476574081,8889.753971450675
7.29540758747559,125.26577094555456,6.771728371212082,0.000219406184551,4.962704098360656,4.9627040983604545,1811.3869959015658,1836.9892137379545,153.08243447816287
7.119295416312964,125.5052104261874,83.68762256128107,0.0017136462872816,4.962704098360656,4.9627040983604545,1811.3869959015658,22702.218922719352,1891.8515768932793
7.540635986325685,125.51116365253957,171.54842391278294,0.0040636003717417,4.962704098360656,4.9627040983604545,1811.3869959015658,46536.50989623531,3878.0424913529423
7.036684232477386,125.31827002637712,21.97482359879272,0.0002990066762903,4.962704098360656,4.9627040983604545,1811.3869959015658,5961.183277283618,496.76527310696815
7.362792662642394,125.29725464027165,507.5370546192472,0.0094401453687909,4.962704098360656,4.9627040983604545,1811.3869959015658,137681.26005636094,11473.438338030079
7.4359482382736,125.2668445759828,87.86633358194885,0.0026789291589205,4.962704098360656,4.9627040983604545,1811.3869959015658,23835.791720016987,1986.3159766680822
7.08443530922395,125.53421400496968,74.9903340483521,0.0012896009761405,4.962704098360656,4.9627040983604545,1811.3869959015658,20342.876623205673,1695.2397186004728
7.167838770169774,125.40076131333257,109.94008691454457,0.0028422620467397,4.962704098360656,4.9627040983604545,1811.3869959015658,29823.811994290416,2485.317666190868
7.145685704714188,125.46219439927684,113.45791321400164,0.0039616617654486,4.962704098360656,4.9627040983604545,1811.3869959015658,30778.104401436936,2564.842033453078
7.235122279732087,125.3946338163173,58.23637211871947,0.0015755738173704,4.962704098360656,4.9627040983604545,1811.3869959015658,15797.973805935308,1316.4978171612756
7.204886697120096,125.2775731056234,283.14378232074347,0.0056272739246538,4.962704098360656,4.9627040983604545,1811.3869959015658,76809.35287826289,6400.779406521907
7.047386002878588,125.62848220951464,59.02467470723451,0.0016288841843895,4.962704098360656,4.9627040983604545,1811.3869959015658,16011.819263532218,1334.3182719610181
7.220354800680719,125.49769042926891,269.3098167267639,0.0099494232189463,4.962704098360656,4.9627040983604545,1811.3869959015658,73056.56715115113,6088.047262595927
6.996372822154739,125.34868820437768,41.97783797054488,0.0012318626912616,5.225479234972678,5.225479234972666,1907.2999207650232,11990.433616777662,999.2028013981385
7.482509301967561,125.39829116307824,228.469823808251,0.0045471871856744,4.962704098360656,4.9627040983604545,1811.3869959015658,61977.766826055646,5164.813902171304
7.41598637604331,125.42238971899188,73.35406427475853,0.0010229822571124,4.962704098360656,4.9627040983604545,1811.3869959015658,19899.000295024067,1658.250024585339
7.097199570904646,125.53669158674026,213.09522208621536,0.010002151118681,4.962704098360656,4.9627040983604545,1811.3869959015658,57807.04762695683,4817.253968913069
7.30037864657151,125.3631909981076,52.9109452417794,0.0011169366202018,4.962704098360656,4.9627040983604545,1811.3869959015658,14353.327595216419,1196.1106329347015
7.091434275187703,125.59883648065288,54.35820511855523,0.0023327906878045,4.962704098360656,4.9627040983604545,1811.3869959015658,14745.930581835779,1228.827548486315
7.44778249719607,125.52098012639648,16.170153829500634,0.0004301305260398,4.962704098360656,4.9627040983604545,1811.3869959015658,4386.5312577443665,365.5442714786972
7.132614301129115,125.57522479553784,247.8018430490065,0.0120486643165914,4.962704098360656,4.9627040983604545,1811.3869959015658,67222.02780025742,5601.835650021451
7.169353238820044,125.304457393058,31.336103192170786,0.0008628706317332,4.962704098360656,4.9627040983604545,1811.3869959015658,8500.648639321269,708.3873866101058
7.3289286649348355,125.44772666441575,37.75918800885428,0.0008789238508497,4.962704098360656,4.9627040983604545,1811.3869959015658,10243.060159743738,853.5883466453115
7.127368207913718,125.54187551487092,235.64702161224653,0.0018632714948785,4.962704098360656,4.9627040983604545,1811.3869959015658,63924.74907756667,5327.0624231305555
7.1741035774903,125.4472643366024,125.46220052706444,0.0035966307743845,4.962704098360656,4.9627040983604545,1811.3869959015658,34034.54723314501,2836.2122694287505
7.122578806482014,125.38039887579444,297.8620938962958,0.0150401490245329,4.962704098360656,4.9627040983604545,1811.3869959015658,80802.03807273484,6733.503172727903
6.996679951838505,125.49187782857886,134.29253664935453,0.0039700897677522,5.225479234972678,5.225479234972666,1907.2999207650232,38358.949001914625,3196.5790834928853
7.325296716670109,125.5252176664076,346.68059714432894,0.0103937876839465,4.962704098360656,4.9627040983604545,1811.3869959015658,94045.19535569838,7837.099612974865
7.051915943289703,125.37944832901856,41.49012457509043,0.0010834427352919,4.962704098360656,4.9627040983604545,1811.3869959015658,11255.163695740941,937.9303079784117
7.301365507948409,125.54329650048004,70.4705048983811,0.0017285953320614,4.962704098360656,4.9627040983604545,1811.3869959015658,19116.767579651558,1593.063964970963
7.404439309427603,125.40114099521472,75.94976107977344,0.0033305286645456,4.962704098360656,4.9627040983604545,1811.3869959015658,20603.14357596506,1716.9286313304217
7.379644504512219,125.32784668931842,33.457912034176864,0.0008916528932125,4.962704098360656,4.9627040983604545,1811.3869959015658,9076.238760884478,756.3532300737065
7.254267679670088,125.36968729382372,80.97256003620116,0.0021338515039921,4.962704098360656,4.9627040983604545,1811.3869959015658,21965.694907019177,1830.4745755849315
7.154070707659979,125.62585797197492,294.6849856473639,0.0049667823036044,4.962704098360656,4.9627040983604545,1811.3869959015658,79940.1733811478,6661.68111509565
7.388564674044743,125.43367230168892,44.80700399409231,0.0014365355221414,4.962704098360656,4.9627040983604545,1811.3869959015658,12154.9445761848,1012.9120480154
7.230561868601351,125.280164652391,147.36915610097228,0.0041348951143569,4.962704098360656,4.9627040983604545,1811.3869959015658,39977.31972623338,3331.443310519448
7.395831663733184,125.3659858485425,67.5218791562901,0.001735200963627,4.962704098360656,4.9627040983604545,1811.3869959015658,18316.884095458925,1526.4070079549103
7.05769059785018,125.55876983462258,162.55122924743762,0.0057172648391598,4.962704098360656,4.9627040983604545,1811.3869959015658,44095.811060115026,3674.650921676252
7.419285824844028,125.41999355101647,75.94976107977344,0.0033305286645456,4.962704098360656,4.9627040983604545,1811.3869959015658,20603.14357596506,1716.9286313304217
7.01784302403061,125.58471257429674,93.6977182187686,0.0019350231111333,4.962704098360656,4.9627040983604545,1811.3869959015658,25417.690770270492,2118.140897522541
7.452364041168942,125.38031859904432,206.4786654020648,0.004351716451699,4.962704098360656,4.9627040983604545,1811.3869959015658,56012.15235139591,4667.679362616326
7.433461551544395,125.48544101112026,36.36747155246184,0.0010628202874733,4.962704098360656,4.9627040983604545,1811.3869959015658,9865.524620981878,822.1270517484899
7.063689682085976,125.31019526969791,21.97482359879272,0.0002990066762903,4.962704098360656,4.9627040983604545,1811.3869959015658,5961.183277283618,496.76527310696815
7.248064718918586,125.49880784415215,74.57875061072244,0.0018514117144636,4.962704098360656,4.9627040983604545,1811.3869959015658,20231.225019060843,1685.9354182550703
7.474605731050855,125.4913120732585,36.67297216199619,0.000994205546197,4.962704098360656,4.9627040983604545,1811.3869959015658,9948.398784524934,829.0332320437445
7.227356466620527,125.66444460074636,376.9834691138741,0.0048061147460519,4.962704098360656,4.9627040983604545,1811.3869959015658,102265.55593454023,8522.129661211686
7.08404736267453,125.56191431984108,45.5439336407906,0.0017824675029191,4.962704098360656,4.9627040983604545,1811.3869959015658,12354.8539254764,1029.5711604563667
6.970373741311215,125.47396449783513,68.66294220891794,0.0016559518974505,5.225479234972678,5.225479234972666,1907.2999207650232,19612.69303736809,1634.391086447341
7.310451702065516,125.4591920809984,56.08452478935031,0.0019519272714678,4.962704098360656,4.9627040983604545,1811.3869959015658,15214.235044282284,1267.852920356857
7.167385114774851,125.6599452963276,2374.583999961785,0.0253614278538614,4.962704098360656,4.9627040983604545,1811.3869959015658,644161.2769922357,53680.10641601964
7.239698872645238,125.34173859123456,290.6467041018037,0.0062750665158749,4.962704098360656,4.9627040983604545,1811.3869959015658,78844.69535329782,6570.3912794414855
7.187999353964159,125.54848899405802,17.493628536079378,0.0005404962510884,4.962704098360656,4.9627040983604545,1811.3869959015658,4745.554630710077,395.4628858925064
7.217859068168928,125.2498663908771,378.368650394622,0.0074835146090126,4.962704098360656,4.9627040983604545,1811.3869959015658,102641.31865453103,8553.443221210919
7.167279133881627,125.34257120716688,27.684261208840432,0.0007860074475366,4.962704098360656,4.9627040983604545,1811.3869959015658,7510.0013531465975,625.8334460955498
7.384181865322803,125.29574678617698,129.44751138576504,0.0024197388345345,4.962704098360656,4.9627040983604545,1811.3869959015658,35115.65572709296,2926.3046439244135
7.132158128444121,125.47016555949864,74.79145069424477,0.0020418553732113,4.962704098360656,4.9627040983604545,1811.3869959015658,20288.9248761391,1690.7437396782582
7.276264982006637,125.48322587530444,315.03239565895984,0.0129664323355993,4.962704098360656,4.9627040983604545,1811.3869959015658,85459.88277730526,7121.656898108772
7.179607064415344,125.39710770859168,55.08812325455278,0.0016417449421049,4.962704098360656,4.9627040983604545,1811.3869959015658,14943.93789536587,1245.328157947156
7.217556057541587,125.50847375282012,269.3098167267639,0.0099494232189463,4.962704098360656,4.9627040983604545,1811.3869959015658,73056.56715115113,6088.047262595927
6.982535425074496,125.47838493202468,68.66294220891794,0.0016559518974505,5.225479234972678,5.225479234972666,1907.2999207650232,19612.69303736809,1634.391086447341
7.361134520505405,125.30087551492018,765.5640457552189,0.0221613031792798,4.962704098360656,4.9627040983604545,1811.3869959015658,207677.09768993664,17306.42480749472
7.467481147899071,125.46423325978442,23.96900733570437,0.000667177089744,4.962704098360656,4.9627040983604545,1811.3869959015658,6502.152113318404,541.8460094432004
7.346892872576097,125.53352667532003,95.8709697433034,0.0030457003366014,4.962704098360656,4.9627040983604545,1811.3869959015658,26007.235918933246,2167.2696599111036
7.000552341635757,125.60859548842252,93.6977182187686,0.0019350231111333,4.962704098360656,4.9627040983604545,1811.3869959015658,25417.690770270492,2118.140897522541
7.421046192578346,125.54894306569676,15.822173320783294,0.000387124554435,4.962704098360656,4.9627040983604545,1811.3869959015658,4292.133431065094,357.6777859220911
7.083300632162918,125.34956119881906,139.7205226249763,0.0042264208249389,4.962704098360656,4.9627040983604545,1811.3869959015658,37902.44955645946,3158.5374630382885
7.084918894073867,125.32015626047465,109.35345841366784,0.0031308914511179,4.962704098360656,4.9627040983604545,1811.3869959015658,29664.675335300515,2472.0562779417096
7.044310422530153,125.46879929583464,1298.3938613148196,0.0019302064194135,4.962704098360656,4.9627040983604545,1811.3869959015658,352219.60889018624,29351.634074182188
7.024466887284455,125.53378718142278,230.24811737393017,0.0071345313789306,4.962704098360656,4.9627040983604545,1811.3869959015658,62460.17041933911,5205.014201611592
7.100459043876023,125.36290985296714,51.29621093499542,0.0013608147908754,4.962704098360656,4.9627040983604545,1811.3869959015658,13915.293264538761,1159.6077720448968
7.199058677469742,125.3119633795978,95.89604120293568,0.0017573702376873,4.962704098360656,4.9627040983604545,1811.3869959015658,26014.037136937342,2167.836428078112
7.464149074129247,125.50815868423835,30.465006984971744,0.0007663220008181,4.962704098360656,4.9627040983604545,1811.3869959015658,8264.3434821984,688.6952901832
7.362830620891409,125.39244374340058,29.391433718371,0.0005063406157912,4.962704098360656,4.9627040983604545,1811.3869959015658,7973.111701655199,664.4259751379333
7.506079786949272,125.44878918415856,16.810209271145602,0.0004638677170399,4.962704098360656,4.9627040983604545,1811.3869959015658,4560.16122014725,380.0134350122708
7.144518778753415,125.49050590202545,733.1355992842255,0.047857136480177,4.962704098360656,4.9627040983604545,1811.3869959015658,198880.12546660588,16573.343788883823
7.084148361226389,125.63920907309266,33.01914479452608,0.0007546894804249,4.962704098360656,4.9627040983604545,1811.3869959015658,8957.21291661013,746.4344097175108
7.290056137006278,125.47408888197576,111.59096461573871,0.0016298848461594,4.962704098360656,4.9627040983604545,1811.3869959015658,30271.651063439516,2522.63758861996
6.987948328329492,125.47547718092612,82.8325660050715,0.0011567144908285,5.225479234972678,5.225479234972666,1907.2999207650232,23660.06521555669,1971.6721012963908
7.546059242452238,125.43259923226309,46.537748858327575,0.0017527741481453,4.962704098360656,4.9627040983604545,1811.3869959015658,12624.449475532005,1052.0374562943337
6.989308604167822,125.55894274356184,65.64001609436082,0.0017079059427401,5.225479234972678,5.225479234972666,1907.2999207650232,18749.232776969395,1562.4360647474496
6.970763938416607,125.47978315991084,68.66294220891794,0.0016559518974505,5.225479234972678,5.225479234972666,1907.2999207650232,19612.69303736809,1634.391086447341
6.991669889784122,125.4873346946401,596.3671614331256,0.0055775297920002,5.225479234972678,5.225479234972666,1907.2999207650232,170344.66771269977,14195.388976058313
7.364739514558202,125.37124661795164,97.92496444384426,0.0026986321395664,4.962704098360656,4.9627040983604545,1811.3869959015658,26564.429873435154,2213.7024894529295
7.188628128572252,125.65542740602127,687.2167891232356,0.0310579612150286,4.962704098360656,4.9627040983604545,1811.3869959015658,186423.57754421473,15535.29812868456
7.382827185409826,125.40579616316454,42.317058526643365,0.0007800875490966,4.962704098360656,4.9627040983604545,1811.3869959015658,11479.488811310299,956.6240676091916
7.436755900589151,125.51118484206752,16.170153829500634,0.0004301305260398,4.962704098360656,4.9627040983604545,1811.3869959015658,4386.5312577443665,365.5442714786972
7.01199002220301,125.5622624067268,65.64001609436082,0.0017079059427401,4.962704098360656,4.9627040983604545,1811.3869959015658,17806.38486143882,1483.8654051199017
7.0320282445337,125.60003293828817,52.11117179254636,0.0017904736179436,4.962704098360656,4.9627040983604545,1811.3869959015658,14136.370399189353,1178.0308665991126
7.077831775187137,125.49301407522496,346.5307139743167,0.0102097843654671,4.962704098360656,4.9627040983604545,1811.3869959015658,94004.5360510807,7833.711337590058
7.12970799997062,125.39426992057466,205.1405983752912,0.0056001776982733,4.962704098360656,4.9627040983604545,1811.3869959015658,55649.17047133542,4637.430872611285
7.050043061240747,125.61514938815574,41.93983534952473,0.0013209499989257,4.962704098360656,4.9627040983604545,1811.3869959015658,11377.158228990314,948.0965190825262
7.007678530493143,125.54710512705944,348.0730394552036,0.0100767608870732,4.962704098360656,4.9627040983604545,1811.3869959015658,94422.92779941292,7868.577316617743
7.384735576888397,125.436439940965,44.80700399409231,0.0014365355221414,4.962704098360656,4.9627040983604545,1811.3869959015658,12154.9445761848,1012.9120480154
7.250112427107815,125.4724151583283,95.12410277889737,0.0031778966003624,4.962704098360656,4.9627040983604545,1811.3869959015658,25804.63084050988,2150.385903375823
7.4674780974510195,125.25240712228424,143.41008999076496,0.0024190961992156,4.962704098360656,4.9627040983604545,1811.3869959015658,38903.33073225006,3241.944227687505
7.212516183934125,125.27821947563882,283.14378232074347,0.0056272739246538,4.962704098360656,4.9627040983604545,1811.3869959015658,76809.35287826289,6400.779406521907
7.138119801899109,125.4031132651283,730.0302196763832,0.0271560235821088,4.962704098360656,4.9627040983604545,1811.3869959015658,198037.71884137572,16503.14323678131
7.357658715361393,125.41063548359608,36.74070851671803,0.000941387546809,4.962704098360656,4.9627040983604545,1811.3869959015658,9966.773850118369,830.5644875098641
7.068270746291378,125.36693420226436,36.99745728818641,0.0010034805693411,4.962704098360656,4.9627040983604545,1811.3869959015658,10036.422940863493,836.368578405291
7.168636570929559,125.43753000253226,65.265909807132,0.0017382879641686,4.962704098360656,4.9627040983604545,1811.3869959015658,17704.89980817643,1475.4083173480358
7.560480310288621,125.40601924802831,24.21271178177608,0.0006614466258043,4.962704098360656,4.9627040983604545,1811.3869959015658,6568.262626651589,547.3552188876324
7.183089630968579,125.56804167111588,107.96452712238744,0.0010706140463193,4.962704098360656,4.9627040983604545,1811.3869959015658,29287.89533751562,2440.6579447929685
7.234724102455841,125.68186948882874,61.67460371868274,0.0016584268934523,4.962704098360656,4.9627040983604545,1811.3869959015658,16730.67429497382,1394.222857914485
7.233162074027001,125.35034256431284,626.4591831032208,0.0147191442853099,4.962704098360656,4.9627040983604545,1811.3869959015658,169941.66025618708,14161.805021348924
7.531506740593745,125.3190487393652,19.090012169702057,0.000475428299997,4.962704098360656,4.9627040983604545,1811.3869959015658,5178.610913419148,431.5509094515957
7.383616009222768,125.39081168649228,69.94672365429042,0.0024107489329402,4.962704098360656,4.9627040983604545,1811.3869959015658,18974.679704443326,1581.2233087036104
7.541960271926128,125.40418007027078,27.15941956024919,0.0007781089972311,4.962704098360656,4.9627040983604545,1811.3869959015658,7367.62581849266,613.9688182077217
7.273370462372054,125.52567945023662,48.94474323429765,0.0013781331855356,4.962704098360656,4.9627040983604545,1811.3869959015658,13277.402822713222,1106.4502352261018
7.141375635904061,125.47984678238362,173.0950954691603,0.0027890802238961,4.962704098360656,4.9627040983604545,1811.3869959015658,46956.080618879634,3913.0067182399694
7.304925001215016,125.36822414333588,52.9109452417794,0.0011169366202018,4.962704098360656,4.9627040983604545,1811.3869959015658,14353.327595216419,1196.1106329347015
7.265888787566297,125.38056787112076,393.24563518197226,0.0197651312452814,4.962704098360656,4.9627040983604545,1811.3869959015658,106677.0476574081,8889.753971450675
7.040709633565482,125.34435880897696,37.64164548447054,0.000933481272049,4.962704098360656,4.9627040983604545,1811.3869959015658,10211.174009323646,850.9311674436372
7.205860432128711,125.4520985495876,116.36800151108812,0.0035493380996536,4.962704098360656,4.9627040983604545,1811.3869959015658,31567.533705113525,2630.6278087594605
7.047969637774826,125.55735210222198,78.35662937335067,0.0031556130598031,4.962704098360656,4.9627040983604545,1811.3869959015658,21256.062720357415,1771.3385600297845
7.382273419270295,125.3500246472379,36.94326946917393,0.0008701475668533,4.962704098360656,4.9627040983604545,1811.3869959015658,10021.723231485737,835.1436026238115
7.456449722854963,125.44735251900956,40.587195528924525,0.0010071933441667,4.962704098360656,4.9627040983604545,1811.3869959015658,11010.223138817719,917.5185949014766
7.015627328915628,125.30593856185796,41.97783797054488,0.0012318626912616,4.962704098360656,4.9627040983604545,1811.3869959015658,11387.467326030379,948.9556105025316
7.465178935831652,125.29885621867884,40.274048422546194,0.0011034858289112,4.962704098360656,4.9627040983604545,1811.3869959015658,10925.274684716143,910.4395570596786
7.502082265797973,125.36061710829996,166.89018722077623,0.0031457297320727,4.962704098360656,4.9627040983604545,1811.3869959015658,45272.854579723695,3772.7378816436412
7.490682366854976,125.47477194956188,36.36744261645025,0.0012179079123288,4.962704098360656,4.9627040983604545,1811.3869959015658,9865.516771414048,822.1263976178374
7.050979645044964,125.48058919448108,1313.237517722896,0.029090038150274,4.962704098360656,4.9627040983604545,1811.3869959015658,356246.2967930839,29687.191399423657
7.183902407751173,125.42180802799072,27.587301819686868,0.0008048977545373,4.962704098360656,4.9627040983604545,1811.3869959015658,7483.698858084493,623.641571507041
7.202359544424207,125.38847591458229,119.60281164433825,0.003589026207338,4.962704098360656,4.9627040983604545,1811.3869959015658,32445.051378228203,2703.754281519017
7.469154926928216,125.27469417917564,485.9863886496265,0.0119483903931263,4.962704098360656,4.9627040983604545,1811.3869959015658,131835.13942586427,10986.261618822022
7.039705159944334,125.4810902106295,251.96543187960648,0.0054936811462557,4.962704098360656,4.9627040983604545,1811.3869959015658,68351.49835090252,5695.9581959085435
7.435810089836969,125.3212296408038,30.28266257507573,0.0008292944778063,4.962704098360656,4.9627040983604545,1811.3869959015658,8214.878309379535,684.5731924482947
7.163695841551454,125.40459580584952,109.94008691454457,0.0028422620467397,4.962704098360656,4.9627040983604545,1811.3869959015658,29823.811994290416,2485.317666190868
7.121705222763539,125.47530744764826,166.2664283155095,0.0064981217914402,4.962704098360656,4.9627040983604545,1811.3869959015658,45103.6454327917,3758.6371193993086
7.290982289779293,125.3716909663368,49.59516889693918,0.001312071810144,4.962704098360656,4.9627040983604545,1811.3869959015658,13453.845949358745,1121.1538291132288
6.965095132565466,125.47757636933063,3456.0086739320827,0.0523542216339048,5.225479234972678,5.225479234972666,1907.2999207650232,987164.7656762953,82263.73047302461
7.093578028389681,125.5001538079984,129.06138016808907,0.0006362341707106,4.962704098360656,4.9627040983604545,1811.3869959015658,35010.908631067425,2917.575719255619
7.3427087028084,125.26323009242408,152.45941267703455,0.0039820379932422,4.962704098360656,4.9627040983604545,1811.3869959015658,41358.17050948938,3446.5142091241146
7.49898166778285,125.5332633999252,85.08443703405864,0.003566724709536,4.962704098360656,4.9627040983604545,1811.3869959015658,23081.13741729361,1923.4281181078006
7.526307485139132,125.31643392402776,90.52395806752692,0.0022854193721122,4.962704098360656,4.9627040983604545,1811.3869959015658,24556.734328247883,2046.3945273539903
7.018909927680124,125.43891952954552,112.57953315383249,0.0017846286299671,4.962704098360656,4.9627040983604545,1811.3869959015658,30539.82332936192,2544.985277446827
7.278667117005956,125.35320001719224,97.53500742968475,0.0019866644148867,4.962704098360656,4.9627040983604545,1811.3869959015658,26458.64494090925,2204.887078409104
7.0775039143551615,125.57669497144116,263.35371497450814,0.0064222865457437,4.962704098360656,4.9627040983604545,1811.3869959015658,71440.8356753682,5953.4029729473505
7.55963482277718,125.50505521182666,19.10587699420732,0.0005237981170445,4.962704098360656,4.9627040983604545,1811.3869959015658,5182.914616978482,431.9095514148735
7.043387568079465,125.5607442584441,20.953287817923307,0.0004997554520254,4.962704098360656,4.9627040983604545,1811.3869959015658,5684.067878077402,473.67232317311687
7.188600147503348,125.26052559191729,95.89604120293568,0.0017573702376873,4.962704098360656,4.9627040983604545,1811.3869959015658,26014.037136937342,2167.836428078112
7.056292406216689,125.56000149898566,162.55122924743762,0.0057172648391598,4.962704098360656,4.9627040983604545,1811.3869959015658,44095.811060115026,3674.650921676252
7.19618191541524,125.52562064400873,90.65665668591278,0.0024906667368245,4.962704098360656,4.9627040983604545,1811.3869959015658,24592.731922553205,2049.3943268794337
7.273953462954003,125.44429375967051,227.32068153255776,0.0060061551898153,4.962704098360656,4.9627040983604545,1811.3869959015658,61666.03518979084,5138.836265815903
7.160287398679361,125.33266220829276,43.24198674267351,0.0011809492922472,4.962704098360656,4.9627040983604545,1811.3869959015658,11730.397156002979,977.5330963335815
7.3480253279198,125.41825273455154,197.47863461585573,0.0065081518194205,4.962704098360656,4.9627040983604545,1811.3869959015658,53570.68415136291,4464.223679280242
7.38046922998576,125.27203086739908,63.70412972015328,0.0020155016218876,4.962704098360656,4.9627040983604545,1811.3869959015658,17281.230544328344,1440.1025453606953
7.328051852918437,125.44881355849977,269.46215497143623,0.0062008048649811,4.962704098360656,4.9627040983604545,1811.3869959015658,73097.89245201412,6091.491037667843
7.073261006192807,125.31964745824293,21.97482359879272,0.0002990066762903,4.962704098360656,4.9627040983604545,1811.3869959015658,5961.183277283618,496.76527310696815
7.484952453231133,125.3026417505179,39.90270824959279,0.0011127783579826,4.962704098360656,4.9627040983604545,1811.3869959015658,10824.54000444708,902.0450003705901
7.255575091387041,125.38711949685774,68.6218456503959,0.0020547770542951,4.962704098360656,4.9627040983604545,1811.3869959015658,18615.27565436072,1551.2729711967268
7.294890096434981,125.40334527744764,60.62219109103389,0.0020091543919951,4.962704098360656,4.9627040983604545,1811.3869959015658,16445.1828311385,1370.431902594875
7.134575157160681,125.44786958039218,74.80318717157584,0.0020103758919551,4.962704098360656,4.9627040983604545,1811.3869959015658,20292.1086692688,1691.0090557724
7.546251251652101,125.42121019451652,27.15941956024919,0.0007781089972311,4.962704098360656,4.9627040983604545,1811.3869959015658,7367.62581849266,613.9688182077217
7.551479924943732,125.45878133480136,75.39725970040838,0.0014108436119272,4.962704098360656,4.9627040983604545,1811.3869959015658,20453.264694410438,1704.4387245342032
7.455621343272893,125.4814343524384,36.67297216199619,0.000994205546197,4.962704098360656,4.9627040983604545,1811.3869959015658,9948.398784524934,829.0332320437445
7.469649893641054,125.35839919673194,29.06669669094895,0.0008752358425764,4.962704098360656,4.9627040983604545,1811.3869959015658,7885.019211234049,657.0849342695041
7.02644805756086,125.58315956378456,93.6977182187686,0.0019350231111333,4.962704098360656,4.9627040983604545,1811.3869959015658,25417.690770270492,2118.140897522541
7.282481545747867,125.37693736697368,34.408133958172385,0.0009392982805123,4.962704098360656,4.9627040983604545,1811.3869959015658,9334.008613623664,777.8340511353053
6.971832511404888,125.53497346829164,133.83919514728333,0.0038133544894408,5.225479234972678,5.225479234972666,1907.2999207650232,38229.45778823828,3185.7881490198565
7.431962274834136,125.45813232514128,46.82475006944004,0.0015699549251295,4.962704098360656,4.9627040983604545,1811.3869959015658,12702.305245911786,1058.5254371593155
7.244489089020171,125.30786544010238,347.36713180964165,0.0050386734571464,4.962704098360656,4.9627040983604545,1811.3869959015658,94231.43389125423,7852.619490937853
7.434021417248378,125.4729948280294,46.82475006944004,0.0015699549251295,4.962704098360656,4.9627040983604545,1811.3869959015658,12702.305245911786,1058.5254371593155
7.335333519214097,125.5156738259865,67.85125984699093,0.0012319539714931,4.962704098360656,4.9627040983604545,1811.3869959015658,18406.236287818443,1533.8530239848703
7.310349186967099,125.50688188564573,87.93350956838533,0.0024332199177502,4.962704098360656,4.9627040983604545,1811.3869959015658,23854.01477264719,1987.834564387266
7.409812074671103,125.24606267984308,34.022922963141454,0.0009965316724591,4.962704098360656,4.9627040983604545,1811.3869959015658,9229.51114944696,769.12592912058
6.969002842896321,125.3915269403034,74.96183299757944,0.0020549618489192,5.225479234972678,5.225479234972666,1907.2999207650232,21411.89079294982,1784.3242327458183
7.1847323275297965,125.24596616764823,26.520992778625683,0.0010748259005004,4.962704098360656,4.9627040983604545,1811.3869959015658,7194.437668095261,599.5364723412717
7.064606559356096,125.43921892301807,499.7350210085824,0.0026425544647347,4.962704098360656,4.9627040983604545,1811.3869959015658,135564.77652330295,11297.064710275246
7.105751384344724,125.30839441014824,64.61935644368404,0.001273050682087,4.962704098360656,4.9627040983604545,1811.3869959015658,17529.50713297565,1460.792261081304
7.068174896156433,125.401250556458,170.3466013005303,0.0045480820101322,4.962704098360656,4.9627040983604545,1811.3869959015658,46210.487490357365,3850.8739575297805
6.985793349669196,125.40525056780156,109.92553461111756,0.0032578490887547,5.225479234972678,5.225479234972666,1907.2999207650232,31398.82588684668,2616.56882390389
7.490586753559027,125.46099253165764,16.810209271145602,0.0004638677170399,4.962704098360656,4.9627040983604545,1811.3869959015658,4560.16122014725,380.0134350122708
7.13034946821646,125.27958835788972,38.61756338142857,0.0010162562884047,4.962704098360656,4.9627040983604545,1811.3869959015658,10475.914493869224,872.9928744891021
7.20535899048356,125.67155804651478,3086.6743371485272,0.1147502116684067,4.962704098360656,4.9627040983604545,1811.3869959015658,837332.3844129147,69777.69870107622
7.154557634687584,125.48175122982684,102.67735595748684,0.0023521507462835,4.962704098360656,4.9627040983604545,1811.3869959015658,27853.626880676988,2321.135573389749
6.991701166881296,125.4727158561509,82.8325660050715,0.0011567144908285,5.225479234972678,5.225479234972666,1907.2999207650232,23660.06521555669,1971.6721012963908
7.099872685682783,125.3606717713491,51.29621093499542,0.0013608147908754,4.962704098360656,4.9627040983604545,1811.3869959015658,13915.293264538761,1159.6077720448968
7.553523292631103,125.54519727729912,24.421564356677763,0.0007704837661788,4.962704098360656,4.9627040983604545,1811.3869959015658,6624.918757306032,552.076563108836
7.165089448979636,125.3610599260024,109.81427272425384,0.0027764207609984,4.962704098360656,4.9627040983604545,1811.3869959015658,29789.681961626713,2482.4734968022262
7.146638071000083,125.65596623113932,102.35365757955834,0.0027633097522924,4.962704098360656,4.9627040983604545,1811.3869959015658,27765.816148148642,2313.81801234572
7.242025214808373,125.27529429616938,147.36915610097228,0.0041348951143569,4.962704098360656,4.9627040983604545,1811.3869959015658,39977.31972623338,3331.443310519448
7.5303556100543,125.35944163915738,25.99833176436132,0.0008135076350871,4.962704098360656,4.9627040983604545,1811.3869959015658,7052.653681347264,587.721140112272
7.5732647390913135,125.52939629573676,12.78623504042829,0.0005578813121591,4.962704098360656,4.9627040983604545,1811.3869959015658,3468.564385045005,289.0470320870838
7.189591272889125,125.2538785598577,26.520992778625683,0.0010748259005004,4.962704098360656,4.9627040983604545,1811.3869959015658,7194.437668095261,599.5364723412717
7.194587321950438,125.22628856267887,26.520992778625683,0.0010748259005004,4.962704098360656,4.9627040983604545,1811.3869959015658,7194.437668095261,599.5364723412717
7.506363610459977,125.34158752936403,166.89018722077623,0.0031457297320727,4.962704098360656,4.9627040983604545,1811.3869959015658,45272.854579723695,3772.7378816436412
7.469803177773913,125.29456080497177,40.274048422546194,0.0011034858289112,4.962704098360656,4.9627040983604545,1811.3869959015658,10925.274684716143,910.4395570596786
7.201357469653869,125.4835123028188,311.565726138216,0.0094511576357874,4.962704098360656,4.9627040983604545,1811.3869959015658,84519.46783918206,7043.288986598505
7.241625499975117,125.51397972676064,13.604560598458598,0.0003733882921213,4.962704098360656,4.9627040983604545,1811.3869959015658,3690.5542731536884,307.54618942947405
7.544556538684583,125.39558576682884,20.60223821544115,0.0007272460230216,4.962704098360656,4.9627040983604545,1811.3869959015658,5588.8374881538775,465.73645734615644
7.533012355200845,125.5131223665091,171.54842391278294,0.0040636003717417,4.962704098360656,4.9627040983604545,1811.3869959015658,46536.50989623531,3878.0424913529423
7.413326157215751,125.36112672553784,30.20928597221454,0.0011084615417594,4.962704098360656,4.9627040983604545,1811.3869959015658,8194.973194967422,682.9144329139518
7.345959506059081,125.41156620792572,197.47863461585573,0.0065081518194205,4.962704098360656,4.9627040983604545,1811.3869959015658,53570.68415136291,4464.223679280242
7.328982388870071,125.46344541058345,416.6134930799418,0.0126004589591306,4.962704098360656,4.9627040983604545,1811.3869959015658,113016.12396903631,9418.010330753026
6.998552500493936,125.5910142707982,93.6977182187686,0.0019350231111333,5.225479234972678,5.225479234972666,1907.2999207650232,26763.557264049836,2230.2964386708195
7.538602519983495,125.37233089092668,25.99833176436132,0.0008135076350871,4.962704098360656,4.9627040983604545,1811.3869959015658,7052.653681347264,587.721140112272
7.225958577078757,125.53792968434828,44.19467523902272,0.001029210720398,4.962704098360656,4.9627040983604545,1811.3869959015658,11988.83612400495,999.0696770004125
7.481679543698929,125.41098760501647,228.469823808251,0.0045471871856744,4.962704098360656,4.9627040983604545,1811.3869959015658,61977.766826055646,5164.813902171304
7.401065732646151,125.35848983300323,30.20928597221454,0.0011084615417594,4.962704098360656,4.9627040983604545,1811.3869959015658,8194.973194967422,682.9144329139518
7.438129320076607,125.37100999702852,206.4786654020648,0.004351716451699,4.962704098360656,4.9627040983604545,1811.3869959015658,56012.15235139591,4667.679362616326
6.992083497275679,125.41774746647366,79.05302884012234,0.0015453894503075,5.225479234972678,5.225479234972666,1907.2999207650232,22580.488665895748,1881.7073888246457
7.412193771470111,125.4616493751916,100.2659098210938,0.0037804248399335,4.962704098360656,4.9627040983604545,1811.3869959015658,27199.46588968154,2266.622157473462
7.572815990083511,125.45591685947949,57.625129721717386,0.0015471314375884,4.962704098360656,4.9627040983604545,1811.3869959015658,15632.16005371134,1302.680004475945
7.198465108957645,125.49222292391818,66.49436147047601,0.0010568109349209,4.962704098360656,4.9627040983604545,1811.3869959015658,18038.14596505934,1503.1788304216116
7.414022034889086,125.37449721972352,48.722733038741154,0.0012407010405213,4.962704098360656,4.9627040983604545,1811.3869959015658,13217.177380666419,1101.4314483888681
7.121128215659505,125.55054992830196,10.357499693799664,0.0002824069747098,4.962704098360656,4.9627040983604545,1811.3869959015658,2809.7132926491777,234.14277438743147
7.206299901479285,125.24817994516458,17.580052938865563,0.000486361873664,4.962704098360656,4.9627040983604545,1811.3869959015658,4768.9992650809545,397.4166054234129
7.411085262682,125.36968889535076,48.722733038741154,0.0012407010405213,4.962704098360656,4.9627040983604545,1811.3869959015658,13217.177380666419,1101.4314483888681
7.100706750744578,125.61076175239644,324.25771095934374,0.0073184637402259,4.962704098360656,4.9627040983604545,1811.3869959015658,87962.46465465598,7330.205387887999
6.982588244912296,125.47093298881934,82.8325660050715,0.0011567144908285,5.225479234972678,5.225479234972666,1907.2999207650232,23660.06521555669,1971.6721012963908
7.451038079160022,125.32034970689288,23.00391309220601,0.000537544082519,4.962704098360656,4.9627040983604545,1811.3869959015658,6240.347797143543,520.0289830952953
7.314153207718262,125.2858816905554,15.134142288459191,0.0004875024616092,4.962704098360656,4.9627040983604545,1811.3869959015658,4105.488971067336,342.124080922278
7.600263632063232,125.42032407006724,13.512882178045585,0.0003509703663441,4.962704098360656,4.9627040983604545,1811.3869959015658,3665.6843639961994,305.4736969996833
7.563702295897831,125.53128557896808,7.887337573146314,0.0001321521532973,4.962704098360656,4.9627040983604545,1811.3869959015658,2139.6242218715092,178.30201848929244
7.249089899495521,125.28730245512278,359.0068693872487,0.0066737312555985,4.962704098360656,4.9627040983604545,1811.3869959015658,97388.98410719377,8115.7486755994805
7.195164304762219,125.587656956869,53.57796780659214,0.0013676381064395,4.962704098360656,4.9627040983604545,1811.3869959015658,14534.273018557657,1211.189418213138
7.288603397449823,125.52094469277569,31.719489310787694,0.0007510960881695,4.962704098360656,4.9627040983604545,1811.3869959015658,8604.651063220925,717.0542552684104
7.217063886926647,125.6661875791172,87.59502868576436,0.0014105874920126,4.962704098360656,4.9627040983604545,1811.3869959015658,23762.193941044647,1980.1828284203873
7.299581184595437,125.44204264985768,219.1900597179561,0.0078794056393475,4.962704098360656,4.9627040983604545,1811.3869959015658,59460.41444488604,4955.034537073837
7.508833085889746,125.43422154783364,37.28312676679267,0.0010967076645023,4.962704098360656,4.9627040983604545,1811.3869959015658,10113.917447749616,842.8264539791347
7.3935228600389635,125.45609167069806,38.37723378154609,0.0010765871317287,4.962704098360656,4.9627040983604545,1811.3869959015658,10410.719486254493,867.5599571878744
7.195661513368368,125.3969854887304,513.6116033893229,0.0063907758707021,4.962704098360656,4.9627040983604545,1811.3869959015658,139329.12304749817,11610.76025395818
7.231496660512629,125.23280372260928,17.580052938865563,0.000486361873664,4.962704098360656,4.9627040983604545,1811.3869959015658,4768.9992650809545,397.4166054234129
7.1022304705532,125.41343975217318,194.79606697280204,0.0022835256664337,4.962704098360656,4.9627040983604545,1811.3869959015658,52842.97513007947,4403.581260839956
7.335657600464042,125.33620893556554,9.831483517251623,0.000312497333837,4.962704098360656,4.9627040983604545,1811.3869959015658,2667.01913990107,222.25159499175584
7.49552830514266,125.3699960464934,166.89018722077623,0.0031457297320727,4.962704098360656,4.9627040983604545,1811.3869959015658,45272.854579723695,3772.7378816436412
7.331438788269487,125.27101266457292,69.58041270433492,0.0016482590098712,4.962704098360656,4.9627040983604545,1811.3869959015658,18875.309318176354,1572.942443181363
7.299346517869817,125.29434993524326,92.4217315423895,0.0023325394660791,4.962704098360656,4.9627040983604545,1811.3869959015658,25071.549632751383,2089.295802729282
7.373436193093435,125.4825944334915,12.617740784528625,0.0004137681585127,4.962704098360656,4.9627040983604545,1811.3869959015658,3422.8563894348554,285.23803245290463
7.287156456707407,125.42258613053195,27.142462515253115,0.0013001489651395,4.962704098360656,4.9627040983604545,1811.3869959015658,7363.02582465843,613.5854853882025
7.256977201847729,125.30437740895889,347.36713180964165,0.0050386734571464,4.962704098360656,4.9627040983604545,1811.3869959015658,94231.43389125423,7852.619490937853
7.388918007325161,125.39649836988256,69.94672365429042,0.0024107489329402,4.962704098360656,4.9627040983604545,1811.3869959015658,18974.679704443326,1581.2233087036104
7.462457800812831,125.42613364216103,228.469823808251,0.0045471871856744,4.962704098360656,4.9627040983604545,1811.3869959015658,61977.766826055646,5164.813902171304
7.109362952356467,125.42189893285698,113.87990838826556,0.002264824527888,4.962704098360656,4.9627040983604545,1811.3869959015658,30892.580431909133,2574.3817026590946
7.495936877351772,125.47653845736934,99.38240101259254,0.0026737465823923,4.962704098360656,4.9627040983604545,1811.3869959015658,26959.793525036945,2246.6494604197455
7.5171156376602655,125.31165189301616,90.52395806752692,0.0022854193721122,4.962704098360656,4.9627040983604545,1811.3869959015658,24556.734328247883,2046.3945273539903
7.215538514494755,125.2448244202025,378.368650394622,0.0074835146090126,4.962704098360656,4.9627040983604545,1811.3869959015658,102641.31865453103,8553.443221210919
7.211611103263774,125.62842677816369,3379.23571303264,0.0966853277233407,4.962704098360656,4.9627040983604545,1811.3869959015658,916696.4791306204,76391.37326088503
7.054969838674642,125.50536766033058,449.19333102613,0.0084863702037007,4.962704098360656,4.9627040983604545,1811.3869959015658,121854.16465993394,10154.513721661162
7.24083281136471,125.53170065459838,35.34011868076304,0.000962601562874,4.962704098360656,4.9627040983604545,1811.3869959015658,9586.831200253959,798.9026000211633
7.112711109617803,125.37796610712832,105.91015786574744,0.0028932465578454,4.962704098360656,4.9627040983604545,1811.3869959015658,28730.599775938477,2394.2166479948733
7.21388286849125,125.61246313720883,1904.193789601532,0.0579416983390479,4.962704098360656,4.9627040983604545,1811.3869959015658,516556.964575752,43046.413714646
7.242355465524842,125.26165182331216,31.59146477905393,0.0007891559891741,4.962704098360656,4.9627040983604545,1811.3869959015658,8569.92142390335,714.1601186586125
7.2536168007708595,125.46108037761196,95.12410277889737,0.0031778966003624,4.962704098360656,4.9627040983604545,1811.3869959015658,25804.63084050988,2150.385903375823
7.374942152696656,125.47727280056203,31.25544713635405,0.0008450439951177,4.962704098360656,4.9627040983604545,1811.3869959015658,8478.768803563553,706.5640669636294
7.483572665262701,125.35563620096504,29.06669669094895,0.0008752358425764,4.962704098360656,4.9627040983604545,1811.3869959015658,7885.019211234049,657.0849342695041
7.129789773893455,125.62853854241432,59.67941360734604,0.0019093181107342,4.962704098360656,4.9627040983604545,1811.3869959015658,16189.432456411107,1349.1193713675923
7.546681959976275,125.42117697245286,27.15941956024919,0.0007781089972311,4.962704098360656,4.9627040983604545,1811.3869959015658,7367.62581849266,613.9688182077217
7.323507852617772,125.38442986443528,214.433436524103,0.0034569370887643,4.962704098360656,4.9627040983604545,1811.3869959015658,58170.06949571911,4847.505791309925
7.568162109329497,125.38614482139224,20.60223821544115,0.0007272460230216,4.962704098360656,4.9627040983604545,1811.3869959015658,5588.8374881538775,465.73645734615644
7.138881505427524,125.3397517371594,30.773929962237844,0.0010435316432225,4.962704098360656,4.9627040983604545,1811.3869959015658,8348.146042786348,695.6788368988623
7.201407949946431,125.5665302084462,504.2121978872391,0.0125979781820319,4.962704098360656,4.9627040983604545,1811.3869959015658,136779.31514376108,11398.27626198009
7.233975848920578,125.54566486089163,44.19467523902272,0.001029210720398,4.962704098360656,4.9627040983604545,1811.3869959015658,11988.83612400495,999.0696770004125
7.523712363140679,125.31374407922492,90.52395806752692,0.0022854193721122,4.962704098360656,4.9627040983604545,1811.3869959015658,24556.734328247883,2046.3945273539903
7.415257424158993,125.3142588066454,39.6753362739553,0.0009737653359757,4.962704098360656,4.9627040983604545,1811.3869959015658,10762.86005453533,896.9050045446107
7.147613669219878,125.5836842957756,7.328938532931394,0.0001900662701021,4.962704098360656,4.9627040983604545,1811.3869959015658,1988.1454622985189,165.67878852487658
7.101060036862296,125.4597504197424,192.60275471320963,0.005449106390217,4.962704098360656,4.9627040983604545,1811.3869959015658,52247.98803928609,4353.999003273841
7.583145852512641,125.39932767314684,20.60223821544115,0.0007272460230216,4.962704098360656,4.9627040983604545,1811.3869959015658,5588.8374881538775,465.73645734615644
7.111486163577569,125.47686495191442,55.38834302904074,0.0016405325501044,4.962704098360656,4.9627040983604545,1811.3869959015658,15025.37950927197,1252.1149591059975
7.224117681146723,125.30240924158144,123.28427531876702,0.0052458821547605,4.962704098360656,4.9627040983604545,1811.3869959015658,33443.73423878766,2786.9778532323053
7.433869729390632,125.52206299265674,16.170153829500634,0.0004301305260398,4.962704098360656,4.9627040983604545,1811.3869959015658,4386.5312577443665,365.5442714786972
7.525243818483098,125.33424137743891,19.090012169702057,0.000475428299997,4.962704098360656,4.9627040983604545,1811.3869959015658,5178.610913419148,431.5509094515957
7.132335855096659,125.39962572187568,313.7521052340176,0.0041598281359527,4.962704098360656,4.9627040983604545,1811.3869959015658,85112.57414764004,7092.714512303337
7.478586773338222,125.31117214688376,40.82090922287595,0.0010739480498257,4.962704098360656,4.9627040983604545,1811.3869959015658,11073.62342768884,922.8019523074034
7.270218119151265,125.3874502801487,125.78261062602778,0.004607693101914,4.962704098360656,4.9627040983604545,1811.3869959015658,34121.46594333288,2843.45549527774
7.40188368820152,125.32445702214882,24.77794238993984,0.0007016738827979,4.962704098360656,4.9627040983604545,1811.3869959015658,6721.594608318998,560.1328840265832
7.176695012743682,125.59217759674232,313.2680062430233,0.0174813471123334,4.962704098360656,4.9627040983604545,1811.3869959015658,84981.2510088357,7081.770917402974
7.338676511745299,125.28135193139369,152.45941267703455,0.0039820379932422,4.962704098360656,4.9627040983604545,1811.3869959015658,41358.17050948938,3446.5142091241146
7.119049434262149,125.55398851441488,10.357499693799664,0.0002824069747098,4.962704098360656,4.9627040983604545,1811.3869959015658,2809.7132926491777,234.14277438743147
7.163028407414933,125.48332592783972,102.67735595748684,0.0023521507462835,4.962704098360656,4.9627040983604545,1811.3869959015658,27853.626880676988,2321.135573389749
7.384498608031118,125.4833346320143,26.670044781796925,0.0006426191485609,4.962704098360656,4.9627040983604545,1811.3869959015658,7234.871499327419,602.9059582772849
7.331694920232596,125.52847806863264,56.02371982910877,0.0018215169519489,4.962704098360656,4.9627040983604545,1811.3869959015658,15197.740281057533,1266.4783567547945
7.120596186843971,125.36989218924025,32.49785229895129,0.0009576584253378,4.962704098360656,4.9627040983604545,1811.3869959015658,8815.800172465753,734.6500143721461
7.051430567785047,125.59661001474944,727.0428981309647,0.0249149573786812,4.962704098360656,4.9627040983604545,1811.3869959015658,197227.33821827956,16435.611518189962
7.076855980629455,125.6033608992287,17.614807723619823,0.0004671899765888,4.962704098360656,4.9627040983604545,1811.3869959015658,4778.427310805702,398.2022759004752
7.406486673919798,125.26081302595072,186.33075981275783,0.0022730677123354,4.962704098360656,4.9627040983604545,1811.3869959015658,50546.563181530444,4212.21359846087
7.175474442376323,125.50709006651986,239.82670457849136,0.0041713033004063,4.962704098360656,4.9627040983604545,1811.3869959015658,65058.58553776444,5421.548794813703
7.423105419279326,125.34264171029052,86.22709466379612,0.0030568570708976,4.962704098360656,4.9627040983604545,1811.3869959015658,23391.109942143634,1949.2591618453027
7.168757482347739,125.57315079373404,172.17919443889522,0.0038717149846783,4.962704098360656,4.9627040983604545,1811.3869959015658,46707.62110880816,3892.3017590673467
7.130835640802627,125.63783272530368,43.34759185255302,0.0004710262832384,4.962704098360656,4.9627040983604545,1811.3869959015658,11759.045004399995,979.9204170333329
7.1359263325217,125.26894340369942,38.61756338142857,0.0010162562884047,4.962704098360656,4.9627040983604545,1811.3869959015658,10475.914493869224,872.9928744891021
7.142224414837229,125.46083991135336,113.45791321400164,0.0039616617654486,4.962704098360656,4.9627040983604545,1811.3869959015658,30778.104401436936,2564.842033453078
7.4129879055117,125.32070486181588,442.48778437671024,0.016459018536462,4.962704098360656,4.9627040983604545,1811.3869959015658,120035.12878135868,10002.927398446556
7.501705422611785,125.47993429693496,99.38240101259254,0.0026737465823923,4.962704098360656,4.9627040983604545,1811.3869959015658,26959.793525036945,2246.6494604197455
7.270249418647022,125.4963560045718,315.03239565895984,0.0129664323355993,4.962704098360656,4.9627040983604545,1811.3869959015658,85459.88277730526,7121.656898108772
7.470723257025068,125.3428912732478,36.708438962483136,0.0010315722554633,4.962704098360656,4.9627040983604545,1811.3869959015658,9958.019981118892,829.8349984265743
7.113557472782112,125.31201190819787,45.49366738038527,0.0013387935050536,4.962704098360656,4.9627040983604545,1811.3869959015658,12341.21803030788,1028.43483585899
6.981491865746625,125.51152769621096,32.85513668180215,0.0008671202870562,5.225479234972678,5.225479234972666,1907.2999207650232,9384.650434587205,782.0542028822671
7.280974216805746,125.27862515914764,245.1014509897109,0.0046835111354882,4.962704098360656,4.9627040983604545,1811.3869959015658,66489.48349046525,5540.790290872104
7.407162202765482,125.49996602217792,98.29889052970908,0.0037228226013281,4.962704098360656,4.9627040983604545,1811.3869959015658,26665.866042875896,2222.155503572991
7.010451090346495,125.34291705851714,117.77483059295014,0.0024869388802586,4.962704098360656,4.9627040983604545,1811.3869959015658,31949.168895907635,2662.430741325636
7.036564565357943,125.4775108136309,122.915945769248,0.0032449093231736,4.962704098360656,4.9627040983604545,1811.3869959015658,33343.816260322405,2778.651355026867
7.461083064984695,125.52847964874512,34.71188915012901,0.0008369283001014,4.962704098360656,4.9627040983604545,1811.3869959015658,9416.409291951719,784.7007743293099
7.416427261977876,125.37557898943652,48.722733038741154,0.0012407010405213,4.962704098360656,4.9627040983604545,1811.3869959015658,13217.177380666419,1101.4314483888681
7.189873394934635,125.24627290349,26.520992778625683,0.0010748259005004,4.962704098360656,4.9627040983604545,1811.3869959015658,7194.437668095261,599.5364723412717
7.098693181301525,125.36053018428642,51.29621093499542,0.0013608147908754,4.962704098360656,4.9627040983604545,1811.3869959015658,13915.293264538761,1159.6077720448968
7.547834606775323,125.4744163526847,44.149906401714304,0.0018259960486083,4.962704098360656,4.9627040983604545,1811.3869959015658,11976.691533032168,998.0576277526807
7.382260383541926,125.40149548643286,29.391433718371,0.0005063406157912,4.962704098360656,4.9627040983604545,1811.3869959015658,7973.111701655199,664.4259751379333
7.004306667308975,125.4977179303512,161.20656287632315,0.005209224873454,4.962704098360656,4.9627040983604545,1811.3869959015658,43731.03895402843,3644.2532461690357
7.361309826470763,125.38975622710464,29.391433718371,0.0005063406157912,4.962704098360656,4.9627040983604545,1811.3869959015658,7973.111701655199,664.4259751379333
7.494636414764233,125.51437482707924,10.59549072097224,0.0002471440343141,4.962704098360656,4.9627040983604545,1811.3869959015658,2874.2739078890036,239.52282565741697
7.191472033692029,125.46172145663375,291.5514754450647,0.0092265899650849,4.962704098360656,4.9627040983604545,1811.3869959015658,79090.13567626402,6590.844639688668
7.52353957769549,125.4146748876336,50.65071576658682,0.0013275875089244,4.962704098360656,4.9627040983604545,1811.3869959015658,13740.187649415819,1145.0156374513183
7.234340385312943,125.66351034466092,1199.780506464696,0.038514204557247,4.962704098360656,4.9627040983604545,1811.3869959015658,325468.43706818856,27122.36975568238
7.212325114479815,125.53011022619025,298.0492493960961,0.003288152682521,4.962704098360656,4.9627040983604545,1811.3869959015658,80852.80836586804,6737.734030489003
7.082080605687787,125.62311733987605,649.6991155398573,0.01546100209352,4.962704098360656,4.9627040983604545,1811.3869959015658,176246.03380365396,14687.16948363783
7.242271556393693,125.30631043620389,347.36713180964165,0.0050386734571464,4.962704098360656,4.9627040983604545,1811.3869959015658,94231.43389125423,7852.619490937853
7.3182226057011714,125.35958017838568,18.515486281068863,0.0005108238059179,4.962704098360656,4.9627040983604545,1811.3869959015658,5022.757370190941,418.56311418257843
7.154763343668088,125.51631685280452,721.0095413958759,0.0278041856942369,4.962704098360656,4.9627040983604545,1811.3869959015658,195590.64952708688,16299.220793923907
7.104864794034663,125.32057325899672,64.61935644368404,0.001273050682087,4.962704098360656,4.9627040983604545,1811.3869959015658,17529.50713297565,1460.792261081304
7.360803897990178,125.32061998288884,218.55275063508228,0.0062253102455691,4.962704098360656,4.9627040983604545,1811.3869959015658,59287.529496335315,4940.627458027943
7.1918180564334175,125.29801720891848,95.89604120293568,0.0017573702376873,4.962704098360656,4.9627040983604545,1811.3869959015658,26014.037136937342,2167.836428078112
7.289882354217434,125.5475042916671,18.85351883921931,0.0005301954213327,4.962704098360656,4.9627040983604545,1811.3869959015658,5114.456583327493,426.2047152772911
7.119194934620073,125.504049439098,83.68762256128107,0.0017136462872816,4.962704098360656,4.9627040983604545,1811.3869959015658,22702.218922719352,1891.8515768932793
7.225059161802093,125.66492439168572,1146.928307071968,0.0292357925836184,4.962704098360656,4.9627040983604545,1811.3869959015658,311131.04565427534,25927.587137856277
7.543645791243295,125.35522069271272,37.6958936029642,0.001170374332108,4.962704098360656,4.9627040983604545,1811.3869959015658,10225.890076341644,852.1575063618037
7.355019293744686,125.53187057217588,71.33894570411206,0.0020217134295431,4.962704098360656,4.9627040983604545,1811.3869959015658,19352.35239721153,1612.6960331009607
7.122731507387419,125.39024550835926,211.02446365608904,0.0033336676076819,4.962704098360656,4.9627040983604545,1811.3869959015658,57245.30611993325,4770.442176661104
7.124736899625772,125.28565348534588,38.61756338142857,0.0010162562884047,4.962704098360656,4.9627040983604545,1811.3869959015658,10475.914493869224,872.9928744891021
7.417513574257466,125.54904876197875,49.08565241981863,0.0013448914169236,4.962704098360656,4.9627040983604545,1811.3869959015658,13315.62772479569,1109.6356437329741
7.485056520174128,125.2946971565723,39.90270824959279,0.0011127783579826,4.962704098360656,4.9627040983604545,1811.3869959015658,10824.54000444708,902.0450003705901
7.507353837333729,125.46232709898644,99.38240101259254,0.0026737465823923,4.962704098360656,4.9627040983604545,1811.3869959015658,26959.793525036945,2246.6494604197455
7.053662803228922,125.5230942157416,28.016842242462587,0.0007489761996239,4.962704098360656,4.9627040983604545,1811.3869959015658,7600.221713144346,633.3518094286954
6.965374528523696,125.4693589222114,367.4166930119109,0.0121820924835521,5.225479234972678,5.225479234972666,1907.2999207650232,104947.88870133205,8745.657391777671
7.244636833598534,125.65071899136416,1199.780506464696,0.038514204557247,4.962704098360656,4.9627040983604545,1811.3869959015658,325468.43706818856,27122.36975568238
7.538356540630727,125.40864085680528,27.15941956024919,0.0007781089972311,4.962704098360656,4.9627040983604545,1811.3869959015658,7367.62581849266,613.9688182077217
7.0874184727052905,125.58607888979196,529.1590770541873,0.0078960548818117,4.962704098360656,4.9627040983604545,1811.3869959015658,143546.737791859,11962.228149321583
7.513085501720444,125.53707030084792,48.97534110345882,0.0014364821443593,4.962704098360656,4.9627040983604545,1811.3869959015658,13285.703208158598,1107.1419340132165
7.569499740946412,125.48673365841364,19.796082194648275,0.0005796745803003,4.962704098360656,4.9627040983604545,1811.3869959015658,5370.148870771938,447.5124058976615
7.176488317140106,125.24421177369491,26.520992778625683,0.0010748259005004,4.962704098360656,4.9627040983604545,1811.3869959015658,7194.437668095261,599.5364723412717
7.267448333642956,125.28249460297982,245.1014509897109,0.0046835111354882,4.962704098360656,4.9627040983604545,1811.3869959015658,66489.48349046525,5540.790290872104
7.5393614919303396,125.48584395399138,41.75740046455562,0.0012698161482573,4.962704098360656,4.9627040983604545,1811.3869959015658,11327.668512698314,943.9723760581928
7.48584353635124,125.4792112024453,62.94705107657986,0.0015180384187187,4.962704098360656,4.9627040983604545,1811.3869959015658,17075.855309830153,1422.9879424858461
7.1909836221239525,125.5422231549085,2863.8242348888098,0.0246988608509281,4.962704098360656,4.9627040983604545,1811.3869959015658,776879.0980891711,64739.92484076426
7.36257857860747,125.37635111511366,97.92496444384426,0.0026986321395664,4.962704098360656,4.9627040983604545,1811.3869959015658,26564.429873435154,2213.7024894529295
7.127458127481979,125.31125244384528,38.61756338142857,0.0010162562884047,4.962704098360656,4.9627040983604545,1811.3869959015658,10475.914493869224,872.9928744891021
7.224605313243967,125.67197129561504,28.543796151979283,0.0007590048368699,4.962704098360656,4.9627040983604545,1811.3869959015658,7743.170247824857,645.2641873187381
7.272627569547134,125.33508873819596,97.53500742968475,0.0019866644148867,4.962704098360656,4.9627040983604545,1811.3869959015658,26458.64494090925,2204.887078409104
7.430100309056093,125.40320584478414,75.94976107977344,0.0033305286645456,4.962704098360656,4.9627040983604545,1811.3869959015658,20603.14357596506,1716.9286313304217
7.193200046735193,125.5011077096082,724.4296502607463,0.0418320629065381,4.962704098360656,4.9627040983604545,1811.3869959015658,196518.4338016726,16376.536150139384
7.163640718141883,125.48839045008958,35.92294575409541,0.0013945952321543,4.962704098360656,4.9627040983604545,1811.3869959015658,9744.936633386442,812.0780527822035
7.275862654101861,125.423554514082,27.142462515253115,0.0013001489651395,4.962704098360656,4.9627040983604545,1811.3869959015658,7363.02582465843,613.5854853882025
7.222942757994098,125.29928616776206,123.28427531876702,0.0052458821547605,4.962704098360656,4.9627040983604545,1811.3869959015658,33443.73423878766,2786.9778532323053
7.405841493271929,125.4811881194836,88.22026110124524,0.0018847965503059,4.962704098360656,4.9627040983604545,1811.3869959015658,23931.802811979334,1994.3169009982778
7.444266639889431,125.40618454968865,228.469823808251,0.0045471871856744,4.962704098360656,4.9627040983604545,1811.3869959015658,61977.766826055646,5164.813902171304
7.154090868665714,125.49438860157014,163.44672025511983,0.00527113924896,4.962704098360656,4.9627040983604545,1811.3869959015658,44338.73387567048,3694.8944896392063
7.107588318985076,125.52756691321038,112.98778883892236,0.0029777620390904,4.962704098360656,4.9627040983604545,1811.3869959015658,30650.572203038762,2554.2143502532304
7.4472547778341935,125.4785481372824,40.587195528924525,0.0010071933441667,4.962704098360656,4.9627040983604545,1811.3869959015658,11010.223138817719,917.5185949014766
7.224451334025871,125.27874001082058,147.36915610097228,0.0041348951143569,4.962704098360656,4.9627040983604545,1811.3869959015658,39977.31972623338,3331.443310519448
7.302834715501362,125.4210894928792,27.142462515253115,0.0013001489651395,4.962704098360656,4.9627040983604545,1811.3869959015658,7363.02582465843,613.5854853882025
7.2479549785694495,125.32650394491868,347.36713180964165,0.0050386734571464,4.962704098360656,4.9627040983604545,1811.3869959015658,94231.43389125423,7852.619490937853
7.355875591817188,125.31854509103792,218.55275063508228,0.0062253102455691,4.962704098360656,4.9627040983604545,1811.3869959015658,59287.529496335315,4940.627458027943
7.487999372772349,125.27798397064258,129.73503302808535,0.0035587441338497,4.962704098360656,4.9627040983604545,1811.3869959015658,35193.65267657251,2932.8043897143757
7.022495229734046,125.43950996656729,169.56543518817634,0.0043704846041026,4.962704098360656,4.9627040983604545,1811.3869959015658,45998.577968316844,3833.2148306930703
6.998496179457688,125.38024446132822,64.36054177089046,0.0014202455264054,5.225479234972678,5.225479234972666,1907.2999207650232,18383.7672675092,1531.9806056257667
7.514182041117514,125.23898393405518,354.41925909923594,0.0201478029793376,4.962704098360656,4.9627040983604545,1811.3869959015658,96144.48784952649,8012.040654127207
7.561332981741248,125.43442983753566,46.537748858327575,0.0017527741481453,4.962704098360656,4.9627040983604545,1811.3869959015658,12624.449475532005,1052.0374562943337
7.07292831618297,125.3130568916716,21.97482359879272,0.0002990066762903,4.962704098360656,4.9627040983604545,1811.3869959015658,5961.183277283618,496.76527310696815
6.973181464469854,125.5529213551646,133.83919514728333,0.0038133544894408,5.225479234972678,5.225479234972666,1907.2999207650232,38229.45778823828,3185.7881490198565
7.501792421179861,125.34226938965652,166.89018722077623,0.0031457297320727,4.962704098360656,4.9627040983604545,1811.3869959015658,45272.854579723695,3772.7378816436412
7.3473860660473695,125.50576509711016,7.797856323858228,0.0002012762640457,4.962704098360656,4.9627040983604545,1811.3869959015658,2115.3503466120105,176.27919555100087
7.125214053609103,125.359514414152,54.959519402622256,0.0010088578069326,4.962704098360656,4.9627040983604545,1811.3869959015658,14909.051101937204,1242.4209251614336
7.172756659786163,125.4968982225003,1577.2576505800855,0.1226006634027448,4.962704098360656,4.9627040983604545,1811.3869959015658,427867.9138576662,35655.65948813885
7.427421081074248,125.40806113162792,75.94976107977344,0.0033305286645456,4.962704098360656,4.9627040983604545,1811.3869959015658,20603.14357596506,1716.9286313304217
7.332153235214101,125.398053366803,136.6832622954209,0.0036955587604735,4.962704098360656,4.9627040983604545,1811.3869959015658,37078.52187376819,3089.876822814016
7.083122230862497,125.55834936379136,45.5439336407906,0.0017824675029191,4.962704098360656,4.9627040983604545,1811.3869959015658,12354.8539254764,1029.5711604563667
7.187573940411931,125.67045258298148,3833.6687879317274,0.1743739595538758,4.962704098360656,4.9627040983604545,1811.3869959015658,1039972.0464886145,86664.33720738454
7.409953666691361,125.4187252399935,73.35406427475853,0.0010229822571124,4.962704098360656,4.9627040983604545,1811.3869959015658,19899.000295024067,1658.250024585339
7.24210463619425,125.50956688995458,27.849776329537317,0.0004592574121769,4.962704098360656,4.9627040983604545,1811.3869959015658,7554.901188869968,629.5750990724973
7.542672794194371,125.52920994190916,21.01420328293314,0.0005981260283477,4.962704098360656,4.9627040983604545,1811.3869959015658,5700.592618297137,475.04938485809475
7.228647531071161,125.34152539292909,201.10272402579864,0.0065956523190665,4.962704098360656,4.9627040983604545,1811.3869959015658,54553.80290491319,4546.150242076099
6.984915362331438,125.48320508950324,330.35538115279536,0.0103218751064929,5.225479234972678,5.225479234972666,1907.2999207650232,94361.79801440256,7863.483167866881
7.166326462124278,125.5867862772102,23.686192339680368,0.0006345446647891,4.962704098360656,4.9627040983604545,1811.3869959015658,6425.43195138928,535.4526626157733
7.124641718393206,125.35312585725906,72.65274746139853,0.0016638989739644,4.962704098360656,4.9627040983604545,1811.3869959015658,19708.75175714233,1642.3959797618609
7.175778828136862,125.3535014758057,27.684261208840432,0.0007860074475366,4.962704098360656,4.9627040983604545,1811.3869959015658,7510.0013531465975,625.8334460955498
7.335284571130727,125.50766740963226,38.64999470009249,0.0010704742551455,4.962704098360656,4.9627040983604545,1811.3869959015658,10484.712245241857,873.7260204368214
7.090299669200813,125.34023207073568,13.16774281315348,0.0003631945178157,4.962704098360656,4.9627040983604545,1811.3869959015658,3572.0572638250683,297.671438652089
7.016441324398166,125.61391547121788,22.98765503856812,0.0006802228246805,4.962704098360656,4.9627040983604545,1811.3869959015658,6235.937421013258,519.6614517511049
7.294357871067629,125.46354316541478,364.5650717092,0.0028843011640726,4.962704098360656,4.9627040983604545,1811.3869959015658,98896.77608488206,8241.398007073505
7.531514110586456,125.49294949047518,31.01548990284636,0.000830347849649,4.962704098360656,4.9627040983604545,1811.3869959015658,8413.674809010265,701.139567417522
7.095701601140818,125.63549513002144,285.4158504657627,0.0097648222721595,4.962704098360656,4.9627040983604545,1811.3869959015658,77425.70433929036,6452.1420282741965
7.180169565736561,125.333264194424,320.7440734088234,0.0043956536445001,4.962704098360656,4.9627040983604545,1811.3869959015658,87009.30854332555,7250.775711943796
7.31542664812849,125.40536335310703,55.26810042691003,0.0019784055283883,4.962704098360656,4.9627040983604545,1811.3869959015658,14992.760899806635,1249.396741650553
7.100641638832158,125.3291057167674,109.35345841366784,0.0031308914511179,4.962704098360656,4.9627040983604545,1811.3869959015658,29664.675335300515,2472.0562779417096
7.392745363580127,125.40050763888964,69.94672365429042,0.0024107489329402,4.962704098360656,4.9627040983604545,1811.3869959015658,18974.679704443326,1581.2233087036104
7.211404837157611,125.31467102790594,58.06564877872646,0.0016154284795894,4.962704098360656,4.9627040983604545,1811.3869959015658,15751.661119290384,1312.638426607532
7.306755302547308,125.5016503019731,87.93350956838533,0.0024332199177502,4.962704098360656,4.9627040983604545,1811.3869959015658,23854.01477264719,1987.834564387266
7.327555873011747,125.5175859025256,50.456912188359375,0.00134564826237,4.962704098360656,4.9627040983604545,1811.3869959015658,13687.613909999287,1140.6344924999405
7.210791016022739,125.47633775945798,55.94262887514,0.0020303449637292,4.962704098360656,4.9627040983604545,1811.3869959015658,15175.742469035771,1264.645205752981
7.446855003118111,125.33972989717196,50.83952734804379,0.0023875135666405,4.962704098360656,4.9627040983604545,1811.3869959015658,13791.407193312434,1149.2839327760362
6.97825628732442,125.46198190448054,382.791754396372,0.0154851611431154,5.225479234972678,5.225479234972666,1907.2999207650232,109339.57874057659,9111.631561714716
7.559416044312432,125.40899877991752,27.15941956024919,0.0007781089972311,4.962704098360656,4.9627040983604545,1811.3869959015658,7367.62581849266,613.9688182077217
7.224639374190228,125.39691282906196,58.23637211871947,0.0015755738173704,4.962704098360656,4.9627040983604545,1811.3869959015658,15797.973805935308,1316.4978171612756
7.476965066264378,125.5168453521239,49.81974892809741,0.0010945362469568,4.962704098360656,4.9627040983604545,1811.3869959015658,13514.76851923211,1126.2307099360091
7.508391907478187,125.53818765635786,65.44971543620501,0.002414196421233,4.962704098360656,4.9627040983604545,1811.3869959015658,17754.761370767574,1479.5634475639645
7.094449716245943,125.5172199766241,266.2615919192779,0.0158549286500603,4.962704098360656,4.9627040983604545,1811.3869959015658,72229.66509816788,6019.138758180657
7.087882620810744,125.43242876632972,33.94712630546029,0.0003527727564493,4.962704098360656,4.9627040983604545,1811.3869959015658,9208.949538737705,767.4124615614754
7.341483545659584,125.34187939088623,46.409893411108925,0.0015865331853093,4.962704098360656,4.9627040983604545,1811.3869959015658,12589.765704331616,1049.1471420276346
7.1969596857292615,125.36159290454567,59.83538990902835,0.0015120963611344,4.962704098360656,4.9627040983604545,1811.3869959015658,16231.744665064842,1352.6453887554035
7.1738507964348806,125.4083594981238,80.79547142199307,0.002139410147553,4.962704098360656,4.9627040983604545,1811.3869959015658,21917.65549132746,1826.471290943955
7.588467458716083,125.42316630686616,20.89223525178877,0.0005578701809431,4.962704098360656,4.9627040983604545,1811.3869959015658,5667.505945980871,472.29216216507257
7.350595840247386,125.53786925774392,52.38918796674953,0.001422953238471,4.962704098360656,4.9627040983604545,1811.3869959015658,14211.78876880782,1184.315730733985
6.997082002697155,125.331307676372,41.97783797054488,0.0012318626912616,5.225479234972678,5.225479234972666,1907.2999207650232,11990.433616777662,999.2028013981385
7.483650924541722,125.41634598301223,228.469823808251,0.0045471871856744,4.962704098360656,4.9627040983604545,1811.3869959015658,61977.766826055646,5164.813902171304
7.4652351666836125,125.366547196877,29.06669669094895,0.0008752358425764,4.962704098360656,4.9627040983604545,1811.3869959015658,7885.019211234049,657.0849342695041
7.554399660853519,125.37488434257382,25.99833176436132,0.0008135076350871,4.962704098360656,4.9627040983604545,1811.3869959015658,7052.653681347264,587.721140112272
7.045562695176796,125.34610965611,37.64164548447054,0.000933481272049,4.962704098360656,4.9627040983604545,1811.3869959015658,10211.174009323646,850.9311674436372
7.061992718889002,125.55240095675649,426.0816137214789,0.0091378213027324,4.962704098360656,4.9627040983604545,1811.3869959015658,115584.57245654707,9632.047704712257
7.091855201254546,125.32831342721764,109.35345841366784,0.0031308914511179,4.962704098360656,4.9627040983604545,1811.3869959015658,29664.675335300515,2472.0562779417096
7.027810262532132,125.6462300337665,59.02467470723451,0.0016288841843895,4.962704098360656,4.9627040983604545,1811.3869959015658,16011.819263532218,1334.3182719610181
7.1984237521683125,125.53816885528512,272.637547772646,0.0074856009289184,4.962704098360656,4.9627040983604545,1811.3869959015658,73959.29178840826,6163.274315700688
7.00370200341407,125.29177913329892,41.97783797054488,0.0012318626912616,4.962704098360656,4.9627040983604545,1811.3869959015658,11387.467326030379,948.9556105025316
6.990184420572638,125.40524584692392,109.92553461111756,0.0032578490887547,5.225479234972678,5.225479234972666,1907.2999207650232,31398.82588684668,2616.56882390389
7.046105949721095,125.4068706353156,378.0849917144084,0.0021314608952552,4.962704098360656,4.9627040983604545,1811.3869959015658,102564.36962359371,8547.030801966142
7.086447553664334,125.54747002992812,429.9900913445968,0.0101019720628534,4.962704098360656,4.9627040983604545,1811.3869959015658,116644.83814386062,9720.403178655051
7.118281110839722,125.58537433375432,117.76780061956704,0.0024897039647576,4.962704098360656,4.9627040983604545,1811.3869959015658,31947.261851713047,2662.2718209760874
7.010445037928896,125.39346830292332,64.36054177089046,0.0014202455264054,4.962704098360656,4.9627040983604545,1811.3869959015658,17459.297618326465,1454.9414681938722
7.183112626621061,125.56828329729734,107.96452712238744,0.0010706140463193,4.962704098360656,4.9627040983604545,1811.3869959015658,29287.89533751562,2440.6579447929685
7.058171979717021,125.45140659616894,97.71011264739828,0.0016641978950971,4.962704098360656,4.9627040983604545,1811.3869959015658,26506.14631405594,2208.8455261713284
7.197511877827619,125.34560196587896,188.6230809860482,0.0035017243873512,4.962704098360656,4.9627040983604545,1811.3869959015658,51168.40874870634,4264.034062392195
7.44179587092437,125.42021592566611,228.469823808251,0.0045471871856744,4.962704098360656,4.9627040983604545,1811.3869959015658,61977.766826055646,5164.813902171304
7.16501216377669,125.66155873081613,2374.583999961785,0.0253614278538614,4.962704098360656,4.9627040983604545,1811.3869959015658,644161.2769922357,53680.10641601964
7.341548025954529,125.4442042763395,66.98530784666394,0.0019304330057954,4.962704098360656,4.9627040983604545,1811.3869959015658,18171.326616754548,1514.277218062879
7.283717972011572,125.40624082278076,59.63214684245762,0.0016062950980925,4.962704098360656,4.9627040983604545,1811.3869959015658,16176.610244339305,1348.0508536949421
7.550539717503666,125.4099612256058,27.15941956024919,0.0007781089972311,4.962704098360656,4.9627040983604545,1811.3869959015658,7367.62581849266,613.9688182077217
7.118471186722721,125.38514505719844,211.02446365608904,0.0033336676076819,4.962704098360656,4.9627040983604545,1811.3869959015658,57245.30611993325,4770.442176661104
7.225826680275262,125.5476301709341,44.19467523902272,0.001029210720398,4.962704098360656,4.9627040983604545,1811.3869959015658,11988.83612400495,999.0696770004125
7.136609988533352,125.54067411611042,474.2500550666091,0.0136457545456445,4.962704098360656,4.9627040983604545,1811.3869959015658,128651.3852911758,10720.94877426465
7.17998903510651,125.21874705155416,26.520992778625683,0.0010748259005004,4.962704098360656,4.9627040983604545,1811.3869959015658,7194.437668095261,599.5364723412717
7.211569916764226,125.55561219901878,51.580593375642906,0.0018453718648153,4.962704098360656,4.9627040983604545,1811.3869959015658,13992.438632369336,1166.0365526974447
7.257621274033745,125.32270854339562,347.36713180964165,0.0050386734571464,4.962704098360656,4.9627040983604545,1811.3869959015658,94231.43389125423,7852.619490937853
7.033791558080819,125.57842025741036,73.39152192343087,0.0019448883515592,4.962704098360656,4.9627040983604545,1811.3869959015658,19909.161555607938,1659.0967963006615
7.389705900561871,125.5493580355418,55.23697476315445,0.0019104393751744,4.962704098360656,4.9627040983604545,1811.3869959015658,14984.317337771203,1248.6931114809336
7.161583234193776,125.6466949089235,308.79479460727384,0.0077854009656923,4.962704098360656,4.9627040983604545,1811.3869959015658,83767.78805297172,6980.64900441431
7.3116959515102655,125.31577723497534,242.03784008840717,0.0013479466291257,4.962704098360656,4.9627040983604545,1811.3869959015658,65658.40760078398,5471.533966731998
7.234619928816465,125.36426849704682,2007.8968449563536,0.0525477776633521,4.962704098360656,4.9627040983604545,1811.3869959015658,544688.8363336825,45390.73636114021
7.095342619388067,125.63337564783636,124.5300379327683,0.0033911115180453,4.962704098360656,4.9627040983604545,1811.3869959015658,33781.67639466725,2815.1396995556042
7.3718419271784095,125.30956639738405,33.457912034176864,0.0008916528932125,4.962704098360656,4.9627040983604545,1811.3869959015658,9076.238760884478,756.3532300737065
7.401133656053402,125.31960583519228,24.77794238993984,0.0007016738827979,4.962704098360656,4.9627040983604545,1811.3869959015658,6721.594608318998,560.1328840265832
7.027355244603385,125.61472358766838,22.98765503856812,0.0006802228246805,4.962704098360656,4.9627040983604545,1811.3869959015658,6235.937421013258,519.6614517511049
7.432693807130359,125.409561858255,75.94976107977344,0.0033305286645456,4.962704098360656,4.9627040983604545,1811.3869959015658,20603.14357596506,1716.9286313304217
7.32421458163358,125.2961044811918,80.20288985798338,0.0026223878919752,4.962704098360656,4.9627040983604545,1811.3869959015658,21756.90392515811,1813.075327096509
7.186678057003069,125.53980768812116,2863.8242348888098,0.0246988608509281,4.962704098360656,4.9627040983604545,1811.3869959015658,776879.0980891711,64739.92484076426
7.047718457036516,125.51830033002308,359.63574491864176,0.0062297255097492,4.962704098360656,4.9627040983604545,1811.3869959015658,97559.58125826437,8129.965104855364
7.085874580556333,125.60491489244149,14.990769740912942,0.0004214437013238,4.962704098360656,4.9627040983604545,1811.3869959015658,4066.5958245985203,338.88298538321004
7.473354869477745,125.46960333057577,62.94705107657986,0.0015180384187187,4.962704098360656,4.9627040983604545,1811.3869959015658,17075.855309830153,1422.9879424858461
7.0312504537291485,125.54116505853632,348.0730394552036,0.0100767608870732,4.962704098360656,4.9627040983604545,1811.3869959015658,94422.92779941292,7868.577316617743
7.060586459634997,125.64709580872892,18.30908144150428,0.0004928700368406,4.962704098360656,4.9627040983604545,1811.3869959015658,4966.765244819322,413.8971037349435
7.198434375739653,125.45001554707038,25.426852328668467,0.0006118466454605,4.962704098360656,4.9627040983604545,1811.3869959015658,6897.62655951176,574.8022132926467
7.447911788078399,125.2749671534467,87.86633358194885,0.0026789291589205,4.962704098360656,4.9627040983604545,1811.3869959015658,23835.791720016987,1986.3159766680822
7.032243068669064,125.37793558591436,22.1380307270586,0.0006126838026447,4.962704098360656,4.9627040983604545,1811.3869959015658,6005.4570162457585,500.4547513538132
7.312670953950156,125.41995234986732,294.0166291258601,0.009012909373495,4.962704098360656,4.9627040983604545,1811.3869959015658,79758.86609095092,6646.57217424591
7.219466377898645,125.31637179576236,58.06564877872646,0.0016154284795894,4.962704098360656,4.9627040983604545,1811.3869959015658,15751.661119290384,1312.638426607532
7.330661283376346,125.52246384743896,71.59238584481088,0.001629276095099,4.962704098360656,4.9627040983604545,1811.3869959015658,19421.103944714698,1618.4253287262247
7.2309626015540385,125.41381678505338,37.42410011916514,0.000519546665552,4.962704098360656,4.9627040983604545,1811.3869959015658,10152.159756586694,846.0133130488912
7.324103962848454,125.45580683974582,269.46215497143623,0.0062008048649811,4.962704098360656,4.9627040983604545,1811.3869959015658,73097.89245201412,6091.491037667843
7.159292717709865,125.26954391453891,28.838542454246475,0.0007669869483314,4.962704098360656,4.9627040983604545,1811.3869959015658,7823.127054768825,651.9272545640687
7.206853596530379,125.30003181760311,58.06564877872646,0.0016154284795894,4.962704098360656,4.9627040983604545,1811.3869959015658,15751.661119290384,1312.638426607532
7.323833421928066,125.42352450746954,204.0555443894827,0.00725111473691,4.962704098360656,4.9627040983604545,1811.3869959015658,55354.82427801686,4612.9020231680715
7.2387486409840704,125.5384828217666,58.070515946812485,0.0017019707816243,4.962704098360656,4.9627040983604545,1811.3869959015658,15752.981452119075,1312.7484543432563
7.411828861648627,125.43231479662322,73.35406427475853,0.0010229822571124,4.962704098360656,4.9627040983604545,1811.3869959015658,19899.000295024067,1658.250024585339
7.447784087818497,125.48009183232637,36.67297216199619,0.000994205546197,4.962704098360656,4.9627040983604545,1811.3869959015658,9948.398784524934,829.0332320437445
7.066283825057903,125.45921032771984,268.9060506506841,0.007177788181427,4.962704098360656,4.9627040983604545,1811.3869959015658,72947.03618860025,6078.9196823833545
7.498157158316039,125.4997234738216,57.04972193593237,0.0021498680114511,4.962704098360656,4.9627040983604545,1811.3869959015658,15476.067275317937,1289.6722729431615
7.419087794040255,125.30822189713616,67.33108012142216,0.002144281460617,4.962704098360656,4.9627040983604545,1811.3869959015658,18265.125408484113,1522.0937840403428
7.281107268600807,125.54648042463408,26.02076679806681,0.0007754602956682,4.962704098360656,4.9627040983604545,1811.3869959015658,7058.739707346479,588.2283089455399
7.147434793429983,125.52308742487432,30.861825016108693,0.0004695717507266,4.962704098360656,4.9627040983604545,1811.3869959015658,8371.989625554386,697.6658021295322
7.493880306998608,125.26018563076666,680.6074546616775,0.0164765387869029,4.962704098360656,4.9627040983604545,1811.3869959015658,184630.641464929,15385.886788744085
7.016965417866254,125.3777378417858,117.77483059295014,0.0024869388802586,4.962704098360656,4.9627040983604545,1811.3869959015658,31949.168895907635,2662.430741325636
7.503702327610711,125.35194714304016,166.89018722077623,0.0031457297320727,4.962704098360656,4.9627040983604545,1811.3869959015658,45272.854579723695,3772.7378816436412
7.314437331229162,125.38194273887687,214.433436524103,0.0034569370887643,4.962704098360656,4.9627040983604545,1811.3869959015658,58170.06949571911,4847.505791309925
7.108207192325084,125.59649632718944,88.92101846953243,0.0024230150605961,4.962704098360656,4.9627040983604545,1811.3869959015658,24121.899587340773,2010.1582989450644
7.474975027297475,125.41924561779334,228.469823808251,0.0045471871856744,4.962704098360656,4.9627040983604545,1811.3869959015658,61977.766826055646,5164.813902171304
7.156146555812551,125.58407375114771,140.28107430830926,0.0030503329018352,4.962704098360656,4.9627040983604545,1811.3869959015658,38054.51227067033,3171.2093558891943
7.224328770982075,125.37178091584784,570.6055490825535,0.0135107627754895,4.962704098360656,4.9627040983604545,1811.3869959015658,154790.0597164761,12899.171643039675
7.3979579764121,125.4257041502091,73.35406427475853,0.0010229822571124,4.962704098360656,4.9627040983604545,1811.3869959015658,19899.000295024067,1658.250024585339
7.470845198241041,125.2705476187894,485.9863886496265,0.0119483903931263,4.962704098360656,4.9627040983604545,1811.3869959015658,131835.13942586427,10986.261618822022
7.007487673983893,125.31248414017438,41.97783797054488,0.0012318626912616,4.962704098360656,4.9627040983604545,1811.3869959015658,11387.467326030379,948.9556105025316
7.314410572900436,125.53207961046394,69.63464243457368,0.0018800743117372,4.962704098360656,4.9627040983604545,1811.3869959015658,18890.02039695146,1574.1683664126215
7.504254596642231,125.53336071795948,85.08443703405864,0.003566724709536,4.962704098360656,4.9627040983604545,1811.3869959015658,23081.13741729361,1923.4281181078006
7.283390298092549,125.53089029461908,57.93482121477092,0.00125247241654,4.962704098360656,4.9627040983604545,1811.3869959015658,15716.171092125735,1309.6809243438113
7.283037577555073,125.40450346572368,59.63214684245762,0.0016062950980925,4.962704098360656,4.9627040983604545,1811.3869959015658,16176.610244339305,1348.0508536949421
7.190600424913883,125.46817411405098,216.782288073399,0.0053977649210842,4.962704098360656,4.9627040983604545,1811.3869959015658,58807.250245477415,4900.604187123118
7.477093118198797,125.43251076443116,228.469823808251,0.0045471871856744,4.962704098360656,4.9627040983604545,1811.3869959015658,61977.766826055646,5164.813902171304
6.972812923118038,125.41735291124904,275.7084437077741,0.00785629476265,5.225479234972678,5.225479234972666,1907.2999207650232,78752.59783943168,6562.716486619306
7.1067455765667,125.35332884596912,348.51606422543887,0.0098626807175505,4.962704098360656,4.9627040983604545,1811.3869959015658,94543.10859812905,7878.592383177421
7.482830864476844,125.35202970918496,29.06669669094895,0.0008752358425764,4.962704098360656,4.9627040983604545,1811.3869959015658,7885.019211234049,657.0849342695041
7.53278756314936,125.41144829187944,27.15941956024919,0.0007781089972311,4.962704098360656,4.9627040983604545,1811.3869959015658,7367.62581849266,613.9688182077217
7.298376896130245,125.50780608503018,54.133861822500336,0.0009399961604467,4.962704098360656,4.9627040983604545,1811.3869959015658,14685.07223187903,1223.7560193232525
7.345140787590604,125.29525716372753,43.98844146938451,0.0011998915087905,4.962704098360656,4.9627040983604545,1811.3869959015658,11932.890405339613,994.4075337783011
7.137681203139534,125.54424064354023,474.2500550666091,0.0136457545456445,4.962704098360656,4.9627040983604545,1811.3869959015658,128651.3852911758,10720.94877426465
7.112278009332191,125.49063636886726,74.22976234856593,0.0021299853357315,4.962704098360656,4.9627040983604545,1811.3869959015658,20136.55381576391,1678.046151313659
7.299719290933833,125.35573811410488,18.515486281068863,0.0005108238059179,4.962704098360656,4.9627040983604545,1811.3869959015658,5022.757370190941,418.56311418257843
7.321423892509562,125.40656924864524,136.6832622954209,0.0036955587604735,4.962704098360656,4.9627040983604545,1811.3869959015658,37078.52187376819,3089.876822814016
7.024853170002195,125.48160631649772,155.70995792561104,0.0045941882062356,4.962704098360656,4.9627040983604545,1811.3869959015658,42239.95669952425,3519.996391627021
7.193751767693905,125.5137460696976,104.19782367724775,0.0028350229322056,4.962704098360656,4.9627040983604545,1811.3869959015658,28266.089201657178,2355.5074334714313
7.226052982149938,125.6816726830235,61.67460371868274,0.0016584268934523,4.962704098360656,4.9627040983604545,1811.3869959015658,16730.67429497382,1394.222857914485
7.497962980819705,125.28290801781532,90.52395806752692,0.0022854193721122,4.962704098360656,4.9627040983604545,1811.3869959015658,24556.734328247883,2046.3945273539903
7.128164549382121,125.576724037332,339.8938132246199,0.017179474941926,4.962704098360656,4.9627040983604545,1811.3869959015658,92204.12197338784,7683.676831115653
6.980906811423045,125.52552249973115,133.83919514728333,0.0038133544894408,5.225479234972678,5.225479234972666,1907.2999207650232,38229.45778823828,3185.7881490198565
7.106050961067728,125.57213112264556,59.132961086442535,0.0015028465029026,4.962704098360656,4.9627040983604545,1811.3869959015658,16041.194468752428,1336.766205729369
7.283798232115658,125.3815697460341,34.408133958172385,0.0009392982805123,4.962704098360656,4.9627040983604545,1811.3869959015658,9334.008613623664,777.8340511353053
7.378211430636907,125.50946038638158,119.17711638328628,0.003073849352585,4.962704098360656,4.9627040983604545,1811.3869959015658,32329.57161294166,2694.1309677451386
7.05078763994606,125.59732925223,727.0428981309647,0.0249149573786812,4.962704098360656,4.9627040983604545,1811.3869959015658,197227.33821827956,16435.611518189962
7.434967563002643,125.54260604862492,70.3073260113274,0.0021078894940908,4.962704098360656,4.9627040983604545,1811.3869959015658,19072.501501776707,1589.375125148059
7.52432140130295,125.36145672094491,25.99833176436132,0.0008135076350871,4.962704098360656,4.9627040983604545,1811.3869959015658,7052.653681347264,587.721140112272
7.114599216582699,125.36373251625184,148.95462281326053,0.0015490690854229,4.962704098360656,4.9627040983604545,1811.3869959015658,40407.41453948602,3367.2845449571682
7.116669908628972,125.6334538137368,91.51257589832842,0.0023960943622165,4.962704098360656,4.9627040983604545,1811.3869959015658,24824.91996596659,2068.743330497216
7.195206594003486,125.4168680781882,29.110832782037367,0.000842089885728,4.962704098360656,4.9627040983604545,1811.3869959015658,7896.992155041225,658.0826795867687
7.251923688390771,125.64830470544732,1410.2512459017028,0.0487902590322854,4.962704098360656,4.9627040983604545,1811.3869959015658,382563.5325827816,31880.294381898468
7.569218830108241,125.51873616429494,7.887337573146314,0.0001321521532973,4.962704098360656,4.9627040983604545,1811.3869959015658,2139.6242218715092,178.30201848929244
7.216177642093537,125.60247663704924,162.01320027571774,0.0037277741833124,4.962704098360656,4.9627040983604545,1811.3869959015658,43949.85815658014,3662.488179715012
7.058074198555987,125.51577510209408,13.649618791786652,0.0003702842942946,4.962704098360656,4.9627040983604545,1811.3869959015658,3702.7773586935687,308.56477989113074
7.191098098202021,125.49771253609408,14.317083174552408,0.0002487917717903,4.962704098360656,4.9627040983604545,1811.3869959015658,3883.842635456211,323.65355295468424
7.191310814628825,125.62449701791036,94.62926230281192,0.0025831644846635,4.962704098360656,4.9627040983604545,1811.3869959015658,25670.393823420673,2139.199485285056
7.240672965431544,125.28481242145996,147.36915610097228,0.0041348951143569,4.962704098360656,4.9627040983604545,1811.3869959015658,39977.31972623338,3331.443310519448
7.37025649351577,125.45076389678276,181.765845776919,0.0078582138041912,4.962704098360656,4.9627040983604545,1811.3869959015658,49308.22381146265,4109.018650955221
6.984481935590525,125.4691735053428,82.8325660050715,0.0011567144908285,5.225479234972678,5.225479234972666,1907.2999207650232,23660.06521555669,1971.6721012963908
7.252750734898581,125.63557150129806,36141.5904138944,0.8854017914499345,4.962704098360656,4.9627040983604545,1811.3869959015658,9804249.095386488,817020.757948874
7.458226789046045,125.25451562047748,40.74935278858621,0.0012725246800196,4.962704098360656,4.9627040983604545,1811.3869959015658,11054.212076441703,921.1843397034753
7.378074281017854,125.53420374361896,31.08613043262231,0.0008745898933977,4.962704098360656,4.9627040983604545,1811.3869959015658,8432.837699802341,702.7364749835284
7.222862147074711,125.42234107982598,1685.2655781530843,0.1330340960112614,4.962704098360656,4.9627040983604545,1811.3869959015658,457167.582579357,38097.29854827975
6.989075036286975,125.47482139722408,82.8325660050715,0.0011567144908285,5.225479234972678,5.225479234972666,1907.2999207650232,23660.06521555669,1971.6721012963908
7.228342756588695,125.5351812070478,44.19467523902272,0.001029210720398,4.962704098360656,4.9627040983604545,1811.3869959015658,11988.83612400495,999.0696770004125
7.44028600170341,125.32423797784168,30.526032237199,0.0008660448759024,4.962704098360656,4.9627040983604545,1811.3869959015658,8280.898004760713,690.0748337300594
7.061682770247923,125.34242795723183,21.97482359879272,0.0002990066762903,4.962704098360656,4.9627040983604545,1811.3869959015658,5961.183277283618,496.76527310696815
7.429927676711927,125.29169781698812,10.185925843251336,0.0003147518217936,4.962704098360656,4.9627040983604545,1811.3869959015658,2763.16988518519,230.26415709876585
7.001554646195791,125.52588544070149,1298.408296993438,0.0328806676847116,4.962704098360656,4.9627040983604545,1811.3869959015658,352223.52490460104,29351.960408716754
7.367946673637066,125.27276691035048,507.5370546192472,0.0094401453687909,4.962704098360656,4.9627040983604545,1811.3869959015658,137681.26005636094,11473.438338030079
7.401823919432283,125.49150075313652,147.39336014086877,0.00295803244657,4.962704098360656,4.9627040983604545,1811.3869959015658,39983.885636408944,3331.9904697007455
7.428189796448544,125.3029799877444,10.185925843251336,0.0003147518217936,4.962704098360656,4.9627040983604545,1811.3869959015658,2763.16988518519,230.26415709876585
7.397630719554027,125.31165652813272,24.77794238993984,0.0007016738827979,4.962704098360656,4.9627040983604545,1811.3869959015658,6721.594608318998,560.1328840265832
6.988226246234546,125.38213489882472,88.37130218586438,0.0023566974918254,5.225479234972678,5.225479234972666,1907.2999207650232,25242.13450991248,2103.5112091593733
7.544463564540705,125.36259446390392,15.589343822209786,0.0003467495660574,4.962704098360656,4.9627040983604545,1811.3869959015658,4228.973000806577,352.4144167338814
7.517882728339191,125.41477550469077,37.28312676679267,0.0010967076645023,4.962704098360656,4.9627040983604545,1811.3869959015658,10113.917447749616,842.8264539791347
7.292030485073729,125.46154634193596,111.59096461573871,0.0016298848461594,4.962704098360656,4.9627040983604545,1811.3869959015658,30271.651063439516,2522.63758861996
7.267197153827352,125.26929987882984,245.1014509897109,0.0046835111354882,4.962704098360656,4.9627040983604545,1811.3869959015658,66489.48349046525,5540.790290872104
7.211095514190159,125.34244068873409,50.52823314053546,0.0016309803483133,4.962704098360656,4.9627040983604545,1811.3869959015658,13706.961381232475,1142.246781769373
6.965605361758842,125.47517568876346,3456.0086739320827,0.0523542216339048,5.225479234972678,5.225479234972666,1907.2999207650232,987164.7656762953,82263.73047302461
7.163682695429262,125.24512085850144,26.520992778625683,0.0010748259005004,4.962704098360656,4.9627040983604545,1811.3869959015658,7194.437668095261,599.5364723412717
7.202652837878964,125.3717466108046,41.53370271044872,0.0009563471840068,4.962704098360656,4.9627040983604545,1811.3869959015658,11266.985281046742,938.9154400872285
7.117140182046814,125.54601467195916,10.357499693799664,0.0002824069747098,4.962704098360656,4.9627040983604545,1811.3869959015658,2809.7132926491777,234.14277438743147
7.375102948669351,125.43833838209407,50.567417385355455,0.0013605561871751,4.962704098360656,4.9627040983604545,1811.3869959015658,13717.591021279586,1143.1325851066322
7.091305091384791,125.38248894172636,53.13200538114455,0.001715898024281,4.962704098360656,4.9627040983604545,1811.3869959015658,14413.295312369331,1201.1079426974443
7.275142494601084,125.30717683832422,278.8680763782784,0.0059457066373996,4.962704098360656,4.9627040983604545,1811.3869959015658,75649.46794684502,6304.122328903752
7.232706582835163,125.48800493424656,516.8187276621609,0.0071729906968011,4.962704098360656,4.9627040983604545,1811.3869959015658,140199.1302854385,11683.260857119874
7.1371979002764485,125.3483100712692,30.773929962237844,0.0010435316432225,4.962704098360656,4.9627040983604545,1811.3869959015658,8348.146042786348,695.6788368988623
7.403652523159249,125.43671169705598,73.35406427475853,0.0010229822571124,4.962704098360656,4.9627040983604545,1811.3869959015658,19899.000295024067,1658.250024585339
7.533854097830857,125.50389588708296,31.01548990284636,0.000830347849649,4.962704098360656,4.9627040983604545,1811.3869959015658,8413.674809010265,701.139567417522
7.183303014985466,125.24971985630488,26.520992778625683,0.0010748259005004,4.962704098360656,4.9627040983604545,1811.3869959015658,7194.437668095261,599.5364723412717
7.42973847023748,125.27866152318764,17.133473813376416,0.0004616652857443,4.962704098360656,4.9627040983604545,1811.3869959015658,4647.854264627067,387.32118871892226
7.351301095518248,125.28270804507552,152.45941267703455,0.0039820379932422,4.962704098360656,4.9627040983604545,1811.3869959015658,41358.17050948938,3446.5142091241146
7.038986721642727,125.33568711335568,37.64164548447054,0.000933481272049,4.962704098360656,4.9627040983604545,1811.3869959015658,10211.174009323646,850.9311674436372
7.122859477126151,125.59220495135926,173.3860434152368,0.0053789917482166,4.962704098360656,4.9627040983604545,1811.3869959015658,47035.00703314248,3919.58391942854
7.168385454685324,125.4602666621544,126.12527057364528,0.0028004252673569,4.962704098360656,4.9627040983604545,1811.3869959015658,34214.42044375693,2851.201703646411
7.189089326922614,125.2893991541755,95.89604120293568,0.0017573702376873,4.962704098360656,4.9627040983604545,1811.3869959015658,26014.037136937342,2167.836428078112
7.313161825147378,125.3501099939341,18.515486281068863,0.0005108238059179,4.962704098360656,4.9627040983604545,1811.3869959015658,5022.757370190941,418.56311418257843
7.179453038766608,125.3183117731226,320.7440734088234,0.0043956536445001,4.962704098360656,4.9627040983604545,1811.3869959015658,87009.30854332555,7250.775711943796
7.2290544241064705,125.44680889897964,45.9251315914422,0.0015497529625129,4.962704098360656,4.9627040983604545,1811.3869959015658,12458.262757795033,1038.1885631495861
7.18368049230032,125.23459819054564,26.520992778625683,0.0010748259005004,4.962704098360656,4.9627040983604545,1811.3869959015658,7194.437668095261,599.5364723412717
7.041471081346344,125.56233130199148,20.953287817923307,0.0004997554520254,4.962704098360656,4.9627040983604545,1811.3869959015658,5684.067878077402,473.67232317311687
6.9926649627201565,125.31113049825176,41.97783797054488,0.0012318626912616,5.225479234972678,5.225479234972666,1907.2999207650232,11990.433616777662,999.2028013981385
6.981950946895382,125.4724255285111,82.8325660050715,0.0011567144908285,5.225479234972678,5.225479234972666,1907.2999207650232,23660.06521555669,1971.6721012963908
7.5573108962170945,125.4606373016993,78.81533502212338,0.0024542845998686,4.962704098360656,4.9627040983604545,1811.3869959015658,21380.497323000123,1781.7081102500103
7.19216351801025,125.27795684373748,95.89604120293568,0.0017573702376873,4.962704098360656,4.9627040983604545,1811.3869959015658,26014.037136937342,2167.836428078112
7.30114264453434,125.3247131650574,74.57547401262664,0.0021326726255488,4.962704098360656,4.9627040983604545,1811.3869959015658,20230.33616542854,1685.861347119045
7.268302096464895,125.3990677016909,125.78261062602778,0.004607693101914,4.962704098360656,4.9627040983604545,1811.3869959015658,34121.46594333288,2843.45549527774
7.134209422933087,125.58361869313624,688.6114470070805,0.0105249021292896,4.962704098360656,4.9627040983604545,1811.3869959015658,186801.91101375688,15566.825917813074
7.173925185532301,125.47536626787657,755.1485917213112,0.0095279007809457,4.962704098360656,4.9627040983604545,1811.3869959015658,204851.66293124043,17070.971910936703
7.426816499877388,125.29920220745755,10.185925843251336,0.0003147518217936,4.962704098360656,4.9627040983604545,1811.3869959015658,2763.16988518519,230.26415709876585
7.217006544170934,125.48968908623188,171.0762639781715,0.0065932354817523,4.962704098360656,4.9627040983604545,1811.3869959015658,46408.425504851904,3867.368792070992
7.064093777167779,125.34707934640562,21.97482359879272,0.0002990066762903,4.962704098360656,4.9627040983604545,1811.3869959015658,5961.183277283618,496.76527310696815
7.081601043536248,125.40585283139202,170.3466013005303,0.0045480820101322,4.962704098360656,4.9627040983604545,1811.3869959015658,46210.487490357365,3850.8739575297805
7.0222174963438375,125.50321418281474,434.0922822774718,0.0131553329345541,4.962704098360656,4.9627040983604545,1811.3869959015658,117757.65308316336,9813.13775693028
7.388521462932612,125.3470459735976,36.94326946917393,0.0008701475668533,4.962704098360656,4.9627040983604545,1811.3869959015658,10021.723231485737,835.1436026238115
7.229985280142927,125.40873529756306,37.42410011916514,0.000519546665552,4.962704098360656,4.9627040983604545,1811.3869959015658,10152.159756586694,846.0133130488912
7.007570493228167,125.4885999650114,99.04394742820726,0.0031113121448539,4.962704098360656,4.9627040983604545,1811.3869959015658,26867.98009871734,2238.9983415597785
7.445001825504491,125.54335479431796,24.755571283619545,0.0007740241978547,4.962704098360656,4.9627040983604545,1811.3869959015658,6715.525924113579,559.6271603427982
7.072886474064824,125.541690020019,136.5761099836842,0.0043750394187109,4.962704098360656,4.9627040983604545,1811.3869959015658,37049.454310792076,3087.45452589934
7.474630222414669,125.43262766840074,228.469823808251,0.0045471871856744,4.962704098360656,4.9627040983604545,1811.3869959015658,61977.766826055646,5164.813902171304
7.110379124211661,125.63310185629813,73.5263518973318,0.0020501565271847,4.962704098360656,4.9627040983604545,1811.3869959015658,19945.73732979249,1662.1447774827075
7.058260629519026,125.5034168051922,252.1997132801012,0.0063617298260633,4.962704098360656,4.9627040983604545,1811.3869959015658,68415.05264341045,5701.254386950871
7.10633704009654,125.56608805160272,49.28996295495029,0.0016456304575626,4.962704098360656,4.9627040983604545,1811.3869959015658,13371.051721258014,1114.2543101048345
7.384457443392297,125.513053049534,79.28336425001972,0.0021355859187256,4.962704098360656,4.9627040983604545,1811.3869959015658,21507.461163873406,1792.2884303227838
7.4881113232890755,125.37510700664436,29.06669669094895,0.0008752358425764,4.962704098360656,4.9627040983604545,1811.3869959015658,7885.019211234049,657.0849342695041
7.439721446112554,125.376243719971,48.59890258313088,0.0015324012820986,4.962704098360656,4.9627040983604545,1811.3869959015658,13183.585482288543,1098.6321235240453
7.341171755325316,125.48592520881309,28.43458578486037,0.0007305376062612,4.962704098360656,4.9627040983604545,1811.3869959015658,7713.544389339648,642.795365778304
7.346129917620556,125.44656631671016,66.98530784666394,0.0019304330057954,4.962704098360656,4.9627040983604545,1811.3869959015658,18171.326616754548,1514.277218062879
7.221790443731539,125.28265215976393,147.36915610097228,0.0041348951143569,4.962704098360656,4.9627040983604545,1811.3869959015658,39977.31972623338,3331.443310519448
7.138161855262202,125.30280390346164,38.61756338142857,0.0010162562884047,4.962704098360656,4.9627040983604545,1811.3869959015658,10475.914493869224,872.9928744891021
7.468422824843459,125.22893139638197,165.75069324833808,0.0044604838167378,4.962704098360656,4.9627040983604545,1811.3869959015658,44963.74027068155,3746.978355890129
7.216079124977479,125.4018505508138,191.93724009530672,0.0043606948181437,4.962704098360656,4.9627040983604545,1811.3869959015658,52067.451681704195,4338.954306808683
7.435475944232953,125.5245627236196,16.170153829500634,0.0004301305260398,4.962704098360656,4.9627040983604545,1811.3869959015658,4386.5312577443665,365.5442714786972
7.325174215873399,125.2608507770538,69.58041270433492,0.0016482590098712,4.962704098360656,4.9627040983604545,1811.3869959015658,18875.309318176354,1572.942443181363
7.009221905435876,125.40468965435709,168.1562301261445,0.0008363996927907,4.962704098360656,4.9627040983604545,1811.3869959015658,45616.29823750211,3801.358186458509
7.431184440746404,125.52843047516993,24.42101144243497,0.0008171841591059,4.962704098360656,4.9627040983604545,1811.3869959015658,6624.768766425645,552.0640638688037
7.4073048902064835,125.30113184241712,102.15393176861092,0.0038075740712204,4.962704098360656,4.9627040983604545,1811.3869959015658,27711.635865021042,2309.3029887517537
7.0454602763509495,125.30346373428536,21.97482359879272,0.0002990066762903,4.962704098360656,4.9627040983604545,1811.3869959015658,5961.183277283618,496.76527310696815
7.345361667900773,125.28826787629713,43.98844146938451,0.0011998915087905,4.962704098360656,4.9627040983604545,1811.3869959015658,11932.890405339613,994.4075337783011
7.053609784039533,125.4050973622051,251.92004597557752,0.0046588568395913,4.962704098360656,4.9627040983604545,1811.3869959015658,68339.18636619396,5694.932197182829
7.344321766389859,125.28252873584604,152.45941267703455,0.0039820379932422,4.962704098360656,4.9627040983604545,1811.3869959015658,41358.17050948938,3446.5142091241146
7.07588610940546,125.4799840434316,76.4036574117435,0.0017855039385916,4.962704098360656,4.9627040983604545,1811.3869959015658,20726.27353928858,1727.1894616073816
7.090597603851318,125.3390349301499,13.16774281315348,0.0003631945178157,4.962704098360656,4.9627040983604545,1811.3869959015658,3572.0572638250683,297.671438652089
7.207872643169491,125.32018953377914,299.9972938276951,0.0076708839496766,4.962704098360656,4.9627040983604545,1811.3869959015658,81381.26083952936,6781.771736627447
7.220080010898292,125.26091539197633,31.59146477905393,0.0007891559891741,4.962704098360656,4.9627040983604545,1811.3869959015658,8569.92142390335,714.1601186586125
7.377369412508134,125.411121328697,30.79485629644041,0.0008605678075999,4.962704098360656,4.9627040983604545,1811.3869959015658,8353.822798867795,696.1518999056497
7.524436672957388,125.48111154124504,16.385285429165638,0.0004484718079086,4.962704098360656,4.9627040983604545,1811.3869959015658,4444.89072027078,370.40756002256495
7.275015634537776,125.30008211973644,21.970984537465007,0.0005418021225058,4.962704098360656,4.9627040983604545,1811.3869959015658,5960.141842384977,496.67848686541475
6.9722384598628695,125.52181406951593,32.85513668180215,0.0008671202870562,5.225479234972678,5.225479234972666,1907.2999207650232,9384.650434587205,782.0542028822671
7.055571179307634,125.4572503111948,97.71011264739828,0.0016641978950971,4.962704098360656,4.9627040983604545,1811.3869959015658,26506.14631405594,2208.8455261713284
6.979634070699743,125.59020570905656,93.6977182187686,0.0019350231111333,5.225479234972678,5.225479234972666,1907.2999207650232,26763.557264049836,2230.2964386708195
7.115181408680667,125.57824681633409,140.08718293998282,0.0041692173414988,4.962704098360656,4.9627040983604545,1811.3869959015658,38001.9147161425,3166.8262263452084
7.0339979572658216,125.40636142508374,321.01479834230906,0.0062319331334443,4.962704098360656,4.9627040983604545,1811.3869959015658,87082.74899389311,7256.895749491093
7.152897116793897,125.33216477307072,38.61756338142857,0.0010162562884047,4.962704098360656,4.9627040983604545,1811.3869959015658,10475.914493869224,872.9928744891021
7.069912863181446,125.37079467896976,36.99745728818641,0.0010034805693411,4.962704098360656,4.9627040983604545,1811.3869959015658,10036.422940863493,836.368578405291
7.179977007888093,125.59354935901024,313.2680062430233,0.0174813471123334,4.962704098360656,4.9627040983604545,1811.3869959015658,84981.2510088357,7081.770917402974
7.484662969960508,125.41270416584372,228.469823808251,0.0045471871856744,4.962704098360656,4.9627040983604545,1811.3869959015658,61977.766826055646,5164.813902171304
7.108618626143562,125.43000146607694,26.33768217170764,0.0008798787272872,4.962704098360656,4.9627040983604545,1811.3869959015658,7144.710391805836,595.3925326504863
7.281470247293757,125.3943425947564,108.80143037031291,0.0016165327138515,4.962704098360656,4.9627040983604545,1811.3869959015658,29514.924857175192,2459.577071431266
7.219685314106114,125.51525463595,216.2159623241372,0.0055107214089996,4.962704098360656,4.9627040983604545,1811.3869959015658,58653.62118125229,4887.801765104357
7.127663326961085,125.42444669233554,745.278045225251,0.0141509496121153,4.962704098360656,4.9627040983604545,1811.3869959015658,202174.04704752538,16847.83725396045
7.098765023993827,125.47434594915453,74.36779291773206,0.0015450173088505,4.962704098360656,4.9627040983604545,1811.3869959015658,20173.997826040846,1681.166485503404
7.44159717795534,125.41436288751302,228.469823808251,0.0045471871856744,4.962704098360656,4.9627040983604545,1811.3869959015658,61977.766826055646,5164.813902171304
7.179984490547705,125.22094737048204,26.520992778625683,0.0010748259005004,4.962704098360656,4.9627040983604545,1811.3869959015658,7194.437668095261,599.5364723412717
7.261383434665117,125.42876158737396,31.64444489262155,0.0005680552598211,4.962704098360656,4.9627040983604545,1811.3869959015658,8584.293515019715,715.3577929183097
7.18395385783567,125.39983963575348,337.04623202851417,0.0048078546224883,4.962704098360656,4.9627040983604545,1811.3869959015658,91431.6491782995,7619.304098191625
7.138907632097107,125.5103966679045,34.910848047827656,0.0010328095764821,4.962704098360656,4.9627040983604545,1811.3869959015658,9470.381531978852,789.1984609982377
7.562667424698612,125.42730380115178,27.15941956024919,0.0007781089972311,4.962704098360656,4.9627040983604545,1811.3869959015658,7367.62581849266,613.9688182077217
7.453153381323628,125.250662020811,40.74935278858621,0.0012725246800196,4.962704098360656,4.9627040983604545,1811.3869959015658,11054.212076441703,921.1843397034753
7.426046447318685,125.2431509968211,55.99150850026849,0.0015550120067481,4.962704098360656,4.9627040983604545,1811.3869959015658,15189.002207053958,1265.7501839211632
7.0587754375475935,125.43275555324736,111.43517414557112,0.0039189648908366,4.962704098360656,4.9627040983604545,1811.3869959015658,30229.389265917096,2519.115772159758
7.281746819215065,125.35913524293083,97.53500742968475,0.0019866644148867,4.962704098360656,4.9627040983604545,1811.3869959015658,26458.64494090925,2204.887078409104
7.197952828696781,125.44527937870296,39.89349420330759,0.0010709074324843,4.962704098360656,4.9627040983604545,1811.3869959015658,10822.040479552852,901.8367066294044
7.37879355537621,125.5404438553301,154.87785896198727,0.0031693650337815,4.962704098360656,4.9627040983604545,1811.3869959015658,42014.23045400065,3501.185871166721
7.199955582407341,125.33450428534476,88.4937482664939,0.0020904184151833,4.962704098360656,4.9627040983604545,1811.3869959015658,24005.992582318228,2000.4993818598523
7.064956836210872,125.39439999190913,18.035296290100035,0.00084270116429,4.962704098360656,4.9627040983604545,1811.3869959015658,4892.494638787735,407.7078865656446
7.16366485482371,125.46002257016129,126.12527057364528,0.0028004252673569,4.962704098360656,4.9627040983604545,1811.3869959015658,34214.42044375693,2851.201703646411
7.209665170260742,125.6329105099177,51.85875471018159,0.0016485477072046,4.962704098360656,4.9627040983604545,1811.3869959015658,14067.896380113441,1172.3246983427869
6.992935184021618,125.61443294960188,93.6977182187686,0.0019350231111333,5.225479234972678,5.225479234972666,1907.2999207650232,26763.557264049836,2230.2964386708195
7.006991558743688,125.36057070014807,117.77483059295014,0.0024869388802586,4.962704098360656,4.9627040983604545,1811.3869959015658,31949.168895907635,2662.430741325636
7.326183059928092,125.47297692937666,51.68702931519778,0.0020811865200162,4.962704098360656,4.9627040983604545,1811.3869959015658,14021.311862687842,1168.4426552239868
7.493142957360394,125.52390953976986,66.53609103520931,0.002308130568991,4.962704098360656,4.9627040983604545,1811.3869959015658,18049.466082480903,1504.1221735400752
7.442476010998848,125.50386128389206,16.170153829500634,0.0004301305260398,4.962704098360656,4.9627040983604545,1811.3869959015658,4386.5312577443665,365.5442714786972
7.2073237870395985,125.2328900777197,17.580052938865563,0.000486361873664,4.962704098360656,4.9627040983604545,1811.3869959015658,4768.9992650809545,397.4166054234129
7.073474582350435,125.6406251818201,47.88503479101939,0.0008261190363478,4.962704098360656,4.9627040983604545,1811.3869959015658,12989.932198775488,1082.4943498979574
7.193587788915143,125.2853781885824,95.89604120293568,0.0017573702376873,4.962704098360656,4.9627040983604545,1811.3869959015658,26014.037136937342,2167.836428078112
7.562527827519106,125.42295530603516,27.15941956024919,0.0007781089972311,4.962704098360656,4.9627040983604545,1811.3869959015658,7367.62581849266,613.9688182077217
7.116044451429648,125.63660092463948,98.76543820026032,0.0035184817900691,4.962704098360656,4.9627040983604545,1811.3869959015658,26792.427976774583,2232.702331397882
6.975513535236089,125.45210044354803,382.791754396372,0.0154851611431154,5.225479234972678,5.225479234972666,1907.2999207650232,109339.57874057659,9111.631561714716
7.312057330237865,125.2743260052392,61.96126494385293,0.0020359941126127,4.962704098360656,4.9627040983604545,1811.3869959015658,16808.437836239475,1400.7031530199563
6.97714878113177,125.55139895888588,133.83919514728333,0.0038133544894408,5.225479234972678,5.225479234972666,1907.2999207650232,38229.45778823828,3185.7881490198565
7.400624057080591,125.43280955200964,73.35406427475853,0.0010229822571124,4.962704098360656,4.9627040983604545,1811.3869959015658,19899.000295024067,1658.250024585339
7.150584875438256,125.64430921712956,79.36803117975133,0.0023538773664137,4.962704098360656,4.9627040983604545,1811.3869959015658,21530.4290427001,1794.2024202250084
7.210798356276623,125.52963824209463,298.0492493960961,0.003288152682521,4.962704098360656,4.9627040983604545,1811.3869959015658,80852.80836586804,6737.734030489003
7.271583813274149,125.6533681304208,66.35522711210022,0.0018180192691787,4.962704098360656,4.9627040983604545,1811.3869959015658,18000.402526222777,1500.033543851898
7.552277109223942,125.37896268017629,25.99833176436132,0.0008135076350871,4.962704098360656,4.9627040983604545,1811.3869959015658,7052.653681347264,587.721140112272
7.532723701053392,125.40860506633216,27.15941956024919,0.0007781089972311,4.962704098360656,4.9627040983604545,1811.3869959015658,7367.62581849266,613.9688182077217
7.143844022043549,125.4393765143396,648.2735744246891,0.0223354185169184,4.962704098360656,4.9627040983604545,1811.3869959015658,175859.32253752628,14654.943544793858
6.985055792366673,125.39048123305872,88.37130218586438,0.0023566974918254,5.225479234972678,5.225479234972666,1907.2999207650232,25242.13450991248,2103.5112091593733
7.35072365292412,125.39256846048802,36.74070851671803,0.000941387546809,4.962704098360656,4.9627040983604545,1811.3869959015658,9966.773850118369,830.5644875098641
6.998775422109763,125.36511305709304,41.97783797054488,0.0012318626912616,5.225479234972678,5.225479234972666,1907.2999207650232,11990.433616777662,999.2028013981385
7.221682884122467,125.34459500595835,201.10272402579864,0.0065956523190665,4.962704098360656,4.9627040983604545,1811.3869959015658,54553.80290491319,4546.150242076099
7.33369275997968,125.26037043690027,69.58041270433492,0.0016482590098712,4.962704098360656,4.9627040983604545,1811.3869959015658,18875.309318176354,1572.942443181363
7.467923580215941,125.44692331948885,40.587195528924525,0.0010071933441667,4.962704098360656,4.9627040983604545,1811.3869959015658,11010.223138817719,917.5185949014766
7.347993625131233,125.31115312761148,218.55275063508228,0.0062253102455691,4.962704098360656,4.9627040983604545,1811.3869959015658,59287.529496335315,4940.627458027943
7.343474743543703,125.38959917582189,49.797903775064064,0.0013577269061239,4.962704098360656,4.9627040983604545,1811.3869959015658,13508.842512119169,1125.7368760099307
7.18166005694025,125.54159254057834,2863.8242348888098,0.0246988608509281,4.962704098360656,4.9627040983604545,1811.3869959015658,776879.0980891711,64739.92484076426
7.165173115094855,125.32130050731756,320.7440734088234,0.0043956536445001,4.962704098360656,4.9627040983604545,1811.3869959015658,87009.30854332555,7250.775711943796
7.395896575268389,125.53602758825092,41.75787364302702,0.0010160249103445,4.962704098360656,4.9627040983604545,1811.3869959015658,11327.796873391548,943.9830727826289
7.038405894304075,125.5731294816778,98.37749573931232,0.0029760028938399,4.962704098360656,4.9627040983604545,1811.3869959015658,26687.189538779636,2223.93246156497
7.1742087941067725,125.23222240799302,26.520992778625683,0.0010748259005004,4.962704098360656,4.9627040983604545,1811.3869959015658,7194.437668095261,599.5364723412717
7.190461160060676,125.44142793843976,257.5838428017855,0.0042670034178395,4.962704098360656,4.9627040983604545,1811.3869959015658,69875.62331525679,5822.968609604733
7.4888495110238,125.34531027558096,166.89018722077623,0.0031457297320727,4.962704098360656,4.9627040983604545,1811.3869959015658,45272.854579723695,3772.7378816436412
7.231956865176058,125.4701687136959,27.54978111013737,0.000753486352254,4.962704098360656,4.9627040983604545,1811.3869959015658,7473.520490767335,622.7933742306112
7.307966458271326,125.53516703711358,43.417641851746616,0.0008982521326992,4.962704098360656,4.9627040983604545,1811.3869959015658,11778.047700002498,981.5039750002082
7.345929432938529,125.32431435838475,218.55275063508228,0.0062253102455691,4.962704098360656,4.9627040983604545,1811.3869959015658,59287.529496335315,4940.627458027943
7.207978871554048,125.43898825392289,123.2630510541494,0.0038975663500717,4.962704098360656,4.9627040983604545,1811.3869959015658,33437.97666213444,2786.49805517787
7.294120486620025,125.3682800355887,314.3679161505846,0.0131917261566987,4.962704098360656,4.9627040983604545,1811.3869959015658,85279.6272173179,7106.6356014431585
7.421729762126502,125.44797871239096,100.2659098210938,0.0037804248399335,4.962704098360656,4.9627040983604545,1811.3869959015658,27199.46588968154,2266.622157473462
7.247933550617986,125.3142413741856,347.36713180964165,0.0050386734571464,4.962704098360656,4.9627040983604545,1811.3869959015658,94231.43389125423,7852.619490937853
7.204045708759525,125.60663342863684,1904.193789601532,0.0579416983390479,4.962704098360656,4.9627040983604545,1811.3869959015658,516556.964575752,43046.413714646
7.264454076331896,125.4562743047936,269.653502765591,0.008338010236714,4.962704098360656,4.9627040983604545,1811.3869959015658,73149.80000274064,6095.8166668950535
7.505518560447943,125.42557830045736,37.28312676679267,0.0010967076645023,4.962704098360656,4.9627040983604545,1811.3869959015658,10113.917447749616,842.8264539791347
7.324955780950633,125.2920624765886,80.20288985798338,0.0026223878919752,4.962704098360656,4.9627040983604545,1811.3869959015658,21756.90392515811,1813.075327096509
7.509149697547327,125.51427490114344,43.92260725760191,0.0005931592644614,4.962704098360656,4.9627040983604545,1811.3869959015658,11915.031340369775,992.9192783641479
7.182745695232745,125.63588582800284,100.20495238526875,0.0030332228383948,4.962704098360656,4.9627040983604545,1811.3869959015658,27182.929763899563,2265.2441469916303
7.352591760530935,125.34094448524466,218.55275063508228,0.0062253102455691,4.962704098360656,4.9627040983604545,1811.3869959015658,59287.529496335315,4940.627458027943
7.378158406285527,125.35274593268868,28.80866087216612,0.00079827401832,4.962704098360656,4.9627040983604545,1811.3869959015658,7815.020978895433,651.251748241286
7.433126712254197,125.26250341380349,55.99150850026849,0.0015550120067481,4.962704098360656,4.9627040983604545,1811.3869959015658,15189.002207053958,1265.7501839211632
7.337715222545508,125.41893869736192,197.47863461585573,0.0065081518194205,4.962704098360656,4.9627040983604545,1811.3869959015658,53570.68415136291,4464.223679280242
7.362362938153201,125.45547074382252,181.765845776919,0.0078582138041912,4.962704098360656,4.9627040983604545,1811.3869959015658,49308.22381146265,4109.018650955221
7.050932195277828,125.36898721715475,41.49012457509043,0.0010834427352919,4.962704098360656,4.9627040983604545,1811.3869959015658,11255.163695740941,937.9303079784117
7.569403716715418,125.4264248656108,27.15941956024919,0.0007781089972311,4.962704098360656,4.9627040983604545,1811.3869959015658,7367.62581849266,613.9688182077217
7.395224111545611,125.32684266188885,33.457912034176864,0.0008916528932125,4.962704098360656,4.9627040983604545,1811.3869959015658,9076.238760884478,756.3532300737065
7.422676046342768,125.24149718334348,162.02311043634774,0.0041782574424278,4.962704098360656,4.9627040983604545,1811.3869959015658,43952.546518721356,3662.7122098934465
7.249508093507129,125.33194714703924,290.6467041018037,0.0062750665158749,4.962704098360656,4.9627040983604545,1811.3869959015658,78844.69535329782,6570.3912794414855
7.029509015425564,125.3939673696527,191.5258912455848,0.0024629630574937,4.962704098360656,4.9627040983604545,1811.3869959015658,51955.86371499911,4329.65530958326
7.183645375945408,125.38333403382134,513.6116033893229,0.0063907758707021,4.962704098360656,4.9627040983604545,1811.3869959015658,139329.12304749817,11610.76025395818
7.550206574208316,125.44301363183816,17.414719677638455,0.000471773646644,4.962704098360656,4.9627040983604545,1811.3869959015658,4724.148762979089,393.67906358159075
7.026068139818537,125.43895626078498,169.56543518817634,0.0043704846041026,4.962704098360656,4.9627040983604545,1811.3869959015658,45998.577968316844,3833.2148306930703
7.220926784339503,125.3279739809413,299.9972938276951,0.0076708839496766,4.962704098360656,4.9627040983604545,1811.3869959015658,81381.26083952936,6781.771736627447
