lat,lon,rooftop_area_sq_m,ada_solar_kWh_yr,fi_solar_kWh_yr,difference_kWh_yr
7.248773334197735,125.27903570570392,359.0068693872487,94880.05097613414,94874.04136619982,6.009609934320906
7.558221686545727,125.3954277223372,20.60223821544115,5461.829356337253,5461.747637588788,0.0817187484644819
7.490662726623403,125.52639135686697,51.31255970312841,13598.363542845791,13598.504537328701,-0.14099448291017325
7.103820406023459,125.43025461395166,113.87990838826556,30113.561081904303,30111.930389750978,1.6306921533250716
6.997664387634351,125.48357229485627,596.367161430808,165816.78356761968,165816.78356761968,0.0
7.186504202839463,125.58117279955552,47.6564254232504,12612.3050434482,12611.489727445945,0.8153160022538941
7.082643948792924,125.59090669331697,137.70698187202484,36416.24878385481,36414.81334372933,1.4354401254822733
6.9846639385362606,125.44143261351788,32.61622265509294,9135.257854251538,9135.257854251538,0.0
7.399907576157733,125.29158971069036,75.21923680384404,19909.036746107613,19907.205200476626,1.8315456309865112
7.196854508822866,125.37385872374392,41.533702710448715,10988.252684036035,10989.281010651861,-1.0283266158257902
7.079287320160814,125.44279219402182,518.345358098301,137501.75383562772,137513.56154784653,-11.807712218811503
7.265220151509025,125.27990276577052,245.10145098971097,64782.16625933761,64775.535212561546,6.631046776063158
7.391310354866042,125.32641836838724,33.45791203407133,8856.203901199371,8856.157987186889,0.04591401248217153
7.497104383111493,125.42725120945578,37.28312676679267,9871.753716146957,9872.38569521518,-0.6319790682227904
7.159118166085504,125.55344092355652,160.15790141908525,42377.635764225925,42378.32914873102,-0.6933845050953096
7.143503109561855,125.40342766053098,188.9363418195865,49902.03422531067,49897.48784425216,4.5463810585133615
7.046990719238615,125.5449185816956,323.59515983205256,86179.9347709374,86177.35352593055,2.581245006847894
7.325655051654223,125.43768920734604,107.79388560233394,28588.922731666702,28585.881236393398,3.041495273304463
7.262226399300142,125.53815976464182,19.918625957029217,5274.583107299904,5274.579009441088,0.004097858816749067
7.453140947295389,125.48868069323504,36.67297216167149,9708.043425367896,9708.039012792622,0.00441257527381822
7.3158061874708435,125.52200452959624,41.834990822248855,11084.718444607732,11083.199911228192,1.5185333795398037
7.153650911684933,125.48578919639068,102.677355956358,27164.313920447148,27166.051132591136,-1.7372121439875627
7.221583493063817,125.32050742408748,299.9972938276951,79402.5345397638,79396.01545532307,6.5190844407334225
7.108173117168197,125.62688626210678,160.35495915208423,42491.71107646749,42492.2937042711,-0.5826278036111034
7.38618027587731,125.35840037084992,67.52187915695609,17869.318792181857,17867.833134897293,1.4856572845637857
7.465417669433643,125.48474605714004,36.67297216167149,9708.043425367896,9708.039012792622,0.00441257527381822
7.220192224917745,125.5361984682935,65.76990107201334,17405.025570621794,17403.66799600096,1.357574620833475
7.064672687297201,125.60799823013475,147.24808239261617,39019.37872264601,39022.682324048284,-3.3036014022727613
7.281680519504176,125.2949384322768,21.970984537465007,5813.808656694444,5813.422187205086,0.38646948935820546
7.408528483420609,125.29064135001028,75.21923680384404,19909.036746107613,19907.205200476626,1.8315456309865112
7.2037151064390255,125.43156972054037,40.12640376002892,10632.098327716401,10630.710142545262,1.388185171139412
7.365631377053318,125.36219802158432,97.92496444560784,25924.46635440151,25923.15167015284,1.3146842486676178
7.013145711484006,125.39111829637169,64.36054177089046,17027.79888301336,17027.387870492996,0.4110125203660573
7.133053544382094,125.43310695489576,745.278045225251,196990.1137066096,196983.31281455557,6.800892054045107
7.087661764666154,125.4361835024673,518.345358098301,137501.75383562772,137513.56154784653,-11.807712218811503
7.332461638237423,125.36432963123856,81.30777061390162,21527.992440361784,21527.35195363598,0.6404867258024751
7.512652890102147,125.30237275095234,90.52395806752692,23947.7968835219,23948.242210446428,-0.44532692452776246
7.363699674171508,125.42482495889944,79.77004861311306,21096.531665142917,21096.204392778054,0.3272723648624378
7.378339849778367,125.49772688772568,36.35739738907891,9611.233717062436,9610.69026066541,0.5434563970266026
7.226311660273814,125.25809179908508,31.59146477856737,8360.696707139592,8359.879290082297,0.8174170572947332
7.050090344057619,125.37579432910172,41.49012457509043,10983.379252540752,10983.759967594544,-0.38071505379230075
7.337934388066858,125.26718441148688,69.58041270400645,18407.867930098622,18407.82046975371,0.047460344911087304
7.181530879169899,125.49627041714704,126.35360338031676,33388.944692255645,33387.22135550449,1.7233367511580582
6.971022736600116,125.50099658791169,330.35538115122387,92226.01819821548,92226.57092277035,-0.5527245548728388
7.009949809088617,125.59299379355376,93.6977182187686,24774.707836505073,24775.70561542686,-0.9977789217882673
7.274965259432886,125.45099460344996,227.32068153255776,60169.985773269116,60169.08629420733,0.8994790617871331
7.129632899226583,125.44467875312148,215.50497010043847,56997.8063650607,56998.17104656744,-0.3646815067404532
7.294430318088792,125.37661338689108,49.59516889693918,13127.317671882456,13126.408512637932,0.9091592445238348
6.970248567780608,125.4280950897498,275.7084437077741,76921.42655310474,76920.88421994488,0.5423331598576624
7.316102880475513,125.28485589968156,15.134142288459191,4010.2977170200525,4010.3219222070343,-0.02420518698181695
7.392886310269201,125.26966528603036,63.70412972015328,16879.88717699965,16878.291925850903,1.5952511487485026
7.384560290560495,125.35247249769029,36.94326946917393,9772.070869625393,9772.987037875266,-0.9161682498724986
7.197154992117183,125.48370067596608,330.822849554324,87968.96832931503,87967.62578726502,1.342542050013435
7.290782724751993,125.35711699337482,97.53500742968475,25789.329333078276,25788.016862694527,1.3124703837493144
7.600841286114316,125.4262656942104,13.512882178045585,3576.1295798452206,3575.8176008046166,0.31197904060400106
7.161432251983169,125.4664378149014,126.1252705742164,33365.27424904007,33365.29610725558,-0.021858215506654233
7.017573764446071,125.39679924354638,168.1562301261445,44345.3700850005,44357.54959752406,-12.17951252356579
7.126699930513393,125.57575418989806,544.9435887028876,144219.2458742673,144207.1513320556,12.094542211707449
7.496087443343387,125.2764670990036,129.73503302808535,34344.73814527298,34343.86122734335,0.8769179296359653
7.072659578466829,125.29110762613549,109.35345841406912,28957.31913867797,28959.84592436398,-2.5267856860118627
7.524311471103976,125.50505752533208,16.385285428835015,4337.594643625609,4337.527603225731,0.06704039987835131
7.157791085834237,125.31180263711992,38.61756338142857,10222.059023786342,10222.071940751659,-0.012916965317344875
7.049683258466502,125.45774877468148,97.71011264804572,25824.640351770006,25822.565295781096,2.0750559889092983
7.396406135137736,125.28081435202374,60.863461394342,16095.222858629828,16094.677447323513,0.5454113063151453
7.285113674200836,125.27602326161784,12.603752069103884,3326.9902817534826,3327.1695760231773,-0.1792942696947648
7.478556367452937,125.31340498199772,40.82090922287595,10804.483218131076,10803.379454687105,1.10376344397082
7.214470252731038,125.66245332561284,3086.674337150231,818760.2958857263,818717.6296620473,42.666223679087125
7.273586225090844,125.361927814855,156.3450366379514,41368.75519397963,41363.457945978735,5.297248000897525
7.576967564492576,125.53550336731551,12.78623504042829,3395.1181675006555,3395.2280707879277,-0.10990328727211818
7.0249989908872505,125.52164808510253,157.65599567508514,41909.49902742582,41907.04184220891,2.4571852169101476
7.228459781733058,125.28489930756687,147.36915610097228,39021.62854833731,39021.20491154604,0.42363679126719944
7.465979715848068,125.44174943782176,40.587195528924525,10739.100864853852,10738.973940763506,0.12692409034571028
7.300989292970573,125.32916715818487,74.57547401262664,19745.98941395733,19747.57522068358,-1.5858067262488476
7.519879300871323,125.50823874204568,16.385285428835015,4337.594643625609,4337.527603225731,0.06704039987835131
7.224209714026545,125.50684374011684,74.86169947148692,19821.741467134787,19823.003998690216,-1.2625315554287226
7.2328560169594756,125.3970516652598,58.23637211843828,15417.040316449815,15417.539657820906,-0.49934137109084986
7.519717994783392,125.53025978450262,16.237048305852337,4288.856815485933,4288.727277992002,0.1295374939309113
7.117202389012064,125.43528213399632,161.70004948824075,42853.25616140981,42856.33175874826,-3.075597338451189
7.440808864021943,125.33109593728332,30.526032237199,8081.869376070958,8081.953781859204,-0.08440578824593103
7.024596687807385,125.60922043870312,22.98765503856812,6086.675377421287,6086.733627645272,-0.05825022398494184
7.491898610892649,125.2876971387306,129.73503302808535,34344.73814527298,34343.86122734335,0.8769179296359653
7.0496666488687065,125.3664293544172,37.64164548447054,9963.18830310044,9963.029120147894,0.1591829525459616
7.0559945497864565,125.35414453481748,36.99745728818641,9795.735277490574,9796.832607282655,-1.0973297920809273
7.211905864759913,125.54406442076792,205.58807591984188,54369.72023319983,54365.520677621425,4.199555578401487
7.28394202250772,125.37010139327684,49.59516889693918,13127.317671882456,13126.470104566637,0.8475673158191057
7.118207953875664,125.33113550836936,121.06535230974556,32115.071566168506,32117.410229275934,-2.3386631074281468
7.22660723641671,125.4915566507342,516.8187276621609,136490.07827034927,136489.06755506148,1.0107152877899352
7.198903578601364,125.24121449412716,26.520992778625683,7040.879974167084,7040.698908520706,0.18106564637764677
7.022254171877378,125.46878527121206,155.70995792561104,41251.05860048072,41250.110051225005,0.9485492557141697
6.989963312654428,125.61732082269752,93.6977182187686,26094.41174949963,26096.07586678954,-1.6641172899071535
7.020592040693964,125.66114848000154,69.88507999453897,18495.241621409317,18495.576079754068,-0.3344583447506011
7.043612702115508,125.59120062124693,138.0045421636097,36519.02406952504,36520.43529397838,-1.4112244533389458
7.290240803176632,125.47469161660378,111.5909646165022,29466.92292500743,29466.37577906393,0.5471459435029828
7.256836901939508,125.62888575849432,36141.5904138944,9564334.065639112,9563229.367078109,1104.6985610034317
7.371659959852268,125.40228194654452,29.39143371892187,7764.366846342717,7763.5543849863,0.8124613564168612
7.047001065391638,125.34538854658535,37.64164548447054,9963.18830310044,9963.075448016873,0.11285508356741047
7.227014488676151,125.44678318752725,58.72457276782728,15530.604238803799,15530.100227374975,0.5040114288240147
7.194939601915368,125.3291332016455,320.7440734088234,84710.66583588698,84711.3163555926,-0.6505197056249017
7.168945676962029,125.39331479827857,109.94008691454457,29099.789258344703,29098.92281391761,0.8664444270943932
7.401657811037658,125.39958398335082,75.94976107917395,20168.2836675584,20169.94108922573,-1.6574216673288902
7.268601563930007,125.65707480940576,20.782503075456344,5501.91980962296,5502.199750712863,-0.2799410899024224
7.30401973314737,125.37507492198714,23.725139459906288,6270.550608705297,6270.293694296998,0.2569144082990533
7.143391062929784,125.52114091399906,5.64402088630772,1489.0202170892742,1489.0776438635019,-0.057426774227678834
7.087688545942354,125.5700486243876,136.46447265746912,36112.62868291371,36109.16453071138,3.464152202330297
7.355301133694104,125.28094893781665,152.45941267805347,40335.661182206255,40337.97790411732,-2.3167219110619044
7.427623178389755,125.26320024908088,55.99150850026849,14823.432008726522,14823.762180718706,-0.33017199218375026
7.017952166465433,125.500593915596,215.29681161222956,57032.225392613174,57028.835362729056,3.390029884118121
7.067477841865201,125.51310664852925,76.01915307219426,20144.650277817866,20144.06617705494,0.5841007629242085
7.3280515747573185,125.48854376914365,27.198566895834844,7209.73383911484,7209.504292893489,0.22954622135057434
7.295703096054449,125.44107969773415,219.19005971782815,58116.067159470826,58120.52738223693,-4.460222766101651
7.345696185996057,125.4536299633577,212.1386902533137,55966.73204447179,55969.137502846366,-2.405458374574664
7.228131080043108,125.53310491037732,44.194675239022715,11692.537398908808,11692.758983097514,-0.22158418870640162
7.539774504811261,125.37760556962483,25.99833176436132,6883.885173125518,6883.901174776136,-0.016001650617909036
7.131944950216678,125.58330434781224,264.8470933596571,70233.67407646005,70234.70712598243,-1.0330495223752223
7.160464974433,125.39225946578432,264.3660497686353,69747.31961784032,69749.13410145514,-1.8144836148276227
7.240665287470926,125.66656107814092,54.05054681234236,14307.438597675326,14307.15756943386,0.28102824146481
7.430202080291199,125.40143320697162,48.59890258355836,12877.342319816238,12876.18979624472,1.1525235715180315
7.564311538052472,125.48280890127864,4.380242997535181,1159.5499062227138,1159.5343218466066,0.015584376107199205
7.5087030246235695,125.27441470998188,93.13951907140108,24617.76790586927,24617.558696852117,0.2092090171536256
7.035408108076139,125.52313426373952,155.69711791961208,41211.501313645575,41210.770408968005,0.7309046775699244
7.401887127059568,125.49972204860444,71.17008894187332,18840.095942840286,18840.21042234321,-0.1144795029249508
7.148070285726822,125.61345568652858,105.94625261414882,28051.600567242996,28052.252494393113,-0.6519271501165349
7.243530012611508,125.43751286054598,198.56259974943785,52612.18550926782,52605.29838931629,6.88711995153426
7.028046195545021,125.59230259449863,38.27753850905734,10125.058543473557,10126.374931521075,-1.3163880475185579
7.499844578871445,125.35375526817984,166.89018722154665,44104.0936836763,44101.3318827504,2.7618009259022074
7.37852070314425,125.53685609708006,154.87785896261636,40943.61577729134,40941.88952168734,1.726255604000471
7.460785959016997,125.28618573458242,290.222593503994,76608.23939041501,76613.67239654847,-5.433006133462186
6.9797004289828,125.53234030630716,133.83919514728333,37266.28589015395,37265.69099825884,0.5948918951107771
7.476839701069846,125.50819526942028,59.335253228909934,15711.57203153191,15711.695105045337,-0.12307351342678885
7.507972348643994,125.33200260529966,166.89018722154665,44104.0936836763,44101.3318827504,2.7618009259022074
7.476503244193131,125.24504067585416,272.1121025877507,71959.38520007321,71957.71672481198,1.668475261234562
7.283945110092818,125.27750579641182,12.603752069103884,3326.9902817534826,3327.1695760231773,-0.1792942696947648
7.057033623045751,125.62579661816046,69.88507999453897,18495.241621409317,18495.576079754068,-0.3344583447506011
7.081606421717034,125.56991813878273,75.96805968283698,20150.575093018055,20149.96820525614,0.6068877619145496
7.417352645850188,125.34744864695304,29.79329351753754,7886.916269810636,7887.628374460983,-0.7121046503471007
7.068670830928869,125.55790754852214,205.61730319146756,54472.633197140814,54471.38062381472,1.252573326091806
7.050484034885418,125.49212282051172,654.0001483737627,173111.77874801445,173107.94854975183,3.830198262614431
7.15195714300223,125.67130769838516,128.56768117826462,34046.17242152049,34046.90543828531,-0.7330167648178758
7.410773167122727,125.49481054394262,40.997013766530856,10880.88811479503,10879.549966939025,1.3381478560058895
7.567205061205977,125.52896587941522,7.887337573353654,2083.223144438698,2083.4442955402615,-0.22115110156346418
7.28642765775714,125.28878379581924,21.970984537465007,5813.758561225642,5813.422187205086,0.33637402055592247
7.264222262222856,125.4113679634818,135.00635633214915,35739.89006670843,35739.07859898542,0.8114677230114467
7.154141026740756,125.350957799138,43.24198674267351,11448.457193988928,11449.15715205545,-0.6999580665215035
7.353097618050505,125.42281550824929,15.9764019739974,4229.209278646244,4229.1915186188235,0.017760027420081315
7.22371559299091,125.52196174782368,52.82492024665848,14013.781516597774,14016.661549225884,-2.880032628110712
7.097577774174477,125.41364546036148,179.1465705515975,47263.99105376372,47265.21497051029,-1.2239167465741048
7.16215449844937,125.49974518867197,2763.6650927347528,738863.6666099329,738883.7237695359,-20.057159602991305
7.227995799803603,125.23488648306304,17.580052938865563,4654.723607722401,4654.8886705664845,-0.16506284408387728
7.102751285377424,125.44498726889168,111.93800138101984,29633.06300780468,29634.700332845285,-1.637325040603173
7.323726243901739,125.4921442986244,88.39126889323158,23388.171746460128,23387.46298839403,0.708758066099108
7.161617448462715,125.53050055974684,44.72509710242939,11834.165723167762,11833.977803182386,0.18791998537562904
7.36285757922336,125.42450130181194,79.77004861311306,21096.531665142917,21096.204392778054,0.3272723648624378
7.28927706329041,125.39056422317996,54.65294294508439,14465.244107811228,14462.74646772147,2.497640089757624
7.475792960866739,125.46711729368984,36.3674426163565,9637.125465677851,9637.208051386802,-0.0825857089512283
7.500160135676268,125.36840340644218,166.89018722154665,44104.0936836763,44101.3318827504,2.7618009259022074
7.031468409177618,125.4545836196097,113.77998589030638,30102.689473879218,30102.062021266145,0.6274526130728191
7.06858417558367,125.37784166933665,19.43185672918197,5144.743617302356,5145.2197104339475,-0.47609313159136946
7.438651131071318,125.36813611350112,206.4786654020648,54595.289769814844,54592.603147127425,2.6866226874190033
7.198024973438531,125.62839458782162,34.456832860585216,9123.251841955196,9123.950798654432,-0.6989566992360778
7.34650619580672,125.29126521506043,43.98844146969564,11639.212519966044,11639.205935494048,0.006584471995665808
7.193255587722464,125.27498734500692,95.89604120293568,25344.373767406683,25342.49939705723,1.8743703494546935
7.158205414748823,125.5878954589454,71.52753737324116,18937.42386909942,18938.47232436715,-1.048455267729878
7.414430600138477,125.54739790797618,38.37440211303482,10159.734064445476,10159.693900730075,0.04016371540092223
7.372520895075606,125.40360190782056,29.39143371892187,7764.366846342717,7763.5543849863,0.8124613564168612
7.062579976350712,125.46942571031502,203.3138424156374,53788.511033190145,53788.29621061242,0.21482257772731828
7.499459837164073,125.29716143201009,90.52395806752692,23947.7968835219,23948.242210446428,-0.44532692452776246
7.247383012913898,125.28550182798772,359.0068693872487,94880.05097613414,94874.04136619982,6.009609934320906
7.008208457882808,125.40587091669232,168.1562301261445,44345.3700850005,44357.54959752406,-12.17951252356579
7.054084498223392,125.44268242402237,60.31155867160311,15970.764336970315,15972.182973621893,-1.4186366515787086
7.274634327442655,125.35766445576124,156.3450366379514,41368.75519397963,41363.457945978735,5.297248000897525
7.276643123659972,125.49885261244631,7.13023040142218,1891.3982660040092,1891.5009351265687,-0.10266912255951866
7.391563212485131,125.52892554240212,27.011636452864423,7149.443221751685,7148.785503768451,0.6577179832338516
6.993956057423089,125.5834822188986,93.6977182187686,26095.18127111121,26097.409452315434,-2.2281812042238016
7.306678251365253,125.3934183612738,39.98330632701681,10586.445918387026,10586.6643125009,-0.2183941138737282
7.504769917769046,125.37991664168496,166.89018722154665,44104.0936836763,44101.3318827504,2.7618009259022074
7.455498114659658,125.44903503329247,40.587195528924525,10739.100864853852,10738.973940763506,0.12692409034571028
7.177452133540763,125.62538569437896,198.0273688105529,52410.41418542482,52406.9054241392,3.508761285622313
7.30140596908323,125.4568259104724,364.5650717092,96177.20542129071,96182.55771590563,-5.3522946149169
7.215103151078965,125.26794062369508,147.36915610097228,39021.62854833731,39022.97778336064,-1.3492350233354955
7.17632500085852,125.30272468295256,31.336103192586464,8295.602456197394,8295.666482375045,-0.06402617765161267
7.24735814358061,125.66240436180362,74.6354514099468,19704.228472246563,19704.66817286494,-0.4397006183753547
7.344971087543998,125.3650866588172,81.30777061390162,21526.846102114443,21527.091114701387,-0.2450125869436306
7.4508243385530895,125.44660506300596,40.587195528924525,10739.100864853852,10738.973940763506,0.12692409034571028
7.030329913206973,125.63331215011388,82.57187653851352,21892.26201296116,21892.206729225705,0.05528373545530485
7.38110435579191,125.48286201108556,31.255447135955343,8273.218381867311,8272.863834348755,0.354547518556501
7.432844452005761,125.3558270582838,206.4786654020648,54595.289769814844,54592.603147127425,2.6866226874190033
7.181286022771034,125.57728600475424,107.9645271234512,28484.405244739337,28484.868942605084,-0.4636978657472355
7.223563009282027,125.68660343016457,61.67460371866925,16326.961312770045,16326.787713910118,0.17359885992664204
7.011306967631191,125.59824396424573,93.6977182187686,24774.723868949473,24775.784926208977,-1.0610572595032863
7.477215145287271,125.48399286929018,36.67297216167149,9708.043425367896,9708.039012792622,0.00441257527381822
7.198311289486096,125.23532334949545,26.520992778625683,7040.879974167084,7040.698908520706,0.18106564637764677
7.419531026170397,125.54147030024244,36.140548188871854,9550.548871038081,9549.816201842978,0.7326691951038811
7.513634425317003,125.51585576466542,98.35921390821836,26061.537750492487,26056.620139654948,4.9176108375395415
6.975442130183508,125.54242076222492,133.83919514728333,37266.3964683058,37266.03920589808,0.3572624077205546
7.538000057479212,125.41008318865596,27.1594195595681,7190.547382795948,7190.622479755763,-0.07509695981570985
7.110588841602739,125.539699214998,64.04096066883157,16950.20153877507,16949.79228778757,0.40925098749721656
7.182285448553473,125.62658797644616,198.0273688105529,52410.001114041814,52406.9054241392,3.0956899026132305
7.150398802351519,125.6268582523079,71.02411008778326,18798.15507565035,18796.940699968483,1.2143756818659313
7.21405573604993,125.50071110909217,269.30981672749436,71433.57311726832,71432.11650514111,1.456612127207336
7.532103573433121,125.34939885392224,13.275323515173165,3518.7624879981745,3518.716330622185,0.0461573759894236
7.011301978124769,125.30756248008302,41.97783797054488,11120.870348392886,11120.614629057436,0.2557193354496121
7.422376823373344,125.38158108035115,48.59890258355836,12877.342319816238,12876.18979624472,1.1525235715180315
7.221202386766248,125.3597280538115,2007.8968449563536,531486.8394595756,531469.9438917299,16.895567845669575
7.329637479993828,125.28321191331408,69.58041270400645,18408.042277924724,18408.126955058968,-0.08467713424397516
7.211086502567238,125.50305760677308,269.30981672749436,71433.57311726832,71432.11650514111,1.456612127207336
7.278998919255716,125.65657158214998,102.44314763482984,27119.995284358487,27120.873671866804,-0.8783875083172461
7.193553813252285,125.28203479410554,95.89604120293568,25344.373767406683,25342.49939705723,1.8743703494546935
7.179207093869679,125.52191913396751,147.58004874804158,39106.27515530214,39106.04890862965,0.22624667248601327
7.579296984054253,125.4192082065302,27.970352339024632,7390.615783531402,7390.290522344424,0.3252611869775137
7.538884737633197,125.35405858660174,13.275323515173165,3518.7624879981745,3518.716330622185,0.0461573759894236
7.167547229862764,125.33034524148904,320.7440734088234,84714.72657865848,84712.41614863099,2.310430027486291
7.1506843858503535,125.53098311289506,30.86182501671059,8153.001068191706,8153.452966878565,-0.45189868685974943
7.165695665590914,125.3333547200491,27.684261208840432,7330.556888278895,7330.866727763908,-0.3098394850130717
7.524150584957374,125.29214224719416,93.13951907140108,24617.76790586927,24617.558696852117,0.2092090171536256
7.320944395228092,125.3534380089794,18.515486281324545,4902.375820716773,4902.170569942166,0.20525077460661123
7.265578970418193,125.427843201744,227.32068153255776,60169.985773269116,60169.08629420733,0.8994790617871331
7.076499295166122,125.5953220756712,168.75503914166276,44731.67711328831,44729.45705329086,2.2200599974457873
7.022398544853258,125.4872105331103,709.1074268712052,186991.07615047056,186987.15428219017,3.921868280391209
7.57678968956478,125.5307351189132,12.78623504042829,3395.1181675006555,3395.2280707879277,-0.10990328727211818
7.237461833698763,125.46349962859529,95.12410277889737,25214.7746267337,25213.335584718672,1.4390420150266436
6.998777241045568,125.33560623743764,41.97783797054488,11712.46499487924,11714.003858363974,-1.538863484734975
7.29145223311814,125.4358677095035,309.8529190324687,81743.39824837439,81747.94729664766,-4.5490482732711826
6.98931282940107,125.367501397722,41.97783797054488,11713.14205496721,11713.887398260458,-0.7453432932488795
7.205977707223523,125.2711159044532,283.14378232074347,74843.34890706239,74848.7079731233,-5.359066060904297
7.409742784177508,125.2466216902847,34.022922963141454,9011.366625248613,9010.495736696397,0.870888552215547
7.152430648558221,125.3168796485646,38.61756338142857,10222.059023786342,10222.227868041355,-0.16884425501302758
7.226832776870479,125.40661576863648,37.42410011916514,9883.33468266281,9883.477591877034,-0.14290921422434621
7.27418251824558,125.46131038344951,269.653502765591,71434.76471578254,71430.92964621329,3.835069569249754
7.236392960452918,125.37734485904669,124.69093678573394,33005.20017743291,33003.883672459095,1.3165049738163361
7.165694427352714,125.34245588625846,27.684261208840432,7330.512815370891,7330.866727763908,-0.3539123930167989
7.267921431142583,125.33388745827124,1490.0147818170883,398010.35157537635,398004.1585504972,6.193024879146833
7.104479184330893,125.54528444815324,67.08354060367864,17793.950879929478,17793.414968126697,0.5359118027809018
7.560572940547416,125.3762137556553,37.6958936029642,9987.958662142702,9985.902687036203,2.055975106499318
7.053942263779754,125.55885704448912,120.05804632336276,31776.274435192438,31770.102823634574,6.171611557863798
7.359048940249941,125.27065025815357,507.5370546192472,134127.02798576897,134119.1058450003,7.922140768670943
7.325960911330576,125.33348270056464,9.831483517944504,2605.111903666884,2604.9331176754977,0.17878599138612117
7.507989556240391,125.50065122204356,16.385285428835015,4337.594643625609,4337.527603225731,0.06704039987835131
7.061925313501049,125.51452309973618,13.649618792076716,3613.9795036276246,3614.384345864063,-0.404842236438526
7.348184751770993,125.43555097426906,66.98530784666394,17735.632596865402,17736.176249211007,-0.5436523456046416
7.163036768075218,125.60758527383776,561.7332947093377,148134.45689449648,148155.8630566526,-21.40616215611226
7.225154550315815,125.32135681068377,59.55014023463298,15754.723166141208,15755.414728297457,-0.691562156249347
7.006947685843232,125.36993091256628,64.36054177089046,17027.79888301336,17027.387870492996,0.4110125203660573
7.181276794837615,125.23190092734326,26.520992778625683,7040.914389633438,7040.746736495131,0.167653138307287
7.162227420661248,125.57181702593788,185.7036005187946,49161.71443999839,49161.669050304605,0.04538969378336333
7.068551365892971,125.55000233018453,344.4654883886991,91257.13825040472,91257.98000342818,-0.8417530234582955
7.133667810560063,125.51580504982208,67.14703124842406,17777.753353055636,17779.066539425134,-1.3131863694979984
7.387287513060132,125.3589573980725,67.52187915695609,17869.318792181857,17867.833134897293,1.4856572845637857
7.106445907476106,125.50329785605231,675.4934198650843,179332.53668142742,179329.454386364,3.082295063417405
7.120986180929811,125.63671112092706,65.14694747478399,17223.145612514814,17224.111584635706,-0.9659721208918199
7.315781139131023,125.51051892174804,21.07264268832346,5589.691810038627,5589.5910788647325,0.10073117389492836
7.396381509388438,125.40759450422802,31.004682571324793,8208.593656749119,8208.81720967008,-0.22355292096108315
7.290474771550926,125.41867614349096,27.142462515650845,7215.292850738157,7214.824323511112,0.46852722704443295
7.221215040167767,125.46709568870742,127.651808129667,33801.11299800082,33802.48661809576,-1.3736200949424529
7.399603989665618,125.40703852034083,31.004682571324793,8208.593656749119,8208.81720967008,-0.22355292096108315
7.08582904577822,125.30317319722998,109.35345841406912,28957.31913867797,28958.36448860438,-1.0453499264112907
7.261384981084424,125.31933850580197,195.62911899438225,51730.329936775066,51728.74078098608,1.589155788984499
7.292057441451446,125.39938668226635,52.2547424055079,13845.710507096639,13844.853280422385,0.8572266742539796
6.971241142140947,125.5742246197465,65.64001609380634,18289.03935694368,18289.03935694368,0.0
7.163513154214272,125.40685754146853,146.2369298103581,38792.34956059644,38795.17447215178,-2.8249115553408046
7.333611275653566,125.50954580639832,38.64999470044047,10232.69799988156,10232.657547723302,0.04045215825863124
7.347113133547996,125.4138166152048,197.47863461585575,52338.39530804373,52336.241591599945,2.153716443783196
7.259981468752608,125.66620324975938,90.1566107002503,23866.93073388777,23866.183795540353,0.7469383474162896
7.201236784346868,125.31195012206923,58.06564877872646,15374.23765318872,15375.415514612423,-1.1778614237027796
7.041375848583352,125.40660675470842,56.130768922736095,14848.97826168629,14848.819205129746,0.15905655654387374
7.40089047525198,125.29570566255757,75.21923680384404,19909.036746107613,19907.205200476626,1.8315456309865112
7.020469505401362,125.33442168370618,22.1380307270586,5862.076676904105,5862.291527297735,-0.21485039363051328
7.087482958045706,125.35097593342762,75.84324120821711,20112.53815471637,20112.692423479322,-0.15426876295168768
7.295300695374555,125.3066859841229,602.2226327376856,160366.80608048767,160366.66165619358,0.1444242940924596
7.124737746764019,125.44224584534189,215.50497010043847,56997.8063650607,56998.41255257701,-0.606187516306818
7.028113533424076,125.45523823377482,113.77998589030638,30102.689473879218,30102.062021266145,0.6274526130728191
7.147690229692614,125.33866115079468,30.773929962237844,8157.62898353678,8157.875158407123,-0.246174870343566
7.315363725337685,125.36361497681756,18.515486281324545,4902.375820716773,4902.227087819181,0.14873289759179897
7.308521100614397,125.51338984370032,87.93350956838533,23282.521994610313,23283.246010488965,-0.7240158786516986
7.12072048005942,125.29687580743412,38.61756338142857,10222.381619060638,10222.809600300829,-0.42798124019100214
7.509612103952924,125.29447813193036,90.52395806752692,23947.7968835219,23948.242210446428,-0.44532692452776246
7.433738234584742,125.49778918383224,17.95251269315846,4753.498688642384,4754.130248301589,-0.6315596592048678
7.197369584386142,125.35957017153052,59.83538990902835,15835.710700854097,15835.264958183769,0.4457426703284
7.4499034934098685,125.41176151259089,228.46982380909847,60392.71714587471,60392.44148820205,0.27565767266059993
7.090552520500733,125.5880144465359,557.0704904810066,147375.32343957335,147397.49676388944,-22.17332431609975
7.021425135202479,125.64737440142336,41.93983534952473,11113.440929359993,11113.527642463014,-0.08671310302088386
7.506068867316729,125.34446602832372,166.89018722154665,44104.0936836763,44101.3318827504,2.7618009259022074
7.224856935162434,125.30367692867816,59.55014023463298,15754.723166141208,15755.414728297457,-0.691562156249347
7.11552607831,125.43334569991552,90.82797567191024,24113.635497714506,24113.89953995462,-0.264042240112758
7.176628038512781,125.63704043605506,127.3595501060142,33664.44848477637,33664.52371217828,-0.07522740191052435
7.117570599970587,125.47218922314138,1087.7293882258818,290560.62022439216,290548.0033986897,12.616825702483766
7.060957807539823,125.33499708965506,21.97482359879272,5804.345625886947,5804.051462205998,0.29416368094916834
7.300324167745192,125.45288883373848,219.19005971782815,58115.12336519543,58115.29895455792,-0.17558936248678947
7.23849505717919,125.4749314070748,516.8187276621609,136487.26055176536,136487.13994546875,0.12060629660845734
7.091139566616282,125.48349160895808,45.952987930227245,12172.328362128044,12172.983500410723,-0.6551382826783083
7.351240888431092,125.3718000943941,49.797903775064064,13182.872679673203,13182.641122465924,0.2315572072784562
7.216336541826783,125.44061399373597,104.084895295639,27559.471490521264,27561.020114730858,-1.5486242095939815
7.077837178770695,125.4726859459362,177.7206233963814,47031.118250489635,47027.835725120785,3.282525368849747
6.9887582189521,125.38132215684524,88.37130218586438,24642.27396141542,24642.14214746142,0.13181395399806206
7.472276514034748,125.3818097251672,29.06669669094895,7701.0954235415475,7699.648828790891,1.4465947506569137
7.443942656484481,125.51624470859733,16.170153829807926,4280.067279896333,4279.913463671326,0.1538162250071764
7.093892087670526,125.59822153482531,54.478602113159056,14443.735648259102,14443.809225942288,-0.07357768318615854
7.240720869620308,125.66064079547824,1199.780506464696,317922.0159486414,317921.086222126,0.9297265154309571
7.211449164603976,125.52083645460804,216.21596232347375,57222.547282919506,57216.60136847828,5.945914441224886
7.163528748140437,125.6597147475402,2374.583999959631,626727.3827933724,626683.6996411049,43.683152267476544
7.345762388505607,125.53410632790472,95.8709697433034,25403.391783863488,25400.845757031457,2.5460268320312025
7.573354471108849,125.44434042801674,195.9126067757771,51935.00188112339,51934.56246881877,0.43941230462223757
7.071339099014158,125.38195838557802,19.43185672918197,5144.743617302356,5145.2197104339475,-0.47609313159136946
7.505762929506905,125.5428076390237,37.35285988203183,9877.870234418402,9877.555724956846,0.3145094615556445
7.152696141686784,125.53412763072676,44.72509710242939,11834.165723167762,11833.991331559764,0.17439160799767706
7.194175481899156,125.67203244768524,3833.668787932462,1018775.6321410256,1018736.8364235429,38.795717482687905
7.218083247294551,125.5717836102302,50.700260436067936,13431.879677613639,13430.539809334428,1.33986827921035
7.423769134164197,125.48704180722363,17.95251269315846,4753.498688642384,4754.130248301589,-0.6315596592048678
7.545438736705084,125.46167814062191,75.39725970040838,19924.849769325214,19923.050654866078,1.7991144591360353
7.376537381046673,125.41868986013256,26.342358265585588,6973.988862928217,6974.188048934034,-0.199186005816955
7.2213418636231745,125.38178994468056,1619.9120762071366,429227.54540684243,429188.58392746706,38.96147937537171
7.037931963925472,125.42864118802908,134.53266922482527,35565.138387602245,35566.09109701618,-0.952709413933917
7.38980067448434,125.26158299661353,63.70412972015328,16879.88717699965,16878.291925850903,1.5952511487485026
7.386825442668365,125.5319799805519,31.08613043262231,8230.143035396753,8230.164091072858,-0.02105567610487924
7.461684647107257,125.31246217748917,29.348586276604976,7760.559329414174,7759.716030479074,0.8432989350994831
7.116449400164183,125.63035250602256,399.1565448431553,105436.09526543278,105434.67469467728,1.420570755508379
7.040241746130481,125.53789415942148,87.27663522427123,23083.4162435928,23079.687717659355,3.7285259334457805
7.046277483877638,125.34955591164464,37.64164548447054,9963.18830310044,9963.075448016873,0.11285508356741047
7.394507967794298,125.35356934011084,30.20928597221454,8009.692112228949,8009.38357368216,0.3085385467884407
7.411822347527444,125.47757450615204,71.9214354315892,19030.259095833342,19029.730790038888,0.5283057944543543
7.36251049072423,125.33994199637736,218.5527506353673,57865.17161755183,57864.850405311394,0.32121224043658003
7.401452786191139,125.4092777336472,31.004682571324793,8208.593656749119,8208.81720967008,-0.22355292096108315
7.216083334444432,125.22873210423973,17.580052938865563,4654.723607722401,4655.086516539042,-0.3629088166417205
7.564180005414706,125.43050817377843,27.1594195595681,7190.547382795948,7190.622479755763,-0.07509695981570985
7.165515942929302,125.62716505636271,64.37669982656023,17035.180822379287,17035.922737096782,-0.7419147174950922
7.274391846516843,125.4787588205352,315.03239565895984,83635.83159664785,83633.0412123716,2.7903842762607383
7.173243133469517,125.52079793634108,69.84960822175654,18529.043397744834,18530.82834225868,-1.784944513845403
7.252713879257017,125.44809267325824,208.0041099693236,55136.09883299713,55134.75715834214,1.341674654991948
7.375074124994444,125.33280519858413,47.5985964895131,12607.216968753302,12606.8642613743,0.35270737900282256
7.123677995350617,125.356350731643,72.65274746076355,19221.179311987773,19222.45226666155,-1.27295467377553
7.222527822667493,125.49862058132376,269.30981672749436,71433.46598440749,71432.11650514111,1.3494792663841508
7.486306876403177,125.32255625483376,40.82090922287595,10804.483218131076,10803.379454687105,1.10376344397082
7.065144675100227,125.63032349866138,18.309081441588575,4844.8774747051375,4845.1711342007775,-0.29365949563998583
7.174554450316175,125.22119249094776,26.520992778625683,7040.914389633438,7040.746736495131,0.167653138307287
7.459206144334861,125.28393505401743,290.222593503994,76608.23939041501,76613.67647401568,-5.437083600671031
7.209588234583016,125.2730840963316,147.36915610097228,39021.62854833731,39022.97778336064,-1.3492350233354955
7.230854158057176,125.29143340371684,38.45276005870878,10170.804240879701,10170.281829648991,0.522411230709622
7.562207401713366,125.5147866122596,7.887337573353654,2083.223144438698,2083.4442955402615,-0.22115110156346418
7.469860673256647,125.2837760405141,52.97655984751353,14025.241576623761,14025.55396999862,-0.31239337485931173
7.530993756925098,125.34738792974628,13.275323515173165,3518.7624879981745,3518.716330622185,0.0461573759894236
7.028862327663091,125.53578587445487,348.07303945520357,92181.61857207248,92183.85261973678,-2.2340476643003058
7.070768035658079,125.61687514311984,133.70420781476014,35496.49819739244,35494.18365661025,2.3145407821866684
7.314900360288762,125.42070150767732,107.79388560233394,28588.922731666702,28585.881236393398,3.041495273304463
7.401930357225827,125.45776074693768,38.37723378154609,10160.483756882337,10160.443590203233,0.04016667910400429
7.429005279870286,125.26324981058424,55.99150850026849,14823.432008726522,14823.762180718706,-0.33017199218375026
7.2321381213624,125.43878898854902,119.19376044338443,31593.330314174156,31591.71383314457,1.6164810295849747
7.467733869777792,125.38705370656533,228.46982380909847,60392.71714587471,60392.44148820205,0.27565767266059993
7.165080726916477,125.41742611265832,106.18851831008166,28092.964019328956,28094.896318116553,-1.9322987875966646
7.536308629703776,125.45320035030716,17.414719677638455,4609.932958332195,4609.935633796847,-0.0026754646514746128
7.52723897788662,125.28661105602016,93.13951907140108,24617.76790586927,24617.558696852117,0.2092090171536256
7.000068644689605,125.47362305158222,82.8325660050715,21882.503667710458,21883.92905335494,-1.425385644481139
7.459393211692497,125.42685061714936,228.46982380909847,60392.71714587471,60392.44148820205,0.27565767266059993
7.065340413622862,125.61236593693836,151.79538269280653,40168.18175377061,40169.934732909984,-1.752979139375384
7.515372497888615,125.28802829969332,93.13951907140108,24617.76790586927,24617.558696852117,0.2092090171536256
7.016462591624536,125.6104823281891,22.98765503856812,6086.675377421287,6086.733627645272,-0.05825022398494184
7.435471409025069,125.40678638275908,228.46982380909847,60392.71714587471,60392.44148820205,0.27565767266059993
7.444910751252079,125.34106667757648,50.8395273486621,13511.605503730458,13510.772260591051,0.833243139406477
7.443570706595161,125.45939736869448,40.587195528924525,10739.100864853852,10738.973940763506,0.12692409034571028
7.195194583309951,125.4404535695475,257.5838428007076,68052.19723650647,68059.05585677245,-6.858620265978971
7.091569648640525,125.32271577427728,109.35345841406912,28957.31913867797,28958.36448860438,-1.0453499264112907
7.033451995190396,125.578008896328,73.39152192348816,19428.291403358893,19428.485522186078,-0.19411882718486595
7.490887488985685,125.30168870772494,39.90270824959279,10564.014054007017,10564.249353198433,-0.23529919141583377
7.380738910195327,125.2833989485434,173.53170796352867,46008.08123774458,46008.01337537572,0.06786236886546249
7.211443178767045,125.43280384860454,212.10327698950513,56105.39247633365,56105.13962944751,0.25284688613464823
7.081125201980561,125.6362173514896,87.43845107852452,23177.0620007981,23175.836961308123,1.2250394899783714
7.382384991500252,125.32348731292682,33.45791203407133,8856.203901199371,8856.157987186889,0.04591401248217153
7.433475609770512,125.35623727955428,206.4786654020648,54595.289769814844,54592.603147127425,2.6866226874190033
7.3140713867437,125.48924880353786,88.39126889323158,23388.74727144966,23387.8889774822,0.8582939674633963
7.272032439108643,125.5061009775382,7.13023040142218,1891.4133632571702,1891.5009351265687,-0.08757186939851636
7.228162121419124,125.34237728514567,201.10272402579864,53303.55011805845,53300.16415348427,3.385964574175887
7.206539664463925,125.48675603029542,67.34443918843697,17779.65184500229,17780.059569567886,-0.40772456559716375
7.295239744491716,125.34741891648528,50.15307702158783,13272.663513349375,13271.21460569841,1.4489076509653387
7.322637044732224,125.36854677246257,214.43343652442985,56644.333206665455,56647.62405482369,-3.2908481582344393
6.999133717969627,125.54211620661734,1298.4082969969384,362076.1666352843,362037.2293149271,38.93732035718858
7.265471430497878,125.44298409685608,335.0476383896127,88697.88348901151,88703.92392938014,-6.04044036862615
7.3367175562107025,125.3207921169398,242.0378400884071,63827.37698581551,63831.94983519228,-4.572849376774684
7.397619776608095,125.31134789916317,24.7779423895623,6560.043317920204,6560.221974204907,-0.1786562847037203
7.020620511336551,125.3202712757874,22.1380307270586,5862.127305560866,5862.291527297735,-0.16422173686896713
7.2308110917387936,125.31686267932814,59.55014023463298,15754.536767888787,15755.414728297457,-0.877960408670333
7.164334693220715,125.63018535730713,69.91418146017537,18504.93782279895,18504.080413677708,0.8574091212431085
6.992112490266568,125.390612831875,88.37130218586438,24642.14214746142,24642.14214746142,0.0
7.128224284915414,125.38898742911869,159.81672402865735,42266.5175920834,42267.806858514625,-1.2892664312239503
7.089628012740322,125.51038220346128,205.2683952798506,54412.76093035554,54412.23078144642,0.5301489091143594
7.358672161661855,125.27290293650148,507.5370546192472,134127.02798576897,134119.1058450003,7.922140768670943
7.509903871325109,125.27608870796044,93.13951907140108,24617.76790586927,24617.558696852117,0.2092090171536256
7.216865120875362,125.23877858539228,17.580052938865563,4654.723607722401,4655.086516539042,-0.3629088166417205
7.479898693954736,125.49425600016174,59.335253228909934,15711.57203153191,15711.695105045337,-0.12307351342678885
7.2768913300938145,125.4567408234168,269.653502765591,71434.76471578254,71430.92964621329,3.835069569249754
7.336055875124653,125.40824605583664,204.05554439205065,54102.42212152466,54100.862363769455,1.5597577552034636
7.164781881872806,125.27900643934498,28.83854245371696,7634.023701106033,7633.777306571237,0.24639453479539952
7.221674911428192,125.38961243163148,41.06963103056342,10883.043959781799,10882.55229999159,0.4916597902083595
7.367493468279044,125.42454964981408,24.837755346736863,6564.883548088667,6564.932657952876,-0.04910986420873087
7.170093424334096,125.40535259296364,146.2369298103581,38792.34956059644,38793.59766988165,-1.2481092852103757
7.325130859518931,125.43391508400045,107.79388560233394,28588.922731666702,28585.881236393398,3.041495273304463
7.384125572588394,125.43908107869429,44.80700399409231,11871.874338232888,11870.750034403143,1.1243038297452586
7.164541483898389,125.4834832021706,102.677355956358,27164.313920447148,27166.051132591136,-1.7372121439875627
7.202137630892037,125.38340542419768,119.60281164433825,31681.175957026328,31677.919285703414,3.256671322913462
7.208960814986372,125.56439921498205,60.87476560599658,16108.183644223605,16108.246342302164,-0.06269807855824183
7.321712863952581,125.32048550613338,242.0378400884071,63827.37698581551,63831.94983519228,-4.572849376774684
7.123427225048465,125.57995067786516,264.8470933596571,70233.67407646005,70234.70712598243,-1.0330495223752223
7.390747596802684,125.50410394989068,71.17008894187332,18840.095942840286,18840.21042234321,-0.1144795029249508
7.556360894958023,125.40582872051684,24.21271178177608,6409.710065072074,6409.610998755102,0.09906631697231205
6.973444754649801,125.48744902983702,330.35538115122387,92226.01819821548,92226.84728504776,-0.8290868322801543
7.258758420864259,125.45567511597984,335.0476383896127,88697.88348901151,88703.92392938014,-6.04044036862615
7.527040750821907,125.37620431933,25.99833176436132,6883.885173125518,6883.901174776136,-0.016001650617909036
7.32327543902251,125.39651285313823,136.6832622954209,36184.45464128096,36183.21807771297,1.2365635679889238
7.060525346618656,125.34724867044068,21.97482359879272,5804.345625886947,5804.051462205998,0.29416368094916834
7.342239912137006,125.3075699670724,43.98844146969564,11639.212519966044,11639.205935494048,0.006584471995665808
7.199455594033427,125.6387537124186,81.22382742121275,21491.191182708837,21491.453860659614,-0.26267795077728806
7.482998469177488,125.26608285983752,485.9863886478462,128578.94405891994,128575.09250967586,3.851549244078342
7.322830324196241,125.44864705546584,269.46215496992716,71278.80087254955,71288.35910465103,-9.558232101480826
7.1965457365989645,125.421413233316,40.12640376002892,10632.098327716401,10630.710142545262,1.388185171139412
7.033119885567257,125.41788331504318,33.92666536693495,8987.934232433203,8987.727558989762,0.2066734434411046
7.15355121371219,125.35398964829452,43.24198674267351,11448.457193988928,11449.15715205545,-0.6999580665215035
7.2574061645483825,125.46720473912865,269.653502765591,71436.30854545244,71430.92964621329,5.3788992391491774
7.062346383167393,125.54857855499408,357.4101607757319,94980.32062970352,94976.09643285477,4.22419684875058
7.200930196791596,125.53812512727912,272.637547772646,72175.9256782085,72180.84095192148,-4.9152737129770685
6.9822547889217,125.51432919252562,32.85513668129037,9146.943937645443,9146.438548719785,0.5053889256578259
7.295455681391913,125.43903757191497,309.8529190324687,81743.39824837439,81747.94729664766,-4.5490482732711826
7.046907033663386,125.32038355719264,21.97482359879272,5804.510869110113,5804.29124328499,0.2196258251233303
7.179758341295025,125.30798482806304,31.336103192586464,8295.602456197394,8295.666482375045,-0.06402617765161267
7.481703652965625,125.41182822387914,228.46982380909847,60392.71714587471,60392.44148820205,0.27565767266059993
7.522263361624431,125.53013434082834,47.48965298319286,12570.365800878692,12570.296351653697,0.06944922499496897
7.23489833272367,125.52177245669309,35.340118680370495,9355.940444391978,9356.361752567309,-0.4213081753314327
6.9795290527378695,125.4243373557064,275.7084437077741,76921.42655310474,76921.42655310474,0.0
7.152231419697919,125.55609403685352,51.03490669266419,13566.855386491063,13565.907833753326,0.9475527377362596
6.995070650279222,125.27394748373888,41.97783797054488,11713.430430384167,11714.054695756331,-0.6242653721637907
7.057387437669652,125.6179198991096,59.02467470723451,15629.536937096109,15630.058990464595,-0.5220533684860129
7.551063182483741,125.4741305379228,44.14990640203688,11719.844236124989,11718.239061033983,1.6051750910064584
7.214246216073914,125.48974157713371,171.0762639781715,45376.39448509216,45380.25610545578,-3.861620363619295
6.997209623149654,125.43102286794652,216.1862068159012,60082.244962123965,60082.244962123965,0.0
7.142021536332882,125.30841128507868,38.61756338142857,10222.059023786342,10222.739799942576,-0.6807761562340602
7.473141458051991,125.27847055380154,52.97655984751353,14025.241576623761,14025.55396999862,-0.31239337485931173
7.309255905683035,125.47929947250292,88.39126889323158,23388.74727144966,23387.8889774822,0.8582939674633963
7.2071710450513,125.436484485619,194.1099875374757,51344.66814249054,51342.192989784904,2.475152705635992
7.210526397700792,125.39101586242072,195.81851407504777,51927.38175202707,51927.405346346706,-0.023594319638505112
7.291236489952601,125.32248317175248,195.62911899438225,51729.62575465328,51727.91668643586,1.7090682174166432
6.9881157502330185,125.330951132075,41.97783797054488,11713.970506117792,11714.056916063319,-0.08640994552661141
6.997346885508065,125.29125990752952,41.97783797054488,11713.22537762056,11714.062751546999,-0.837373926438886
7.325543660127026,125.31117415432608,242.0378400884071,63827.37698581551,63831.94983519228,-4.572849376774684
7.087339497329707,125.5178181937678,49.2403830689623,13035.895425788329,13036.400480231481,-0.5050544431524031
7.015048434333402,125.38444614701471,64.36054177089046,17027.79888301336,17027.387870492996,0.4110125203660573
7.240624706950443,125.3259481704464,347.3671318125524,91735.60848332073,91738.38197376733,-2.7734904466051375
7.20195382114956,125.67114904507976,3086.674337150231,818760.2958857263,818717.6296620473,42.666223679087125
7.164553548146494,125.30526762503976,28.83854245371696,7634.023701106033,7633.777306571237,0.24639453479539952
7.39328470138901,125.53086449571748,27.011636452864423,7149.443221751685,7148.785503768451,0.6577179832338516
7.104734293753348,125.42610391799302,113.87990838826556,30113.561081904303,30111.930389750978,1.6306921533250716
7.065906976524866,125.56382032403054,313.87623438101394,83038.78917179343,83038.79419687399,-0.005025080565246753
7.279473834387623,125.26905936676415,12.603752069103884,3326.9902817534826,3327.169398947419,-0.1791171939362357
7.286323838811186,125.46676933417244,111.5909646165022,29466.92292500743,29466.37577906393,0.5471459435029828
7.602425835788297,125.42701887588888,13.512882178045585,3576.1295798452206,3575.8176008046166,0.31197904060400106
7.266676295087277,125.45081344891028,335.0476383896127,88697.88348901151,88703.92392938014,-6.04044036862615
6.9996186610897215,125.41987211591643,79.05302884012234,22021.350237671773,22021.350237671773,0.0
7.104293985742155,125.50197552339527,675.4934198650843,179332.53668142742,179330.4028193257,2.133862101705745
6.989230318796378,125.5233908971794,133.83919514728333,37266.178488953774,37265.67915236998,0.4993365837945021
7.265126771821695,125.64767812842778,1164.9823110672337,308804.66211564903,308787.03820705577,17.62390859326115
7.464026804518388,125.5284625723893,51.41022007436092,13616.9703220902,13616.494368066202,0.475954023997474
7.370603393455736,125.42294339414651,4.988685455646019,1319.441684000534,1319.4708654513513,-0.02918145081730472
7.386578522785652,125.38433720968402,69.9467236541887,18542.365824963632,18542.22990249859,0.135922465040494
7.23233614239343,125.39548253960096,58.23637211843828,15417.040316449815,15417.539657820906,-0.49934137109084986
7.440282416570213,125.32094408720172,23.0039130926284,6084.578934514915,6085.446705442707,-0.8677709277917529
7.441624430068906,125.51821886612326,16.170153829807926,4280.067279896333,4279.913463671326,0.1538162250071764
7.133277609113353,125.64668655779272,370.4493359179593,98048.51824748462,98041.55505765828,6.963189826346934
7.084611068300992,125.29165378363084,109.35345841406912,28957.31913867797,28958.36448860438,-1.0453499264112907
7.300094012131218,125.35731440511734,18.515486281324545,4902.375820716773,4902.227087819181,0.14873289759179897
7.070004246544344,125.55722616240104,129.76134223139826,34339.88397123024,34337.01148076002,2.872490470224875
7.2669740290285665,125.38913754851818,125.78261062602778,33362.62674211559,33360.31970628222,2.3070358333716285
7.133825341655163,125.28829794111398,38.61756338142857,10222.253972562172,10222.739799942576,-0.48582738040386175
7.0388863201982295,125.36546944461548,37.64164548447054,9963.18830310044,9963.075448016873,0.11285508356741047
7.414184947519431,125.48148837681444,17.95251269315846,4753.498688642384,4754.130248301589,-0.6315596592048678
7.112599115237571,125.61113324617108,1724.2721372073584,455556.25329923193,455588.8770914386,-32.623792206693906
7.070767513658454,125.3906377112012,170.3466013005303,45098.06880129795,45101.58202302719,-3.513221729241195
7.21088573521872,125.44179880707284,207.41697426536228,55049.77967999851,55049.20595771895,0.5737222795578418
7.444554645759181,125.33314132325738,30.526032237199,8081.869376070958,8081.953781859204,-0.08440578824593103
7.133419109834751,125.368113765137,60.65109484315096,16049.255346820477,16050.257305780357,-1.0019589598796301
7.2412613879898275,125.2803674168127,147.36915610097228,39021.62854833731,39021.20491154604,0.42363679126719944
7.196083540151484,125.36289466310548,41.533702710448715,10988.252684036035,10989.281010651861,-1.0283266158257902
7.451943524645817,125.33077695354623,30.526032237199,8081.869376070958,8081.953781859204,-0.08440578824593103
7.519511196278974,125.52597568703048,98.35921390821836,26061.537750492487,26056.620139654948,4.9176108375395415
7.277308660245911,125.44645866900402,227.32068153255776,60169.985773269116,60169.08629420733,0.8994790617871331
7.325282291171455,125.41296407888882,136.6832622954209,36184.144128540276,36182.91702517405,1.2271033662254922
7.499660396630094,125.4824106576953,99.38240101259254,26307.589392527167,26307.229474846234,0.3599176809329947
7.160405188269687,125.6443897995495,494.01726511560184,131038.38691576268,131034.44034882882,3.946566933853319
7.130353575155284,125.41022998365882,730.0302196763832,193655.5116974246,193664.25137347102,-8.739676046418026
7.566042918848831,125.50837474649178,20.042841767057737,5305.938851749622,5305.803376181488,0.13547556813409756
7.3180293125822145,125.3828826963091,214.43343652442985,56644.333206665455,56647.62405482369,-3.2908481582344393
7.066509097103162,125.3596981138846,36.99745728818641,9795.735277490574,9796.832607282655,-1.0973297920809273
6.99385008607006,125.3112035485463,41.97783797054488,11713.430430384167,11714.054695756331,-0.6242653721637907
7.217913968476703,125.6728755519397,3086.674337150231,818760.2958857263,818717.6296620473,42.666223679087125
7.070187220620504,125.30963794962356,21.97482359879272,5804.345625886947,5803.844177514435,0.5014483725126411
7.1281622712445945,125.60702359021614,74.82993071676673,19802.396685493324,19804.550701390635,-2.154015897311183
7.4852791426298415,125.54262277799305,135.2472842221249,35799.92109989581,35799.34441782785,0.5766820679564262
7.135629666845779,125.33042162849948,62.69087027861875,16594.07584566858,16594.238201946424,-0.1623562778440828
7.237165038875427,125.42380053302898,128.3321965150191,33981.0697522835,33982.34791624393,-1.278163960429083
7.460151409829477,125.33894817334968,36.708438962483136,9718.665496890606,9718.627076818524,0.0384200720818626
7.201959142446948,125.58777289745112,53.57796780659214,14179.445218212057,14177.954734597235,1.4904836148216418
7.094619832109122,125.61812043370422,329.5902673044982,87128.51880011857,87136.88773163728,-8.36893151870754
7.293288504799722,125.31734847534597,602.2226327376856,160366.80608048767,160366.66165619358,0.1444242940924596
7.014049988537274,125.60604162105672,52.11117179254636,13815.411861838988,13816.100336786092,-0.6884749471046234
7.441498410999104,125.40714758850594,228.46982380909847,60392.71714587471,60392.44148820205,0.27565767266059993
7.078874874009173,125.3957851144554,170.3466013005303,45098.06880129795,45101.58202302719,-3.513221729241195
7.222570954214025,125.3113523680094,59.55014023463298,15754.723166141208,15755.766548972348,-1.043382831139752
7.516030815326923,125.44752167967788,50.65071576658682,13403.80187989918,13402.037593943529,1.7642859556508483
7.404683970342584,125.525617901351,46.88502170962301,12405.677187805564,12405.332789386737,0.3443984188270406
7.5560013936872945,125.41104183984883,27.1594195595681,7190.547382795948,7190.622479755763,-0.07509695981570985
7.430286225898976,125.33551462162904,30.282662575179664,8016.577773473683,8016.511593831837,0.06617964184624725
7.019731247868999,125.57948718806496,93.6977182187686,24774.707836505073,24775.609408680823,-0.9015721757496067
7.086491932539682,125.44215700592602,518.345358098301,137501.75383562772,137513.56154784653,-11.807712218811503
7.25750515845535,125.30649852573671,347.3671318125524,91726.42726925304,91724.72408013076,1.7031891222723061
7.473318068628738,125.35640328235216,29.06669669094895,7701.0954235415475,7699.648828790891,1.4465947506569137
7.134283098230139,125.34518114498344,30.773929962237844,8157.83322890291,8157.875158407123,-0.041929504212930624
7.043928327100023,125.33976042806438,21.97482359879272,5804.510869110113,5804.311033336648,0.19983577346556558
7.217373637532401,125.67024006245862,3086.674337150231,818760.2958857263,818717.6296620473,42.666223679087125
7.5061939216746625,125.32535371124696,166.89018722154665,44104.0936836763,44101.3318827504,2.7618009259022074
6.9790210291629045,125.4090471252234,109.92553461105166,30673.223380133888,30673.252180707346,-0.028800573458283907
7.371456684865024,125.2952596657515,173.53170796352867,46008.08123774458,46008.01337537572,0.06786236886546249
7.093229367092368,125.59307534846542,119.80547555684458,31606.549993398658,31608.077180321965,-1.527186923307454
7.104094806680765,125.6244775457615,39.66342792513192,10513.532870943236,10513.011077993253,0.5217929499831371
7.519674412698317,125.24182928144296,173.94691879676287,45903.40109656924,45900.67069020674,2.730406362505164
7.358248064223138,125.36425462362357,97.92496444560784,25924.46635440151,25923.15167015284,1.3146842486676178
7.039546986524665,125.5820740413434,660.4365540940729,175563.03522084278,175552.74182901537,10.293391827406595
7.143195708159327,125.57698353091772,43.84517268074781,11608.136411714353,11609.19812629574,-1.0617145813866955
7.284429655873915,125.45877212667564,111.5909646165022,29466.92292500743,29466.37577906393,0.5471459435029828
7.21286165057226,125.4970297282777,171.0762639781715,45376.39448509216,45380.25610545578,-3.861620363619295
7.434643618804628,125.33592202778888,30.526032237199,8081.869376070958,8082.089477781604,-0.22010171064539463
7.296001075811004,125.54274902761304,163.20623067992602,43076.56818223432,43080.470057326864,-3.9018750925461063
7.472780090028868,125.3080116526386,34.82923411218502,9236.100889585043,9235.632479103233,0.4684104818097694
7.370789699871167,125.38643644828676,69.9467236541887,18542.365824963632,18542.22990249859,0.135922465040494
7.224081970041323,125.26258255753288,31.59146477856737,8360.696707139592,8359.91918433493,0.7775228046612028
7.140724971712449,125.63750272704895,65.89114664930307,17493.029726074223,17492.72906295883,0.3006631153912167
7.204859632846398,125.59541944186924,53.57796780659214,14179.308620402058,14177.954734597235,1.3538858048232214
7.456515054522308,125.36210606670384,40.60046893701411,10757.982362833747,10757.01952221437,0.9628406193769479
7.35009348110742,125.37914930687816,49.797903775064064,13182.872679673203,13182.641122465924,0.2315572072784562
7.495101853094152,125.53340105687526,85.08443703405864,22589.900700655086,22588.57297788253,1.3277227725557168
6.992073221081183,125.45528548495746,32.61622265509294,9135.257854251538,9135.257854251538,0.0
7.5181652285755165,125.38462604957024,25.99833176436132,6883.885173125518,6883.901174776136,-0.016001650617909036
7.2137284544440865,125.2324083787853,17.580052938865563,4654.723607722401,4655.086516539042,-0.3629088166417205
7.123550810953777,125.5771527774948,544.9435887028876,144219.58904343267,144207.1513320556,12.437711377075175
7.09647105384494,125.64237842563608,117.32356561646375,31086.929590073996,31084.673513453396,2.256076620600652
7.462411220808077,125.4724013803136,241.8713140491866,64031.502836655105,64029.25939868195,2.243437973156688
7.106098877184591,125.33543028641978,29.118146311129433,7706.850367406807,7706.768331562773,0.08203584403418063
7.248218786177653,125.44594702331614,208.0041099693236,55136.14952565256,55134.75715834214,1.3923673104218324
7.087123655915779,125.524748283179,191.66689864949737,50748.44397032986,50752.90736333142,-4.463393001555232
7.332065215043456,125.38524364700508,214.43343652442985,56644.333206665455,56647.62405482369,-3.2908481582344393
7.066076950500997,125.37689829486987,19.43185672918197,5144.743617302356,5145.2197104339475,-0.47609313159136946
7.014673190601051,125.31915853785164,117.77483059241216,31151.59340003999,31153.783367554923,-2.189967514932505
7.002528005925289,125.27519744646214,41.97783797054488,11120.870348392886,11120.614629057436,0.2557193354496121
7.493581297398592,125.28115960012528,129.73503302808535,34344.73814527298,34343.86122734335,0.8769179296359653
7.459258957738127,125.49587670052644,57.93258307103589,15308.122723412938,15308.344870559018,-0.22214714607980568
7.529256775537081,125.5201790131166,63.31778407524234,16742.23966764816,16742.664037536822,-0.4243698886639322
7.295373962985928,125.52380265863805,65.31642244806318,17306.86748962998,17305.18757683174,1.6799127982412756
7.259989390968155,125.38356514001828,393.24563518108783,104565.29335619768,104560.15331708812,5.140039109566715
7.473650189503671,125.29898739211912,40.274048422546194,10660.471309623614,10660.376622864262,0.09468675935204374
7.055941382055268,125.3426262592178,21.97482359879272,5804.408428679644,5804.051462205998,0.3569664736460254
7.503205250089865,125.33574322640462,166.89018722154665,44104.0936836763,44101.3318827504,2.7618009259022074
7.401856924248082,125.37595743385178,48.722733038741154,12887.822072568995,12887.461439037934,0.3606335310614668
7.006711415043236,125.6283282142456,22.98765503856812,6086.675377421287,6086.733627645272,-0.05825022398494184
7.156064356611996,125.58449964078196,140.28107430868528,37106.808426013784,37108.33997719827,-1.5315511844892171
7.403709267760647,125.32148470575636,24.7779423895623,6560.043317920204,6560.221974204907,-0.1786562847037203
7.147849546177995,125.65393274377476,77.02066329662746,20386.85593006437,20386.253222121628,0.6027079427403805
7.144481389961042,125.49040615826344,733.1355992842255,195562.59529276832,195529.98687995278,32.608412815548945
7.360161511879179,125.4834287971998,142.90148076243838,37823.48621144168,37819.701739441785,3.784471999897505
7.361255632041924,125.5103104172687,86.11160804075408,22815.914316590257,22810.874520804846,5.0397957854111155
7.406722700458161,125.28237669253905,38.623501930066595,10205.575809607177,10205.052006272881,0.5238033342957351
7.399608227558568,125.5412039903208,25.7123452804964,6799.362736585221,6798.785814636956,0.5769219482644985
7.246469196662407,125.2531165148628,31.59146477856737,8360.519024181343,8359.82356118856,0.695462992784087
7.012536118404329,125.41376633101343,76.91343194834079,20384.74601826643,20385.99069454634,-1.2446762799118005
7.242652102502685,125.32424029190234,347.3671318125524,91735.60848332073,91737.80550646769,-2.1970231469604187
7.110201503334628,125.57389174918308,152.26862698395365,40308.443956073206,40308.9791250457,-0.5351689724921016
7.358769685746601,125.45700684857864,181.765845776919,48260.52336747462,48260.433402931565,0.08996454305452062
7.275683431428298,125.66264903080578,275.1356092215675,72808.73484921815,72801.30775853679,7.427090681361733
7.347257476155156,125.47113752405484,157.49614980779234,41741.709244495985,41739.99157995808,1.7176645379076945
7.002882549881591,125.57130612988432,65.64001609380634,17368.193573983648,17368.915372263895,-0.7217982802467304
7.269044035360295,125.464917033165,269.653502765591,71434.76471578254,71430.92964621329,3.835069569249754
7.276783826598134,125.6596344304843,275.1356092215675,72808.73484921815,72801.30775853679,7.427090681361733
7.581239706012322,125.44219975240868,12.651785179663015,3348.8876756913855,3348.870313752539,0.01736193884653403
7.073709386051673,125.4336896533265,499.7350210108542,131786.57569140563,131803.96112323727,-17.385431831644382
7.0180420304593465,125.32162559309636,117.77483059241216,31151.59340003999,31153.783367554923,-2.189967514932505
7.363264697580567,125.29786075550535,507.5370546192472,134127.02798576897,134118.61555006966,8.412435699312482
7.372957864833626,125.37405680146595,11.564326124135269,3061.6941118097307,3061.7774940175004,-0.08338220776977323
7.4496619003823135,125.4153123122848,228.46982380909847,60392.71714587471,60392.44148820205,0.27565767266059993
7.44735593809185,125.45749384831385,40.587195528924525,10739.100864853852,10738.973940763506,0.12692409034571028
7.142570507639928,125.32499697868846,38.61756338142857,10222.059023786342,10222.358038216233,-0.2990144298910309
7.12696679029108,125.33770040943602,62.69087027861875,16594.20878603999,16594.278092764147,-0.06930672415546724
7.514833063651027,125.52407108370824,43.92260725760191,11594.743459544032,11595.529340992249,-0.7858814482169691
7.49720757516636,125.47108198170096,99.38240101259254,26307.589392527167,26307.229474846234,0.3599176809329947
7.241902748993344,125.36300854363894,22.984669621182103,6108.084015992849,6107.8123623589045,0.2716536339448794
7.164628870767882,125.34666773405986,43.24198674267351,11448.457193988928,11449.15715205545,-0.6999580665215035
7.320481878310702,125.48007026412068,88.39126889323158,23388.171746460128,23387.820662098988,0.3510843611402379
7.369780718110237,125.46003246537042,181.765845776919,48260.52336747462,48260.38915390556,0.13421356905746507
7.442861470557901,125.41342480163004,228.46982380909847,60392.71714587471,60392.44148820205,0.27565767266059993
7.171012285587499,125.37756344525884,41.81428257760997,11071.99979036567,11072.534339317426,-0.534548951756733
7.246107700509139,125.62550395478078,174.1004634625005,46098.0765326887,46098.792754975875,-0.7162222871775157
7.449465756919273,125.32687803731343,30.526032237199,8081.869376070958,8081.953781859204,-0.08440578824593103
6.969952312871191,125.48328277749648,881.4189563732999,246486.80951852907,246486.80951852907,0.0
7.071187037742268,125.3693198142062,36.99745728818641,9795.735277490574,9796.832607282655,-1.0973297920809273
7.134865546006075,125.53215029822223,105.24546223424193,27943.81718673338,27943.75203874527,0.06514798810894717
6.970320915767122,125.49658990824652,308.59291084069565,85885.72347460136,85882.52375132637,3.1997232749854447
7.057153228934753,125.62467483456112,69.88507999453897,18495.241621409317,18495.576079754068,-0.3344583447506011
7.24507206139374,125.50850277011894,41.368963064049325,10930.53947212079,10929.738915835147,0.8005562856433244
7.00284799646195,125.42998475242648,454.08783490546,121105.81407588054,121104.76863757867,1.0454383018659428
7.087939194204804,125.28955144182284,109.35345841406912,28957.31913867797,28958.36448860438,-1.0453499264112907
7.42703932810746,125.5341230867031,24.421011442066508,6473.042926833482,6472.704405150797,0.33852168268458627
7.575359923161613,125.50507863601928,20.042841767057737,5305.938851749622,5305.803376181488,0.13547556813409756
7.151261619858764,125.45454619006884,244.61985355605145,64941.13383668486,64938.73416609921,2.399670585647982
7.18984327760502,125.44647414898336,86.70214024956286,22975.69589867966,22978.348467149153,-2.652568469493417
7.41833004314549,125.38651405722382,48.59890258355836,12877.342319816238,12876.18979624472,1.1525235715180315
7.352718625975116,125.52646055455791,80.58210834881298,21333.699861024194,21334.128016536346,-0.4281555121524434
7.0229854694918,125.5589279198069,28.841273451246895,7633.875629029476,7633.711923930112,0.16370509936405142
7.348172736510418,125.44541400419835,66.98530784666394,17735.632596865402,17736.176249211007,-0.5436523456046416
7.251701961523415,125.32482655450892,347.3671318125524,91726.42726925304,91724.72408013076,1.7031891222723061
7.070969797398517,125.41611407445136,18.035296290100035,4793.235132646016,4792.939540069047,0.2955925769683745
7.006978701418151,125.481528574109,99.04394742820726,26245.192666606203,26245.39744585594,-0.20477924973602057
7.227251094082527,125.5124213178809,74.86169947148692,19821.741467134787,19822.083758925088,-0.3422917903008056
7.055972713291808,125.49184888436028,119.96000051983594,31751.974488783133,31750.09573693792,1.8787518452118093
7.0049397650838365,125.5723875801892,65.64001609380634,17368.193573983648,17368.915372263895,-0.7217982802467304
7.287387501453912,125.44418921168476,219.19005971782815,58117.11483912877,58120.8591392263,-3.744300097525411
7.195898871103617,125.5692003574975,84.47746059841938,22360.312858909758,22359.940289549977,0.3725693597807549
7.098845155694881,125.30143014197508,109.35345841406912,28957.273733767353,28957.910348554367,-0.6366147870139685
7.568487334520309,125.44009034183186,46.537748858021395,12344.24458314586,12342.836363367764,1.408219778097191
7.0960286594903295,125.56969044937816,195.35421691004356,51768.47851751859,51771.45764704358,-2.9791295249888208
7.201882821998877,125.62983968253442,34.456832860585216,9123.251841955196,9123.950798654432,-0.6989566992360778
7.113213964164854,125.62608010298136,59.192644097594965,15674.191513072483,15674.815464743544,-0.6239516710611497
7.558160300330938,125.51430321427011,7.887337573353654,2083.223144438698,2083.4442955402615,-0.22115110156346418
7.4063239342971,125.3412786857329,29.79329351753754,7886.916269810636,7887.628374460983,-0.7121046503471007
7.394156312147631,125.25999005078556,206.66440594022143,54818.20750160581,54811.95389220237,6.2536094034367125
7.002488993959043,125.38053027590672,64.36054177089046,17027.79888301336,17027.387870492996,0.4110125203660573
7.445847299297044,125.44554981507046,40.587195528924525,10739.100864853852,10738.973940763506,0.12692409034571028
7.173850891391359,125.35433748753287,130.348660660095,34490.137638316584,34490.7019672742,-0.5643289576182724
7.246177305781527,125.6217683747963,174.1004634625005,46098.0765326887,46098.792754975875,-0.7162222871775157
7.048216149863402,125.4522448597589,97.71011264804572,25824.640351770006,25822.876365163505,1.7639866065001115
7.402820949964592,125.29082265464668,75.21923680384404,19909.036746107613,19907.205200476626,1.8315456309865112
7.242726673363743,125.28463456387956,359.0068693872487,94880.39825172114,94874.94224847347,5.456003247672925
7.295212438513857,125.41631716349757,27.142462515650845,7215.292850738157,7214.824323511112,0.46852722704443295
7.19897104729973,125.51225315122092,104.19782367724775,27586.714069697333,27587.47444823178,-0.7603785344472271
7.026798058163011,125.52997392859972,230.24811737393017,61009.30475399021,61006.11780727118,3.1869467190335854
7.212192667489842,125.43655329182153,194.1099875374757,51344.66814249054,51339.79707854214,4.871063948397932
7.201647101616644,125.60621515023529,1904.1937896041136,504545.1511546849,504496.3308473671,48.82030731777195
7.341748110655647,125.47199296279646,157.49614980779234,41741.98096950148,41739.99157995808,1.9893895433997386
7.229866656845037,125.38297399960273,269.2002761886707,71208.04164783446,71219.6215392924,-11.579891457949998
7.46471764916248,125.26569017700808,485.9863886478462,128578.94405891994,128575.09250967586,3.851549244078342
7.452390813758662,125.50601192033896,30.46500698527457,8059.411175925427,8059.561046613321,-0.149870687893781
7.467793443304464,125.3541865030547,29.06669669094895,7701.0954235415475,7699.648828790891,1.4465947506569137
7.55977915806996,125.52087109999964,7.887337573353654,2083.223144438698,2083.4442955402615,-0.22115110156346418
7.311524379102545,125.43098531803918,107.79388560233394,28588.922731666702,28585.881236393398,3.041495273304463
7.1746556957580765,125.28797050683016,28.83854245371696,7633.880745030561,7633.777306571237,0.10343845932402473
7.503584912590579,125.43461598997813,37.28312676679267,9871.753716146957,9872.38569521518,-0.6319790682227904
7.2678792745532546,125.3729359229632,393.24563518108783,104565.29335619768,104560.15331708812,5.140039109566715
6.989807168959068,125.28038227551662,41.97783797054488,11713.970506117792,11714.054695756331,-0.084189638539101
7.128875321655694,125.67101615714196,500.9044047307147,133036.71311780525,133041.36357834245,-4.650460537202889
7.015128143234316,125.45934235934172,270.1616437334409,71368.16198485273,71374.73018969662,-6.568204843890271
7.560391642648229,125.42077811258837,27.1594195595681,7190.547382795948,7190.622479755763,-0.07509695981570985
7.283954366351415,125.3417302928246,97.53500742968475,25789.329333078276,25788.016862694527,1.3124703837493144
7.247387391956146,125.62982513062563,36141.5904138944,9564334.065639112,9563529.909218227,804.1564208846539
7.511913065113051,125.35163491513396,166.89018722154665,44104.0936836763,44101.3318827504,2.7618009259022074
7.300959217517058,125.40458402500605,60.62219109103389,16067.540818056832,16067.085649006664,0.45516905016847886
7.086245713628064,125.40551840608336,179.1465705515975,47263.99105376372,47265.21497051029,-1.2239167465741048
7.073993272867395,125.54373848710549,136.5761099836842,36190.66498511298,36190.94736434018,-0.28237922720290953
7.127359201587558,125.54123391560448,235.64702161281417,62167.442917762535,62170.64361574297,-3.200697980435507
7.182824102457103,125.38795542576732,513.6116033893229,135595.20327392762,135604.80881222308,-9.605538295465522
7.510060032111338,125.39087191900713,25.99833176436132,6883.885173125518,6883.901174776136,-0.016001650617909036
7.0951108443582935,125.49190099273902,435.899237777743,115506.90148932331,115508.48526956214,-1.5837802388268756
7.178789952693805,125.64927803721676,634.3723907575767,167751.5619995256,167740.37734694043,11.184652585186996
7.041144025165786,125.57590826760698,71.91410937205575,19031.277071106007,19030.11684087115,1.160230234858318
7.417647878498715,125.50848635103269,25.124135651031295,6646.499742855201,6646.817124637104,-0.3173817819033502
7.061998758839405,125.38139467024372,19.43185672918197,5144.743617302356,5145.2197104339475,-0.47609313159136946
7.302600404444663,125.46658595186628,364.5650717092,96177.20542129071,96182.55771590563,-5.3522946149169
7.354475952760715,125.3029193563768,43.98844146969564,11639.212519966044,11639.205935494048,0.006584471995665808
7.081541622840903,125.35157133837966,75.84324120821711,20112.53815471637,20112.692423479322,-0.15426876295168768
7.206408615052961,125.39917960548782,191.93724009530672,50771.0882133344,50771.08418115242,0.0040321819760720246
7.1692239063365735,125.38018102601173,41.81428257760997,11071.99979036567,11072.534339317426,-0.534548951756733
7.447717288653823,125.31452660342936,29.348586276604976,7760.559329414174,7759.716030479074,0.8432989350994831
7.30167412707881,125.45941691304236,364.5650717092,96177.20542129071,96182.55771590563,-5.3522946149169
7.458948608489835,125.36846617550536,40.60046893701411,10757.982362833747,10757.01952221437,0.9628406193769479
7.238356152363955,125.6470782444346,178.99003567626508,47382.47483734672,47382.09495499821,0.37988234851218294
7.016797015745469,125.58692945664671,93.6977182187686,24774.707836505073,24775.70561542686,-0.9977789217882673
6.978412108722246,125.5323214141823,133.83919514728333,37266.28589015395,37265.69099825884,0.5948918951107771
7.512812757880852,125.50650950316728,16.385285428835015,4337.594643625609,4337.527603225731,0.06704039987835131
6.983789719567273,125.4162326333819,275.7084437077741,76921.42655310474,76925.17983556463,-3.7532824598893058
7.128488197239462,125.43255761131776,96.75359653110088,25668.97745383519,25673.150252108688,-4.172798273499211
7.23234969563088,125.40594875436804,64.76455934309413,17118.88451083863,17117.822716113624,1.0617947250066209
7.131818950101517,125.63936007796885,121.57640384148422,32185.183440705896,32187.577670727132,-2.394230021236581
7.232913750998279,125.64623344951583,376.9834691142676,99527.83164456201,99543.96262201568,-16.130977453663945
7.282633637808936,125.37480946958335,34.408133958172385,9109.09121896175,9109.564735310132,-0.4735163483819633
7.123394713815308,125.4179427827235,193.86794878164696,51312.03258379007,51308.2716892776,3.7608945124666207
7.0548177225208,125.45867831060258,194.9018277151623,51389.48605255194,51385.32578854738,4.160264004560304
7.323738143598965,125.38637854530567,214.43343652442985,56644.333206665455,56647.62405482369,-3.2908481582344393
7.491410234314529,125.41586368618916,228.46982380909847,60392.71714587471,60392.44148820205,0.27565767266059993
7.048518179201591,125.61956440322436,41.93983534952473,11113.440929359993,11113.527642463014,-0.08671310302088386
7.066625078705999,125.47008362297277,160.45947921567142,42484.112713391,42488.65238035793,-4.539666966935329
7.322485864655231,125.27283560761605,69.58041270400645,18408.137511532124,18408.456305317068,-0.31879378494340926
6.994436785929112,125.56340488051548,65.64001609380634,18289.03935694368,18289.03935694368,0.0
7.486206319915743,125.50432528838016,71.84685863426319,19021.69669648592,19021.895356131197,-0.19865964527707547
7.386835015804495,125.34159674317736,36.94326946917393,9772.070869625393,9772.987037875266,-0.9161682498724986
7.077015763352868,125.64670607513898,33.01914479500748,8733.36811021943,8733.569057884197,-0.20094766476722725
7.337928153665515,125.37263119397964,81.30777061390162,21526.846102114443,21527.091114701387,-0.2450125869436306
7.160645212809575,125.67201203838678,119.06393785351642,31584.785739905576,31587.563717603694,-2.777977698118775
7.250114269079972,125.387930032198,68.6218456503959,18178.721647199545,18177.60278653915,1.1188606603936933
7.079660088577463,125.41718424054832,170.3466013005303,45097.546816037975,45101.58202302719,-4.035206989217841
7.120754340489055,125.64845509023824,169.86174408046116,45018.061205639766,45021.74197590134,-3.6807702615769813
6.999832973912498,125.55584244023926,65.64001609380634,18288.42835797897,18289.03935694368,-0.6109989647084149
7.381985830798447,125.3801849189302,69.9467236541887,18542.365824963632,18542.22990249859,0.135922465040494
7.164181238865596,125.28304370524909,28.83854245371696,7634.023701106033,7633.777306571237,0.24639453479539952
7.305148618742523,125.39425084517936,39.98330632701681,10586.445918387026,10586.6643125009,-0.2183941138737282
6.995594478223585,125.35997093813371,41.97783797054488,11712.73285382815,11713.887398260458,-1.1545444323073752
7.121560938357643,125.3945070567098,205.14059837392296,54315.41435290607,54318.858431378496,-3.444078472428373
7.08415152662115,125.40268087759686,170.3466013005303,45097.2309155668,45101.061364408764,-3.8304488419671543
7.363468097193057,125.34319822979256,47.5985964895131,12607.216968753302,12606.8642613743,0.35270737900282256
7.180565329683629,125.40375161063284,337.04623202851417,89017.60300010796,89021.58722874089,-3.984228632922168
7.457598189121724,125.47365452282716,241.8713140491866,64031.502836655105,64029.25939868195,2.243437973156688
7.337853138308241,125.39929808114758,136.6832622954209,36182.95656282477,36182.09497844225,0.8615843825245975
7.2349455900541475,125.24575372064425,378.3686503948254,100037.35178723866,100026.55862792958,10.793159309076145
7.0164816742691,125.43743046934416,103.95729375339748,27483.147347571838,27484.073137286083,-0.9257897142451839
7.038423552312188,125.4871330490143,251.96543187960648,66659.72789463325,66659.73192853725,-0.004033903998788446
7.354040672985397,125.5192370785065,28.11870043600369,7443.193201537124,7443.4387412183905,-0.245539681266564
7.096694848216325,125.48434230120093,60.46656328295216,15978.529731512608,15977.519509908818,1.0102216037903418
7.078399253351248,125.4191318094779,170.3466013005303,45098.06880129795,45101.58202302719,-3.513221729241195
7.413372641063526,125.38018864464786,49.80585876727402,13177.800254406518,13178.148196230706,-0.34794182418772834
7.016999712039564,125.3156034283464,117.77483059241216,31151.59340003999,31153.783367554923,-2.189967514932505
7.14609068932089,125.31341422825147,38.61756338142857,10222.059023786342,10222.227868041355,-0.16884425501302758
7.1560403343642935,125.51039991847377,767.8886473734274,202894.83212375082,202899.03040453617,-4.198280785349198
6.984255648345918,125.56697375172264,65.64001609380634,18287.973205109385,18289.03935694368,-1.066151834293123
7.271937063204325,125.4437918673599,227.32068153255776,60169.985773269116,60169.08629420733,0.8994790617871331
7.167093129249299,125.42676417502992,56.09098105838049,14862.15484141731,14860.79768561005,1.3571558072599146
7.2362785926888415,125.46780748923764,27.54978111013737,7293.527043689547,7293.855479146011,-0.3284354564639216
7.539614403808247,125.50447485087048,31.30902447918925,8284.473988610209,8284.484725919856,-0.010737309647083748
7.073593607682846,125.40208721672872,170.3466013005303,45098.06880129795,45101.58202302719,-3.513221729241195
7.142947659522664,125.38646992438382,140.851708047259,37205.31424054188,37205.08710182324,0.2271387186337961
7.452541508308432,125.30130052721732,29.348586276604976,7760.559329414174,7759.716030479074,0.8432989350994831
7.553337198052669,125.45561337215388,75.39725970040838,19924.849769325214,19923.050654866078,1.7991144591360353
7.008356586980532,125.41100307823,76.91343194834079,20384.74601826643,20385.99069454634,-1.2446762799118005
7.0849038743727535,125.31780962925268,109.35345841406912,28957.31913867797,28958.36448860438,-1.0453499264112907
7.279701571126069,125.49271154149204,315.03239565895984,83635.83159664785,83633.0412123716,2.7903842762607383
7.200931021980404,125.4959717003904,1900.7135914320784,502365.9259322717,502321.54756183515,44.37837043654872
7.046229450502366,125.61410931203528,82.57187653851352,21892.26201296116,21892.206729225705,0.05528373545530485
7.404268167488259,125.42305024108792,73.35406427475853,19367.10863445175,19368.473165020005,-1.3645305682548496
7.19627761321513,125.63400038052713,89.16842740650077,23549.981070159476,23550.571675568313,-0.5906054088372912
7.00112192277958,125.4898842519148,77.06330641498778,20421.345072181255,20420.58586861663,0.7592035646266595
7.001120764868837,125.29927754342424,41.97783797054488,11120.870348392886,11120.614629057436,0.2557193354496121
7.143328933140394,125.56668552271664,43.84517268074781,11608.136411714353,11609.19812629574,-1.0617145813866955
6.99934097961353,125.5647020781647,65.64001609380634,18289.03935694368,18289.03935694368,0.0
7.312359439389589,125.33015645663768,132.76640719825255,35171.34464454128,35167.83382957973,3.5108149615480215
7.472970592087338,125.42201984283123,228.46982380909847,60392.71714587471,60392.44148820205,0.27565767266059993
7.281431121718362,125.45206889874126,227.32068153255776,60169.985773269116,60169.08629420733,0.8994790617871331
6.989825522273277,125.615999702712,93.6977182187686,26094.41174949963,26096.07586678954,-1.6641172899071535
7.531958886170156,125.44667359624424,17.414719677638455,4609.932958332195,4609.935633796847,-0.0026754646514746128
7.401314358870716,125.53663031441724,25.7123452804964,6799.358134687716,6798.785814636956,0.5723200507600268
7.228109312844176,125.34387970053167,201.10272402579864,53303.55011805845,53300.16415348427,3.385964574175887
7.294931022660234,125.3934052578487,52.2547424055079,13845.710507096639,13844.853280422385,0.8572266742539796
7.168557737075168,125.43927772464392,65.265909807132,17277.37014567128,17277.96656280296,-0.596417131680937
7.119159800028768,125.36410133484668,32.49785229895129,8609.409619224556,8608.950287510987,0.45933171356955427
7.053609329984762,125.39266963571932,251.92004597571196,66597.73220374984,66598.2639471996,-0.5317434497555951
7.40692982991062,125.28175639080224,38.623501930066595,10205.575809607177,10205.052006272881,0.5238033342957351
7.110509143255096,125.62413497245134,46.60107629441113,12332.19638770683,12333.58363394584,-1.3872462390099827
7.451356208511793,125.2402534759164,40.74935278788705,10797.158106234121,10795.585569033436,1.572537200685474
7.002890234694283,125.576368727345,65.64001609380634,17368.193573983648,17368.915372263895,-0.7217982802467304
7.447344333083449,125.50158042394256,30.46500698527457,8059.411175925427,8059.561046613321,-0.149870687893781
7.079300258647764,125.34114603427516,21.97482359879272,5804.2334440597015,5803.665628276031,0.5678157836700848
7.316895033173844,125.27702725558672,15.134142288459191,4010.2977170200525,4010.3219222070343,-0.02420518698181695
7.47085639717375,125.50364860112144,66.5817242049405,17619.20407524997,17617.103089443677,2.1009858062934654
7.116830515075202,125.60404261997944,904.870994683936,239143.31541076046,239128.4202746982,14.895136062259553
7.149403839259431,125.48419223748418,118.33733991946572,31321.84554872705,31321.506258199137,0.3392905279142724
7.561586130725209,125.3757579595178,37.6958936029642,9987.958662142702,9985.902687036203,2.055975106499318
7.305320709880841,125.4175443532004,294.0166291258601,77904.15830794645,77894.0254691225,10.132838823948987
7.02590168816061,125.45121382446892,169.56543518775092,44886.98841260408,44887.15707432956,-0.16866172548179748
7.29895399595781,125.33111494465976,50.15307702158783,13272.663513349375,13271.21460569841,1.4489076509653387
7.019176856474032,125.5846419957719,93.6977182187686,24774.707836505073,24775.609408680823,-0.9015721757496067
7.405622689012298,125.25050282775948,34.022922963141454,9011.366625248613,9010.495736696397,0.870888552215547
7.448172001121757,125.52052266473386,16.170153829807926,4280.067279896333,4279.913463671326,0.1538162250071764
7.165676809076621,125.49872365803506,2763.6650927347528,738863.6666099329,738883.7237695359,-20.057159602991305
7.387757696320457,125.49936895599392,36.35739738907891,9611.233717062436,9610.69026066541,0.5434563970266026
7.447373906912387,125.42723975814631,228.46982380909847,60392.71714587471,60392.44148820205,0.27565767266059993
7.306619998855576,125.31466615782269,45.00512874643664,11922.451405350119,11922.037163530294,0.41424181982438313
7.327492458369948,125.44846089582764,269.46215496992716,71278.80087254955,71286.59739949618,-7.796526946636732
7.218821338891895,125.24112813106628,17.580052938865563,4654.723607722401,4655.086516539042,-0.3629088166417205
7.336340814303488,125.49718987363448,38.64999470044047,10232.387852154265,10232.593210497635,-0.20535834336988046
7.424050725048475,125.53285104566562,24.421011442066508,6473.042926833482,6472.704405150797,0.33852168268458627
7.469539246923437,125.52527967843557,26.791839957889454,7079.268841654517,7078.820830548398,0.44801110611933836
7.305366238713866,125.51722879982024,55.444382147138946,14691.707731990504,14691.4624110399,0.24532095060385473
7.021943322307107,125.50832536216602,198.7925519857941,52696.33087650401,52697.92954694085,-1.5986704368406208
7.298800317338966,125.34859863250766,50.15307702158783,13272.663513349375,13271.21460569841,1.4489076509653387
7.340942209091963,125.26095203141452,69.58041270400645,18407.78860581483,18407.82046975371,-0.0318639388824522
7.433015333178766,125.32393817104192,30.282662575179664,8016.577773473683,8016.511593831837,0.06617964184624725
7.176153385624087,125.5012110269072,1520.347044662701,406385.4612838904,406373.71730912843,11.743974761979189
7.517520920137294,125.431614681149,50.65071576658682,13403.80187989918,13402.037593943529,1.7642859556508483
6.988935587030354,125.39419723620244,34.23246179952801,9545.095913842253,9544.995520667408,0.10039317484552157
7.569510590085489,125.39666774346736,20.60223821544115,5461.829356337253,5461.747637588788,0.0817187484644819
7.108758183062633,125.4598648805424,73.12803808653696,19377.85698922459,19378.00818579099,-0.15119656639944878
7.175967657385349,125.26831011972688,28.83854245371696,7633.880745030561,7633.777306571237,0.10343845932402473
7.205223160117609,125.6088184705638,1904.1937896041136,504545.1511546849,504496.3308473671,48.82030731777195
7.351585519348243,125.27074200711736,152.45941267805347,40335.661182206255,40337.97790411732,-2.3167219110619044
7.217432279889572,125.67757687382333,3086.674337150231,818760.2958857263,818717.6296620473,42.666223679087125
7.093753396028057,125.48245402192448,63.21609720922325,16732.403465596075,16732.044646576083,0.35881901999164256
6.990848837968865,125.35053699332052,41.97783797054488,11712.90249000856,11713.887398260458,-0.9849082518976502
7.373449006238466,125.47293976513106,31.255447135955343,8273.218381867311,8272.863834348755,0.354547518556501
7.22888269215109,125.43945619935704,164.18669916230806,43537.72225716323,43537.785840680386,-0.06358351715607569
7.499678393605973,125.32921099610306,166.89018722154665,44104.0936836763,44101.3318827504,2.7618009259022074
7.095955561703523,125.48070871952469,71.09346398644684,18814.9330636748,18814.254535601172,0.6785280736294226
7.322131086542002,125.2958664176867,80.20288985798338,21256.78611563596,21256.671679737312,0.11443589864938986
7.362952941381181,125.39413051619384,29.39143371892187,7764.366846342717,7763.5543849863,0.8124613564168612
7.371432208255991,125.51501592527244,86.11160804075408,22815.914316590257,22810.874520804846,5.0397957854111155
6.966916278736714,125.5487554235534,133.83919514728333,37266.50545798181,37266.176528903095,0.3289290787142818
7.201286059329388,125.59238499209542,53.57796780659214,14179.445218212057,14177.954734597235,1.4904836148216418
7.240071080955293,125.4608416984802,95.12410277889737,25214.7746267337,25213.335584718672,1.4390420150266436
7.118492804371616,125.38052121449708,105.91015786574744,28042.007063732042,28044.33806654833,-2.331002816288674
7.1999844876781,125.47060388791655,2036.290415130128,544303.6612529062,544349.3828307125,-45.72157780628186
7.147161806733208,125.37090447343132,106.1364944112582,28100.849501136694,28102.514295531837,-1.6647943951429625
7.280534316230372,125.4781644848648,111.5909646165022,29466.92292500743,29466.37577906393,0.5471459435029828
7.573315935137208,125.5263315721946,12.78623504042829,3395.1181675006555,3395.2280707879277,-0.10990328727211818
7.406223234874409,125.35438481713346,30.20928597221454,8009.692112228949,8009.38357368216,0.3085385467884407
6.976343427979166,125.43999319447452,382.79175439489904,107046.84482737452,107046.84482737452,0.0
7.396829621741197,125.51382785568823,18.53903098099958,4908.270605990794,4908.404277881098,-0.1336718903039582
7.21348746900606,125.50724541079094,269.30981672749436,71433.57311726832,71432.11650514111,1.456612127207336
7.358897388046706,125.47907367911814,76.06484366462419,20132.852072869508,20130.99993719245,1.8521356770579587
7.064036089213262,125.3779515875958,19.43185672918197,5144.743617302356,5145.2197104339475,-0.47609313159136946
7.217583508485784,125.43393602373794,27.11797447910052,7193.599774918745,7194.2175121736545,-0.617737254909116
7.037024735273647,125.5305649201089,264.71982712637,69928.64539916458,69926.81312091794,1.8322782466420904
7.220496865631603,125.26014937580938,378.3686503948254,100037.71942785107,100026.89175719068,10.827670660393778
7.389740240377836,125.41480613060028,26.342358265585588,6973.988862928217,6974.188048934034,-0.199186005816955
7.445645837087379,125.43664838516,228.46982380909847,60392.71714587471,60392.44148820205,0.27565767266059993
7.107271998612494,125.51216332025663,76.68092278817687,20312.260285233064,20311.191005396064,1.0692798370000673
7.184358599478898,125.537032381255,2863.8242348812805,755541.5314414471,755562.7084348061,-21.176993358996697
7.458270214123952,125.45395829172372,40.587195528924525,10739.100864853852,10738.973940763506,0.12692409034571028
7.27727309113849,125.34763048096929,97.53500742968475,25789.346022114176,25788.089196253157,1.2568258610190242
7.515427839158392,125.31230496603057,90.52395806752692,23947.7968835219,23948.242210446428,-0.44532692452776246
7.230655873340414,125.49154731748408,516.8187276621609,136488.08231748434,136488.91930765403,-0.8369901696860325
7.178758812023021,125.48634876540356,1577.257650579072,421689.241435554,421704.4126905664,-15.171255012392066
7.112963705315096,125.3559828146657,42.04168088567761,11138.14921127652,11137.916191403927,0.23301987259401358
7.278770461117928,125.25712476157082,12.603752069103884,3326.9902817534826,3327.169398947419,-0.1791171939362357
7.234616930786979,125.4674532638112,27.54978111013737,7293.527043689547,7293.855479146011,-0.3284354564639216
7.092152979328382,125.44032023454562,82.32573373206071,21735.47095667775,21736.112078200767,-0.6411215230182279
7.0850761583351565,125.61227412174792,470.3759292191877,124389.9908857585,124386.8812815859,3.1096041725977557
7.51675312522657,125.4933006722422,16.385285428835015,4337.594643625609,4337.527603225731,0.06704039987835131
7.528894405528991,125.35718054755618,25.99833176436132,6883.885173125518,6883.901174776136,-0.016001650617909036
7.505980836251318,125.5363261236806,85.08443703405864,22589.900700655086,22588.57297788253,1.3277227725557168
7.229140893742389,125.69388469799664,61.67460371866925,16326.961312770045,16326.674529634316,0.28678313572891057
7.558341217126944,125.43478971836387,46.537748858021395,12344.24458314586,12342.836363367764,1.408219778097191
7.323527481398158,125.40675972244524,136.6832622954209,36184.31423396535,36183.1775575797,1.13667638564948
7.213804122871871,125.6207920010588,1904.1937896041136,504545.1511546849,504496.3308473671,48.82030731777195
7.1159951075146415,125.40659577508538,222.49489219852103,58818.89104063578,58820.46086017269,-1.569819536904106
7.479655746767071,125.45336959619388,36.3674426163565,9637.125465677851,9637.208051386802,-0.0825857089512283
7.259743143590985,125.49327750227252,315.03239565895984,83635.83159664785,83633.68078936751,2.150807280340814
7.246752963987327,125.5122031497626,13.604560598458598,3601.762954476687,3601.8325686779435,-0.06961420125662698
7.262736002267011,125.40878311282889,59.27070093628309,15693.201179385005,15693.586390824641,-0.38521143963589566
7.281640528449829,125.49672027894948,7.13023040142218,1891.3982660040092,1891.5009351265687,-0.10266912255951866
7.4874626773344035,125.44403371185618,16.810209271145602,4449.633465293603,4449.593943460009,0.039521833594335476
7.177963810177744,125.57520666615284,107.9645271234512,28484.405244739337,28484.868942605084,-0.4636978657472355
7.334711079025652,125.29120733007876,43.98844146969564,11639.212519966044,11639.205935494048,0.006584471995665808
7.436364435318145,125.35442841687896,206.4786654020648,54595.289769814844,54592.603147127425,2.6866226874190033
7.392342888267472,125.33211411704522,36.94326946917393,9772.070869625393,9772.987037875266,-0.9161682498724986
7.288240663767005,125.33995049734442,50.15307702158783,13272.663513349375,13271.230262394247,1.4332509551277326
7.203901090452946,125.67256522276412,3086.674337150231,818760.2958857263,818717.6296620473,42.666223679087125
7.0639536688116165,125.637172666729,18.309081441588575,4844.8774747051375,4845.1711342007775,-0.29365949563998583
7.521824428793323,125.40622062734673,50.65071576658682,13403.80187989918,13402.037593943529,1.7642859556508483
7.302269517573976,125.54791931424496,77.82426705422398,20581.14698642269,20579.016197241916,2.130789180773718
7.483865043365038,125.40361261730328,228.46982380909847,60392.71714587471,60392.44148820205,0.27565767266059993
7.105580322191104,125.64562973008816,315.9892260160648,83657.08939398304,83659.05010201546,-1.9607080324203707
7.373764933291994,125.2993122767321,173.53170796352867,46008.08123774458,46008.01337537572,0.06786236886546249
7.046825961504325,125.33733461294555,21.97482359879272,5804.510869110113,5804.29124328499,0.2196258251233303
7.103273987809818,125.63032044646177,296.4350884294534,78451.74554425926,78448.91631751704,2.8292267422220903
7.4807148387922275,125.463287154375,36.3674426163565,9637.125465677851,9637.208051386802,-0.0825857089512283
7.222761004381483,125.3879859790452,41.06963103056342,10883.043959781799,10882.55229999159,0.4916597902083595
7.437431643671471,125.29813555854638,10.185925843251336,2698.8561970577957,2698.3221387296326,0.5340583281631552
7.044984047563792,125.593940376148,85.68515673309395,22632.111249213594,22634.322870457883,-2.2116212442888354
7.536226766379172,125.40629505698178,27.1594195595681,7190.547382795948,7190.622479755763,-0.07509695981570985
7.173231825961508,125.48379171201267,755.1485917219889,199362.7682676865,199371.78063922617,-9.012371539662126
7.255042827604614,125.34806562563809,1490.0147818170883,398010.35157537635,398004.1585504972,6.193024879146833
7.300245941410997,125.30465101830488,16.94171018702364,4489.299307414333,4489.300448464087,-0.0011410497536417097
7.45301956804858,125.3015118908058,29.348586276604976,7760.559329414174,7759.716030479074,0.8432989350994831
7.46467918234408,125.39051999248436,228.46982380909847,60392.71714587471,60392.44148820205,0.27565767266059993
7.077462471965523,125.31652107952816,21.97482359879272,5804.2531884208265,5803.665628276031,0.587560144795134
6.977604418052624,125.45596688870792,382.79175439489904,107046.84482737452,107046.84482737452,0.0
7.426516692026594,125.32564524439364,30.282662575179664,8016.577773473683,8016.511593831837,0.06617964184624725
7.008686604083787,125.61920322591564,22.98765503856812,6086.675377421287,6086.733627645272,-0.05825022398494184
7.29730202041706,125.54091752904156,207.2234455238327,54930.75465958878,54928.92263219244,1.8320273963399814
7.553248908080733,125.53067041955538,105.13765504565971,27856.37943126853,27850.854387984164,5.525043284367712
7.161325347306518,125.26580269313226,28.83854245371696,7634.023701106033,7633.777306571237,0.24639453479539952
7.394902865243062,125.43114248613044,73.35406427475853,19367.10863445175,19368.473165020005,-1.3645305682548496
7.475560536326652,125.29518335503508,10.394589890937905,2753.3870383850617,2753.1865284657297,0.20050991933203477
7.186633699461736,125.57925574248236,47.6564254232504,12612.3050434482,12611.489727445945,0.8153160022538941
7.290127337590169,125.52866067782152,34.33817632642737,9090.043079161742,9089.317864413937,0.7252147478047846
7.044047373782406,125.34216510748216,37.64164548447054,9963.18830310044,9963.075448016873,0.11285508356741047
7.184480671918773,125.52347773394465,100.58242934692105,26564.92170377727,26565.97872453156,-1.0570207542914432
7.4056473936258,125.3214900168838,442.48778437671024,117369.33335356507,117355.36293430474,13.97041926033853
7.306444957772916,125.54700680018055,77.82426705422398,20581.14698642269,20579.016197241916,2.130789180773718
7.206568733740913,125.66600011286762,3086.674337150231,818760.2958857263,818717.6296620473,42.666223679087125
7.0050190797040495,125.61847398709187,22.98765503856812,6086.675377421287,6086.733627645272,-0.05825022398494184
7.185701044668314,125.51819060868986,348.5537784012911,92200.31424009473,92202.40273317706,-2.0884930823376635
7.456646445707074,125.54347484144112,17.123032355193214,4545.406511750485,4544.9786935303455,0.4278182201396703
7.431075228428199,125.375275734534,36.47092000109686,9652.947004483103,9652.703104956156,0.2438995269476436
7.063880211947526,125.30574691735164,21.97482359879272,5804.345625886947,5804.051462205998,0.29416368094916834
6.982158296905699,125.5501989659342,133.83919514728333,37266.3964683058,37266.03920589808,0.3572624077205546
7.343833768636879,125.35309627693968,46.409893411108925,12302.923947958465,12302.83376293213,0.09018502633443859
7.555979044469513,125.4260293057066,27.1594195595681,7190.547382795948,7190.622479755763,-0.07509695981570985
7.397371868755621,125.35562599431712,30.20928597221454,8009.692112228949,8009.38357368216,0.3085385467884407
7.099113984289991,125.44070911787182,85.07777422977442,22544.361713016082,22544.537616372403,-0.17590335632121423
7.249312071004441,125.32404179006312,347.3671318125524,91726.42726925304,91724.72408013076,1.7031891222723061
7.493033018616638,125.43955158129438,16.810209271145602,4449.633465293603,4449.593943460009,0.039521833594335476
7.374001238553186,125.54556565183388,61.9315725523175,16389.9400300037,16388.618711139963,1.32131886373827
7.131902817186612,125.52925089144716,30.86182501671059,8153.001068191706,8153.943532109058,-0.9424639173521427
6.9858712037218025,125.39586571232128,34.23246179952801,9545.183970242118,9544.995520667408,0.18844957471083035
7.1155892776075245,125.42777226783126,63.60921862885479,16863.707403583776,16864.430191635067,-0.7227880512909906
7.338049596643748,125.3180339268134,242.0378400884071,63827.37698581551,63831.94983519228,-4.572849376774684
6.997918761897956,125.32912508421892,41.97783797054488,11713.22537762056,11714.062751546999,-0.837373926438886
7.200758334020256,125.58569049872224,53.57796780659214,14179.445218212057,14177.954734597235,1.4904836148216418
7.236387283975638,125.39995399860352,64.76455934309413,17118.80957548539,17117.387779011708,1.421796473681752
7.164620310463238,125.60848955341407,561.7332947093377,148134.45689449648,148155.8630566526,-21.40616215611226
7.236622952939621,125.5345460728492,35.340118680370495,9355.940444391978,9356.361752567309,-0.4213081753314327
7.297425396111147,125.41635241384893,27.142462515650845,7215.292850738157,7214.824323511112,0.46852722704443295
7.023929003767093,125.36997249430814,117.77483059241216,31151.59340003999,31153.783367554923,-2.189967514932505
7.036665185428561,125.41655611749516,33.92666536693495,8987.934232433203,8987.727558989762,0.2066734434411046
7.317985101440835,125.41444081577671,136.6832622954209,36184.45464128096,36183.42839658189,1.0262446990673197
7.25354729080546,125.5156450432585,109.18697159449732,28860.587319500468,28856.916969670212,3.670349830255873
7.216891994954809,125.34927664773244,201.10272402579864,53304.00487066686,53300.37680648047,3.6280641863922938
7.016988955099222,125.29522503384402,21.97482359879272,5804.5459917265725,5804.4999693573145,0.04602236925802572
7.169971569337199,125.48121678150255,755.1485917219889,199362.7682676865,199371.78063922617,-9.012371539662126
7.100302634466827,125.48060497035682,71.09346398644684,18814.9330636748,18814.001288135274,0.9317755395277345
7.35264447107458,125.51382343357012,37.50535686525314,9937.57692057285,9935.428188643138,2.148731929712085
7.229089388708718,125.51641868847996,52.82492024665848,14013.688495395018,14016.661549225884,-2.9730538308667747
7.561130745660002,125.401736311228,20.60223821544115,5461.829356337253,5461.747637588788,0.0817187484644819
7.377643691800014,125.39942138919966,29.39143371892187,7764.366846342717,7763.5543849863,0.8124613564168612
7.053117403660885,125.5554225337101,139.03975514253094,36743.897441620116,36744.10203285254,-0.20459123242471833
7.393713634920197,125.4734059919564,46.01234612115003,12188.051548441654,12186.815207441816,1.2363409998379211
7.056885638430398,125.43640940361666,306.5527388770074,81393.07067861487,81392.93699585435,0.13368276051187422
7.5112098430625585,125.33467219429684,166.89018722154665,44104.0936836763,44101.3318827504,2.7618009259022074
7.394123253794656,125.29482999599009,75.21923680384404,19909.036746107613,19907.205200476626,1.8315456309865112
7.338260333837234,125.54564019126812,26.64886744254802,7061.278529380664,7060.648337778848,0.630191601815568
7.409153332140874,125.3927355600122,48.59890258355836,12877.406788855951,12876.18979624472,1.216992611231035
7.091087547088608,125.50261713398206,166.05323244704314,43832.249537271564,43825.40880317992,6.840734091645572
7.529082782310138,125.48767325822872,21.12142317651646,5584.582724920309,5584.663441480552,-0.08071656024276308
7.262678056076377,125.53740694421704,19.918625957029217,5274.583107299904,5274.579009441088,0.004097858816749067
7.012000033237159,125.37182460753804,117.77483059241216,31151.59340003999,31153.783367554923,-2.189967514932505
7.065758767495869,125.60840855781416,110.04841562206522,29112.935964263983,29114.18478279156,-1.248818527576077
7.227916079616835,125.3536078919936,201.10272402579864,53303.55011805845,53300.16415348427,3.385964574175887
7.474805853861046,125.37317783509592,29.06669669094895,7700.698477525446,7699.648828790891,1.049648734555376
7.46073447014428,125.29124841357503,290.222593503994,76608.23939041501,76613.67239654847,-5.433006133462186
7.174717573618554,125.46596790779924,142.64696526585797,37768.95799685296,37769.65784889387,-0.6998520409106277
7.34087971457501,125.26591756735746,152.45941267805347,40335.661182206255,40338.349356129096,-2.688173922841088
7.308896107884975,125.3409220845063,132.76640719825255,35171.34464454128,35167.83382957973,3.5108149615480215
7.140344471028946,125.37128303220796,106.1364944112582,28100.849501136694,28103.108758570877,-2.2592574341833824
7.075290299855312,125.49280968407972,122.12498984075263,32416.01084237536,32412.985554282972,3.0252880923872
7.378967129620044,125.44258962229208,44.80700399409231,11871.874338232888,11870.750034403143,1.1243038297452586
7.488562203946911,125.46013887959748,36.3674426163565,9637.125465677851,9637.208051386802,-0.0825857089512283
7.417415164403389,125.5312067138989,71.86725319130794,19033.56243497753,19031.18113585881,2.3812991187223815
7.136935193748933,125.51187873930157,34.91084804740453,9248.317952430742,9248.022157129588,0.2957953011537029
7.352720711309069,125.2944906495341,43.98844146969564,11639.212519966044,11639.205935494048,0.006584471995665808
7.312801945852181,125.36604990940722,18.515486281324545,4902.375820716773,4902.227087819181,0.14873289759179897
7.263389789198587,125.48761341176323,315.03239565895984,83635.83159664785,83633.68078936751,2.150807280340814
7.092678997267923,125.53178629460064,99.86191043202804,26385.103800866236,26383.226410402047,1.877390464189375
7.44058847333142,125.3350250244055,30.526032237199,8081.869376070958,8081.953781859204,-0.08440578824593103
7.459259366897929,125.25810934032089,143.41008999076496,37887.637688628536,37886.73611889405,0.9015697344875662
7.028151368050303,125.50055042855227,434.0922822783725,115021.08505017764,115012.4119198469,8.673130330746062
7.443941194069891,125.25572315887246,55.99150850026849,14823.432008726522,14823.762180718706,-0.33017199218375026
7.533886220219325,125.35808486380542,25.99833176436132,6883.885173125518,6883.901174776136,-0.016001650617909036
7.416728929127495,125.35121223149751,29.79329351753754,7886.916269810636,7887.628374460983,-0.7121046503471007
7.108649119289284,125.37402048589526,66.22955639163489,17559.2970677528,17559.28277892691,0.014288825888797874
7.438417337970442,125.40619580825889,228.46982380909847,60392.71714587471,60392.44148820205,0.27565767266059993
7.326947341265196,125.44503998023382,269.46215496992716,71278.80087254955,71286.59739949618,-7.796526946636732
7.047988989658287,125.3682615382941,37.64164548447054,9963.18830310044,9963.041429819401,0.14687328103900654
7.514644526706066,125.34561411867128,166.89018722154665,44104.0936836763,44101.3318827504,2.7618009259022074
7.201745207686754,125.50651272084949,269.30981672749436,71433.57311726832,71432.11650514111,1.456612127207336
6.998080236141019,125.59643290461474,93.6977182187686,26095.29735011387,26098.009447079734,-2.7120969658644754
7.105681096256129,125.3393588751062,29.118146311129433,7706.850367406807,7706.768331562773,0.08203584403418063
7.369047345917012,125.3059876193463,33.45791203407133,8856.203901199371,8856.157987186889,0.04591401248217153
7.556607726035894,125.399706400307,20.60223821544115,5461.829356337253,5461.747637588788,0.0817187484644819
7.373584429115952,125.4386796098808,50.56741738497368,13385.036061495257,13384.462447805598,0.5736136896593962
7.117744856266504,125.65818585417848,805.6273409398274,213276.12255638416,213293.69208963457,-17.56953325041104
7.019573210067833,125.64278740313334,82.57187653851352,21892.26201296116,21892.206729225705,0.05528373545530485
7.464729074965203,125.52858939888944,51.41022007436092,13616.9703220902,13616.494368066202,0.475954023997474
7.278101328881067,125.51235871780838,41.27795170070718,10924.204245948356,10923.089372522092,1.1148734262642392
7.054728064102899,125.5136732507574,289.54501240602633,76602.69978576618,76601.74955052193,0.9502352442505071
7.13153207641434,125.32098033004408,62.69087027861875,16594.08149511159,16594.278092764147,-0.19659765255710226
7.24326169965794,125.50428850643658,74.57875061072244,19736.830502255107,19735.24180944282,1.5886928122854442
7.529668782054605,125.33484330079824,19.09001216948704,5051.08972245467,5051.030024256809,0.05969819786059816
7.245944902113745,125.39692591201704,59.27070093628309,15693.247264757063,15693.83865021752,-0.5913854604568769
7.0743969872433805,125.41408571959548,170.3466013005303,45098.06880129795,45101.58202302719,-3.513221729241195
7.353078865448237,125.37945297315729,49.797903775064064,13182.872679673203,13182.641122465924,0.2315572072784562
7.129843368254563,125.50957778643374,34.91084804740453,9248.543360720729,9248.127076200173,0.4162845205555641
7.030202064386536,125.32404093247942,22.1380307270586,5862.127305560866,5862.291527297735,-0.16422173686896713
7.463482416145435,125.5338007707156,34.71188914905268,9183.175159974975,9183.498433609886,-0.3232736349109473
7.161657219495938,125.5825469752635,48.27071000245962,12781.519317311622,12782.089798975569,-0.5704816639463388
7.250870348581521,125.31603521690676,347.3671318125524,91726.42726925304,91724.72408013076,1.7031891222723061
7.553234268660465,125.47984514788364,39.356645583876386,10419.803865030406,10419.912687843254,-0.10882281284830242
6.987047738598628,125.44084701584228,32.61622265509294,9135.297340996574,9135.297340996574,0.0
7.209726954359888,125.2576686511673,378.3686503948254,100037.71942785107,100026.89175719068,10.827670660393778
7.066600440080864,125.34117944742356,21.97482359879272,5804.345625886947,5804.051462205998,0.29416368094916834
7.395341002976387,125.52499118262088,15.429342294452429,4084.9701007160274,4085.081350832216,-0.11125011618833014
7.376118555018163,125.3765679811653,11.564326124135269,3061.6941118097307,3061.7774940175004,-0.08338220776977323
7.121974851957642,125.36233291014912,118.69772763630036,31426.55772303892,31425.314702600328,1.2430204385927937
7.367036844649251,125.43403614435483,24.837755346736863,6564.883548088667,6564.932657952876,-0.04910986420873087
7.3935931972338835,125.29408535999988,96.5454195523464,25545.83063490468,25544.983622771608,0.8470121330719849
7.133439666924192,125.34737763888128,30.773929962237844,8157.83322890291,8157.875158407123,-0.041929504212930624
7.1721166685984725,125.29537398603088,28.83854245371696,7633.880745030561,7633.777306571237,0.10343845932402473
7.2512372553913105,125.37646090352786,80.97256003620116,21432.74581744413,21432.013087574134,0.7327298699965468
7.081584365270417,125.3089177514448,109.35345841406912,28957.31913867797,28958.652935576964,-1.3337968989944784
7.039926438698687,125.47741121914224,122.9159457686336,32539.52207641873,32541.57625977771,-2.0541833589813905
7.569382932990467,125.54798875838426,28.342035013412815,7502.781023896779,7502.680186355678,0.10083754110019072
7.541553564069264,125.42228430445972,27.1594195595681,7190.547382795948,7190.622479755763,-0.07509695981570985
6.9931175718510765,125.62192485570696,22.98765503856812,6411.5624596352945,6411.5624596352945,0.0
7.200803349166555,125.59019858813424,53.57796780659214,14179.445218212057,14177.954734597235,1.4904836148216418
7.06860332282904,125.36307355664472,36.99745728818641,9795.735277490574,9796.832607282655,-1.0973297920809273
7.075598143043031,125.62929933928386,28.14134048254343,7436.089730049934,7436.457281081291,-0.3675510313569248
7.036620006832594,125.3873035526802,24.618467103700965,6506.656963740064,6506.1805281976585,0.4764355424058522
7.171708844909306,125.3068646932014,31.336103192586464,8295.602456197394,8295.666482375045,-0.06402617765161267
7.158946745966996,125.65692049028064,1920.919563174769,509592.2200610289,509634.58240796765,-42.362346938753035
7.42061330284981,125.28596962917516,17.13347381319338,4535.483032987441,4535.485665243625,-0.002632256183460413
7.40484319553006,125.50573956675709,66.59861914307231,17646.318639249766,17643.742600795937,2.576038453829824
6.982311018728764,125.54276806860852,133.83919514728333,37266.3964683058,37266.01362287769,0.38284542811015854
7.193098991980907,125.63341006698428,67.34433230192738,17825.832581801467,17825.947075417345,-0.11449361587801832
7.123367674310072,125.66698674325626,436.1629774599237,115180.0527828159,115178.29403082079,1.7587519951048307
7.069092438006303,125.45332299742776,88.71024162009576,23481.707287073128,23481.965838003096,-0.2585509299678961
7.143496915048166,125.28631856722272,38.61756338142857,10222.059023786342,10222.358038216233,-0.2990144298910309
7.410868152943345,125.48301911323308,88.22026110124524,23327.846222668508,23326.462828521326,1.3833941471821163
7.208283191886847,125.52831569473844,298.0492493960961,78659.7598434987,78655.20271058491,4.557132913789246
7.017335132231777,125.48377634597736,404.0060741483075,107039.65991688827,107038.90631907803,0.7535978102387162
7.22689414310795,125.66277758340736,376.9834691142676,99527.6922720954,99543.96262201568,-16.270349920276203
7.411744206346567,125.38626941073753,48.59890258355836,12877.406788855951,12876.18979624472,1.216992611231035
7.442034838700301,125.28782324076435,290.222593503994,76608.23939041501,76613.67647401568,-5.437083600671031
7.170962629541279,125.3521630758202,130.348660660095,34490.137638316584,34490.7019672742,-0.5643289576182724
7.48358780514925,125.34912091687988,29.06669669094895,7700.698477525446,7699.648828790891,1.049648734555376
7.480965924752819,125.28425926926668,52.97655984751353,14025.241576623761,14025.55396999862,-0.31239337485931173
7.082773202186634,125.54236731643604,295.1190686323768,78133.62787568547,78133.61632627611,0.011549409362487495
7.270291270863227,125.52841950438844,48.94474323429765,12959.498026558396,12959.823666396736,-0.3256398383400665
7.029043146657997,125.4283054441064,134.53266922482527,35565.138387602245,35566.09109701618,-0.952709413933917
7.021123834179046,125.4661720746256,270.1616437334409,71368.16198485273,71374.73018969662,-6.568204843890271
7.165428205184386,125.38794894608702,38.459281615844205,10173.431609612135,10174.008488266472,-0.5768786543376336
7.151036210004779,125.65842339351217,132.6001149732459,35257.726919234075,35253.744108779,3.9828104550761054
7.317520474259916,125.27266708546078,69.58041270400645,18408.137511532124,18408.456305317068,-0.31879378494340926
7.477115789098304,125.38331247055127,29.06669669094895,7700.698477525446,7699.648828790891,1.049648734555376
7.263186033281112,125.6393656775302,39.456259477321694,10427.35905103843,10426.545984447255,0.8130665911739925
7.27384051785205,125.34752617087702,97.53500742968475,25789.346022114176,25788.089196253157,1.2568258610190242
7.478476230888672,125.23548620578114,165.75069324833808,43857.313194897215,43856.17339608571,1.139798811505898
7.156767870780282,125.2662405938339,28.83854245371696,7634.023701106033,7633.777306571237,0.24639453479539952
6.984125666910752,125.48871927270328,330.35538115122387,92226.01819821548,92226.01819821548,0.0
7.408395956878599,125.255632675208,186.3307598138087,49184.56306682317,49188.05120380349,-3.4881369803188136
7.104366502561783,125.38003133865811,105.91015786574744,28042.007063732042,28044.480658287193,-2.4735945551510667
7.452109690851373,125.30813091248476,29.348586276604976,7760.559329414174,7759.716030479074,0.8432989350994831
7.417366729397284,125.52533397039718,32.854069590535595,8692.087921516904,8692.032974381113,0.05494713579173549
7.302671064719726,125.44946482551111,219.19005971782815,58115.12336519543,58115.29895455792,-0.17558936248678947
7.02458338037729,125.37290030756624,117.77483059241216,31151.59340003999,31153.783367554923,-2.189967514932505
6.978042208306872,125.53635513070468,133.83919514728333,37266.3964683058,37265.85349515716,0.5429731486437959
7.017419940535315,125.34978733202372,117.77483059241216,31151.59340003999,31153.783367554923,-2.189967514932505
7.371119272942806,125.30906530239716,33.45791203407133,8856.203901199371,8856.157987186889,0.04591401248217153
7.22972036091988,125.5190110001902,52.82492024665848,14013.688495395018,14016.661549225884,-2.9730538308667747
7.237722592161544,125.26083879633713,31.59146477856737,8360.676812939852,8359.82356118856,0.8532517512921913
7.424208654486526,125.38676938713093,48.59890258355836,12877.342319816238,12876.18979624472,1.1525235715180315
7.275523104879567,125.49529465095613,315.03239565895984,83635.83159664785,83633.0412123716,2.7903842762607383
7.583900987103238,125.45114987543047,57.6251297210752,15253.195473409005,15253.111201986749,0.08427142225627904
6.9734101084858136,125.44742841527582,382.79175439489904,107046.84482737452,107046.84482737452,0.0
7.1635401010287,125.6696218047104,2125.232635633344,565930.5510219018,565915.9183565533,14.632665348472074
6.986976463523976,125.56227739130878,65.64001609380634,18289.03935694368,18289.03935694368,0.0
7.002696875677593,125.50517076329172,32.85513668129037,8688.440781281091,8687.645782308988,0.7949989721037127
7.356768668603586,125.47948094094214,76.06484366462419,20132.93552265225,20130.99993719245,1.9355854597997677
6.9977652591794985,125.35758535551808,41.97783797054488,11712.70429489668,11714.02324827489,-1.3189533782115177
7.0223282802513385,125.57127989941904,65.64001609380634,17368.193573983648,17368.915372263895,-0.7217982802467304
7.158375345536249,125.25862574997076,28.83854245371696,7634.023701106033,7633.777306571237,0.24639453479539952
7.506325886417809,125.5074193332395,16.385285428835015,4337.594643625609,4337.527603225731,0.06704039987835131
7.507558720733551,125.412551532532,37.28312676679267,9871.753716146957,9872.38569521518,-0.6319790682227904
7.101090467080483,125.46049791525095,500.70050355568,133323.87499898978,133321.99203098242,1.8829680073540658
7.134826462601872,125.67040661808792,22.786205783810153,6025.879008919321,6025.984010166613,-0.10500124729242089
7.184440938074678,125.39345633442922,513.6116033893229,135595.20327392762,135604.80881222308,-9.605538295465522
7.529875057478488,125.46922389673117,278.17627017856563,73408.84050703685,73405.35512813684,3.4853789000044344
7.294494110831732,125.35779821533356,97.53500742968475,25789.049027420606,25788.016862694527,1.0321647260789177
7.490020577531799,125.38072355852248,29.06669669094895,7700.698477525446,7699.648828790891,1.049648734555376
7.392657327078167,125.45882983064136,38.37723378154609,10160.483756882337,10160.443590203233,0.04016667910400429
7.211307988493257,125.58873230276802,50.700260436067936,13431.879677613639,13430.539809334428,1.33986827921035
7.169886330934217,125.23616355248367,26.520992778625683,7040.914389633438,7040.746736495131,0.167653138307287
7.187667943199054,125.45523093645168,211.91854336466065,56109.98275701156,56110.0525774521,-0.06982044054166181
7.268405857297283,125.4864569536806,315.03239565895984,83635.83159664785,83633.68078936751,2.150807280340814
7.38945785014482,125.54273509483669,12.942168890986624,3429.2114413229037,3428.4699672013353,0.7414741215684444
7.181105174635616,125.37013642830728,41.81428257760997,11071.93286525133,11072.51630810584,-0.5834428545094852
7.343642867152145,125.49823039961394,7.797856323858228,2063.707921188305,2063.5125580815093,0.19536310679586677
7.170779012608909,125.36852293386016,41.81428257760997,11071.99979036567,11072.534339317426,-0.534548951756733
7.242703580679625,125.28236279004636,359.0068693872487,94880.39825172114,94874.94224847347,5.456003247672925
7.062207668931801,125.6277307811273,29.691905578692538,7856.5856145900825,7857.299746044212,-0.7141314541295287
7.231851982146454,125.46086976152536,27.54978111013737,7293.611463217412,7293.855479146011,-0.24401592859885568
7.57608739057175,125.43577533085008,12.651785179663015,3348.8876756913855,3348.870313752539,0.01736193884653403
7.518928841881373,125.355115163095,25.99833176436132,6883.885173125518,6883.901174776136,-0.016001650617909036
7.401335673511192,125.31479685348803,24.7779423895623,6560.043317920204,6560.221974204907,-0.1786562847037203
7.569761341822113,125.4808832982549,124.85606764145994,33053.1302833686,33052.249329898215,0.8809534703832469
7.13063194984256,125.42826803509726,745.278045225251,196990.1137066096,196983.31281455557,6.800892054045107
7.410031097671839,125.2839148778054,17.13347381319338,4535.483032987441,4535.485665243625,-0.002632256183460413
7.377116535956903,125.54945638511352,44.39033633626069,11774.823302771629,11774.2097077459,0.6135950257285003
7.545510870720703,125.46862743364365,44.14990640203688,11719.844236124989,11718.239061033983,1.6051750910064584
7.119716981023355,125.46501844879616,13.230386728952793,3489.066213965283,3490.021688365039,-0.9554743997559854
7.021695188281405,125.46025916601698,169.56543518775092,44886.98841260408,44887.15707432956,-0.16866172548179748
7.043239198168822,125.5335762940386,87.2623867123441,23110.057763153007,23112.175348161658,-2.1175850086510764
6.99153537662177,125.46275187963046,82.8325660050715,23049.901370520944,23049.81171840042,0.08965212052498828
7.106965523587862,125.3612390091657,51.29621093481734,13578.702940403837,13579.27720713861,-0.5742667347731185
7.467293995578443,125.5149607159602,40.9988316635147,10824.427241430161,10824.991074421365,-0.563832991203526
7.178542317033033,125.63041835234267,198.0273688105529,52410.41418542482,52406.9054241392,3.508761285622313
7.217740804369963,125.53365203164913,205.58807591984188,54369.72023319983,54365.520677621425,4.199555578401487
7.299620507098625,125.29154241715626,92.4217315423895,24455.103398515992,24451.575106927266,3.5282915887255513
7.318416990497215,125.48738193678206,88.39126889323158,23388.74727144966,23387.8889774822,0.8582939674633963
7.165595906097372,125.37527846179516,41.81428257760997,11071.99979036567,11072.534339317426,-0.534548951756733
7.078239663526759,125.34422329729227,21.97482359879272,5804.2334440597015,5803.665628276031,0.5678157836700848
7.192893259601807,125.23698335133273,26.520992778625683,7040.90944244232,7040.713157516609,0.1962849257115522
7.174905770883574,125.63914768072183,127.3595501060142,33664.44848477637,33664.52371217828,-0.07522740191052435
7.4476507296385535,125.54327772095148,24.755571283619545,6559.421352498904,6558.764519641117,0.656832857786867
7.489934621704283,125.37495003552957,166.89018722154665,44104.0936836763,44101.3318827504,2.7618009259022074
7.319484671661147,125.54941924528744,6.991616932037779,1848.6958766823427,1848.7113780556879,-0.015501373345159664
7.469094313255024,125.43396268157754,228.46982380909847,60392.71714587471,60392.44148820205,0.27565767266059993
7.151900990942118,125.51480871005758,767.8886473734274,202894.83212375082,202903.7670351922,-8.934911441378063
7.246655437567258,125.42823931526996,31.644444891758223,8362.575633743785,8361.960186242775,0.6154475010098395
7.222215988840418,125.48249221261403,2456.957463243798,647875.9278812013,647837.3418668164,38.586014384869486
7.237048002963668,125.48265470879268,516.8187276621609,136487.26055176536,136488.68770783194,-1.4271560665802099
7.414322569922255,125.4296476093165,73.35406427475853,19367.10863445175,19368.473165020005,-1.3645305682548496
7.440886343504935,125.54199217865867,24.755571283619545,6559.421352498904,6558.764519641117,0.656832857786867
7.279945981264971,125.31765890224266,195.62911899438225,51729.62575465328,51728.15819953758,1.4675551156979054
7.486502437539218,125.27952619460966,129.73503302808535,34344.73814527298,34343.86122734335,0.8769179296359653
7.511086237369712,125.40561660561086,37.28312676679267,9871.753716146957,9872.38569521518,-0.6319790682227904
7.326803488759755,125.41616072205689,204.05554439205065,54102.42212152466,54100.862363769455,1.5597577552034636
7.482331717320489,125.45574290039528,36.3674426163565,9637.125465677851,9637.208051386802,-0.0825857089512283
7.136842230439704,125.54438009044696,474.2500550706811,125582.51615698641,125584.52375664146,-2.0075996550440323
7.068049060049008,125.50987588776162,76.01915307219426,20144.650277817866,20144.06617705494,0.5841007629242085
7.453386272535954,125.47818474383983,36.67297216167149,9708.043425367896,9708.039012792622,0.00441257527381822
7.520204206458,125.46739644337237,278.17627017856563,73408.84050703685,73405.35512813684,3.4853789000044344
7.2036625693289285,125.2701833324265,283.14378232074347,74843.34890706239,74848.7079731233,-5.359066060904297
7.237041424689427,125.46025384947212,95.12410277889737,25214.7746267337,25213.335584718672,1.4390420150266436
7.062987539614522,125.44467203913744,150.6175134656595,39949.48008105566,39950.002195724825,-0.5221146691619651
7.34087854621717,125.32708374928814,9.831483517944504,2605.0954558158724,2604.8334638431297,0.26199197274263497
7.153412224228084,125.29166412168274,28.83854245371696,7634.023701106033,7633.777306571237,0.24639453479539952
7.102527137204482,125.64246644432404,559.1310920724053,148060.08060375412,148065.06607535866,-4.985471604537452
7.262132815192975,125.37587256708048,393.24563518108783,104565.29335619768,104560.15331708812,5.140039109566715
7.29349082549584,125.38259315158628,54.65294294508439,14465.244107811228,14462.58315052693,2.660957284297183
7.475297352519645,125.35786031314773,29.06669669094895,7700.698477525446,7699.648828790891,1.049648734555376
7.557622243676584,125.45656798038746,75.39725970040838,19924.849769325214,19923.050654866078,1.7991144591360353
7.290303463977768,125.5162363632124,31.719489310386933,8391.705814764544,8391.873451002975,-0.1676362384314416
7.15548532833864,125.61911597234602,294.6849856473639,77872.98360080656,77867.86840277055,5.115198036015499
7.047443917822022,125.583024275115,126.73614560325538,33544.617777229316,33542.300213783215,2.3175634461003938
7.245750640115667,125.36485493582022,22.984669621182103,6108.084015992849,6107.8123623589045,0.2716536339448794
7.207609942140754,125.37217741038891,107.3672995474239,28393.06000883564,28390.01006085281,3.0499479828322364
7.1229423297240455,125.61091630384963,60.02675345081769,15881.759303128823,15882.804875758915,-1.0455726300915558
7.004091902815444,125.57503073884014,65.64001609380634,17368.193573983648,17368.915372263895,-0.7217982802467304
7.425519951027765,125.41024779680804,75.94976107917395,20167.21858238561,20168.317700313455,-1.0991179278462369
7.270747196724155,125.404851183458,135.00635633214915,35739.89006670843,35739.07859898542,0.8114677230114467
7.14627455183093,125.59137384893738,392.6993889995576,103605.32232581818,103607.3227463632,-2.000420545024099
7.1693195634906495,125.60313619157073,23.686192339680368,6270.273617629118,6270.699847117963,-0.4262294888449105
7.012593905233669,125.6041471176895,52.11117179254636,13815.411861838988,13816.100336786092,-0.6884749471046234
7.240933093029593,125.673828245944,28.543796151979283,7553.2092123163075,7553.427190453257,-0.21797813694956858
7.040671895371208,125.35515912042992,37.64164548447054,9963.18830310044,9963.075448016873,0.11285508356741047
7.0991496342229725,125.45797320334697,192.60275471320963,51002.039862988655,51003.172508279466,-1.1326452908106148
7.102871827680725,125.3130122163762,64.61935644368404,17081.01287045525,17083.5797297922,-2.566859336948255
7.168956404132592,125.5322341059016,500.7953720987118,133390.70762031712,133383.81086912914,6.896751187974587
7.534507276647073,125.51255926961936,171.54842391278294,45376.889728343165,45382.68471240889,-5.794984065723838
7.40736729705481,125.50657977088235,20.39931245432154,5405.518454502686,5405.5925726133655,-0.07411811067959206
7.05997330067377,125.39288835903488,251.92004597571196,66592.87046159149,66591.1864657954,1.6839957960910397
7.136476566259761,125.51581433233105,67.14703124842406,17777.683448764434,17779.066539425134,-1.3830906606999633
7.498945851560487,125.4338521443276,37.28312676679267,9871.753716146957,9872.38569521518,-0.6319790682227904
7.320400983088068,125.53817924077504,46.878632916445696,12408.082620382838,12407.068718534869,1.0139018479694641
7.079480102572361,125.52584682143876,115.06591364835458,30456.310974928834,30455.905006770092,0.4059681587423256
7.226231116351997,125.50480601156022,47.55204299446869,12555.126486023577,12554.841298884972,0.2851871386046696
6.996361779464397,125.5000878993585,116.50507103887529,32462.90344804351,32472.705979862774,-9.802531819263095
7.096939238567684,125.61188631366986,147.48257227321113,39031.51147279665,39030.10041357904,1.4110592176075443
7.070835437474241,125.60886773521467,177.90917471945025,47092.79220661763,47092.48556904297,0.3066375746639096
7.447216006664118,125.24243795779316,68.53346654659873,18112.050019083097,18111.376787285473,0.6732317976238846
7.209114957488448,125.38547366955382,119.60281164433825,31681.175957026328,31677.919285703414,3.256671322913462
7.514318550659389,125.33608630782204,166.89018722154665,44104.0936836763,44101.3318827504,2.7618009259022074
7.09274749328692,125.36019205431155,75.84324120821711,20112.53815471637,20112.692423479322,-0.15426876295168768
7.088172474580411,125.36590901095016,88.7479946019441,23493.484456851333,23494.237845727454,-0.75338887612088
7.010083768276466,125.3699403062707,64.36054177089046,17027.79888301336,17027.387870492996,0.4110125203660573
7.227120705323868,125.29362348243777,38.45276005870878,10171.0296494991,10170.281829648991,0.7478198501084989
7.22891204943603,125.3329237936806,201.10272402579864,53303.55011805845,53300.16415348427,3.385964574175887
7.0397387766881385,125.31889419586284,21.97482359879272,5804.510869110113,5804.4634902131365,0.047378896976624674
7.3302543742545,125.399840242005,136.6832622954209,36183.888956488365,36182.91702517405,0.9719313143141335
7.352991738037252,125.39021667499134,36.740708516948416,9723.453221946742,9722.123380825713,1.3298411210289487
7.180868772980124,125.35967658209928,142.86920772291398,37756.382663660355,37757.29861288988,-0.9159492295220844
7.327457391755811,125.37204041838407,214.43343652442985,56644.333206665455,56647.62405482369,-3.2908481582344393
6.99085504589927,125.3509993989442,41.97783797054488,11712.90249000856,11713.887398260458,-0.9849082518976502
7.067290877955516,125.57147017503767,136.35254034232173,36046.24062480827,36047.85968934603,-1.6190645377573674
7.272586805884854,125.42176484809907,227.32068153255776,60169.985773269116,60169.08629420733,0.8994790617871331
7.0176313712719365,125.30606511450412,21.97482359879272,5804.5459917265725,5804.4999693573145,0.04602236925802572
7.574799674655939,125.38449997706748,20.60223821544115,5461.829356337253,5461.747637588788,0.0817187484644819
7.203967796229939,125.51261260528386,83.18809348319462,22044.488553100644,22045.941056687872,-1.4525035872284207
7.308637810610557,125.26183908601097,22.199960247118057,5863.575938540408,5864.342980707538,-0.7670421671300574
6.986989754355441,125.3611905715016,41.97783797054488,11713.970506117792,11713.936586547092,0.033919570700163604
7.114749049318429,125.6412466118578,229.59355786969877,60720.30453451516,60722.31659837704,-2.012063861875504
7.400724016862604,125.49291049830616,147.39336014014808,38948.00857177669,38949.21129587584,-1.2027240991446888
7.391491705464078,125.37647324518834,69.9467236541887,18542.365824963632,18542.22990249859,0.135922465040494
7.433131289452001,125.42815439350886,228.46982380909847,60392.71714587471,60392.44148820205,0.27565767266059993
7.264896952334837,125.66586841932497,62.83270646003048,16730.759890265923,16730.589347121906,0.17054314401684678
7.290706458580044,125.52371608855732,19.56233228440215,5178.4164927750835,5178.489146201063,-0.07265342597929703
7.236414125679566,125.62575148154608,121.01347279551176,32036.157491536393,32036.1279134105,0.02957812589374953
7.332418516832223,125.49265647973743,27.198566895834844,7209.73383911484,7209.504292893489,0.22954622135057434
7.42698696914733,125.33989908715448,30.282662575179664,8016.577773473683,8016.511593831837,0.06617964184624725
7.078955398911076,125.31888111499087,21.97482359879272,5804.2334440597015,5803.665628276031,0.5678157836700848
7.42197429230105,125.26082201291432,186.3307598138087,49184.56306682317,49188.05120380349,-3.4881369803188136
7.525501970690184,125.33757473733584,19.09001216948704,5051.08972245467,5051.030024256809,0.05969819786059816
7.086302486974525,125.36606347155228,88.7479946019441,23493.484456851333,23494.237845727454,-0.75338887612088
7.288492295320971,125.2582904131892,6.771728371212082,1794.4774827312497,1794.6590157353228,-0.1815330040731169
7.444250273533531,125.43376692888786,228.46982380909847,60392.71714587471,60392.44148820205,0.27565767266059993
7.17954715550256,125.440416615864,125.46220052706444,33221.97211714184,33222.673587866906,-0.7014707250637002
7.136889458953389,125.34308242550937,30.773929962237844,8157.83322890291,8157.875158407123,-0.041929504212930624
7.469400634581504,125.24560777662892,165.75069324833808,43857.313194897215,43856.17339608571,1.139798811505898
7.1751109169259575,125.4634137069817,142.64696526585797,37768.95799685296,37769.65784889387,-0.6998520409106277
7.3658677821068705,125.53511267930034,28.99445121771368,7679.729461687334,7679.461032069435,0.26842961789952824
7.487450086627755,125.5440496724502,25.618083343740633,6787.549614029169,6786.203369248694,1.34624478047499
7.007045522724826,125.55545198564072,65.64001609380634,17368.193573983648,17368.915372263895,-0.7217982802467304
7.558931835886618,125.46929280512424,78.81533502212338,20883.025520901694,20878.726846660873,4.2986742408211285
7.40971349802073,125.38497536418652,49.80585876727402,13177.800254406518,13178.148196230706,-0.34794182418772834
7.167175601462089,125.3238520880459,320.7440734088234,84714.85514433926,84712.41614863099,2.438995708274888
7.380446753557156,125.48728667511354,26.670044781796925,7055.671666383555,7055.927594380148,-0.255927996592618
7.461820441558139,125.52881177158196,34.71188914905268,9183.175159974975,9183.498433609886,-0.3232736349109473
7.133864975466009,125.41676206270452,161.79815889159175,42813.00582812762,42812.58137308236,0.42445504526403965
7.071970076122064,125.36741404446283,36.99745728818641,9795.735277490574,9796.832607282655,-1.0973297920809273
7.365178502049559,125.53705504452994,28.99445121771368,7679.729461687334,7679.461032069435,0.26842961789952824
7.045564143696934,125.48988929625172,71.94985292376975,19047.101956332284,19048.15437190525,-1.0524155729654012
6.996220884527395,125.48812229812889,134.29253664935453,37461.37715243818,37462.6005928218,-1.2234403836191632
7.209715578303624,125.424245530922,56.31316116891539,14883.439385660344,14881.980038482465,1.4593471778789535
7.137980223322335,125.4227726297236,161.79815889159175,42811.64640693247,42812.52946899608,-0.8830620636072126
7.5024740231291505,125.54651802867346,20.091910749016623,5318.785564628995,5318.714080034648,0.0714845943475666
6.97640149531159,125.47578355778764,68.6629422085186,19144.037831543443,19142.795176848667,1.2426546947754105
7.169170741319186,125.34744015767691,27.684261208840432,7330.512815370891,7330.866727763908,-0.3539123930167989
7.359550713643268,125.4458408458516,66.98530784666394,17735.61658984342,17736.176249211007,-0.559659367587301
7.26163272281099,125.41602391204472,128.3321965150191,33980.86435244412,33982.34791624393,-1.483563799811236
7.241931498367513,125.35682511625922,22.984669621182103,6108.084015992849,6107.8123623589045,0.2716536339448794
6.9821553474479465,125.54640378009856,133.83919514728333,37266.3964683058,37265.99123773485,0.4052305709483335
7.140028766964717,125.598889152605,267.9375113676743,71344.43872252131,71343.97209846205,0.46662405926326755
7.3737139736287265,125.54494941507372,61.9315725523175,16389.9400300037,16388.618711139963,1.32131886373827
7.351240696375784,125.53059407867548,32.63962474142744,8630.981068146784,8630.385866430186,0.5952017165982397
7.140240725234087,125.33090659710489,62.69087027861875,16593.855282424167,16594.238201946424,-0.3829195222569979
7.136597915771392,125.42095171791712,161.79815889159175,42812.05167194677,42812.52946899608,-0.4777970493087196
7.2101715767261885,125.39348297043024,195.81851407504777,51927.38175202707,51927.405346346706,-0.023594319638505112
7.099046819487025,125.50720699270096,101.14082023924752,26716.225283315453,26717.443754984623,-1.2184716691699577
7.00911345716708,125.55630847094916,65.64001609380634,17368.193573983648,17368.915372263895,-0.7217982802467304
6.974540665055737,125.442988630939,382.79175439489904,107046.84482737452,107046.84482737452,0.0
7.179478369769088,125.54176015425872,227.42439559566787,60269.04368468612,60275.058730762095,-6.015046075975988
7.123404628186283,125.48799476182346,62.27228475915422,16487.287419060773,16486.635294338128,0.6521247226446576
7.259593078081652,125.51499960511346,97.24109305019844,25719.337768347963,25720.35061606197,-1.0128477140060568
7.088523103239704,125.39534630372592,145.1005994802513,38393.04223368115,38394.2792289714,-1.236995290244522
7.228116675358054,125.22717451961245,17.580052938865563,4654.723607722401,4654.8886705664845,-0.16506284408387728
7.1217058667667015,125.66310916564584,238.29220824236745,63544.19558319092,63546.99712857461,-2.801545383685152
7.38708889143062,125.28591533336692,60.863461394342,16095.521031716518,16094.677447323513,0.8435843930055853
7.296051393562565,125.4649995245208,364.5650717092,96177.20542129071,96182.55771590563,-5.3522946149169
7.216086654004116,125.36677906186937,117.4263139327984,31118.55443351234,31120.926547324434,-2.3721138120927208
7.482562233676839,125.28634313771266,52.97655984751353,14025.241576623761,14025.55396999862,-0.31239337485931173
7.39045309563434,125.3971398114906,69.9467236541887,18542.365824963632,18542.22990249859,0.135922465040494
7.488794202937665,125.47994239588672,36.3674426163565,9637.125465677851,9637.208051386802,-0.0825857089512283
7.264456995814053,125.46281566239102,269.653502765591,71434.76471578254,71430.92964621329,3.835069569249754
7.2071921429267265,125.63265529499282,51.858754710181586,13741.713382748789,13741.394040700909,0.3193420478801272
7.15427532278896,125.40747277105837,1067.0954216137022,285352.3578653022,285361.3309275078,-8.973062205594033
7.310135727739144,125.46636269377424,93.46712197838087,24781.658987332663,24780.762104531306,0.8968828013566963
7.235857241760908,125.53435085039764,35.340118680370495,9355.940444391978,9356.361752567309,-0.4213081753314327
7.519296694323674,125.32206738799688,166.89018722154665,44104.0936836763,44101.3318827504,2.7618009259022074
7.555739255316486,125.38353494632943,20.60223821544115,5461.829356337253,5461.747637588788,0.0817187484644819
7.320014243660679,125.31703925616748,242.0378400884071,63827.37698581551,63831.94983519228,-4.572849376774684
7.494486332242164,125.47495398673296,99.38240101259254,26307.589392527167,26307.229474846234,0.3599176809329947
7.336937153873445,125.47246632680134,157.49614980779234,41741.98096950148,41740.07188755953,1.909081941950717
6.979610913889801,125.46226907866472,382.79175439489904,107046.84482737452,107046.84482737452,0.0
7.127407423145269,125.45599797442004,60.38736494635895,16000.84812715282,15999.867031664206,0.9810954886143008
7.377855907936859,125.38194617376084,69.9467236541887,18542.365824963632,18542.22990249859,0.135922465040494
7.016762787422843,125.4562888377689,169.56543518775092,44886.98841260408,44887.15707432956,-0.16866172548179748
7.351352321406714,125.3091410744204,43.98844146969564,11639.212519966044,11639.205935494048,0.006584471995665808
7.5289607943643455,125.30287234371096,90.52395806752692,23947.7968835219,23948.242210446428,-0.44532692452776246
7.015407256185284,125.3181938162558,117.77483059241216,31151.59340003999,31153.783367554923,-2.189967514932505
7.148049856776501,125.63760199123652,52.59855220377192,13914.768999312842,13917.414678814981,-2.6456795021385915
7.579178182340254,125.42162581428258,42.27861757156095,11162.279813005716,11162.64293541249,-0.3631224067739822
7.213423843400845,125.26843114981855,147.36915610097228,39021.62854833731,39022.97778336064,-1.3492350233354955
7.040479041514148,125.3689242806232,37.64164548447054,9963.18830310044,9963.075448016873,0.11285508356741047
7.134097298069089,125.55081903759086,474.2500550706811,125582.51615698641,125585.71842697613,-3.202269989720662
7.014905407670876,125.38299056685682,64.36054177089046,17027.79888301336,17027.387870492996,0.4110125203660573
7.058953060992916,125.45641853631238,268.90605065084947,71190.99225198083,71196.57999617262,-5.587744191783713
7.049322557005417,125.42482370416576,76.36387622183933,20203.508088257284,20202.753528524066,0.7545597332173202
7.084164701943957,125.46789043151593,47.19675823068408,12495.677171128793,12496.670209052425,-0.9930379236320732
7.379618828975319,125.45426828642522,44.80700399409231,11871.874338232888,11870.750034403143,1.1243038297452586
7.242688474095817,125.25948048492398,31.59146477856737,8360.577618337898,8359.82356118856,0.7540571493391326
7.108359021923588,125.49635956715332,324.1910044189051,86568.63676846863,86574.52081845961,-5.884049990985659
7.002872503571497,125.39604179915128,64.36054177089046,17027.79888301336,17027.387870492996,0.4110125203660573
7.259405072656007,125.32316749439438,347.3671318125524,91726.42726925304,91724.72408013076,1.7031891222723061
7.231039974084428,125.68742100935924,61.67460371866925,16326.961312770045,16326.674529634316,0.28678313572891057
7.166397924734202,125.2562866031206,28.83854245371696,7634.023701106033,7633.777306571237,0.24639453479539952
7.250596065894493,125.26326636805496,31.59146477856737,8360.519024181343,8359.82356118856,0.695462992784087
7.07336464602033,125.38049503283044,19.43185672918197,5144.743617302356,5145.2197104339475,-0.47609313159136946
7.188186384379588,125.56103536456786,40.75455117533087,10790.914215275126,10791.546665053755,-0.6324497786281427
7.1127446799655045,125.62614996809889,69.15437258145963,18307.324451813114,18306.62823879457,0.6962130185456772
7.0758236444744,125.47580690998991,48.441924161369,12806.571732089691,12807.716137085192,-1.1444049955007358
7.055249550508169,125.45513946434014,97.71011264804572,25824.465739483898,25822.00666187279,2.4590776111072046
7.353900393819474,125.29508559603728,765.5640457553708,202631.9662621425,202620.67535678888,11.290905353613198
7.068176744210677,125.344104518914,21.97482359879272,5804.345625886947,5804.022630904291,0.3229949826563825
7.312353283912572,125.4886384912044,88.39126889323158,23388.74727144966,23387.8889774822,0.8582939674633963
7.250323117108888,125.337784717625,290.64670410310447,76854.84301807237,76852.3038508613,2.5391672110708896
7.424735462850865,125.25967135133712,186.3307598138087,49183.10892434948,49188.05120380349,-4.942279454007803
7.081829793593181,125.32391858443468,21.97482359879272,5804.2334440597015,5803.665628276031,0.5678157836700848
7.542375032995189,125.36860857389024,25.99833176436132,6883.885173125518,6883.901174776136,-0.016001650617909036
7.386833105698721,125.5302748058671,31.08613043262231,8230.143035396753,8230.164091072858,-0.02105567610487924
7.544204524233911,125.4478161193992,17.414719677638455,4609.932958332195,4609.935633796847,-0.0026754646514746128
7.186851147545337,125.4626100068952,16.676555764358255,4414.74228252738,4414.604118959489,0.1381635678908424
7.310973340523219,125.52471749165652,53.810579126950515,14247.51572832347,14247.809648832428,-0.2939205089587631
7.211317963088516,125.2770723010702,283.14378232074347,74843.34890706239,74848.7079731233,-5.359066060904297
7.506299624956964,125.3678637191419,166.89018722154665,44104.0936836763,44101.3318827504,2.7618009259022074
7.489879080705072,125.39928589954644,228.46982380909847,60392.71714587471,60392.44148820205,0.27565767266059993
7.445671836055422,125.42976321096992,228.46982380909847,60392.71714587471,60392.44148820205,0.27565767266059993
7.124970561526392,125.4480697769709,191.9808287863916,50650.035589940264,50651.34718943474,-1.311599494474649
7.128399744944871,125.33341109478762,62.69087027861875,16594.20878603999,16594.278092764147,-0.06930672415546724
7.4222991233694176,125.39347389346948,48.59890258355836,12877.342319816238,12876.18979624472,1.1525235715180315
7.247611793102345,125.48001435674384,516.8187276621609,136469.16933933078,136469.60478643343,-0.4354471026454121
7.475927852521131,125.40709037647063,228.46982380909847,60392.71714587471,60392.44148820205,0.27565767266059993
7.336955063730789,125.29507221612774,43.98844146969564,11639.212519966044,11639.205935494048,0.006584471995665808
7.468823979568829,125.27455789330172,485.9863886478462,128578.94405891994,128575.09250967586,3.851549244078342
7.407810334187066,125.35251153254632,29.79329351753754,7886.916269810636,7887.628374460983,-0.7121046503471007
7.376567904967616,125.40600766225194,29.39143371892187,7764.366846342717,7763.5543849863,0.8124613564168612
7.069769339822031,125.41886136829206,18.035296290100035,4793.235132646016,4792.939540069047,0.2955925769683745
7.220329470557939,125.23153491592724,17.580052938865563,4654.723607722401,4655.086516539042,-0.3629088166417205
7.3290608300637885,125.52895430725034,56.02371982982882,14846.135612194872,14845.962924106994,0.17268808787775924
7.248973085249186,125.2925257735682,359.0068693872487,94880.05097613414,94874.04136619982,6.009609934320906
7.134327275552076,125.39479130047904,313.75210523401756,82861.2553153965,82864.90802260532,-3.6527072088210844
7.157354797168788,125.56735233880644,78.35206618873316,20731.790339248077,20731.461129920735,0.329209327341232
7.555921213901639,125.4766454766796,44.14990640203688,11719.844236124989,11718.239061033983,1.6051750910064584
7.357018095180611,125.47623015535116,26.499185853818624,7018.811178187439,7018.56584964923,0.24532853820892342
7.453020183688665,125.26600853746626,87.86633358265026,23280.60487582513,23275.6994737392,4.905402085929381
7.077328131111094,125.61850185661832,239.1684289374068,63296.08559036361,63303.13017881606,-7.0445884524524445
7.166160080900067,125.32275535799492,320.7440734088234,84715.71946206159,84712.7902782498,2.9291838117933366
7.36011874529225,125.50107434367736,14.20316317009895,3765.79420412932,3765.7349232612387,0.05928086808125954
7.544208702909993,125.54696094672596,176.83310325868894,46807.676626716144,46807.0023740685,0.6742526476446074
7.384129196872591,125.35909405947848,67.52187915695609,17869.318792181857,17867.833134897293,1.4856572845637857
7.154876769727329,125.4860365201698,102.677355956358,27164.313920447148,27166.051132591136,-1.7372121439875627
7.01823422531914,125.65279060128675,41.93983534952473,11113.440929359993,11113.527642463014,-0.08671310302088386
7.493897043612552,125.37184294530356,166.89018722154665,44104.0936836763,44101.3318827504,2.7618009259022074
7.130217485462436,125.58585834021169,264.8470933596571,70233.67407646005,70234.70712598243,-1.0330495223752223
7.518219288849964,125.5003207508767,16.385285428835015,4337.594643625609,4337.527603225731,0.06704039987835131
7.270316176852287,125.37009823157688,393.24563518108783,104565.29335619768,104560.15331708812,5.140039109566715
7.206460142375578,125.64301814304416,3633.1338001234694,959853.441366321,959944.9390243388,-91.49765801778995
7.267538164547542,125.46639571675996,269.653502765591,71434.76471578254,71430.92964621329,3.835069569249754
7.287709403615499,125.422588165761,27.142462515650845,7215.292850738157,7214.824323511112,0.46852722704443295
6.9694407407203345,125.46185375254338,207.51233624660404,57939.286918887265,57935.525388437425,3.7615304498394835
7.512234893051549,125.45885407530528,99.38240101259254,26307.589392527167,26307.229474846234,0.3599176809329947
7.299822409818838,125.40486963825695,60.62219109103389,16067.540818056832,16067.085649006664,0.45516905016847886
7.204999150165514,125.2336509000516,26.520992778625683,7040.879974167084,7040.698908520706,0.18106564637764677
7.121989394399839,125.44512317372902,191.9808287863916,50650.035589940264,50651.34718943474,-1.311599494474649
7.226227728098076,125.4262612295177,66.55995254285591,17601.560371298543,17599.809648157912,1.7507231406307255
7.305575883251848,125.33748634720028,74.57547401262664,19745.98941395733,19747.57522068358,-1.5858067262488476
7.264102572123471,125.42767079556172,227.32068153255776,60169.985773269116,60169.08629420733,0.8994790617871331
7.090915864001361,125.43385669103216,33.947126304981694,8961.071076017844,8959.674623341918,1.3964526759264118
7.138242779061913,125.46879938142747,74.79145069424479,19801.50962226703,19803.14175847232,-1.6321362052913173
7.213678825292595,125.63005328048642,649.7387958150828,171868.3966778569,171864.68520005958,3.7114777973038144
7.11787806399313,125.52394079755987,275.08859670538413,72820.35389005006,72821.7025406478,-1.3486505977489287
7.218742141108175,125.22689933635168,17.580052938865563,4654.723607722401,4655.086516539042,-0.3629088166417205
7.2547243145693585,125.47489230795972,269.653502765591,71436.30854545244,71430.92964621329,5.3788992391491774
7.540067041836853,125.53124593056992,17.922888003937814,4740.269622996406,4740.799682512388,-0.5300595159824297
7.038957724710286,125.56566365437192,97.78751570706164,25891.49529213859,25894.120656102314,-2.625363963725249
7.426299785689038,125.25633042956808,55.99150850026849,14823.432008726522,14823.762180718706,-0.33017199218375026
7.499187484007746,125.48250460132422,99.38240101259254,26307.589392527167,26307.229474846234,0.3599176809329947
7.293435402880766,125.35178283175664,50.15307702158783,13272.663513349375,13271.21460569841,1.4489076509653387
7.479925017240076,125.31593485917315,40.82090922287595,10804.483218131076,10803.379454687105,1.10376344397082
6.996239681849322,125.3087457573634,41.97783797054488,11713.22537762056,11714.062512070552,-0.837134449991936
7.0877410012509365,125.43284071879248,33.947126304981694,8961.071076017844,8959.674623341918,1.3964526759264118
7.187911742579207,125.55296405825302,17.49362853590059,4635.242678766127,4634.856757963123,0.3859208030044101
7.029927730829422,125.43310332856896,44.27929193752823,11730.961992480139,11730.750610468056,0.21138201208304963
7.076723300855109,125.4897905795492,71.5299212488893,18939.55942985264,18941.23438764969,-1.674957797047682
7.002439849776597,125.54323525254038,230.24811737393017,61009.30475399021,61006.11780727118,3.1869467190335854
7.055474797160068,125.37800130581256,41.49012457509043,10983.319692908979,10983.671905919133,-0.35221301015371864
7.523134565702196,125.32234269955134,166.89018722154665,44104.0936836763,44101.3318827504,2.7618009259022074
7.07083382102242,125.50689050265156,76.01915307219426,20144.650277817866,20144.06617705494,0.5841007629242085
7.122360796708617,125.48456728455226,69.49277896088789,18400.31033614133,18400.097205183687,0.21313095764344325
7.520149445282506,125.40190649604224,25.99833176436132,6883.885173125518,6883.901174776136,-0.016001650617909036
7.381886741447191,125.47513855926536,14.38961016173115,3802.2101784646297,3802.004290453678,0.20588801095163944
7.286713734894975,125.44601930994584,219.19005971782815,58117.11483912877,58120.8591392263,-3.744300097525411
7.127272761759631,125.56194943227337,10.357499693799664,2742.266378007118,2742.486851260098,-0.22047325297990028
7.476007019857407,125.31148463027164,40.82090922287595,10804.483218131076,10803.379454687105,1.10376344397082
7.053538755741449,125.38078075504345,41.49012457509043,10983.319692908979,10983.671905919133,-0.35221301015371864
7.300980725822161,125.3071601290506,16.94171018702364,4489.299307414333,4489.300448464087,-0.0011410497536417097
7.002103295748675,125.62342279230953,22.98765503856812,6086.675377421287,6086.733627645272,-0.05825022398494184
7.486886336456184,125.35338436215964,166.89018722154665,44104.0936836763,44101.3318827504,2.7618009259022074
7.288681488221025,125.54653570439352,18.853518839229725,4991.999631524583,4992.12506801523,-0.1254364906471892
7.485947486855909,125.42042369720212,228.46982380909847,60392.71714587471,60392.44148820205,0.27565767266059993
7.512732399444184,125.4117104050858,37.28312676679267,9871.753716146957,9872.38569521518,-0.6319790682227904
7.41092530592278,125.35624672750876,30.20928597221454,8009.692112228949,8009.38357368216,0.3085385467884407
7.1870488560136385,125.22111628513076,26.520992778625683,7040.914389633438,7040.713157516609,0.2012321168294875
7.040497933483105,125.51279538404609,20.92436533713832,5540.314513359449,5540.804482148143,-0.489968788693659
7.0577228220338135,125.64760692692248,18.309081441588575,4844.8774747051375,4845.1711342007775,-0.29365949563998583
7.096772797608314,125.65393126768842,1084.5369665264177,286116.5648895517,286130.12093657535,-13.55604702362325
7.217967970539075,125.6058682284263,162.01320027571774,42854.69347818013,42858.912389650555,-4.218911470423336
7.339001740483595,125.4309363977574,197.47863461585575,52338.736014042835,52336.241591599945,2.4944224428909365
7.403163799253376,125.473239653353,88.22026110124524,23327.846222668508,23326.467614896603,1.3786077719050809
7.419922393404863,125.44386166367592,100.2659098210938,26595.762462839746,26593.02460456458,2.737858275166218
7.179834153681908,125.4830588315538,175.1205745868893,46280.84593322882,46277.721625469996,3.124307758822397
7.474603630806134,125.46715569604147,36.3674426163565,9637.125465677851,9637.208051386802,-0.0825857089512283
7.488698985872339,125.34161242277084,166.89018722154665,44104.0936836763,44101.3318827504,2.7618009259022074
7.214065237794692,125.62699710727593,3379.2357130362007,894792.8733386322,894829.2362084494,-36.36286981718149
6.99448017946171,125.5142454819235,133.83919514728333,37266.178488953774,37265.69099825884,0.4874906949335127
7.31410753417628,125.31425677768893,242.0378400884071,63827.37698581551,63831.94983519228,-4.572849376774684
7.4378419048445155,125.24579322845469,55.99150850026849,14823.432008726522,14823.762180718706,-0.33017199218375026
7.001882711726594,125.62057850609554,22.98765503856812,6086.675377421287,6086.733627645272,-0.05825022398494184
7.483410203221102,125.4627985338821,36.3674426163565,9637.125465677851,9637.208051386802,-0.0825857089512283
7.108404443846493,125.49026853619434,90.90594221032092,24069.347590423833,24071.550178379697,-2.2025879558641464
7.496871252606634,125.4667868202179,16.810209271145602,4449.633465293603,4449.593943460009,0.039521833594335476
7.00060741653912,125.30531290600766,41.97783797054488,11120.870348392886,11120.614629057436,0.2557193354496121
6.989957230786924,125.53218878590326,133.83919514728333,37266.178488953774,37265.69099825884,0.4874906949335127
7.438000116594578,125.45075479187304,46.82475006944004,12411.386725597726,12411.240712730072,0.14601286765355326
7.308186186518063,125.33402948409658,132.76640719825255,35171.34464454128,35167.83382957973,3.5108149615480215
7.032945645686937,125.57475358720654,58.483745683694,15484.051859556163,15485.484749373009,-1.432889816846
7.338665956928733,125.44556316408372,212.1386902533137,55966.73204447179,55969.137502846366,-2.405458374574664
7.236808068747814,125.28791291121328,38.45276005870878,10170.644366523808,10170.144986078823,0.49938044498412637
7.0333982058609985,125.35380197112862,22.1380307270586,5862.076676904105,5862.291527297735,-0.21485039363051328
7.063802348986248,125.4631686401897,121.45764509901964,32130.497083744674,32129.00677711207,1.490306632604188
7.066442162942479,125.50081525844747,63.97913902368718,16935.354786508113,16935.72991929047,-0.3751327823556494
7.083035593026592,125.56462996198772,214.085976063975,56772.54930942134,56773.38436263077,-0.8350532094336813
7.164144730275076,125.46794329962088,126.1252705742164,33365.27424904007,33365.29610725558,-0.021858215506654233
7.262555461182047,125.32553934194516,195.62911899438225,51730.329936775066,51728.74078098608,1.589155788984499
7.056403935288091,125.3630308650604,36.99745728818641,9795.735277490574,9796.832607282655,-1.0973297920809273
7.450085907297726,125.31399992734453,29.348586276604976,7760.559329414174,7759.716030479074,0.8432989350994831
7.38064496329538,125.46647238217516,33.24733062445311,8783.853218273562,8783.469416406615,0.3838018669466692
7.241440581990311,125.38993196310253,26.313660664534787,6966.406692066812,6966.590306003665,-0.18361393685336225
7.447630530323291,125.30408460320166,29.348586276604976,7760.559329414174,7759.716030479074,0.8432989350994831
7.461782846199553,125.29289510789036,40.274048422546194,10660.471309623614,10660.376622864262,0.09468675935204374
7.343065978367685,125.44220800545354,66.98530784666394,17735.632596865402,17736.176249211007,-0.5436523456046416
7.200197442481042,125.65845322499042,3086.674337150231,818760.2958857263,818717.6296620473,42.666223679087125
7.062370799733865,125.63725538373996,18.309081441588575,4844.8774747051375,4845.1711342007775,-0.29365949563998583
6.990171273401961,125.39565911288231,34.23246179952801,9545.095913842253,9544.968546999931,0.12736684232186235
7.054071365980128,125.57369174596457,94.74831231603828,25078.74276823335,25077.995350025925,0.7474182074256532
7.459789049462653,125.34085951635304,36.708438962483136,9718.665496890606,9718.627076818524,0.0384200720818626
6.965286159162538,125.47404352099603,367.4166930125826,102582.62838901495,102591.83079549024,-9.202406475291355
7.073337184428764,125.36384949628734,36.99745728818641,9795.735277490574,9796.832607282655,-1.0973297920809273
7.104598445575035,125.51187322515408,76.68092278817687,20312.260285233064,20311.191005396064,1.0692798370000673
7.202574907025419,125.50161607028606,269.30981672749436,71433.57311726832,71432.11650514111,1.456612127207336
7.045920369475154,125.30715603418535,21.97482359879272,5804.510869110113,5804.311033336648,0.19983577346556558
7.5421053060534575,125.3653705304973,25.99833176436132,6883.885173125518,6883.901174776136,-0.016001650617909036
7.19785749990611,125.6163153708426,34.456832860585216,9123.251841955196,9123.950798654432,-0.6989566992360778
7.324758211574756,125.49376328547253,88.39126889323158,23388.171746460128,23387.46298839403,0.708758066099108
7.109700040190827,125.6150566127674,181.42139500907143,48074.007443099064,48074.66661291495,-0.6591698158881627
7.152244779729839,125.3597402509551,43.24198674267351,11448.457193988928,11449.25715677082,-0.7999627818917361
7.160625995393206,125.23719344518248,26.520992778625683,7040.914389633438,7040.746736495131,0.167653138307287
7.253757337116229,125.27017347495544,359.0068693872487,94880.05097613414,94874.04136619982,6.009609934320906
7.274089751187166,125.4004879484388,135.00635633214915,35739.89006670843,35739.07859898542,0.8114677230114467
6.9693694724449955,125.4836369150654,881.4189563732999,246486.80951852907,246486.80951852907,0.0
7.385229105025148,125.5309666160085,31.08613043262231,8230.143035396753,8230.164091072858,-0.02105567610487924
7.173348460157098,125.47081250696726,755.1479968154531,199362.6112095722,199371.62357401196,-9.012364439753583
7.335608077620874,125.28904222202328,43.98844146969564,11639.212519966044,11639.205935494048,0.006584471995665808
7.2256275323742996,125.4194623612542,1685.2655781548683,450657.45444629143,450670.5904634312,-13.136017139768228
7.0544968852975,125.30148269034952,21.97482359879272,5804.408428679644,5804.051462205998,0.3569664736460254
7.383978813978375,125.2969814054166,129.44751138576504,34209.14753771404,34206.97020035872,2.177337355315103
7.137194642581649,125.65192837711533,26.0212418752644,6838.761118694966,6838.761118694966,0.0
6.98251718334237,125.5283264566519,133.83919514728333,37266.208752110346,37265.69099825884,0.5177538515054039
7.381408073346356,125.45530893577627,33.24733062445311,8783.853218273562,8783.469416406615,0.3838018669466692
7.110703832003669,125.47481235232344,55.38834302904074,14673.613778548717,14672.830907659858,0.7828708888591791
7.369292870734476,125.43782364956456,50.56741738497368,13385.036061495257,13384.462447805598,0.5736136896593962
7.113077202401666,125.59667620049038,110.8570429550054,29355.301826028495,29356.074859941262,-0.7730339127665502
7.138223808935161,125.63218457785396,113.38988359162494,29953.884847850193,29956.481604109016,-2.5967562588230066
7.029027601426255,125.58968241535985,38.27753850905734,10125.058543473557,10126.374931521075,-1.3163880475185579
7.302840831254375,125.35590305508552,18.515486281324545,4902.375820716773,4902.227087819181,0.14873289759179897
7.508636445672748,125.46934599691282,99.38240101259254,26307.589392527167,26307.229474846234,0.3599176809329947
7.188499883069009,125.3477504998344,80.29538520852496,21217.92557552996,21216.0451429873,1.8804325426608557
7.27704571477013,125.44728251778986,227.32068153255776,60169.985773269116,60169.08629420733,0.8994790617871331
7.25527544516491,125.51402179619907,109.18697159449732,28860.587319500468,28856.916969670212,3.670349830255873
7.214402624422331,125.28024987833854,283.14378232074347,74843.34890706239,74848.7079731233,-5.359066060904297
7.07814701608338,125.41502315935789,170.3466013005303,45098.06880129795,45101.58202302719,-3.513221729241195
7.1649865358298745,125.58031880723736,165.89353741252677,44099.27459514467,44096.68902175137,2.585573393298546
7.291219928586974,125.5000718181262,54.133861822500336,14304.449399722804,14302.406325216787,2.0430745060166373
7.0354686841036695,125.63840823301716,59.02467470723451,15629.536937096109,15630.058990464595,-0.5220533684860129
7.151292642043505,125.2723929129896,28.83854245371696,7634.023701106033,7633.7780131401005,0.24568796593212028
7.1501380576760845,125.42440383362909,105.9270199765441,28039.389488712073,28039.630242818013,-0.24075410594014102
7.115530541010064,125.58361845636576,140.08718294131194,37112.23527174198,37110.255249025475,1.9800227165032993
7.225007559843727,125.25825027009296,378.3686503948254,100037.71942785107,100026.89175719068,10.827670660393778
7.313974029460587,125.32999489942456,132.76640719825255,35171.34464454128,35167.83382957973,3.5108149615480215
7.1622063031596985,125.5871781853958,71.52753737324116,18937.42386909942,18938.47232436715,-1.048455267729878
7.268971826473499,125.531239190701,48.94474323429765,12959.498026558396,12959.823666396736,-0.3256398383400665
7.014708038679197,125.45890829249448,270.1616437334409,71368.16198485273,71374.73018969662,-6.568204843890271
7.5185464068798415,125.53711145140166,41.906057438272406,11079.092781798896,11077.98051135186,1.1122704470362805
7.194026190316909,125.2854228851723,95.89604120293568,25344.373767406683,25342.49939705723,1.8743703494546935
7.134765533405509,125.3880998745831,159.81672402865735,42266.5175920834,42267.806858514625,-1.2892664312239503
7.140534504033431,125.56564358829596,43.84517268074781,11608.136411714353,11609.200149411627,-1.0637376972736092
7.400055461348007,125.251399035944,48.25416059034451,12760.347149342715,12759.91488079969,0.43226854302520223
7.4408672953172035,125.33767331777936,30.526032237199,8081.869376070958,8081.953781859204,-0.08440578824593103
7.484663774240691,125.34911757741185,166.89018722154665,44104.0936836763,44101.3318827504,2.7618009259022074
7.385314484444051,125.29451879265724,129.44751138576504,34209.14753771404,34206.97020035872,2.177337355315103
6.980348682495464,125.57970456271258,65.64001609380634,18287.973205109385,18289.03935694368,-1.066151834293123
7.33029052587195,125.48317772943862,27.198566895834844,7209.73383911484,7209.504292893489,0.22954622135057434
7.525469438629318,125.36312404185206,25.99833176436132,6883.885173125518,6883.901174776136,-0.016001650617909036
7.1927848654380675,125.29564725597554,95.89604120293568,25344.373767406683,25342.49939705723,1.8743703494546935
7.0800482415999735,125.62461563916072,44.40182776786066,11785.10572983902,11783.388317467185,1.7174123718359624
7.007571796232139,125.61152510708068,22.98765503856812,6086.675377421287,6086.733627645272,-0.05825022398494184
7.005143315633328,125.45222753477408,32.61622265509294,8672.59631442934,8672.154496019022,0.4418184103178646
7.46977201484714,125.5427162863641,57.083545193620765,15110.089383863316,15109.931611417216,0.15777244610035268
7.45578024495843,125.53989245325262,43.20884815858504,11452.94352835065,11451.9163966937,1.027131656950587
7.549109261037911,125.46015498410276,75.39725970040838,19924.849769325214,19923.050654866078,1.7991144591360353
7.530150821743795,125.52634016512296,70.42471336441187,18638.779167185276,18637.132140654467,1.6470265308089438
7.278882763571297,125.3305154524447,195.62911899438225,51729.62575465328,51728.15819953758,1.4675551156979054
7.087894569032372,125.5676150061076,136.46447265746912,36112.62868291371,36109.16453071138,3.464152202330297
7.074314163716671,125.42603227207444,499.7350210108542,131786.57569140563,131803.96112323727,-17.385431831644382
7.214339007108017,125.37656297331164,117.4263139327984,31118.55443351234,31120.926547324434,-2.3721138120927208
7.555785531187273,125.51642528488732,7.887337573353654,2083.223144438698,2083.4442955402615,-0.22115110156346418
7.1652648759169395,125.55327654405224,160.15790141908525,42377.635764225925,42378.32914873102,-0.6933845050953096
7.097688079125254,125.62868741955783,79.8819008857985,21115.948419353575,21116.998241271398,-1.0498219178225554
7.153452812167359,125.63203508333596,363.41032411120847,96605.52766470914,96599.25455550483,6.273109204310458
7.259577492787403,125.54140559598606,35.62790476539818,9443.368013666797,9442.85146008194,0.51655358485732
7.142493724954779,125.37256516317508,106.1364944112582,28100.849501136694,28102.62436499561,-1.774863858914614
7.313038101952493,125.2828311891938,15.134142288459191,4010.2977170200525,4010.3219222070343,-0.02420518698181695
7.288917957300045,125.4317809444124,309.8529190324687,81743.39824837439,81747.94729664766,-4.5490482732711826
7.540576163305895,125.523861970379,21.014203282934727,5563.580771166202,5563.638876339473,-0.0581051732715423
7.1711706431112345,125.6249960269301,64.2880246960898,17010.489286296423,17011.16676754984,-0.6774812534167722
7.128363379416829,125.31118323226124,38.61756338142857,10222.306890560894,10222.794707015157,-0.48781645426242903
7.246703126590579,125.34849177039015,626.4591831032208,165746.2153807315,165755.1678976348,-8.952516903285868
7.132425078628169,125.3739250262056,110.98513672866166,29323.222904367987,29324.72819937152,-1.5052950035315007
6.99065869602982,125.52862015474462,133.83919514728333,37266.178488953774,37265.65312606615,0.525362887623487
7.404261747969067,125.38083138486888,49.80585876727402,13177.800254406518,13178.148196230706,-0.34794182418772834
7.099720970726071,125.30193006179456,64.61935644368404,17081.01287045525,17083.5797297922,-2.566859336948255
6.9815167179517195,125.44481225082104,382.79175439489904,107046.84482737452,107046.84482737452,0.0
7.257424916479709,125.36627001035176,80.97256003620116,21432.74581744413,21431.865335386618,0.8804820575132908
7.52141000459549,125.417457889125,50.65071576658682,13403.80187989918,13402.037593943529,1.7642859556508483
7.02595287031253,125.6406421825702,41.93983534952473,11113.440929359993,11113.527642463014,-0.08671310302088386
7.057333863951878,125.49302645762177,119.96000051983594,31751.974488783133,31749.566423988188,2.4080647949449485
7.5515103498526255,125.54666136378768,24.42156435715089,6470.972572858882,6470.417652524825,0.5549203340569875
7.010178966040393,125.4357005441176,103.95729375339748,27483.147347571838,27484.073137286083,-0.9257897142451839
7.22157571520853,125.4954038025611,171.0762639781715,45376.39448509216,45380.25610545578,-3.861620363619295
7.177292120358498,125.60650108777637,313.2680062430233,83418.43487259469,83416.79192504293,1.6429475517652463
7.134001187703157,125.63719489709992,47.61039112176895,12628.685864987436,12628.259254279661,0.426610707774671
7.155294541364225,125.29313793621456,28.83854245371696,7634.023701106033,7633.777306571237,0.24639453479539952
7.048634489027599,125.53418610149214,125.15855547049271,33003.1009778496,33001.26936582549,1.8316120241142926
7.250524732288767,125.3545228976363,527.2297262597307,140025.68102971817,140029.06209843344,-3.381068715272704
7.115073883361863,125.44378401307596,161.70004948824075,42853.25616140981,42856.33175874826,-3.075597338451189
7.390512308813812,125.40940967030292,31.004682571324793,8208.593656749119,8208.81720967008,-0.22355292096108315
7.267031525069729,125.40953474586514,135.00635633214915,35739.89006670843,35739.07859898542,0.8114677230114467
7.460109009893592,125.46934037801128,241.8713140491866,64031.502836655105,64029.25939868195,2.243437973156688
7.244862982701043,125.6864063160026,61.67460371866925,16326.961312770045,16326.590612074115,0.37070069593028165
7.198888552425664,125.38176719855235,149.6006734053115,39630.06239017223,39626.93227966172,3.13011051050853
7.149096442148209,125.28180561900612,28.83854245371696,7634.023701106033,7633.7780131401005,0.24568796593212028
7.234163095421307,125.25905248687752,31.59146477856737,8360.676812939852,8359.82356118856,0.8532517512921913
7.181230083599064,125.29785704801904,95.89604120293568,25344.373767406683,25342.59131606265,1.7824513440318697
7.115960440758588,125.5981938931948,83.66725937056222,22139.88324756052,22141.34963396018,-1.4663863996611326
7.541603001395617,125.51105822894274,171.54842391278294,45376.889728343165,45382.68471240889,-5.794984065723838
7.082094338712938,125.48949269872942,49.155175204665795,13029.497885727913,13028.851223923357,0.6466618045560608
7.339704268190217,125.38294279406496,81.30777061390162,21526.846102114443,21527.091114701387,-0.2450125869436306
7.052750812314047,125.46056401849556,194.9018277151623,51389.48605255194,51385.32578854738,4.160264004560304
7.308977298866587,125.43187669922484,107.79388560233394,28588.922731666702,28585.881236393398,3.041495273304463
7.354044691370177,125.34580551145235,218.5527506353673,57865.19897235058,57864.850405311394,0.34856703918921994
7.1748643442737325,125.25124105209736,26.520992778625683,7040.914389633438,7040.746736495131,0.167653138307287
7.124637035898563,125.60332519926452,60.02675345081769,15881.759303128823,15882.804875758915,-1.0455726300915558
7.222558564559713,125.50783636968592,74.86169947148692,19821.741467134787,19823.187650602158,-1.4461834673711564
7.551314461198854,125.3693671438067,15.589343822209786,4120.48740173382,4120.433372989164,0.054028744655624905
7.109950649794314,125.38222124381949,105.91015786574744,28042.007063732042,28044.480658287193,-2.4735945551510667
6.988386820668052,125.54458487900897,1298.4082969969384,362077.273702263,362053.84266310395,23.43103915906977
7.370865318553325,125.2805183140512,507.5370546192472,134127.02798576897,134118.61555006966,8.412435699312482
7.102780592949107,125.3180365910368,109.35345841406912,28957.26727011091,28957.910348554367,-0.6430784434560337
7.1419420577427815,125.59126880189125,119.42968705900846,31553.569529586828,31554.513273183475,-0.9437435966465273
7.357086735145277,125.43014132631,15.9764019739974,4229.209278646244,4229.1915186188235,0.017760027420081315
7.0281864953842,125.63431154325926,82.57187653851352,21892.26201296116,21892.206729225705,0.05528373545530485
7.300359858975902,125.31191685950266,16.94171018702364,4489.299307414333,4489.300448464087,-0.0011410497536417097
7.269658452491089,125.39221934439132,125.78261062602778,33362.32143344575,33359.396453526686,2.924979919065663
7.598934329185619,125.41668494113902,13.512882178045585,3576.1295798452206,3575.8176008046166,0.31197904060400106
7.28344190803903,125.45819032344302,111.5909646165022,29466.92292500743,29466.37577906393,0.5471459435029828
7.133214011368436,125.42785319279528,745.278045225251,196990.1137066096,196983.31281455557,6.800892054045107
7.326242207672525,125.53356220252589,28.77914647452583,7641.154624473492,7641.109926022363,0.04469845112907933
7.41703319184107,125.3203926859892,442.48778437671024,117369.33335356507,117355.36293430474,13.97041926033853
7.214311553038587,125.52649770258712,216.21596232347375,57222.41109955031,57216.60136847828,5.8097310720258974
7.009423570624607,125.42411364269356,216.1862068159012,57034.98387111224,57036.40396591614,-1.4200948038997012
7.38200660180142,125.34980190364136,36.94326946917393,9772.070869625393,9772.987037875266,-0.9161682498724986
7.443135652730995,125.37053659499234,206.4786654020648,54595.289769814844,54592.603147127425,2.6866226874190033
7.400883557819068,125.28321695200458,96.5454195523464,25545.745435013567,25544.983622771608,0.7618122419589781
6.967139565971388,125.45311612258318,207.51233624660404,57940.603454544726,57949.92057176149,-9.317117216764018
7.074079665328868,125.369065638244,36.99745728818641,9795.735277490574,9796.832607282655,-1.0973297920809273
7.267499113063155,125.3075326318515,195.62911899438225,51729.62575465328,51728.575189990624,1.0505646626552334
7.091795406468579,125.42710737125994,33.947126304981694,8961.071076017844,8959.674623341918,1.3964526759264118
7.342519218845724,125.41355800879587,197.47863461585575,52338.736014042835,52336.241591599945,2.4944224428909365
7.332329474366776,125.42681697843746,197.47863461585575,52339.27487987174,52338.99311140859,0.2817684631445445
7.3985549122656815,125.46578885722371,143.3128750250639,37924.202501953696,37920.242553017604,3.9599489360916778
7.567215836816975,125.4610904798597,57.6251297210752,15253.195473409005,15253.111201986749,0.08427142225627904
6.966548680568638,125.4228754431542,275.7084437077741,76923.6184352561,76923.05203957752,0.5663956785720075
7.281396055498411,125.33095741487864,195.62911899438225,51729.62575465328,51727.91668643586,1.7090682174166432
7.315030186695917,125.47685165753823,88.39126889323158,23388.74727144966,23387.8889774822,0.8582939674633963
7.134616821468507,125.56029300125536,32.36726664964639,8593.81046978241,8593.709360477967,0.10110930444170663
7.413538011311552,125.53648150023712,118.15436312579176,31326.75609845918,31323.262401142114,3.4936973170661076
7.217452432750594,125.41484333603076,37.42410011916514,9883.468008874564,9883.74283153207,-0.2748226575058652
7.225129400013683,125.30340485662032,59.55014023463298,15754.723166141208,15755.414728297457,-0.691562156249347
7.1506759749285616,125.50229041122776,52.39007315820133,13910.13536977042,13910.102939793953,0.03242997646702861
7.436997056873448,125.54481988656453,70.3073260113274,18622.226676660783,18621.575773889246,0.6509027715364937
7.493122214022184,125.37692214601388,166.89018722154665,44104.0936836763,44101.3318827504,2.7618009259022074
7.232271141550219,125.6391285736314,59.08403877778916,15625.877576898441,15624.549577317197,1.3279995812445122
7.234930158865716,125.34944999930504,626.4591831032208,165750.77309394532,165757.49177490396,-6.718680958641926
7.152034466576828,125.40695873975736,1017.95695381149,272099.5391707309,272121.73628121096,-22.19711048004683
7.38228208622548,125.28372907068378,173.53170796352867,46008.08123774458,46008.01337537572,0.06786236886546249
7.459913250292263,125.2831078994237,290.222593503994,76608.23939041501,76613.67239654847,-5.433006133462186
7.431297018584277,125.31432215522054,49.43015931920385,13103.549799514125,13103.478337958217,0.07146155590817216
7.0376195083311295,125.6039531296982,22.98765503856812,6086.675377421287,6086.733627645272,-0.05825022398494184
7.365600782837182,125.43967045983088,50.56741738497368,13385.036061495257,13384.462447805598,0.5736136896593962
7.531883202750237,125.45998202808106,75.39725970040838,19924.849769325214,19923.050654866078,1.7991144591360353
7.459761810876502,125.34777509611848,36.708438962483136,9718.665496890606,9718.627076818524,0.0384200720818626
7.031087781015557,125.5351910097039,348.07303945520357,92181.61857207248,92183.85261973678,-2.2340476643003058
7.110722443605155,125.35829553697144,42.04168088567761,11138.14921127652,11137.916191403927,0.23301987259401358
7.368912849536095,125.42982939306636,24.837755346736863,6564.883548088667,6564.932657952876,-0.04910986420873087
7.115056820384134,125.4254612549493,63.60921862885479,16863.707403583776,16864.430191635067,-0.7227880512909906
7.316351966113228,125.46665629634994,93.46712197838087,24781.658987332663,24780.92438667832,0.7346006543411931
7.398207034518,125.32401618252408,24.7779423895623,6560.043317920204,6560.221974204907,-0.1786562847037203
7.1923126892518505,125.40343828684568,24.18220714654123,6399.932164943953,6399.752020022957,0.18014492099518975
7.3439058621778175,125.28940498564684,43.98844146969564,11639.212519966044,11639.205935494048,0.006584471995665808
7.177263655405671,125.50663139769269,239.82670457849136,63380.302787426524,63374.74239123563,5.560396190892789
7.407695724618635,125.26989480711931,38.623501930066595,10205.575809607177,10205.052006272881,0.5238033342957351
7.1384338196072274,125.32551397285349,38.61756338142857,10222.059023786342,10222.739799942576,-0.6807761562340602
7.130762841755124,125.42962733992404,745.278045225251,196990.1137066096,196983.31281455557,6.800892054045107
7.268600059415728,125.54947377930304,73.5435477574859,19469.66626854506,19470.767725551897,-1.1014570068364264
7.28514234546558,125.32352611930304,195.62911899438225,51729.62575465328,51727.91668643586,1.7090682174166432
7.14360996566714,125.45683164934452,113.45791321400164,30079.304420101664,30080.49782332987,-1.1934032282078988
7.526793426409435,125.30386608019884,90.52395806752692,23947.7968835219,23948.242210446428,-0.44532692452776246
7.0352578001406965,125.63937106684251,59.02467470723451,15629.536937096109,15630.058990464595,-0.5220533684860129
7.09698261576033,125.54491559954089,89.79343691833847,23844.43981813455,23846.46630537691,-2.026487242361327
7.258661678046897,125.27542133009712,245.10145098971097,64782.16625933761,64775.535212561546,6.631046776063158
7.567581300191974,125.403386678858,20.60223821544115,5461.829356337253,5461.747637588788,0.0817187484644819
7.485557413514714,125.37297346817309,29.06669669094895,7700.698477525446,7699.648828790891,1.049648734555376
7.221191112093988,125.65901837579275,1146.9283070701988,303554.69946304045,303531.299087555,23.400375485478435
7.060758619483998,125.40447933600822,18.035296290100035,4793.235132646016,4792.939540069047,0.2955925769683745
7.527698673366782,125.34984825323642,13.275323515173165,3518.7624879981745,3518.716330622185,0.0461573759894236
7.177947458847927,125.44510690946142,125.46220052706444,33221.97211714184,33222.727689847,-0.7555727051585563
7.2712322646823235,125.32123996028636,195.62911899438225,51729.62575465328,51728.575189990624,1.0505646626552334
7.142440338672117,125.56130653167168,112.71069997732464,29880.433371418338,29880.726942267633,-0.2935708492950653
7.119196655635969,125.5953089951442,70.49938330691332,18668.212112372294,18668.9416113603,-0.7294989880065259
7.056073723912063,125.52023471268151,28.016842242462587,7417.004040245733,7417.804029652007,-0.7999894062731983
7.426742645156395,125.39207000575892,48.59890258355836,12877.342319816238,12876.18979624472,1.1525235715180315
7.078241077765866,125.52054177372824,193.13379892266877,51176.750015205376,51174.341766228696,2.4082489766806248
7.476313543698066,125.47250304500314,62.94705107650544,16646.25961188671,16645.98870188228,0.2709100044303341
7.464891574887432,125.50304232317583,30.46500698527457,8059.411175925427,8059.561046613321,-0.149870687893781
7.405158205870951,125.53201662074233,46.88502170962301,12405.677187805564,12405.332789386737,0.3443984188270406
7.438084918868625,125.3268508748078,30.526032237199,8081.869376070958,8081.953781859204,-0.08440578824593103
7.109955912798181,125.32683938347424,45.49366738038527,12047.953383092356,12048.36211226562,-0.4087291732648737
7.114049501053015,125.62941378939956,36.05146310809134,9528.928725316497,9530.047601204504,-1.1188758880070964
7.420428728851365,125.39068194592512,48.59890258355836,12877.342319816238,12876.18979624472,1.1525235715180315
7.059540214509394,125.293728300058,21.97482359879272,5804.345625886947,5804.051462205998,0.29416368094916834
7.114511285510538,125.45085076705888,246.4486270841145,65078.74417330895,65080.10514577528,-1.3609724663256202
7.162940263746407,125.39526061301756,109.94008691454457,29099.789258344703,29098.92281391761,0.8664444270943932
7.0022005748967615,125.51813742926124,133.83919514728333,35410.77203899509,35393.74318148237,17.028857512719696
7.523170470537359,125.36964599447111,25.99833176436132,6883.885173125518,6883.901174776136,-0.016001650617909036
7.22382201271502,125.49680082313108,55.08962333968588,14577.28928429783,14576.365889032566,0.9233952652648441
7.091505114389586,125.440656101136,82.32573373206071,21735.47095667775,21736.290030234162,-0.8190735564130591
7.101673965073368,125.65434876025682,872.6531629549972,231353.2197768235,231364.27840458762,-11.058627764112316
7.06054773273871,125.36662387820223,36.99745728818641,9795.735277490574,9796.832607282655,-1.0973297920809273
7.172394844686499,125.3649265009728,109.99659431299222,29160.298171329556,29161.483424006146,-1.1852526765906077
7.079401012005471,125.52123113094996,111.17721551728386,29359.203355823247,29359.20786261063,-0.00450678738343413
7.023181497105737,125.6585370714794,69.88507999453897,18495.241621409317,18495.576079754068,-0.3344583447506011
7.187045892633292,125.55512178885212,17.49362853590059,4635.242678766127,4634.856757963123,0.3859208030044101
7.101420438262783,125.50319518815378,675.4934198650843,179332.53668142742,179330.4028193257,2.133862101705745
7.262260781144692,125.29835217962548,149.21146837072516,39551.80629997279,39550.64899852114,1.157301451654348
7.355853481715933,125.38698183078496,49.797903775064064,13182.872679673203,13182.641122465924,0.2315572072784562
7.386837126319279,125.32221697247353,33.45791203407133,8856.203901199371,8856.157987186889,0.04591401248217153
7.064453922323851,125.58538072560488,143.2443629634338,37870.835159222595,37873.959336765656,-3.124177543060796
7.217887810682054,125.55421625762696,78.16373084631066,20704.52087500602,20704.377851166057,0.1430238399625523
7.301644887669843,125.33027254737269,74.57547401262664,19745.98941395733,19747.57522068358,-1.5858067262488476
7.427956459770956,125.3156063771998,49.43015931920385,13103.549799514125,13103.478337958217,0.07146155590817216
7.145409745224349,125.31205768499768,38.61756338142857,10222.059023786342,10222.341743717705,-0.2827199313633173
7.272368831873648,125.46053219139118,269.653502765591,71434.76471578254,71430.92964621329,3.835069569249754
7.240366844604518,125.50576090296332,74.57875061072244,19736.830502255107,19735.24180944282,1.5886928122854442
7.351935600522546,125.52214342046584,26.324371766319633,6973.024373788165,6972.83842675818,0.18594702998507273
7.1654447012290765,125.4261635841825,85.66904459359169,22707.44932281225,22706.634810830077,0.8145119821710978
6.972794780555294,125.5015181056274,330.35538115122387,92226.01819821548,92226.57092277035,-0.5527245548728388
7.084938619474429,125.51254170708128,49.2403830689623,13035.895425788329,13036.400480231481,-0.5050544431524031
7.0796929288241275,125.64718675978597,62.39712802833182,16515.46849302588,16514.794765126077,0.6737278998043621
7.05413074372954,125.3330529982933,21.97482359879272,5804.408428679644,5804.051462205998,0.3569664736460254
7.21471214002528,125.36925806676382,117.4263139327984,31118.55443351234,31120.926547324434,-2.3721138120927208
7.49577704264128,125.32773391162613,166.89018722154665,44104.0936836763,44101.3318827504,2.7618009259022074
7.230131964677112,125.32575369184887,299.9972938276951,79402.5345397638,79393.3774761919,9.157063571896288
7.03434541207967,125.48548076697564,251.96543187960648,66659.72789463325,66659.73192853725,-0.004033903998788446
7.134641109466604,125.60934096473112,677.4198494120149,179861.27334539685,179859.15721212773,2.116133269126294
7.313243194175505,125.48102326305592,88.39126889323158,23388.74727144966,23387.8889774822,0.8582939674633963
6.992252525716206,125.506620003193,32.85513668129037,9146.436889940751,9146.274668654918,0.16222128583285667
7.060917650284804,125.29846206285946,21.97482359879272,5804.345625886947,5804.051462205998,0.29416368094916834
7.050343661142914,125.36245660893888,37.64164548447054,9963.18830310044,9963.029120147894,0.1591829525459616
7.188428406174266,125.51666023741856,348.5537784012911,92200.31424009473,92202.40273317706,-2.0884930823376635
7.283065689901273,125.3500804122306,97.53500742968475,25789.329333078276,25788.016862694527,1.3124703837493144
7.179436698113021,125.35875010510593,109.99659431299222,29160.298171329556,29161.483424006146,-1.1852526765906077
7.284726363176069,125.4347325059024,309.8529190324687,81743.39824837439,81747.94729664766,-4.5490482732711826
7.053330178637965,125.45162663982052,97.71011264804572,25824.558749260534,25822.507197482464,2.051551778069552
7.4221634810933965,125.38545257200492,48.59890258355836,12877.342319816238,12876.18979624472,1.1525235715180315
7.333846382168979,125.30126456285672,80.20288985798338,21256.78611563596,21255.876105531508,0.9100101044532494
6.989714962246298,125.41744291098568,79.05302884012234,22021.350237671773,22021.52962063554,-0.17938296376814833
7.224879806364957,125.66509722519363,1146.9283070701988,303554.69946304045,303524.40144734795,30.298015692504123
7.144894668860761,125.66715235989396,36.71358096666031,9697.176702186443,9697.642333187367,-0.46563100092316745
7.449155996303861,125.41529890894378,228.46982380909847,60392.71714587471,60392.44148820205,0.27565767266059993
7.192890333133312,125.38241576921024,513.6116033893229,135595.20327392762,135604.80881222308,-9.605538295465522
7.374192664949109,125.54822062009328,44.39033633626069,11774.823302771629,11774.2097077459,0.6135950257285003
7.147548701767796,125.48773109294748,733.1355992842255,195562.59529276832,195529.98687995278,32.608412815548945
7.143343291690447,125.29658556027417,38.61756338142857,10222.059023786342,10222.358038216233,-0.2990144298910309
7.499704683952754,125.46218401456731,16.810209271145602,4449.633465293603,4449.593943460009,0.039521833594335476
7.353852648507852,125.29996532106196,43.98844146969564,11639.212519966044,11639.205935494048,0.006584471995665808
7.454247013981091,125.50605737339176,30.46500698527457,8059.411175925427,8059.561046613321,-0.149870687893781
7.155524145090111,125.51620678600035,721.0095413973379,191273.4192152246,191289.3197541771,-15.9005389524973
7.316273066196903,125.42461257576586,107.79388560233394,28588.922731666702,28585.881236393398,3.041495273304463
6.983402289678333,125.48259541803016,330.35538115122387,92226.01819821548,92226.01819821548,0.0
7.095102616408003,125.42836861000748,33.947126304981694,8960.8548376062,8959.467547030452,1.3872905757489207
7.070007383643551,125.361303470643,36.99745728818641,9795.735277490574,9796.832607282655,-1.0973297920809273
7.26655006436687,125.3228668176048,195.62911899438225,51729.62575465328,51728.575189990624,1.0505646626552334
7.503660690426027,125.326649343259,166.89018722154665,44104.0936836763,44101.3318827504,2.7618009259022074
7.3218982833812705,125.5156556669472,38.99859616707268,10333.886945011664,10333.714390601037,0.17255441062661703
7.4985764818320755,125.37642598111162,166.89018722154665,44104.0936836763,44101.3318827504,2.7618009259022074
7.136016769677612,125.6464953799372,109.37636740353948,28962.11917017178,28963.108706917083,-0.9895367453027575
7.013349570010589,125.53337835143772,230.24811737393017,61009.30475399021,61006.11780727118,3.1869467190335854
7.097385026572769,125.44489208652082,111.93800138101984,29633.06300780468,29635.6064678851,-2.543460080418299
7.339159518580747,125.3733439944501,81.30777061390162,21526.846102114443,21527.091114701387,-0.2450125869436306
7.152234298540278,125.43592166728632,648.2735744250513,171865.48579948445,171873.35190656866,-7.8661070842063054
7.225856967177256,125.2778557275272,147.36915610097228,39021.62854833731,39021.20491154604,0.42363679126719944
7.432673806269926,125.52878064677596,24.421011442066508,6473.042926833482,6472.704405150797,0.33852168268458627
7.440982648928422,125.39330506478775,48.59890258355836,12877.342319816238,12876.18979624472,1.1525235715180315
7.171749971909188,125.277134744152,28.83854245371696,7633.880745030561,7633.777306571237,0.10343845932402473
6.986647286269328,125.61912012835217,93.6977182187686,26094.41174949963,26096.07586678954,-1.6641172899071535
6.987711019278928,125.30123078640806,41.97783797054488,11714.02324827489,11714.056916063319,-0.03366778842791973
7.299394436825128,125.45941257078992,364.5650717092,96177.20542129071,96182.55771590563,-5.3522946149169
7.206242782576377,125.5331185773026,272.637547772646,72175.9256782085,72180.84095192148,-4.9152737129770685
7.518860412983443,125.24363023598252,173.94691879676287,45903.40109656924,45900.67069020674,2.730406362505164
7.39897340578966,125.50939023184266,14.101110064844702,3748.070072200934,3747.9757139797557,0.09435822117848147
7.394631748331057,125.27629967715276,63.70412972015328,16879.88717699965,16878.291925850903,1.5952511487485026
7.179994642923563,125.43008090221706,154.49319768793535,40892.44988555619,40890.078326454575,2.3715591016152757
7.068040759197525,125.3409960298078,21.97482359879272,5804.345625886947,5804.022630904291,0.3229949826563825
7.254483893899882,125.299234960717,359.0068693872487,94880.05097613414,94874.04136619982,6.009609934320906
7.1154229953304045,125.43398316133016,26.33768217170764,6981.588178978077,6981.280266996853,0.3079119812236968
7.247698649927947,125.41170793344654,59.27070093628309,15693.247264757063,15693.83865021752,-0.5913854604568769
6.980806934873344,125.3974975082878,34.23246179952801,9545.207494638116,9544.968546999931,0.23894763818498177
7.035896459886471,125.35804214693896,22.1380307270586,5862.076676904105,5862.291527297735,-0.21485039363051328
7.320536572252783,125.26668915596404,69.58041270400645,18408.137511532124,18408.456305317068,-0.31879378494340926
7.243509380550534,125.44804763086027,63.94083131623563,16916.196836589814,16916.323381636576,-0.12654504676174838
7.1094416048082625,125.31014310541052,64.61935644368404,17081.01287045525,17083.5797297922,-2.566859336948255
7.219308702615429,125.41228400730178,37.42410011916514,9883.351246779817,9883.567204075987,-0.2159572961700178
7.323113336905229,125.4274718130267,107.79388560233394,28588.922731666702,28585.881236393398,3.041495273304463
7.146715556924279,125.28411659937322,28.83854245371696,7634.023701106033,7633.7780131401005,0.24568796593212028
7.1259449090035405,125.3643230953513,118.69772763630036,31426.55772303892,31425.314702600328,1.2430204385927937
7.380429551275828,125.43857430914058,44.80700399409231,11871.874338232888,11870.750034403143,1.1243038297452586
7.087072719967847,125.46189671071797,66.19285100900325,17513.009568686473,17513.77298829538,-0.7634196089056786
7.490083849332729,125.26696191401766,129.73503302808535,34344.73814527298,34343.86122734335,0.8769179296359653
6.996574338428175,125.44746777616268,32.61622265509294,9135.257854251538,9135.257854251538,0.0
7.478497419108027,125.34138779072352,36.708438962483136,9718.665496890606,9718.627076818524,0.0384200720818626
7.230922755335823,125.5063548663612,47.55204299446869,12555.018866232394,12554.841298884972,0.17756734742215485
7.082229083101917,125.42220726875112,33.947126304981694,8961.130900048878,8959.674623341918,1.456276706960125
7.336261178378448,125.52971684386148,56.91797108379447,15065.055509354013,15063.189651653634,1.8658577003789105
6.988519221183867,125.39431033463146,34.23246179952801,9545.111690905438,9544.995520667408,0.11617023803046322
7.521254965126219,125.3748445765202,25.99833176436132,6883.885173125518,6883.901174776136,-0.016001650617909036
7.274764812596707,125.65736667927511,102.44314763482984,27119.995284358487,27120.873671866804,-0.8783875083172461
7.447600047352432,125.40074046417716,228.46982380909847,60392.71714587471,60392.44148820205,0.27565767266059993
7.423705128491676,125.49448527148893,17.95251269315846,4753.498688642384,4754.130248301589,-0.6315596592048678
7.431311702204588,125.3028587438824,10.185925843251336,2698.8561970577957,2698.3221387296326,0.5340583281631552
7.029149071984427,125.31337996850768,21.97482359879272,5804.5459917265725,5804.4999693573145,0.04602236925802572
7.351449507547219,125.36489300555542,49.797903775064064,13182.872679673203,13182.641122465924,0.2315572072784562
7.247455859943777,125.3768686267314,83.72664813092938,22168.98607535823,22169.3431279462,-0.35705258796951966
7.016334533429083,125.34338757017952,117.77483059241216,31151.59340003999,31153.783367554923,-2.189967514932505
7.354638230230864,125.48330118283992,142.90148076243838,37823.614286657285,37819.701739441785,3.9125472154992167
7.174110106995602,125.56576501267004,77.1495847876557,20434.094556490694,20434.263180727736,-0.16862423704151297
7.139241092062761,125.30580750484684,38.61756338142857,10222.059023786342,10222.739799942576,-0.6807761562340602
7.119198799314601,125.4216223827002,193.86794878164696,51312.03258379007,51308.2716892776,3.7608945124666207
7.370778777535358,125.38399496087033,11.564326124135269,3061.6941118097307,3061.7774940175004,-0.08338220776977323
7.213483372406029,125.38306835055688,570.2738523059575,150889.33962090782,150893.09175678508,-3.7521358772646636
7.169366576163,125.41273558290146,2258.8988041083144,598069.2662279245,598092.6852991828,-23.419071258278564
7.55462657124696,125.50644456608444,19.10587699420732,5057.850326106593,5057.725067173387,0.12525893320525938
7.179540970985489,125.4275468594887,154.49319768793535,40892.44988555619,40890.078326454575,2.3715591016152757
7.060679979981314,125.33593693661209,21.97482359879272,5804.345625886947,5804.051462205998,0.29416368094916834
7.460029486617162,125.38919865029048,228.46982380909847,60392.71714587471,60392.44148820205,0.27565767266059993
7.136229199951066,125.61538802808282,215.30531507569629,56952.39307952947,56954.52548887274,-2.1324093432704103
6.983712742386346,125.38050522997612,18.400992238608502,5131.254471635776,5131.285945065049,-0.0314734292733192
7.001301588989964,125.36057226668092,41.97783797054488,11120.870348392886,11120.614629057436,0.2557193354496121
7.088582619365751,125.53709298038312,74.9903340483521,19818.17711151566,19816.854664068152,1.3224474475064198
7.379052652835195,125.53305361140605,31.08613043262231,8230.143035396753,8230.164091072858,-0.02105567610487924
7.226871607651519,125.50326123520752,47.55204299446869,12555.126486023577,12554.841298884972,0.2851871386046696
7.488270455628233,125.39203978955824,228.46982380909847,60392.71714587471,60392.44148820205,0.27565767266059993
7.006400500176098,125.52674636803737,1298.4082969969384,343684.7023903041,343686.7928362812,-2.090445977053605
7.465523355847154,125.42279045077298,228.46982380909847,60392.71714587471,60392.44148820205,0.27565767266059993
7.1612814535910685,125.61481081084,17.264273506604837,4568.842733438191,4568.41419339011,0.42854004808123136
7.399089352450815,125.529435467207,48.49993185160476,12837.77915473881,12837.712598688504,0.06655605030573497
7.424936248302398,125.34019177951416,30.282662575179664,8016.577773473683,8016.511593831837,0.06617964184624725
7.494739935035678,125.32137784990864,40.82090922287595,10804.483218131076,10803.379454687105,1.10376344397082
7.4087789982031635,125.322680982771,442.48778437671024,117369.33335356507,117355.36293430474,13.97041926033853
7.078945893051955,125.59331908799834,112.13934570698692,29635.20866231699,29634.30935404426,0.8993082727283763
7.462303256753147,125.33173099063616,36.708438962483136,9718.665496890606,9718.627076818524,0.0384200720818626
7.560441277056322,125.43606581588286,46.537748858021395,12344.24458314586,12342.836363367764,1.408219778097191
7.2080391436538465,125.48707005812147,67.34443918843697,17779.65184500229,17780.059569567886,-0.40772456559716375
7.22360738543449,125.42561243434446,66.55995254285591,17601.560371298543,17599.809648157912,1.7507231406307255
7.167775934997022,125.3673144120544,41.81428257760997,11071.99979036567,11072.534339317426,-0.534548951756733
6.982735862914407,125.54748040475113,133.83919514728333,37266.3964683058,37265.99123773485,0.4052305709483335
7.086908983071946,125.5445930379801,429.9900913433138,113782.97729408197,113781.60327648002,1.3740176019491628
7.0513991159133225,125.40185918043608,251.92004597571196,66598.38956129931,66599.5208150031,-1.1312537037883885
7.429984298238924,125.48269282733966,36.36747155257376,9632.29907615377,9631.416669693355,0.8824064604141313
7.062362543129887,125.38768576545002,251.92004597571196,66592.87046159149,66591.1864657954,1.6839957960910397
7.487643007501392,125.3262247207076,40.82090922287595,10804.483218131076,10803.379454687105,1.10376344397082
7.459444341589383,125.34595707569169,36.708438962483136,9718.665496890606,9718.627076818524,0.0384200720818626
7.078807404200085,125.37643613038284,88.7479946019441,23494.031369240074,23495.208862681495,-1.1774934414206655
7.185777323414397,125.28845500686484,95.89604120293568,25344.373767406683,25342.59131606265,1.7824513440318697
7.274135678508847,125.40214053045106,135.00635633214915,35739.89006670843,35739.07859898542,0.8114677230114467
7.243919721647806,125.38895834572943,26.313660664534787,6966.406692066812,6966.590306003665,-0.18361393685336225
7.233537933274014,125.53318597533776,35.340118680370495,9356.048735493157,9356.361752567309,-0.31301707415150304
7.015872729231734,125.56850412296583,65.64001609380634,17368.193573983648,17368.915372263895,-0.7217982802467304
7.088847434549804,125.61565568882112,293.6189230759315,77720.85288079416,77723.12636174948,-2.2734809553221567
7.483591674982635,125.27953955844478,129.73503302808535,34344.73814527298,34343.86122734335,0.8769179296359653
7.184889701279884,125.61405481917672,198.0273688105529,52410.001114041814,52406.38246392071,3.61865012110502
7.245664483373517,125.47532977057976,516.8187276621609,136478.3424106499,136483.60214673803,-5.25973608813365
7.069596187898074,125.57609771778571,70.38597239696753,18608.882480589444,18610.927911439063,-2.0454308496191516
7.3758071006907455,125.30307931090168,173.53170796352867,46008.08123774458,46008.01337537572,0.06786236886546249
6.997479965579082,125.30963869161846,41.97783797054488,11713.22537762056,11714.062751546999,-0.837373926438886
7.028115358285581,125.54627093502084,348.07303945520357,92181.61857207248,92183.85261973678,-2.2340476643003058
7.436865421528964,125.26853424316322,87.86633358265026,23280.60487582513,23275.6994737392,4.905402085929381
7.48222304533344,125.24406722353196,680.607454662747,180065.9677689562,180064.07411709457,1.8936518616392277
7.048056651002495,125.59942695540452,53.866215891122955,14278.56921335918,14277.780388560497,0.788824798682981
7.018976101913217,125.4662087025476,270.1616437334409,71368.16198485273,71374.73018969662,-6.568204843890271
6.997088048424463,125.52097477518028,133.83919514728333,37266.178488953774,37265.130256276905,1.0482326768687926
7.039545795100008,125.54511001594014,70.9336865926225,18769.900181526766,18771.016099760036,-1.1159182332703494
7.24913951200515,125.318115059649,347.3671318125524,91726.42726925304,91724.72408013076,1.7031891222723061
7.194059127869477,125.38562899950632,513.6116033893229,135595.20327392762,135604.80881222308,-9.605538295465522
7.049216368409354,125.63989399192188,69.88507999453897,18495.241621409317,18495.576079754068,-0.3344583447506011
7.440724991029799,125.41523856800444,228.46982380909847,60392.71714587471,60392.44148820205,0.27565767266059993
7.387038710483407,125.36752111837588,67.52187915695609,17869.318792181857,17867.833134897293,1.4856572845637857
7.166297772288991,125.33132638632932,320.7440734088234,84715.71946206159,84712.7902782498,2.9291838117933366
7.118936436851545,125.63025622485868,1688.758985275288,447404.79361490015,447396.7317589713,8.061855928855948
7.285436540071551,125.2997024011918,21.970984537465007,5813.758561225642,5813.422187205086,0.33637402055592247
7.362881221691246,125.2716509959294,507.5370546192472,134127.02798576897,134118.61555006966,8.412435699312482
7.191696274073262,125.63719579399664,67.34433230192738,17825.838650595306,17825.947075417345,-0.10842482203952386
7.21605965686912,125.2984016125614,123.28427531924706,32733.222693535386,32733.16296369766,0.05972983772517182
7.305158041612518,125.26610062785564,52.52358281279318,13891.306911749447,13891.782429643574,-0.4755178941268241
7.168696685848927,125.44208697235102,65.265909807132,17277.37014567128,17277.96656280296,-0.596417131680937
7.081412455794283,125.30202289872476,109.35345841406912,28957.31913867797,28958.652935576964,-1.3337968989944784
7.326598145908123,125.2874139085307,15.134142288459191,4010.286730204776,4010.2829439482894,0.003786256486819184
7.118318127396693,125.43037709272888,47.4663920437847,12590.401334412982,12590.064699555014,0.33663485796751047
7.393718920156631,125.42354458511323,73.35406427475853,19367.10863445175,19368.473165020005,-1.3645305682548496
7.084943687011742,125.3645164905814,40.16180834081981,10633.700749896674,10634.695172003314,-0.9944221066398313
7.502790620022999,125.38216172840522,166.89018722154665,44104.0936836763,44101.3318827504,2.7618009259022074
7.181454678856164,125.46641665904836,142.64696526585797,37768.87211022475,37769.651266838795,-0.7791566140440409
7.35029853865889,125.36045358943126,97.92496444560784,25924.46635440151,25923.15167015284,1.3146842486676178
7.345889751824588,125.50460181199716,7.797856323858228,2063.707921188305,2063.5125580815093,0.19536310679586677
7.144620226213763,125.4816810661485,132.5044025776476,35130.860781003736,35130.611464870024,0.24931613371154526
7.251635934906866,125.53936759473294,145.07111360508844,38390.91135457975,38386.47713216155,4.434222418203717
6.998009788541814,125.35565111854274,41.97783797054488,11712.487308660915,11714.02324827489,-1.5359396139756427
7.070599825323108,125.38556334282644,19.43185672918197,5144.743617302356,5145.2197104339475,-0.47609313159136946
7.527196823206856,125.53513122246792,17.379416526240966,4600.726675334714,4600.664841467547,0.06183386716656969
7.1724450272117455,125.36279405662629,109.99659431299222,29160.298171329556,29161.483424006146,-1.1852526765906077
7.05317408012159,125.5391005249112,187.15675944674464,49631.30490671026,49632.03492114426,-0.7300144339969847
7.192558856559692,125.66335252048444,3833.668787932462,1018775.6321410256,1018736.8364235429,38.795717482687905
7.057652177416447,125.5352178077626,165.9254116209283,43967.081216193,43966.34705741745,0.7341587755508954
7.527349042957389,125.31068373749454,90.52395806752692,23947.7968835219,23948.242210446428,-0.44532692452776246
7.516623493084635,125.45798474065646,65.43646826693116,17369.86295932283,17367.52829575428,2.3346635685484216
7.039461898863804,125.37393818775983,37.64164548447054,9963.18830310044,9963.075448016873,0.11285508356741047
7.206016480352392,125.55247077038668,2577.6296049888188,679696.0049366865,679655.5237909992,40.48114568728488
7.421934747643095,125.37314633915643,48.722733038741154,12887.822072568995,12887.461439037934,0.3606335310614668
7.147590944768312,125.49032271342362,733.1355992842255,195562.59529276832,195529.98687995278,32.608412815548945
7.354868560038234,125.452371287028,212.1386902533137,55966.73204447179,55969.137502846366,-2.405458374574664
7.470117356144326,125.4222527360286,228.46982380909847,60392.71714587471,60392.44148820205,0.27565767266059993
7.367788771768394,125.4908886780118,112.33212229572467,29732.42014740482,29730.009145773365,2.4110016314552922
7.22495680378198,125.65655359286754,376.9834691142676,99527.6922720954,99545.12537454518,-17.433102449780563
7.264760586524081,125.49310816810892,315.03239565895984,83635.83159664785,83633.68078936751,2.150807280340814
6.99992936763267,125.4725757990691,82.8325660050715,23049.704658881823,23049.704658881823,0.0
7.317739425090729,125.4804428042236,88.39126889323158,23388.74727144966,23387.8889774822,0.8582939674633963
7.416793310215296,125.42341432839034,73.35406427475853,19367.10863445175,19368.473165020005,-1.3645305682548496
7.417991177764458,125.24019332309904,162.02311043634774,42879.525158732264,42875.50826580778,4.016892924482818
7.379547250888651,125.35518706645516,36.94326946917393,9772.070869625393,9772.987037875266,-0.9161682498724986
7.1035623670057895,125.51836322286204,76.68092278817687,20312.260285233064,20311.191005396064,1.0692798370000673
7.499023945638873,125.42883410185136,37.28312676679267,9871.753716146957,9872.38569521518,-0.6319790682227904
7.000861021773835,125.508035305688,133.83919514728333,35410.77203899509,35393.74318148237,17.028857512719696
7.158731544810232,125.43001223848266,77.74749865599246,20597.731170377003,20596.581737561803,1.1494328152002709
7.355420787611523,125.52532690755564,53.69240058924123,14205.473455561483,14205.926860868329,-0.45340530684552505
7.153461440317422,125.24587702102087,28.83854245371696,7633.880745030561,7633.777306571237,0.10343845932402473
7.072986578967762,125.41963591069704,18.035296290100035,4793.235132646016,4792.939540069047,0.2955925769683745
7.002414329738592,125.41937707437204,216.1862068159012,57034.98387111224,57036.40396591614,-1.4200948038997012
7.390583319435309,125.27189138065168,63.70412972015328,16879.88717699965,16878.291925850903,1.5952511487485026
7.418327769450925,125.34352248254632,30.282662575179664,8016.577773473683,8016.511593831837,0.06617964184624725
7.473909803737433,125.40533181853304,228.46982380909847,60392.71714587471,60392.44148820205,0.27565767266059993
7.200167347454011,125.59357715935036,53.57796780659214,14179.445218212057,14177.954734597235,1.4904836148216418
7.104021872667899,125.5162472356701,76.68092278817687,20312.260285233064,20311.191005396064,1.0692798370000673
7.008997969332615,125.49595661160852,156.49821801737988,41437.109957379675,41441.13549216701,-4.025534787338984
7.074906733102555,125.42602935771356,499.7350210108542,131786.57569140563,131803.96112323727,-17.385431831644382
7.245210286408412,125.64126383504592,46.02868584609168,12163.60115362378,12162.46795027094,1.1332033528397005
7.1903080984751675,125.50092860770356,724.4296502607463,192951.247093854,192941.5457991412,9.701294712809613
7.088023205236178,125.3560729934795,75.84324120821711,20112.53815471637,20112.692423479322,-0.15426876295168768
7.441270456058595,125.28150446469589,290.222593503994,76608.23939041501,76613.67647401568,-5.437083600671031
7.040685825750019,125.470998334934,1298.3938613148196,342375.785427598,342356.2630675553,19.52236004266888
7.4083469806979965,125.31827710040204,39.6753362739553,10492.737045980564,10492.647527984225,0.08951799633905466
7.535566273271676,125.3409180381538,19.09001216948704,5051.08972245467,5051.030024256809,0.05969819786059816
7.496847984947348,125.53277229334763,85.08443703405864,22589.900700655086,22588.57297788253,1.3277227725557168
7.520600753389322,125.51263847903805,16.385285428835015,4337.594643625609,4337.527603225731,0.06704039987835131
7.312922797237816,125.39105693818384,42.725753313205686,11312.865037680729,11313.773577490703,-0.9085398099741724
7.543297954453333,125.46501437419006,75.39725970040838,19924.849769325214,19923.050654866078,1.7991144591360353
7.331708896212094,125.29668592576569,80.20288985798338,21256.78611563596,21256.43889040885,0.34722522711308557
7.196588214661425,125.57941911138612,53.57796780659214,14179.445218212057,14177.954734597235,1.4904836148216418
7.198514236361853,125.63368628140148,81.22382742121275,21491.191182708837,21491.453860659614,-0.26267795077728806
7.335598342111929,125.30071139718711,43.98844146969564,11639.212519966044,11639.205935494048,0.006584471995665808
7.024783367071413,125.47928277271532,155.70995792561104,41251.05860048072,41250.110051225005,0.9485492557141697
7.511997574198045,125.47390071210069,99.38240101259254,26307.589392527167,26307.229474846234,0.3599176809329947
7.145302496896645,125.5770433696735,43.84517268074781,11608.136411714353,11608.862362595819,-0.7259508814659057
6.991102357867105,125.6272151126978,22.98765503856812,6411.5624596352945,6411.5624596352945,0.0
7.019357503266683,125.61262836213864,22.98765503856812,6086.675377421287,6086.733627645272,-0.05825022398494184
7.448984932752126,125.24794308246034,40.74935278788705,10797.158106234121,10795.585569033436,1.572537200685474
7.225493588045093,125.47480796142072,2456.957463243798,647875.9278812013,647837.3418668164,38.586014384869486
6.998013231040841,125.58371436329604,93.6977182187686,26095.29735011387,26099.020061792406,-3.722711678536143
7.165724295869658,125.52957988889504,44.72509710242939,11834.165723167762,11833.977803182386,0.18791998537562904
7.1502558118640485,125.65226208123526,77.19303847171977,20421.12676716708,20424.92550955336,-3.7987423862796277
7.532001495821043,125.34972775982855,13.275323515173165,3518.7624879981745,3518.716330622185,0.0461573759894236
7.538024224175395,125.54411624933395,9.2827610346279,2451.169348160029,2451.429478193339,-0.26013003330990614
7.390154776492898,125.51146470893464,18.53903098099958,4908.270605990794,4908.404277881098,-0.1336718903039582
7.203540854539928,125.65597774806996,3086.674337150231,818760.2958857263,818717.6296620473,42.666223679087125
7.000147292664185,125.54375091841032,230.24811737393017,61010.07565033397,61006.11780727118,3.957843062795291
7.204642025463706,125.23524118075046,26.520992778625683,7040.879974167084,7040.698908520706,0.18106564637764677
7.276590739244392,125.28611271193928,149.17855459372657,39554.0444148545,39556.47336059439,-2.4289457398917875
6.990742362528483,125.33254593736908,41.97783797054488,11713.822910171413,11714.054695756331,-0.23178558491781587
7.224678018627508,125.44300039952302,164.18669916230806,43538.269319182946,43539.02025791956,-0.7509387366153533
7.35655311357403,125.3894850976615,36.740708516948416,9723.423460789663,9722.123380825713,1.3000799639503384
7.440977076304938,125.38620082573398,48.59890258355836,12877.342319816238,12876.18979624472,1.1525235715180315
7.298554948974153,125.33404000886787,50.15307702158783,13272.663513349375,13271.21460569841,1.4489076509653387
7.0131281675699775,125.56478936069912,65.64001609380634,17368.193573983648,17368.915372263895,-0.7217982802467304
7.518787844261592,125.44060713231109,50.65071576658682,13403.80187989918,13402.037593943529,1.7642859556508483
7.435321098541923,125.33440816392888,30.526032237199,8081.869376070958,8082.089477781604,-0.22010171064539463
7.545552715325282,125.46668613230769,75.39725970040838,19924.849769325214,19923.050654866078,1.7991144591360353
7.213540406105462,125.5339332181723,272.637547772646,72175.9256782085,72180.84095192148,-4.9152737129770685
7.3493669344506385,125.41611478863764,197.47863461585575,52338.39530804373,52336.241591599945,2.153716443783196
7.428392984103125,125.46159504013843,46.82475006944004,12411.386725597726,12411.240712730072,0.14601286765355326
7.44661475225198,125.24759208682288,55.99150850026849,14823.432008726522,14823.762180718706,-0.33017199218375026
7.004729178091551,125.46399284530152,270.1616437334409,71368.16198485273,71374.73018969662,-6.568204843890271
7.421662960342616,125.54324693913416,36.140548188871854,9550.548871038081,9549.816201842978,0.7326691951038811
7.471849053237337,125.46872494721885,62.94705107650544,16646.25961188671,16645.98870188228,0.2709100044303341
7.0873654592146895,125.36159181349409,40.16180834081981,10633.700749896674,10634.695172003314,-0.9944221066398313
7.222572075644008,125.38580494501755,41.06963103056342,10883.043959781799,10882.55229999159,0.4916597902083595
7.0692292867669355,125.5633461941654,35.986464077751705,9511.749592330043,9510.520329113204,1.229263216839172
7.0591127611603754,125.3932306927912,251.92004597571196,66592.87046159149,66591.1864657954,1.6839957960910397
7.117418255791206,125.54694667424612,10.357499693799664,2742.307195381461,2742.546156295445,-0.23896091398410135
7.4705699344107295,125.46956893392438,62.94705107650544,16646.25961188671,16645.98870188228,0.2709100044303341
7.1500287598644165,125.53937618650666,105.24546223424193,27943.81718673338,27943.75203874527,0.06514798810894717
7.38062488275803,125.3772357924758,69.9467236541887,18542.365824963632,18542.22990249859,0.135922465040494
7.0188253960827875,125.48111815130603,694.6824456390747,183382.62361357527,183362.74428852476,19.879325050511397
7.085112777578733,125.44461717799594,518.345358098301,137501.75383562772,137513.56154784653,-11.807712218811503
7.1724075052095495,125.39839924036345,92.17793065243826,24348.68884427679,24348.849799941898,-0.16095566510921344
7.324788102607322,125.34743758325064,18.515486281324545,4902.304521445516,4902.009221859057,0.29529958645889565
7.533818555976748,125.43930047225128,17.414719677638455,4609.932958332195,4609.935633796847,-0.0026754646514746128
7.466352643646884,125.2656029038898,485.9863886478462,128578.94405891994,128575.09250967586,3.851549244078342
7.289913198961022,125.49643628120654,54.133861822500336,14304.449399722804,14302.406325216787,2.0430745060166373
7.120198074164544,125.48350759408524,107.57241803836423,28553.27704853187,28550.612257682875,2.6647908489940164
6.976130487738672,125.50613930577109,330.35538115122387,92226.01819821548,92226.01819821548,0.0
7.433286385473035,125.52742087324457,24.421011442066508,6473.042926833482,6472.704405150797,0.33852168268458627
7.171948025650581,125.54037711133924,227.42439559566787,60269.04368468612,60275.058730762095,-6.015046075975988
7.144209876524697,125.52315082402048,30.86182501671059,8153.001068191706,8153.599439175991,-0.5983709842857934
7.266575171751984,125.29702249726842,149.21146837072516,39551.80629997279,39550.64899852114,1.157301451654348
7.070797848229713,125.50889562118988,76.01915307219426,20144.650277817866,20144.06617705494,0.5841007629242085
7.138751077935055,125.55930718432208,49.37071072132306,13056.153852305766,13055.896876546634,0.25697575913181936
7.101390895321389,125.36701613091329,51.29621093481734,13578.927946230433,13579.363096555562,-0.4351503251291433
6.983512144793151,125.45379620942563,382.79175439489904,107046.84482737452,107046.84482737452,0.0
7.058876687721232,125.34256176952402,21.97482359879272,5804.345625886947,5804.051462205998,0.29416368094916834
7.011329518029007,125.62178291444452,22.98765503856812,6086.675377421287,6086.733627645272,-0.05825022398494184
7.506635360918732,125.46590134445626,99.38240101259254,26307.589392527167,26307.229474846234,0.3599176809329947
7.502365952855552,125.27351568010435,93.13951907140108,24617.76790586927,24617.558696852117,0.2092090171536256
6.995918400041498,125.4713862847694,82.8325660050715,23049.704658881823,23049.70465888183,-7.275957614183426e-12
7.474463984832754,125.28395501640144,52.97655984751353,14025.241576623761,14025.55396999862,-0.31239337485931173
7.528745964546242,125.44054540669296,278.17627017856563,73408.84050703685,73405.35512813684,3.4853789000044344
7.361244189437573,125.52234550426084,72.31558427838438,19110.698534781885,19109.061056415732,1.6374783661522088
7.043046469314986,125.35774875826516,37.64164548447054,9963.18830310044,9963.075448016873,0.11285508356741047
7.133265977279397,125.47130685342071,74.79145069424479,19801.679071116218,19803.14175847232,-1.4626873561028333
7.342443573055465,125.34427459619126,46.409893411108925,12302.923947958465,12302.83376293213,0.09018502633443859
7.146474719974888,125.63427147526129,64.4020456618439,17040.351156378394,17041.337700201908,-0.9865438235137844
7.152607038860766,125.5757868085145,103.26110024239316,27344.70429169392,27344.591809705325,0.11248198859539116
7.066184505185407,125.48688574614086,43.3141769814257,11474.464327768268,11473.747966996372,0.7163607718957792
7.118174275111166,125.36599723846916,32.49785229895129,8609.409619224556,8608.950287510987,0.45933171356955427
7.315209840141638,125.34590142421509,18.515486281324545,4902.375820716773,4902.227087819181,0.14873289759179897
7.211997361676114,125.3326058125934,299.9972938276951,79402.5345397638,79396.01545532307,6.5190844407334225
7.499279196232696,125.53202259039556,85.08443703405864,22589.900700655086,22588.57297788253,1.3277227725557168
7.3422724891051825,125.5498325861076,67.92046730598759,18008.268873161756,18007.99390074167,0.27497242008757894
7.486345581746273,125.28844307314326,129.73503302808535,34344.73814527298,34343.86122734335,0.8769179296359653
7.379770157528696,125.39426375530245,69.9467236541887,18542.365824963632,18542.22990249859,0.135922465040494
7.252251723597878,125.3840289809563,68.6218456503959,18178.721647199545,18177.60278653915,1.1188606603936933
6.985818177006174,125.43723129958212,32.61622265509294,9135.297340996574,9135.297340996574,0.0
7.372635045569135,125.4239297745792,26.342358265585588,6973.988862928217,6974.188048934034,-0.199186005816955
7.005112852619244,125.47948006774315,99.04394742820726,26245.192666606203,26245.39744585594,-0.20477924973602057
7.1568420964477015,125.53799335406973,44.72509710242939,11834.165723167762,11833.977803182386,0.18791998537562904
7.157841744399886,125.4562229057922,225.54354944783407,59721.29338921323,59723.35834815209,-2.0649589388631284
7.112534419467954,125.55061985991544,67.08354060367864,17793.950879929478,17793.414968126697,0.5359118027809018
7.142300779341781,125.58822699711148,54.63927577855731,14458.431314442068,14459.120816727369,-0.6895022853004775
7.475368112913997,125.5153598242304,32.14545105079189,8501.355418507603,8502.48857635316,-1.1331578455574345
6.986613455365743,125.40250574463224,109.92553461105166,30672.91275358564,30672.963077092147,-0.05032350650799344
7.180284994206555,125.5800259595915,47.6564254232504,12612.33848617482,12611.680441846016,0.6580443288039532
7.388777434650581,125.29445916614976,96.5454195523464,25545.83063490468,25544.983622771608,0.8470121330719849
7.3064854043333725,125.45780994476598,56.084524788917435,14863.950581131057,14863.589410691457,0.36117043960075534
7.174823188120758,125.61441160655052,198.0273688105529,52410.41418542482,52406.9054241392,3.508761285622313
7.19408192773289,125.53753234771033,2863.8242348812805,755541.5314414471,755562.7084348061,-21.176993358996697
7.201762378888507,125.23808258333732,26.520992778625683,7040.879974167084,7040.698908520706,0.18106564637764677
7.403011209481575,125.26949967726,38.623501930066595,10205.575809607177,10205.052006272881,0.5238033342957351
7.200635763921119,125.4919058905188,66.49436147047601,17563.447834993043,17564.049324978438,-0.6014899853944371
7.486225707886956,125.49608650344344,71.84685863426319,19021.69669648592,19021.895356131197,-0.19865964527707547
7.033417983954385,125.43603966424396,44.27929193752823,11730.961992480139,11730.750610468056,0.21138201208304963
7.057823410757874,125.49056904148014,820.9546558745707,217230.7565634051,217228.33954426475,2.417019140353659
7.511050380128882,125.53191077953863,36.60257475853648,9671.416405249262,9671.225648860856,0.1907563884051342
6.994318948089241,125.27537546242144,41.97783797054488,11713.430430384167,11714.054695756331,-0.6242653721637907
7.491007362385627,125.29260774353904,39.90270824959279,10564.014054007017,10564.249353198433,-0.23529919141583377
7.526793337895835,125.2813437530711,93.13951907140108,24617.76790586927,24617.558696852117,0.2092090171536256
7.252410299269204,125.3943839669002,59.27070093628309,15693.236865813,15693.83865021752,-0.6017844045200036
7.141057402158981,125.6551515605276,137.81311667997016,36438.143660789145,36439.822353070485,-1.6786922813407728
7.2328459300857935,125.32315334253248,59.55014023463298,15754.526779787115,15754.89554539819,-0.36876561107601447
7.208416452618577,125.47115351015906,96.57576789930874,25571.213907035697,25572.650806902904,-1.436899867207103
7.018619896648021,125.40595685059344,168.1562301261445,44345.3700850005,44357.54959752406,-12.17951252356579
7.282387276012275,125.34524394687574,97.53500742968475,25789.329333078276,25788.016862694527,1.3124703837493144
7.310255713789216,125.4247074377794,107.79388560233394,28588.922731666702,28585.881236393398,3.041495273304463
7.102523563529515,125.62480602284406,39.66342792513192,10513.532870943236,10513.011077993253,0.5217929499831371
7.326786490346079,125.2819397810303,69.58041270400645,18408.137511532124,18408.198275190105,-0.060763657980714925
7.218085227443037,125.52219391593889,216.21596232347375,57222.41109955031,57216.60136847828,5.8097310720258974
7.216964751034555,125.291697724867,283.14378232074347,74843.34890706239,74848.7079731233,-5.359066060904297
7.521364852798468,125.3770191960185,25.99833176436132,6883.885173125518,6883.901174776136,-0.016001650617909036
7.103143005334832,125.45102388153263,73.12803808653696,19377.85698922459,19378.00818579099,-0.15119656639944878
7.044858576305347,125.3561017847674,37.64164548447054,9963.18830310044,9963.075448016873,0.11285508356741047
7.188586579962757,125.51774804264988,348.5537784012911,92200.31424009473,92202.40273317706,-2.0884930823376635
7.010313069921076,125.49226237808348,1062.4546354854847,281212.8125052853,281202.369511825,10.442993460339494
7.476122053731654,125.26351971398044,485.9863886478462,128578.94405891994,128575.09250967586,3.851549244078342
7.113089798897043,125.45336923889992,246.4486270841145,65078.74417330895,65080.10514577528,-1.3609724663256202
7.429913190773156,125.38479416934663,48.59890258355836,12877.342319816238,12876.18979624472,1.1525235715180315
7.350489009253602,125.51315285101036,37.50535686525314,9937.57692057285,9935.428188643138,2.148731929712085
7.04689347788301,125.5237447629533,38.6479523814096,10231.656097380557,10232.058051553066,-0.40195417250834
7.084676117285398,125.48274602937622,73.80020206935258,19510.057598160372,19511.532643103452,-1.4750449430794106
7.584190898689027,125.42364324555068,41.74818841645064,11032.43126432123,11031.58491269855,0.8463516226802312
7.346169101895221,125.39394852331078,36.740708516948416,9723.453221946742,9722.177998333105,1.2752236136366264
7.204776707586253,125.258280517086,378.3686503948254,100037.71942785107,100026.89175719068,10.827670660393778
7.451628715779985,125.41498964843596,228.46982380909847,60392.71714587471,60392.44148820205,0.27565767266059993
7.04183275149457,125.40305692043331,56.130768922736095,14848.97826168629,14848.819205129746,0.15905655654387374
7.192908089235546,125.24442147741624,26.520992778625683,7040.90944244232,7040.713157516609,0.1962849257115522
7.178175445463451,125.5470301519026,17.49362853590059,4635.242678766127,4634.882566491269,0.36011227485778363
7.162673595825173,125.2493958864818,28.83854245371696,7633.880745030561,7633.777306571237,0.10343845932402473
7.031981054876962,125.47408438108592,82.62194470444058,21900.49062705922,21899.40369255769,1.0869345015271392
7.372716547032146,125.35547601009796,28.80866087257971,7626.928388705542,7627.09826826777,-0.16987956222874345
7.12734633895233,125.56535932463716,32.36726664964639,8593.81046978241,8593.709360477967,0.10110930444170663
7.116598064612562,125.3754741747077,148.95462281326053,39318.618392231394,39312.275566738215,6.34282549317868
7.245297641118019,125.30544595713616,347.3671318125524,91730.70121815722,91735.32017066123,-4.61895250400994
7.058005052880367,125.30838388420786,21.97482359879272,5804.345625886947,5804.051462205998,0.29416368094916834
7.378545307006524,125.51114821844835,119.17711638328628,31540.304013049412,31537.349362232802,2.954650816609501
7.168206741289256,125.58846863976132,23.686192339680368,6270.273617629118,6270.699847117963,-0.4262294888449105
7.140063160635425,125.389508287843,159.81672402865735,42266.5175920834,42267.806858514625,-1.2892664312239503
7.019239098825809,125.42023230061106,76.91343194834079,20384.74601826643,20386.14747839713,-1.4014601307026169
6.984233405305233,125.43402731162423,180.10633946876268,50321.10499757715,50321.10499757715,0.0
7.321176655816984,125.5481997127464,18.48954308920715,4890.068497909723,4890.235891452248,-0.16739354252513294
7.3268222368925935,125.3811854567522,214.43343652442985,56644.333206665455,56647.62405482369,-3.2908481582344393
7.2551513199197055,125.50654391217527,109.18697159449732,28860.587319500468,28856.916969670212,3.670349830255873
7.409974938013855,125.38338922557304,49.80585876727402,13177.800254406518,13178.148196230706,-0.34794182418772834
7.232125629015187,125.68807291366544,61.67460371866925,16326.961312770045,16326.674529634316,0.28678313572891057
7.234305490266816,125.4056946571377,64.76455934309413,17118.88451083863,17117.387779011708,1.496731826922769
7.599703999971233,125.42168400838216,13.512882178045585,3576.1295798452206,3575.8176008046166,0.31197904060400106
7.189530279011348,125.55656464856928,59.39218371314944,15715.068348468772,15715.684944583376,-0.6165961146034533
7.23604861880202,125.395765530093,58.23637211843828,15417.040316449815,15417.539657820906,-0.49934137109084986
7.429129313061799,125.31275521431688,49.43015931920385,13103.549799514125,13103.478337958217,0.07146155590817216
7.126751052619903,125.5626461742975,10.357499693799664,2742.266378007118,2742.486851260098,-0.22047325297990028
7.35307260001619,125.51632428032777,28.11870043600369,7443.193201537124,7443.4387412183905,-0.245539681266564
7.044600137431708,125.62035625989172,41.93983534952473,11113.440929359993,11113.527642463014,-0.08671310302088386
7.271887859926357,125.31103711437612,195.62911899438225,51729.62575465328,51728.575189990624,1.0505646626552334
7.226173165933166,125.23876421935712,378.3686503948254,100037.71942785107,100026.89175719068,10.827670660393778
7.052812235516019,125.59562384426876,206.7497813836484,54663.04298254128,54667.825255947566,-4.782273406286549
7.279913032465672,125.4602325526466,104.18740615423256,27580.07375770331,27578.255282177735,1.8184755255751952
7.0770352186995344,125.48559084385872,140.4406029569781,37175.63478028634,37174.56999330417,1.0647869821696077
7.396208632605497,125.2881722513295,96.5454195523464,25545.83063490468,25544.983622771608,0.8470121330719849
7.14452849415471,125.40740281187117,188.9363418195865,49902.03422531067,49897.48784425216,4.5463810585133615
7.3451079023051955,125.40079472966826,36.740708516948416,9723.453221946742,9722.177998333105,1.2752236136366264
7.057154883409595,125.3363790635582,21.97482359879272,5804.345625886947,5804.051462205998,0.29416368094916834
7.408072033444401,125.47340626533165,77.4866558483795,20538.70981426219,20538.40194197564,0.3078722865502641
7.239661621416719,125.3113511534396,347.3671318125524,91736.37747756502,91738.38197376733,-2.004496202309383
7.096506364369378,125.43084969092368,33.947126304981694,8960.810208433695,8959.467547030452,1.3426614032432553
7.05100723094311,125.4885911705412,654.0001483737627,173111.77874801445,173107.94854975183,3.830198262614431
7.029893028908624,125.4620690269216,113.77998589030638,30102.689473879218,30102.062021266145,0.6274526130728191
7.158619553942,125.4504594045887,225.54354944783407,59721.29338921323,59723.35834815209,-2.0649589388631284
7.237966474029343,125.4344905070734,85.06250394443622,22489.004391178474,22490.002641503645,-0.9982503251703747
7.274464173742799,125.65303900474328,102.44314763482984,27119.995284358487,27120.873671866804,-0.8783875083172461
7.102789951692881,125.61014613869672,24.96931377130924,6616.501741875457,6616.553367416171,-0.0516255407137578
7.004986582756045,125.3864518533053,64.36054177089046,17027.79888301336,17027.387870492996,0.4110125203660573
7.390586648055648,125.4193837521911,26.342358265585588,6973.988862928217,6974.188048934034,-0.199186005816955
7.071359610526851,125.52457248851124,634.0390920247631,167971.16952921078,167967.7345679028,3.4349613079684786
7.4704778896033055,125.23543620523124,165.75069324833808,43857.313194897215,43856.17339608571,1.139798811505898
7.015431998920368,125.29770402518054,21.97482359879272,5804.5459917265725,5804.4999693573145,0.04602236925802572
7.2021665277324844,125.51315057607006,83.18809348319462,22044.488553100644,22045.941056687872,-1.4525035872284207
7.089192571480922,125.61721578362123,559.5705160174984,148243.5996126178,148239.36551424637,4.234098371438449
7.188122532259197,125.42352969077686,154.49319768793535,40892.07047943887,40890.01944018489,2.0510392539799795
7.028144756500938,125.52975855239106,230.24811737393017,61009.30475399021,61006.11780727118,3.1869467190335854
7.1155711550437974,125.4488529191828,246.4486270841145,65078.74417330895,65080.10514577528,-1.3609724663256202
7.04611398531698,125.64199977586088,69.88507999453897,18495.241621409317,18495.576079754068,-0.3344583447506011
7.413795740658304,125.24363943864746,162.02311043634774,42879.525158732264,42875.50826580778,4.016892924482818
7.500798368658229,125.43498918944132,37.28312676679267,9871.753716146957,9872.38569521518,-0.6319790682227904
7.476576178846773,125.25338465021991,272.1121025877507,71959.38520007321,71957.71672481198,1.668475261234562
7.099957047503303,125.438840241688,85.07777422977442,22544.361713016082,22544.537616372403,-0.17590335632121423
6.972980014112962,125.50234101680525,330.35538115122387,92226.01819821548,92226.57092277035,-0.5527245548728388
7.382607957781171,125.3183878163277,33.45791203407133,8856.203901199371,8856.157987186889,0.04591401248217153
6.9947502937556365,125.57725656846895,65.64001609380634,18288.44166216495,18289.03935694368,-0.5976947787276004
7.130571908974529,125.58676794397054,173.3860434155531,45917.180686425716,45915.56890804187,1.611778383849014
7.012489159079719,125.4044192764629,168.1562301261445,44345.3700850005,44357.54959752406,-12.17951252356579
7.534845939260464,125.37802186528135,25.99833176436132,6883.885173125518,6883.901174776136,-0.016001650617909036
7.473289450845344,125.28074458630122,52.97655984751353,14025.241576623761,14025.55396999862,-0.31239337485931173
7.280726022448202,125.31563344794527,195.62911899438225,51729.62575465328,51727.91668643586,1.7090682174166432
7.061331501684776,125.46769857087716,203.3138424156374,53788.511033190145,53788.29621061242,0.21482257772731828
7.013936414637006,125.5641186572602,65.64001609380634,17368.193573983648,17368.915372263895,-0.7217982802467304
7.417038319359346,125.38516346402092,48.59890258355836,12877.342319816238,12876.18979624472,1.1525235715180315
7.505724889944467,125.29278129056532,90.52395806752692,23947.7968835219,23948.242210446428,-0.44532692452776246
7.284789638774903,125.54940956417988,26.02076679806681,6893.199690215688,6892.515663441257,0.684026774431004
7.415134329314425,125.4725004551452,71.9214354315892,19030.259095833342,19029.730790038888,0.5283057944543543
7.346172299130354,125.45199321645896,212.1386902533137,55966.73204447179,55969.137502846366,-2.405458374574664
7.2020816425254495,125.32833278307214,299.9972938276951,79403.50803437011,79396.01545532307,7.4925790470442735
7.027600646097358,125.63256344847112,82.57187653851352,21892.26201296116,21892.206729225705,0.05528373545530485
7.075919682320907,125.5041906293244,101.59794821446468,26967.45518814514,26964.93839724637,2.5167908987714327
7.118491885756844,125.41089526348574,193.86794878164696,51312.03258379007,51308.2716892776,3.7608945124666207
7.578259632405247,125.42710386615865,42.27861757156095,11162.279813005716,11162.64293541249,-0.3631224067739822
7.261182728806581,125.46181009746334,269.653502765591,71434.76471578254,71430.92964621329,3.835069569249754
7.202432726173394,125.5755068120119,504.2121978832286,133441.75591216068,133431.47115173572,10.284760424954584
7.1750856563495375,125.4225856521803,106.18851831008166,28092.964019328956,28094.713778452886,-1.7497591239298345
7.419888958741379,125.2899735768634,10.185925843251336,2698.8561970577957,2698.3221387296326,0.5340583281631552
7.249681365058022,125.64002730300996,36141.5904138944,9564334.065639112,9563529.909218227,804.1564208846539
7.370594952337826,125.35383092753952,28.80866087257971,7626.928388705542,7627.09826826777,-0.16987956222874345
7.403648935709317,125.4549226577752,100.2659098210938,26595.762462839746,26593.02460456458,2.737858275166218
7.280924981266207,125.34881444291167,97.53500742968475,25789.346022114176,25788.016862694527,1.3291594196489314
7.262850084557745,125.46121373763664,269.653502765591,71434.76471578254,71430.92964621329,3.835069569249754
7.371558442203676,125.384587841898,69.9467236541887,18542.365824963632,18542.22990249859,0.135922465040494
7.040037854246617,125.46700994134969,1298.3938613148196,342375.785427598,342356.2630675553,19.52236004266888
7.189418799259147,125.63446625217304,38.517255400119446,10193.991924223947,10193.481577545394,0.5103466785531054
7.089807791035871,125.42505775319616,33.947126304981694,8961.071076017844,8959.674623341918,1.3964526759264118
7.412253646289128,125.48300320852924,17.95251269315846,4753.498688642384,4754.130248301589,-0.6315596592048678
7.089033290603418,125.3539424313606,75.84324120821711,20112.53815471637,20112.692423479322,-0.15426876295168768
7.52506739938822,125.35959657639776,25.99833176436132,6883.885173125518,6883.901174776136,-0.016001650617909036
7.256851042716567,125.3573435264012,650.5889298181045,172383.44738162626,172360.9675406734,22.47984095287393
7.445417610254376,125.53344441003198,16.170153829807926,4280.067279896333,4279.913463671326,0.1538162250071764
7.526160049565269,125.30072004748786,90.52395806752692,23947.7968835219,23948.242210446428,-0.44532692452776246
7.039602139833937,125.34982768218929,37.64164548447054,9963.18830310044,9963.075448016873,0.11285508356741047
7.362863048177989,125.28313071281411,507.5370546192472,134127.02798576897,134118.61555006966,8.412435699312482
7.042831250102727,125.37051963176988,37.64164548447054,9963.18830310044,9963.075448016873,0.11285508356741047
7.449234587535497,125.50589123050742,30.46500698527457,8059.411175925427,8059.561046613321,-0.149870687893781
7.057228244069736,125.59801194394583,188.25079430771592,49923.98091171647,49922.26431645186,1.7165952646100777
7.484762394844258,125.48466688226496,36.67297216167149,9708.043425367896,9708.039012792622,0.00441257527381822
7.091116830138877,125.29484981728788,109.35345841406912,28957.31913867797,28958.36448860438,-1.0453499264112907
7.426666306583755,125.31096190905107,49.43015931920385,13103.549799514125,13103.478337958217,0.07146155590817216
7.093814040362404,125.52890058467462,99.86191043202804,26385.103800866236,26383.226410402047,1.877390464189375
7.571227580686193,125.425741784533,27.1594195595681,7190.547382795948,7190.622479755763,-0.07509695981570985
7.058508099205561,125.4738368913621,92.2660790070135,24466.95180893057,24467.74185235257,-0.7900434219991439
7.08800502450481,125.43330500174464,33.947126304981694,8961.071076017844,8959.674623341918,1.3964526759264118
7.29907349491645,125.38125104968552,42.725753313205686,11312.865037680729,11313.773577490703,-0.9085398099741724
7.464741781866717,125.53867640501942,43.20884815858504,11452.94352835065,11451.9163966937,1.027131656950587
7.212793101646027,125.27248388824916,147.36915610097228,39021.62854833731,39022.97778336064,-1.3492350233354955
7.044853032539321,125.44142571029124,38.42490204234172,10171.347136924247,10171.359139895914,-0.0120029716672434
7.243080928542899,125.4147821317042,128.3321965150191,33981.0697522835,33982.34791624393,-1.278163960429083
7.208596280576573,125.50494392482128,269.30981672749436,71433.57311726832,71432.11650514111,1.456612127207336
7.160307454309599,125.4607060017705,126.1252705742164,33365.27424904007,33365.29610725558,-0.021858215506654233
7.547906556950072,125.4549453203331,75.39725970040838,19924.849769325214,19923.050654866078,1.7991144591360353
7.055676069176994,125.32579481581168,21.97482359879272,5804.408428679644,5804.051462205998,0.3569664736460254
7.260632352035946,125.54856404708588,13.411919537611269,3549.030935691134,3548.814407224068,0.21652846706592754
7.450301208131838,125.54550235804462,24.755571283619545,6559.421352498904,6558.764519641117,0.656832857786867
7.141114152344777,125.35922516687496,31.54397934795365,8350.408485418073,8351.278864142523,-0.8703787244503474
7.13390303934259,125.45299609717318,113.45791321400164,30079.304420101664,30080.49782332987,-1.1934032282078988
7.441274073976113,125.53762851588604,24.755571283619545,6559.421352498904,6558.764519641117,0.656832857786867
7.426378664076559,125.4439831114206,100.2659098210938,26595.762462839746,26593.02460456458,2.737858275166218
7.419279978503734,125.46239918317652,100.2659098210938,26595.838095446194,26593.02460456458,2.8134908816136885
7.436150542802283,125.32548741156664,30.282662575179664,8016.577773473683,8016.453871951355,0.12390152232819673
7.129392581589545,125.56056729794764,32.36726664964639,8593.81046978241,8593.709360477967,0.10110930444170663
7.511806731058026,125.48423712163324,16.385285428835015,4337.594643625609,4337.527603225731,0.06704039987835131
7.434290612813325,125.33726376034234,30.282662575179664,8016.577773473683,8016.511593831837,0.06617964184624725
7.350642310187687,125.41016209530166,36.740708516948416,9723.453221946742,9722.123380825713,1.3298411210289487
7.182051992666469,125.3359641546967,320.7440734088234,84710.66583588698,84711.3163555926,-0.6505197056249017
7.384324230398584,125.33967355368588,36.94326946917393,9772.070869625393,9772.987037875266,-0.9161682498724986
7.38805015553491,125.3427712561964,36.94326946917393,9772.070869625393,9772.987037875266,-0.9161682498724986
7.060445025612885,125.624848214696,69.88507999453897,18495.241621409317,18495.576079754068,-0.3344583447506011
7.2628379286055536,125.42956539617089,227.32068153255776,60169.985773269116,60169.266591599146,0.7191816699705669
7.337116024956288,125.3970069038966,136.6832622954209,36182.95656282477,36182.09497844225,0.8615843825245975
7.168616694920373,125.65635268605942,45.71291954764723,12105.268321137848,12106.013646372912,-0.7453252350642288
7.526195580561208,125.49540653210876,16.385285428835015,4337.594643625609,4337.527603225731,0.06704039987835131
6.982669389305393,125.58832254667956,93.6977182187686,26093.561284617277,26096.07586678954,-2.5145821722617256
7.3299503787048925,125.49996207733028,38.64999470044047,10233.13050214991,10232.77097235146,0.35952979845023947
7.052635975925182,125.59474674198138,1240.838711176074,329133.2401046718,329123.32738830824,9.912716363556683
7.444766555427996,125.30361857052222,29.348586276604976,7760.559329414174,7759.716030479074,0.8432989350994831
7.261153884253344,125.28929493806802,274.869726288389,72558.33709516615,72560.7848353053,-2.4477401391486637
7.153657511866419,125.3185983731099,38.61756338142857,10222.059023786342,10222.071940751659,-0.012916965317344875
7.247659090723876,125.68231478913415,61.67460371866925,16326.961312770045,16326.590612074115,0.37070069593028165
7.010518445474551,125.46359051960732,270.1616437334409,71368.16198485273,71374.73018969662,-6.568204843890271
6.989121946916073,125.55553842481136,65.64001609380634,18288.20562964691,18289.03935694368,-0.8337272967692115
7.067702733494752,125.43278332708476,499.7350210108542,131786.57569140563,131803.96112323727,-17.385431831644382
7.337558175584392,125.27655665227763,152.45941267805347,40335.661182206255,40338.349356129096,-2.688173922841088
7.438764170165981,125.4601058782456,46.82475006944004,12411.386725597726,12411.240712730072,0.14601286765355326
7.116450361682446,125.64554430859496,70.35424750664185,18611.442062916627,18614.659357893714,-3.217294977086567
7.505618901593797,125.3417299479654,166.89018722154665,44104.0936836763,44101.3318827504,2.7618009259022074
7.1380788099269425,125.56368352009206,49.37071072132306,13056.153852305766,13055.896876546634,0.25697575913181936
7.112294779889702,125.63172489604392,66.96920756581623,17711.504190937314,17709.24474973553,2.259441201782465
7.007231275349632,125.6203978216964,22.98765503856812,6086.675377421287,6086.733627645272,-0.05825022398494184
7.203691304244712,125.29429375688632,283.14378232074347,74843.34890706239,74848.7079731233,-5.359066060904297
7.050130083196125,125.62719917367124,103.8165472625566,27523.29733610771,27524.612943041444,-1.3156069337346707
7.105439692902703,125.6374543808571,50.318170083257264,13297.964589221669,13297.471719577698,0.49286964397106203
7.1853404310773685,125.43461621398608,139.81141730215865,37021.11365900693,37022.37854408327,-1.2648850763434893
7.404638049176181,125.42774345987266,73.35406427475853,19367.10863445175,19368.473165020005,-1.3645305682548496
7.282116482647299,125.49349185837048,315.03239565895984,83635.83159664785,83632.31279386803,3.5188027798285475
7.539758758134891,125.51330420804416,171.54842391278294,45376.889728343165,45382.68471240889,-5.794984065723838
7.350113904228457,125.5270248351817,38.85449127988193,10287.019897886114,10287.136981891135,-0.11708400502175209
7.362046592185782,125.42531807060134,79.77004861311306,21096.531665142917,21096.204392778054,0.3272723648624378
7.448344105319862,125.43032924072624,228.46982380909847,60392.71714587471,60392.44148820205,0.27565767266059993
7.071867077241071,125.5769735198755,205.37971093591617,54581.59043657792,54577.31382671641,4.276609861510224
7.1233508356535795,125.44733050177206,191.9808287863916,50650.035589940264,50651.34718943474,-1.311599494474649
7.406355516834624,125.33948414734736,29.79329351753754,7886.916269810636,7887.628374460983,-0.7121046503471007
7.478052944323711,125.42612374367276,228.46982380909847,60392.71714587471,60392.44148820205,0.27565767266059993
7.129897166816001,125.33480838621938,62.69087027861875,16594.08149511159,16594.278092764147,-0.19659765255710226
7.212175922721216,125.26236118345945,378.3686503948254,100037.71942785107,100026.89175719068,10.827670660393778
7.060054049385217,125.34789803246176,21.97482359879272,5804.345625886947,5804.051462205998,0.29416368094916834
7.024808914152571,125.56873736130238,65.64001609380634,17368.193573983648,17368.915372263895,-0.7217982802467304
7.099842210112927,125.63292495115562,2331.0804992140993,617896.4536187574,617865.7870467046,30.666572052869014
7.122903909278765,125.56060613656491,10.357499693799664,2742.293934685114,2742.486851260098,-0.19291657498388304
7.0287137315463,125.46194885382072,113.77998589030638,30102.689473879218,30102.062021266145,0.6274526130728191
7.509427845819283,125.41515276303969,37.28312676679267,9871.753716146957,9872.38569521518,-0.6319790682227904
7.129630380303844,125.33504046821989,62.69087027861875,16594.20878603999,16594.278092764147,-0.06930672415546724
7.133766849879313,125.60535040822003,677.4198494120149,179861.27334539685,179859.15721212773,2.116133269126294
7.334926614013339,125.5254072626681,23.930240363970913,6332.6245936247105,6331.832332767658,0.7922608570524972
7.410883752899331,125.31427491322442,102.15393176861092,27096.564613145765,27093.47346261406,3.0911505317053525
6.995485888343806,125.54240505251929,1298.4082969969384,362076.1666352843,362053.84266310395,22.32397218036931
7.126994553503964,125.59766111806664,250.88524873884137,66427.25434603209,66430.59845244126,-3.344106409174856
7.412509914283836,125.27612651767647,38.623501930066595,10205.575809607177,10205.052006272881,0.5238033342957351
7.206971022712613,125.59834014164642,70.32328908323106,18627.69331834631,18626.15887327507,1.534445071240043
7.487734667826963,125.22895497210315,680.607454662747,180065.9677689562,180064.07411709457,1.8936518616392277
7.176439526655121,125.31643523210144,320.7440734088234,84710.66583588698,84711.3163555926,-0.6505197056249017
7.0211387163105705,125.51889319908432,1298.4082969969384,343684.7023903041,343686.7928362812,-2.090445977053605
7.1584790419678335,125.6572147769065,1920.919563174769,509592.2200610289,509634.58240796765,-42.362346938753035
7.29730303539988,125.5386623072742,175.60734854683304,46530.612020613306,46526.09546840129,4.516552212015085
7.201049162037496,125.46742655032271,2037.1427422849656,544531.4896547472,544577.2303701687,-45.74071542150341
7.530137910198165,125.3770334378716,25.99833176436132,6883.885173125518,6883.901174776136,-0.016001650617909036
7.508086944435476,125.2827153078565,93.13951907140108,24617.76790586927,24617.558696852117,0.2092090171536256
7.421071216181034,125.339927526924,30.282662575179664,8016.577773473683,8016.511593831837,0.06617964184624725
7.504957563299587,125.30981195643938,40.82090922287595,10804.483218131076,10803.379454687105,1.10376344397082
7.164518562529355,125.3938499843076,109.94008691454457,29099.789258344703,29098.92281391761,0.8664444270943932
7.238834891367119,125.46219708509555,95.12410277889737,25214.7746267337,25213.335584718672,1.4390420150266436
7.045331242313292,125.5451855826171,323.59515983205256,86179.9347709374,86177.35352593055,2.581245006847894
7.535445196853456,125.42654990373651,17.414719677638455,4609.932958332195,4609.935633796847,-0.0026754646514746128
7.532852885078407,125.53438481635506,47.88488142417783,12687.171169966718,12684.654792343305,2.5163776234130637
7.4917817381940095,125.50237339952407,57.04972193593237,15132.612576952633,15131.628206883674,0.9843700689598336
7.185389170665468,125.32439524715132,320.7440734088234,84710.66583588698,84711.3163555926,-0.6505197056249017
7.265079459064628,125.48518768958466,315.03239565895984,83635.83159664785,83633.68078936751,2.150807280340814
6.994398541156246,125.4339251035033,19.35349291770535,5396.27978903056,5395.8552839506265,0.4245050799336241
7.137729519070998,125.43641124401424,74.80318717157584,19802.637852517848,19804.259203697227,-1.6213511793794169
7.036212882961831,125.38205764585162,22.1380307270586,5862.076676904105,5862.291527297735,-0.21485039363051328
7.360904338434185,125.32986866343504,218.5527506353673,57865.17161755183,57864.850405311394,0.32121224043658003
7.277207511777525,125.43748261145991,227.32068153255776,60169.985773269116,60169.08629420733,0.8994790617871331
7.301515859254543,125.2975884440632,92.4217315423895,24455.103398515992,24451.575106927266,3.5282915887255513
7.058418242107235,125.50822024754508,13.649618792076716,3613.9795036276246,3614.384345864063,-0.404842236438526
7.512480381000852,125.29179805330202,90.52395806752692,23947.7968835219,23948.242210446428,-0.44532692452776246
7.365664372012102,125.3669342619568,97.92496444560784,25924.46635440151,25923.15167015284,1.3146842486676178
7.501321925795733,125.5181939713492,15.155319606913787,4017.577154017261,4017.583055324951,-0.005901307690237445
7.24817001499247,125.51744661363196,13.604560598458598,3601.762954476687,3601.8325686779435,-0.06961420125662698
7.202421485655932,125.4063475481814,85.29946059922263,22587.922942773926,22587.840414490638,0.08252828328841133
7.04020696004383,125.41825443390069,33.92666536693495,8987.934232433203,8987.727558989762,0.2066734434411046
7.20918699743378,125.4209235522332,56.31316116891539,14883.439385660344,14881.980038482465,1.4593471778789535
7.171802922509151,125.59768252189592,23.686192339680368,6270.273617629118,6270.699847117963,-0.4262294888449105
7.191438810714768,125.5046676089532,775.9952459098122,206701.81612733364,206694.63779256612,7.178334767522756
7.297803497949123,125.51057630337353,54.133861822500336,14304.396929339806,14302.35868560173,2.0382437380758347
7.405671027384163,125.43603339187496,73.35406427475853,19367.10863445175,19368.473165020005,-1.3645305682548496
7.009140414199459,125.42781938356336,454.08783490546,121105.81407588054,121104.76863757867,1.0454383018659428
7.114289452269126,125.41598455860937,96.50175996817217,25521.364086777387,25521.8680628099,-0.5039760325125826
7.373819862112072,125.36974528894694,11.564326124135269,3061.6941118097307,3061.7774940175004,-0.08338220776977323
7.21078807298054,125.61074544319932,1904.1937896041136,504545.1511546849,504496.3308473671,48.82030731777195
7.334909958449282,125.38473625986816,81.30777061390162,21526.899859999336,21527.33930383939,-0.4394438400559011
7.206411402782994,125.46525370685872,67.39948295459313,17867.77426037423,17868.452357481776,-0.6780971075459092
7.312142889261056,125.40700317512496,55.26810042691003,14653.54988544967,14653.12742768939,0.42245776027994
7.425798479002772,125.38780876521764,48.59890258355836,12877.342319816238,12876.18979624472,1.1525235715180315
7.205743862419929,125.40015895371674,236.6253340640192,62689.41256511607,62685.009514093486,4.403051022585714
6.995734873207426,125.51349395113692,133.83919514728333,37266.178488953774,37265.67915236998,0.4993365837945021
7.284231724202474,125.53190189157982,57.93482121477092,15321.748183786298,15320.587646763393,1.1605370229044638
7.423425150491931,125.43486451167456,73.35406427475853,19367.10863445175,19367.842069597897,-0.7334351461468032
7.168648250396028,125.39734857627154,109.94008691454457,29099.789258344703,29098.92281391761,0.8664444270943932
7.317068658746309,125.52060563795403,38.99859616707268,10333.886945011664,10333.714390601037,0.17255441062661703
7.0796572775225535,125.58817752839182,102.13658597647034,27041.80929780534,27040.757147795855,1.0521500094837393
7.058910139899695,125.4841129725719,39.4436110382628,10422.545340108994,10423.3710700292,-0.825729920205049
7.3875296629880545,125.4129111074886,26.342358265585588,6973.988862928217,6974.188048934034,-0.199186005816955
7.202786402635123,125.45407042671934,116.36800151108812,30833.464211367642,30829.43842487905,4.02578648859344
7.573349314092253,125.47000242358406,78.81533502212338,20883.025520901694,20878.726846660873,4.2986742408211285
7.4681295010162705,125.42111871128972,228.46982380909847,60392.71714587471,60392.44148820205,0.27565767266059993
7.141856006189153,125.29813472365574,38.61756338142857,10222.059023786342,10222.739799942576,-0.6807761562340602
7.024949199571041,125.37973875621316,117.77483059241216,31151.59340003999,31153.783367554923,-2.189967514932505
7.081098864644465,125.45825889364204,203.69090327320265,54237.733602374596,54237.180736056886,0.5528663177101407
7.0796907123285875,125.5217491746262,111.17721551728386,29359.203355823247,29359.20786261063,-0.00450678738343413
7.5645135119152735,125.53328573044374,7.887337573353654,2083.223144438698,2083.4442955402615,-0.22115110156346418
6.977907415587297,125.45254346077066,382.79175439489904,107046.84482737452,107046.84482737452,0.0
7.318891379124953,125.49306189182973,88.39126889323158,23388.171746460128,23387.8889774822,0.2827689779296634
7.439949391975386,125.51493152635328,16.170153829807926,4280.067279896333,4279.913463671326,0.1538162250071764
7.357914214746932,125.4544778479238,181.765845776919,48260.52336747462,48260.433402931565,0.08996454305452062
7.061654524692969,125.40977837734788,18.035296290100035,4793.235132646016,4792.939540069047,0.2955925769683745
7.176581903518909,125.56426226926322,23.488957423884685,6218.778179620392,6219.158395388941,-0.3802157685495331
7.008024858622333,125.50593775953918,286.97217631525706,75869.48456249356,75872.66462756766,-3.1800650741060963
7.227437281877444,125.32391155434873,299.9972938276951,79402.5345397638,79393.3774761919,9.157063571896288
7.22109116463837,125.5577400238722,51.58059337527118,13678.201858723463,13678.471600354627,-0.26974163116392447
7.175072090515781,125.28450104924572,28.83854245371696,7633.880745030561,7633.777306571237,0.10343845932402473
7.169324161148599,125.32951772679613,320.7440734088234,84712.0242807777,84711.89454523569,0.12973554201016668
7.0291873255218675,125.3207170178076,21.97482359879272,5804.5459917265725,5804.4999693573145,0.04602236925802572
7.167166517104093,125.25846462023443,28.83854245371696,7634.023701106033,7633.777306571237,0.24639453479539952
7.1864955556047585,125.4710379376832,51.14722466319254,13493.79336215102,13494.171578252353,-0.378216101333237
6.98441468943329,125.46583770502808,82.8325660050715,23050.25545147136,23050.22945166516,0.025999806199251907
7.322236682873632,125.52864765272868,42.36727105616529,11226.596240019004,11226.334320547754,0.26191947124971193
7.324691471213665,125.54418515542297,55.69622903970123,14718.786908261478,14717.996193099605,0.7907151618728676
7.183656148652021,125.42761170909996,154.49319768793535,40892.15235951156,40890.078326454575,2.0740330569824437
7.281045844270265,125.32619096061632,195.62911899438225,51729.62575465328,51727.91668643586,1.7090682174166432
7.16942978855232,125.23008691868614,26.520992778625683,7040.914389633438,7040.746736495131,0.167653138307287
7.026830582122735,125.54270127888704,348.07303945520357,92181.61857207248,92183.85261973678,-2.2340476643003058
7.477062655089404,125.4083658109192,228.46982380909847,60392.71714587471,60392.44148820205,0.27565767266059993
7.12791251495164,125.42170745415048,161.79815889159175,42813.20628916345,42812.58137308236,0.6249160810912144
7.364273962054045,125.50948470977386,86.11160804075408,22815.914316590257,22810.874520804846,5.0397957854111155
7.165232035547549,125.51607022496984,755.0738282664358,201351.80269042464,201362.26585470114,-10.46316427650163
7.5716738023742,125.50624451619632,20.042841767057737,5305.938851749622,5305.803376181488,0.13547556813409756
7.298604343286431,125.3902744440737,39.98330632701681,10586.445918387026,10586.6643125009,-0.2183941138737282
7.162238154085785,125.55129161488348,160.15790141908525,42377.635764225925,42378.32914873102,-0.6933845050953096
7.486986883061405,125.44667513966915,16.810209271145602,4449.633465293603,4449.593943460009,0.039521833594335476
7.436820172559169,125.53729734621072,62.52779022021859,16559.99339586403,16559.49826132528,0.49513453874897095
7.380700929273006,125.38512761381524,69.9467236541887,18542.365824963632,18542.22990249859,0.135922465040494
7.3424321961153165,125.35202006369089,46.409893411108925,12302.923947958465,12302.83376293213,0.09018502633443859
7.286666370084099,125.4190848199324,27.142462515650845,7215.292850738157,7214.824323511112,0.46852722704443295
7.066013056841503,125.37770728986088,19.43185672918197,5144.743617302356,5145.2197104339475,-0.47609313159136946
7.425905326211613,125.33340556921672,30.282662575179664,8016.577773473683,8016.511593831837,0.06617964184624725
7.4088855433115315,125.49283749696497,147.39336014014808,38948.00857177669,38949.03532662107,-1.0267548443807755
7.415302483952232,125.52643587669284,32.854069590535595,8692.087921516904,8692.032974381113,0.05494713579173549
7.343738997501888,125.48067894738917,68.09468526102405,17995.39222833897,17994.172684874142,1.2195434648274386
7.458920082937327,125.40110201763366,228.46982380909847,60392.71714587471,60392.44148820205,0.27565767266059993
7.366720329439442,125.2747571974962,507.5370546192472,134127.02798576897,134118.61555006966,8.412435699312482
7.313505393693123,125.35581753384488,18.515486281324545,4902.375820716773,4902.227087819181,0.14873289759179897
7.546762423317738,125.39252596286184,20.60223821544115,5461.829356337253,5461.747637588788,0.0817187484644819
7.0703462038595175,125.38871059735274,170.3466013005303,45098.06880129795,45101.58202302719,-3.513221729241195
7.213440270277003,125.49402971495728,171.0762639781715,45376.39448509216,45380.25610545578,-3.861620363619295
7.323122423183331,125.26358508040204,69.58041270400645,18408.137511532124,18408.343121273054,-0.20560974092950346
7.068715808282663,125.47554452962646,39.412733536266025,10414.75104364903,10415.423427241842,-0.6723835928114568
7.324757181881935,125.50422080016476,38.64999470044047,10233.273968338903,10232.77097235146,0.5029959874427732
7.191079849777877,125.58861857068104,53.57796780659214,14179.445218212057,14177.954734597235,1.4904836148216418
6.973839391193809,125.48675337084867,330.35538115122387,92226.01819821548,92226.84728504776,-0.8290868322801543
7.084020647271387,125.61120739340804,386.81851038137495,102109.71246720043,102093.11857994681,16.593887253620778
7.454083314704308,125.3492000941704,50.8395273486621,13511.605503730458,13510.772260591051,0.833243139406477
7.364926802656065,125.36955655959224,97.92496444560784,25924.46635440151,25923.15167015284,1.3146842486676178
6.991640311414313,125.50427255693482,132.13617067353334,36786.62823399661,36788.361910421,-1.7336764243882499
7.21044733207715,125.57007257394746,50.700260436067936,13431.879677613639,13430.539809334428,1.33986827921035
7.299563351084879,125.50471253818304,54.133861822500336,14304.396929339806,14302.35868560173,2.0382437380758347
7.25142090356633,125.6445161990137,1410.251245904021,373855.8079902071,373873.76966380875,-17.961673601646908
6.991187450357088,125.6068233535851,93.6977182187686,26094.41174949963,26096.07586678954,-1.6641172899071535
7.269766412065815,125.37934902696507,393.24563518108783,104565.29335619768,104560.15331708812,5.140039109566715
7.29540758747559,125.26577094555456,6.771728371212082,1794.4774827312497,1794.6590157353228,-0.1815330040731169
7.119295416312964,125.5052104261874,83.68762256128107,22130.322852665027,22128.82256889382,1.5002837712090695
7.540635986325685,125.51116365253957,171.54842391278294,45376.889728343165,45382.68471240889,-5.794984065723838
7.036684232477386,125.31827002637712,21.97482359879272,5804.5459917265725,5804.4999693573145,0.04602236925802572
7.362792662642394,125.29725464027165,507.5370546192472,134127.02798576897,134118.61555006966,8.412435699312482
7.4359482382736,125.2668445759828,87.86633358265026,23280.60487582513,23275.6994737392,4.905402085929381
7.08443530922395,125.53421400496968,74.9903340483521,19818.54782911025,19817.731144058085,0.8166850521665765
7.167838770169774,125.40076131333257,109.94008691454457,29099.789258344703,29098.92281391761,0.8664444270943932
7.145685704714188,125.46219439927684,113.45791321400164,30079.304420101664,30080.593636126687,-1.2892160250230518
7.235122279732087,125.3946338163173,58.23637211843828,15417.040316449815,15417.539657820906,-0.49934137109084986
7.204886697120096,125.2775731056234,283.14378232074347,74843.34890706239,74848.7079731233,-5.359066060904297
7.0473860028785875,125.62848220951464,59.02467470723451,15629.536937096109,15630.058990464595,-0.5220533684860129
7.220354800680719,125.49769042926891,269.30981672749436,71433.57221043714,71432.11650514111,1.4557052960299188
6.996372822154739,125.34868820437768,41.97783797054488,11712.73285382815,11714.003858363974,-1.271004535823522
7.482509301967561,125.39829116307824,228.46982380909847,60392.71714587471,60392.44148820205,0.27565767266059993
7.41598637604331,125.42238971899188,73.35406427475853,19367.10863445175,19368.473165020005,-1.3645305682548496
7.097199570904646,125.53669158674026,213.09522208540437,56634.25145166273,56630.75889102924,3.492560633487301
7.30037864657151,125.3631909981076,52.910945241779395,13986.431337290001,13986.805266183133,-0.37392889313196065
7.091434275187703,125.59883648065288,54.3582051192831,14432.695854111593,14432.668195003955,0.027659107638100977
7.44778249719607,125.52098012639648,16.170153829807926,4280.067279896333,4279.913463671326,0.1538162250071764
7.132614301129115,125.57522479553784,247.8018430490065,65882.78008086691,65876.5158726437,6.264208223219612
7.169353238820044,125.304457393058,31.336103192586464,8295.602456197394,8295.666482375045,-0.06402617765161267
7.3289286649348355,125.44772666441575,37.75918800921687,9989.061285377189,9988.830449418889,0.2308359583003039
7.127368207913718,125.54187551487092,235.64702161281417,62167.442917762535,62170.64361574297,-3.200697980435507
7.1741035774903,125.4472643366024,125.46220052706444,33221.97211714184,33222.727689847,-0.7555727051585563
7.122578806482014,125.38039887579444,297.86209389596723,79204.38730195722,79203.17852092322,1.2087810340017313
6.996679951838505,125.49187782857886,134.29253664935453,37461.37715243818,37462.6005928218,-1.2234403836191632
7.325296716670109,125.5252176664076,346.68059714432894,91835.85120244291,91830.13882935283,5.712373090078472
7.0519159432897025,125.37944832901856,41.49012457509043,10983.319692908979,10983.759967594544,-0.4402746855648729
7.301365507948409,125.54329650048004,70.4705048983811,18647.25271952366,18646.173821715376,1.0788978082855465
7.404439309427603,125.40114099521472,75.94976107917395,20168.2836675584,20169.94108922573,-1.6574216673288902
7.379644504512219,125.32784668931842,33.45791203407133,8856.203901199371,8856.157987186889,0.04591401248217153
7.254267679670088,125.36968729382372,80.97256003620116,21432.74581744413,21431.926259760276,0.819557683855237
7.154070707659979,125.62585797197492,294.6849856473639,77872.98360080656,77868.56788893916,4.415711867404752
7.388564674044743,125.43367230168892,44.80700399409231,11871.874338232888,11870.750034403143,1.1243038297452586
7.230561868601352,125.280164652391,147.36915610097228,39021.62854833731,39021.20491154604,0.42363679126719944
7.395831663733184,125.3659858485425,67.52187915695609,17869.318792181857,17867.833134897293,1.4856572845637857
7.05769059785018,125.55876983462258,162.5512292485594,43099.75089178869,43100.71148776483,-0.9605959761393024
7.419285824844028,125.41999355101647,75.94976107917395,20167.21858238561,20168.317700313455,-1.0991179278462369
7.01784302403061,125.58471257429674,93.6977182187686,24774.707836505073,24775.609408680823,-0.9015721757496067
7.452364041168942,125.38031859904432,206.4786654020648,54595.289769814844,54592.603147127425,2.6866226874190033
7.433461551544395,125.48544101112026,36.36747155257376,9632.29907615377,9631.416669693355,0.8824064604141313
7.063689682085976,125.31019526969791,21.97482359879272,5804.345625886947,5804.051462205998,0.29416368094916834
7.248064718918586,125.49880784415215,74.57875061072244,19736.830502255107,19735.24180944282,1.5886928122854442
7.474605731050855,125.4913120732585,36.67297216167149,9708.043425367896,9708.039012792622,0.00441257527381822
7.227356466620527,125.66444460074636,376.9834691142676,99527.6922720954,99543.96262201568,-16.270349920276203
7.08404736267453,125.56191431984108,45.5439336407906,12088.71729872007,12088.240852035638,0.4764466844317212
6.970373741311215,125.47396449783513,68.6629422085186,19144.655763753603,19143.588245431794,1.0675183218081656
7.310451702065516,125.4591920809984,56.084524788917435,14863.950581131057,14863.589410691457,0.36117043960075534
7.167385114774851,125.6599452963276,2374.583999959631,626712.3398970126,626674.6435150456,37.69638196693268
7.239698872645238,125.34173859123456,290.64670410310447,76856.40640146846,76852.66266752097,3.7437339474854525
7.187999353964159,125.54848899405802,17.49362853590059,4635.242678766127,4634.856757963123,0.3859208030044101
7.217859068168928,125.2498663908771,378.3686503948254,100037.71942785107,100026.89175719068,10.827670660393778
7.167279133881627,125.34257120716688,27.684261208840432,7330.512815370891,7330.866727763908,-0.3539123930167989
7.384181865322803,125.29574678617698,129.44751138576504,34209.14753771404,34206.97020035872,2.177337355315103
7.132158128444121,125.47016555949864,74.79145069424479,19801.679071116218,19803.14175847232,-1.4626873561028333
7.276264982006637,125.48322587530444,315.03239565895984,83635.83159664785,83633.0412123716,2.7903842762607383
7.179607064415344,125.39710770859168,55.08812325455278,14586.1660136942,14585.503501509444,0.662512184755542
7.217556057541587,125.50847375282012,269.30981672749436,71433.57311726832,71432.11650514111,1.456612127207336
6.982535425074496,125.47838493202468,68.6629422085186,19144.037831543443,19142.795176848667,1.2426546947754105
7.361134520505405,125.30087551492018,765.5640457553708,202631.9662621425,202620.67535678888,11.290905353613198
7.467481147899071,125.46423325978442,23.969007336261893,6342.280576070217,6342.288796149186,-0.008220078969316091
7.346892872576097,125.53352667532003,95.8709697433034,25403.391783863488,25400.845757031457,2.5460268320312025
7.000552341635757,125.60859548842252,93.6977182187686,24775.18248058467,24776.1303620334,-0.9478814487301861
7.421046192578346,125.54894306569676,15.822173320783294,4186.01784581797,4185.991383857037,0.026461960932465445
7.083300632162918,125.34956119881906,139.7205226249763,37021.394860517845,37018.708101017684,2.686759500160406
7.084918894073867,125.32015626047465,109.35345841406912,28957.31913867797,28958.36448860438,-1.0453499264112907
7.044310422530153,125.46879929583464,1298.3938613148196,342375.785427598,342356.2630675553,19.52236004266888
7.024466887284455,125.53378718142278,230.24811737393017,61009.30475399021,61006.11780727118,3.1869467190335854
7.100459043876023,125.36290985296714,51.29621093481734,13578.943851476604,13579.363096555562,-0.4192450789578288
7.199058677469742,125.3119633795978,95.89604120293568,25344.373767406683,25342.49939705723,1.8743703494546935
7.464149074129247,125.50815868423835,30.46500698527457,8059.411175925427,8059.561046613321,-0.149870687893781
7.362830620891409,125.39244374340058,29.39143371892187,7764.366846342717,7763.5543849863,0.8124613564168612
7.506079786949272,125.44878918415856,16.810209271145602,4449.633465293603,4449.593943460009,0.039521833594335476
7.144518778753415,125.49050590202545,733.1355992842255,195562.59529276832,195529.98687995278,32.608412815548945
7.084148361226389,125.63920907309266,33.01914479500748,8733.089461481157,8733.510108836097,-0.420647354940229
7.290056137006278,125.47408888197576,111.5909646165022,29466.92292500743,29466.37577906393,0.5471459435029828
6.987948328329492,125.47547718092612,82.8325660050715,23050.84729924215,23050.30227267837,0.5450265637773555
7.546059242452238,125.43259923226309,46.537748858021395,12344.24458314586,12342.836363367764,1.408219778097191
6.989308604167822,125.55894274356184,65.64001609380634,18289.03935694368,18289.03935694368,0.0
6.9707639384166065,125.47978315991084,68.6629422085186,19144.037831543443,19143.245628268185,0.7922032752576342
6.991669889784122,125.4873346946401,596.367161430808,165817.720693684,165817.720693684,0.0
7.364739514558202,125.37124661795164,97.92496444560784,25924.46635440151,25923.15167015284,1.3146842486676178
7.188628128572252,125.65542740602127,687.2167891250309,182609.73463576843,182599.24164491674,10.492990851693321
7.382827185409826,125.40579616316454,42.31705852629523,11180.835585737566,11180.043835446259,0.7917502913078351
7.436755900589152,125.51118484206752,16.170153829807926,4280.067279896333,4279.913463671326,0.1538162250071764
7.01199002220301,125.5622624067268,65.64001609380634,17368.193573983648,17368.915372263895,-0.7217982802467304
7.0320282445337,125.60003293828817,52.11117179254636,13815.411861838988,13816.100336786092,-0.6884749471046234
7.077831775187137,125.49301407522496,346.5307139743167,91773.17183699574,91781.56736990898,-8.395532913244097
7.12970799997062,125.39426992057466,205.14059837392296,54315.37634588763,54318.1107114721,-2.73436558447429
7.050043061240747,125.61514938815574,41.93983534952473,11113.440929359993,11113.527642463014,-0.08671310302088386
7.007678530493143,125.54710512705944,348.07303945520357,92181.61857207248,92183.85261973678,-2.2340476643003058
7.384735576888397,125.436439940965,44.80700399409231,11871.874338232888,11870.750034403143,1.1243038297452586
7.250112427107815,125.4724151583283,95.12410277889737,25214.7746267337,25213.335584718672,1.4390420150266436
7.4674780974510195,125.25240712228424,143.41008999076496,37887.637688628536,37886.73611889405,0.9015697344875662
7.212516183934125,125.27821947563882,283.14378232074347,74843.34890706239,74848.7079731233,-5.359066060904297
7.138119801899109,125.4031132651283,730.0302196763832,193655.5116974246,193664.25137347102,-8.739676046418026
7.357658715361393,125.41063548359608,36.740708516948416,9723.308097985744,9722.123380825713,1.1847171600311412
7.068270746291378,125.36693420226436,36.99745728818641,9795.735277490574,9796.832607282655,-1.0973297920809273
7.168636570929559,125.43753000253226,65.265909807132,17277.37014567128,17277.96656280296,-0.596417131680937
7.560480310288621,125.40601924802831,24.21271178177608,6409.710065072074,6409.610998755102,0.09906631697231205
7.183089630968579,125.56804167111588,107.9645271234512,28484.405244739337,28484.868942605084,-0.4636978657472355
7.234724102455841,125.68186948882874,61.67460371866925,16326.961312770045,16326.590612074115,0.37070069593028165
7.233162074027001,125.35034256431284,626.4591831032208,165750.77309394532,165757.49177490396,-6.718680958641926
7.531506740593745,125.3190487393652,19.09001216948704,5051.08972245467,5051.030024256809,0.05969819786059816
7.383616009222768,125.39081168649228,69.9467236541887,18542.365824963632,18542.22990249859,0.135922465040494
7.541960271926128,125.40418007027078,27.1594195595681,7190.547382795948,7190.622479755763,-0.07509695981570985
7.273370462372054,125.52567945023662,48.94474323429765,12959.498026558396,12959.823666396736,-0.3256398383400665
7.141375635904061,125.47984678238362,173.09509547011737,45735.92858415451,45738.748766713274,-2.82018255876028
7.304925001215016,125.36822414333588,52.910945241779395,13986.420251082016,13986.805266183133,-0.3850151011174603
7.265888787566297,125.38056787112076,393.24563518108783,104565.29335619768,104560.15331708812,5.140039109566715
7.040709633565482,125.34435880897696,37.64164548447054,9963.18830310044,9963.075448016873,0.11285508356741047
7.205860432128711,125.4520985495876,116.36800151108812,30833.464211367642,30829.43842487905,4.02578648859344
7.047969637774826,125.55735210222198,78.35662937335067,20802.531190030662,20803.196684638304,-0.665494607641449
7.382273419270296,125.3500246472379,36.94326946917393,9772.070869625393,9772.987037875266,-0.9161682498724986
7.456449722854963,125.44735251900956,40.587195528924525,10739.100864853852,10738.973940763506,0.12692409034571028
7.0156273289156275,125.30593856185796,41.97783797054488,11120.870348392886,11120.614629057436,0.2557193354496121
7.465178935831652,125.29885621867884,40.274048422546194,10660.471309623614,10660.376622864262,0.09468675935204374
7.502082265797973,125.36061710829996,166.89018722154665,44104.0936836763,44101.3318827504,2.7618009259022074
7.490682366854976,125.47477194956188,36.3674426163565,9637.125465677851,9637.208051386802,-0.0825857089512283
7.050979645044964,125.48058919448108,1313.2375177259046,347441.8288315011,347430.1986617129,11.630169788200874
7.183902407751173,125.42180802799072,27.587301819686868,7305.428749977108,7305.398699216837,0.030050760271478794
7.202359544424207,125.38847591458229,119.60281164433825,31681.175957026328,31677.919285703414,3.256671322913462
7.469154926928216,125.27469417917564,485.9863886478462,128578.94405891994,128575.09250967586,3.851549244078342
7.039705159944334,125.4810902106295,251.96543187960648,66659.72789463325,66659.73192853725,-0.004033903998788446
7.435810089836969,125.3212296408038,30.282662575179664,8016.577773473683,8016.453871951355,0.12390152232819673
7.163695841551454,125.40459580584952,109.94008691454457,29099.789258344703,29098.92281391761,0.8664444270943932
7.121705222763539,125.47530744764826,166.2664283155095,44121.54869478632,44122.821359243106,-1.272664456788334
7.290982289779293,125.3716909663368,49.59516889693918,13127.317671882456,13126.470104566637,0.8475673158191057
6.965095132565466,125.47757636933063,3456.00867393206,961998.0464949836,961943.7710401377,54.27545484586153
7.093578028389681,125.5001538079984,129.06138016808907,34035.15189300637,34039.641848147934,-4.489955141565588
7.3427087028084,125.26323009242408,152.45941267805347,40335.661182206255,40338.349356129096,-2.688173922841088
7.49898166778285,125.5332633999252,85.08443703405864,22589.900700655086,22588.57297788253,1.3277227725557168
7.526307485139132,125.31643392402776,90.52395806752692,23947.7968835219,23948.242210446428,-0.44532692452776246
7.018909927680124,125.43891952954552,112.57953315461916,29750.819779387875,29750.49795459548,0.3218247923941817
7.278667117005956,125.35320001719224,97.53500742968475,25789.346022114176,25788.089196253157,1.2568258610190242
7.0775039143551615,125.57669497144116,263.35371497450814,69703.18966470331,69699.2155593426,3.97410536071402
7.55963482277718,125.50505521182666,19.10587699420732,5057.850326106593,5057.725067173387,0.12525893320525938
7.043387568079465,125.5607442584441,20.953287817923307,5545.218950403666,5545.101733111135,0.11721729253076774
7.188600147503348,125.26052559191729,95.89604120293568,25344.373767406683,25342.49939705723,1.8743703494546935
7.056292406216689,125.56000149898566,162.5512292485594,43099.75089178869,43100.71148776483,-0.9605959761393024
7.19618191541524,125.52562064400873,90.65665668591278,24002.963315025125,24003.167856085558,-0.20454106043325737
7.273953462954003,125.44429375967051,227.32068153255776,60169.985773269116,60169.08629420733,0.8994790617871331
7.160287398679361,125.33266220829276,43.24198674267351,11448.589492821295,11449.15715205545,-0.5676592341551441
7.3480253279198,125.41825273455154,197.47863461585575,52338.39530804373,52336.241591599945,2.153716443783196
7.38046922998576,125.27203086739908,63.70412972015328,16879.88717699965,16878.291925850903,1.5952511487485026
7.328051852918437,125.44881355849977,269.46215496992716,71278.80087254955,71286.59739949618,-7.796526946636732
7.073261006192807,125.31964745824293,21.97482359879272,5804.310351569428,5803.844177514435,0.46617405499364395
7.484952453231133,125.3026417505179,39.90270824959279,10564.014054007017,10564.249353198433,-0.23529919141583377
7.255575091387041,125.38711949685774,68.6218456503959,18178.721647199545,18177.60278653915,1.1188606603936933
7.294890096434981,125.40334527744764,60.62219109103389,16067.540818056832,16067.085649006664,0.45516905016847886
7.134575157160681,125.44786958039218,74.80318717157584,19802.637852517848,19804.259203697227,-1.6213511793794169
7.546251251652101,125.42121019451652,27.1594195595681,7190.547382795948,7190.622479755763,-0.07509695981570985
7.551479924943732,125.45878133480136,75.39725970040838,19924.849769325214,19923.050654866078,1.7991144591360353
7.455621343272893,125.4814343524384,36.67297216167149,9708.043425367896,9708.039012792622,0.00441257527381822
7.469649893641054,125.35839919673194,29.06669669094895,7701.0954235415475,7699.648828790891,1.4465947506569137
7.02644805756086,125.58315956378456,93.6977182187686,24774.707836505073,24775.609408680823,-0.9015721757496067
7.282481545747867,125.37693736697368,34.408133958172385,9109.09121896175,9109.564735310132,-0.4735163483819633
6.971832511404888,125.53497346829164,133.83919514728333,37266.3964683058,37265.85349515716,0.5429731486437959
7.431962274834136,125.45813232514128,46.82475006944004,12411.386725597726,12411.240712730072,0.14601286765355326
7.244489089020171,125.30786544010238,347.3671318125524,91731.22581423454,91737.70586558015,-6.4800513456139015
7.434021417248378,125.4729948280294,46.82475006944004,12411.386725597726,12411.240712730072,0.14601286765355326
7.335333519214097,125.5156738259865,67.85125984769786,17930.920217180526,17929.087772069834,1.8324451106927881
7.310349186967099,125.50688188564573,87.93350956838533,23282.521994610313,23283.246010488965,-0.7240158786516986
7.409812074671103,125.24606267984308,34.022922963141454,9011.366625248613,9010.495736696397,0.870888552215547
6.969002842896321,125.3915269403034,74.9618329982971,20908.454329793112,20906.449306324394,2.0050234687187185
7.1847323275297965,125.24596616764823,26.520992778625683,7040.914389633438,7040.746736495131,0.167653138307287
7.064606559356096,125.43921892301807,499.7350210108542,131786.57569140563,131803.96112323727,-17.385431831644382
7.105751384344724,125.30839441014824,64.61935644368404,17081.01287045525,17083.5797297922,-2.566859336948255
7.068174896156433,125.401250556458,170.3466013005303,45098.06880129795,45101.58202302719,-3.513221729241195
6.985793349669196,125.40525056780156,109.92553461105166,30672.91275358564,30673.18532754772,-0.2725739620800596
7.490586753559027,125.46099253165764,16.810209271145602,4449.633465293603,4449.593943460009,0.039521833594335476
7.13034946821646,125.27958835788972,38.61756338142857,10222.306890560894,10222.794707015157,-0.48781645426242903
7.2053589904835595,125.67155804651478,3086.674337150231,818760.2958857263,818717.6296620473,42.666223679087125
7.154557634687584,125.48175122982684,102.677355956358,27164.313920447148,27166.051132591136,-1.7372121439875627
6.991701166881296,125.4727158561509,82.8325660050715,23049.70465888183,23049.728816451527,-0.02415756969639915
7.099872685682783,125.3606717713491,51.29621093481734,13578.943851476604,13579.363096555562,-0.4192450789578288
7.553523292631103,125.54519727729912,24.42156435715089,6470.972572858882,6470.417652524825,0.5549203340569875
7.165089448979636,125.3610599260024,109.81427272425384,29065.111461712415,29062.98114621532,2.13031549709558
7.146638071000083,125.65596623113932,102.35365757884492,27097.796320187237,27098.620434606917,-0.8241144196799723
7.242025214808373,125.27529429616938,147.36915610097228,39021.62854833731,39021.20491154604,0.42363679126719944
7.5303556100543,125.35944163915738,25.99833176436132,6883.885173125518,6883.901174776136,-0.016001650617909036
7.5732647390913135,125.52939629573676,12.78623504042829,3395.1181675006555,3395.2280707879277,-0.10990328727211818
7.189591272889125,125.2538785598577,26.520992778625683,7040.914389633438,7040.713157516609,0.2012321168294875
7.194587321950438,125.22628856267887,26.520992778625683,7040.90944244232,7040.713157516609,0.1962849257115522
7.506363610459977,125.34158752936403,166.89018722154665,44104.0936836763,44101.3318827504,2.7618009259022074
7.469803177773913,125.29456080497177,40.274048422546194,10660.471309623614,10660.376622864262,0.09468675935204374
7.201357469653869,125.4835123028188,311.565726138216,82554.08522349368,82546.09720537136,7.988018122312496
7.241625499975117,125.51397972676064,13.604560598458598,3601.762954476687,3601.8325686779435,-0.06961420125662698
7.544556538684583,125.39558576682884,20.60223821544115,5461.829356337253,5461.747637588788,0.0817187484644819
7.533012355200845,125.5131223665091,171.54842391278294,45376.889728343165,45382.68471240889,-5.794984065723838
7.413326157215751,125.36112672553784,30.20928597221454,8009.692112228949,8009.38357368216,0.3085385467884407
7.345959506059081,125.41156620792572,197.47863461585575,52338.736014042835,52336.241591599945,2.4944224428909365
7.328982388870071,125.46344541058345,416.6134930799418,110387.56622685041,110366.2697464053,21.296480445103953
6.998552500493936,125.5910142707982,93.6977182187686,26095.29876072872,26100.01968085586,-4.720920127139834
7.538602519983495,125.37233089092668,25.99833176436132,6883.885173125518,6883.901174776136,-0.016001650617909036
7.225958577078757,125.53792968434828,44.194675239022715,11692.553613091834,11692.758983097514,-0.2053700056803791
7.481679543698929,125.41098760501647,228.46982380909847,60392.71714587471,60392.44148820205,0.27565767266059993
7.401065732646151,125.35848983300323,30.20928597221454,8009.692112228949,8009.38357368216,0.3085385467884407
7.438129320076607,125.37100999702852,206.4786654020648,54595.289769814844,54592.603147127425,2.6866226874190033
6.992083497275679,125.41774746647366,79.05302884012234,22021.350237671773,22021.52962063554,-0.17938296376814833
7.412193771470111,125.4616493751916,100.2659098210938,26595.838095446194,26593.63835261455,2.199742831642652
7.572815990083511,125.45591685947949,57.6251297210752,15253.195473409005,15253.111201986749,0.08427142225627904
7.198465108957645,125.49222292391818,66.49436147047601,17563.447834993043,17564.049324978438,-0.6014899853944371
7.414022034889086,125.37449721972352,48.722733038741154,12887.822072568995,12887.461439037934,0.3606335310614668
7.121128215659505,125.55054992830196,10.357499693799664,2742.307195381461,2742.546156295445,-0.23896091398410135
7.206299901479285,125.24817994516458,17.580052938865563,4654.723607722401,4655.086516539042,-0.3629088166417205
7.411085262682,125.36968889535076,48.722733038741154,12887.822072568995,12887.461439037934,0.3606335310614668
7.100706750744578,125.61076175239644,324.25771095957913,85760.1172839073,85772.41723064925,-12.299946741957683
6.982588244912296,125.47093298881934,82.8325660050715,23050.423680135442,23050.30227267837,0.1214074570707453
7.451038079160022,125.32034970689288,23.0039130926284,6084.578934514915,6085.446705442707,-0.8677709277917529
7.314153207718262,125.2858816905554,15.134142288459191,4010.2977170200525,4010.3219222070343,-0.02420518698181695
7.600263632063232,125.42032407006724,13.512882178045585,3576.1295798452206,3575.8176008046166,0.31197904060400106
7.563702295897831,125.53128557896808,7.887337573353654,2083.223144438698,2083.4442955402615,-0.22115110156346418
7.249089899495521,125.28730245512278,359.0068693872487,94880.05097613414,94874.04136619982,6.009609934320906
7.195164304762219,125.587656956869,53.57796780659214,14179.445218212057,14177.954734597235,1.4904836148216418
7.288603397449823,125.52094469277569,31.719489310386933,8391.705814764544,8391.873451002975,-0.1676362384314416
7.217063886926647,125.6661875791172,87.59502868576436,23140.325715549905,23141.965869047905,-1.6401534979995631
7.299581184595437,125.44204264985768,219.19005971782815,58115.55120523243,58116.97358989009,-1.4223846576642245
7.508833085889746,125.43422154783364,37.28312676679267,9871.753716146957,9872.38569521518,-0.6319790682227904
7.3935228600389635,125.45609167069806,38.37723378154609,10160.483756882337,10160.443590203233,0.04016667910400429
7.195661513368368,125.3969854887304,513.6116033893229,135595.20327392762,135604.80881222308,-9.605538295465522
7.231496660512629,125.23280372260928,17.580052938865563,4654.723607722401,4654.8886705664845,-0.16506284408387728
7.1022304705532,125.41343975217318,194.79606697280204,51430.94925774716,51429.42337084064,1.5258869065219187
7.335657600464042,125.33620893556554,9.831483517944504,2605.0954558158724,2604.8629611944875,0.23249462138483068
7.49552830514266,125.3699960464934,166.89018722154665,44104.0936836763,44101.3318827504,2.7618009259022074
7.331438788269487,125.27101266457292,69.58041270400645,18408.042277924724,18408.126955058968,-0.08467713424397516
7.299346517869817,125.29434993524326,92.4217315423895,24455.103398515992,24451.575106927266,3.5282915887255513
7.373436193093435,125.4825944334915,12.617740784450389,3343.4346698392305,3343.0605883668854,0.3740814723450967
7.287156456707407,125.42258613053195,27.142462515650845,7215.292850738157,7214.824323511112,0.46852722704443295
7.256977201847729,125.30437740895889,347.3671318125524,91726.42726925304,91724.72408013076,1.7031891222723061
7.388918007325161,125.39649836988256,69.9467236541887,18542.365824963632,18542.22990249859,0.135922465040494
7.462457800812831,125.42613364216103,228.46982380909847,60392.71714587471,60392.44148820205,0.27565767266059993
7.109362952356467,125.42189893285698,113.87990838826556,30113.561081904303,30111.930389750978,1.6306921533250716
7.495936877351772,125.47653845736934,99.38240101259254,26307.589392527167,26307.229474846234,0.3599176809329947
7.5171156376602655,125.31165189301616,90.52395806752692,23947.7968835219,23948.242210446428,-0.44532692452776246
7.215538514494755,125.2448244202025,378.3686503948254,100037.71942785107,100026.89175719068,10.827670660393778
7.211611103263774,125.62842677816369,3379.2357130362007,894792.8733386322,894829.2362084494,-36.36286981718149
7.0549698386746424,125.50536766033058,449.1933310261299,118753.49089298095,118757.05798949617,-3.567096515223966
7.24083281136471,125.53170065459838,35.340118680370495,9355.940444391978,9356.361752567309,-0.4213081753314327
7.112711109617803,125.37796610712832,105.91015786574744,28042.007063732042,28044.480658287193,-2.4735945551510667
7.21388286849125,125.61246313720883,1904.1937896041136,504545.1511546849,504496.3308473671,48.82030731777195
7.242355465524843,125.26165182331216,31.59146477856737,8360.577618337898,8359.82356118856,0.7540571493391326
7.2536168007708595,125.46108037761196,95.12410277889737,25214.7746267337,25213.335584718672,1.4390420150266436
7.374942152696656,125.47727280056203,31.255447135955343,8273.218381867311,8272.863834348755,0.354547518556501
7.483572665262701,125.35563620096504,29.06669669094895,7700.698477525446,7699.648828790891,1.049648734555376
7.129789773893455,125.62853854241432,59.6794136078708,15814.168851700822,15814.12278893856,0.04606276226331829
7.546681959976275,125.42117697245286,27.1594195595681,7190.547382795948,7190.622479755763,-0.07509695981570985
7.323507852617772,125.38442986443528,214.43343652442985,56644.333206665455,56647.62405482369,-3.2908481582344393
7.568162109329497,125.38614482139224,20.60223821544115,5461.829356337253,5461.747637588788,0.0817187484644819
7.138881505427524,125.3397517371594,30.773929962237844,8157.83322890291,8157.875158407123,-0.041929504212930624
7.2014079499464305,125.5665302084462,504.2121978832286,133441.75591216068,133431.47115173572,10.284760424954584
7.233975848920578,125.54566486089163,44.194675239022715,11692.140108431446,11692.373675530944,-0.2335670994980319
7.523712363140679,125.31374407922492,90.52395806752692,23947.7968835219,23948.242210446428,-0.44532692452776246
7.415257424158993,125.3142588066454,39.6753362739553,10492.737045980564,10492.647527984225,0.08951799633905466
7.147613669219878,125.5836842957756,7.328938532931394,1939.8480469268657,1939.7674146577551,0.08063226911053789
7.101060036862296,125.4597504197424,192.60275471320963,51001.95605586193,51003.172508279466,-1.216452417538676
7.583145852512641,125.39932767314684,20.60223821544115,5461.829356337253,5461.747637588788,0.0817187484644819
7.111486163577569,125.47686495191442,55.38834302904074,14673.613778548717,14672.830907659858,0.7828708888591791
7.224117681146723,125.30240924158144,123.28427531924706,32733.222693535386,32733.16296369766,0.05972983772517182
7.433869729390632,125.52206299265674,16.170153829807926,4280.067279896333,4279.925930191553,0.14134970478062314
7.525243818483098,125.33424137743891,19.09001216948704,5051.08972245467,5051.030024256809,0.05969819786059816
7.132335855096659,125.39962572187568,313.75210523401756,82861.2553153965,82865.24196521172,-3.9866498152259737
7.478586773338222,125.31117214688376,40.82090922287595,10804.483218131076,10803.379454687105,1.10376344397082
7.270218119151265,125.3874502801487,125.78261062602778,33362.32143344575,33359.396453526686,2.924979919065663
7.40188368820152,125.32445702214882,24.7779423895623,6560.043317920204,6560.221974204907,-0.1786562847037203
7.176695012743682,125.59217759674232,313.2680062430233,83418.43487259469,83416.79192504293,1.6429475517652463
7.338676511745299,125.28135193139369,152.45941267805347,40335.661182206255,40338.349356129096,-2.688173922841088
7.119049434262149,125.55398851441488,10.357499693799664,2742.307195381461,2742.546156295445,-0.23896091398410135
7.163028407414933,125.48332592783972,102.677355956358,27164.313920447148,27166.051132591136,-1.7372121439875627
7.384498608031118,125.4833346320143,26.670044781796925,7055.671666383555,7055.927594380148,-0.255927996592618
7.331694920232596,125.52847806863264,56.02371982982882,14846.135612194872,14845.962924106994,0.17268808787775924
7.120596186843971,125.36989218924025,32.49785229895129,8609.409619224556,8608.950287510987,0.45933171356955427
7.051430567785047,125.59661001474944,727.0428981306485,192749.79171429746,192759.00510756788,-9.213393270416418
7.076855980629455,125.6033608992287,17.614807723680993,4660.299891413702,4660.648495757422,-0.3486043437196713
7.406486673919798,125.26081302595072,186.3307598138087,49184.56306682317,49188.05120380349,-3.4881369803188136
7.175474442376323,125.50709006651986,239.82670457849136,63380.302787426524,63374.74239123563,5.560396190892789
7.423105419279326,125.34264171029052,86.22709466323295,22861.685542833427,22861.181938827594,0.50360400583304
7.168757482347739,125.57315079373404,172.17919443889522,45548.41401947355,45548.4438590919,-0.029839618349797092
7.130835640802627,125.63783272530368,43.347591853384294,11442.153951735947,11440.031033867714,2.122917868233344
7.1359263325216995,125.26894340369942,38.61756338142857,10222.1197457372,10222.739799942576,-0.620054205375709
7.142224414837229,125.46083991135336,113.45791321400164,30079.365600800942,30080.593636126687,-1.2280353257447132
7.4129879055117,125.32070486181588,442.48778437671024,117369.33335356507,117355.36293430474,13.97041926033853
7.501705422611785,125.47993429693496,99.38240101259254,26307.589392527167,26307.229474846234,0.3599176809329947
7.270249418647022,125.4963560045718,315.03239565895984,83635.83159664785,83633.68078936751,2.150807280340814
7.470723257025068,125.3428912732478,36.708438962483136,9718.665496890606,9718.627076818524,0.0384200720818626
7.113557472782112,125.31201190819787,45.49366738038527,12047.953383092356,12048.336817752765,-0.383434660408966
6.981491865746625,125.51152769621096,32.85513668129037,9146.596061958,9146.309566089887,0.2864958681129792
7.280974216805746,125.27862515914764,245.10145098971097,64782.16625933761,64775.11020722804,7.056052109568554
7.407162202765482,125.49996602217792,98.29889052936934,26067.422064615817,26066.854906453864,0.5671581619535573
7.0104510903464945,125.34291705851714,117.77483059241216,31151.59340003999,31153.783367554923,-2.189967514932505
7.036564565357943,125.4775108136309,122.9159457686336,32539.52207641873,32541.57625977771,-2.0541833589813905
7.461083064984695,125.52847964874512,34.71188914905268,9183.175159974975,9183.498433609886,-0.3232736349109473
7.416427261977876,125.37557898943652,48.722733038741154,12887.822072568995,12887.461439037934,0.3606335310614668
7.189873394934635,125.24627290349,26.520992778625683,7040.914389633438,7040.713157516609,0.2012321168294875
7.098693181301525,125.36053018428642,51.29621093481734,13578.943851476604,13579.363096555562,-0.4192450789578288
7.547834606775323,125.4744163526847,44.14990640203688,11719.844236124989,11718.239061033983,1.6051750910064584
7.382260383541926,125.40149548643286,29.39143371892187,7764.366846342717,7763.5543849863,0.8124613564168612
7.004306667308975,125.4977179303512,161.20656287632315,42718.83729812843,42717.59865138536,1.238646743069694
7.361309826470763,125.38975622710464,29.39143371892187,7764.366846342717,7763.5543849863,0.8124613564168612
7.494636414764233,125.51437482707924,10.59549072097224,2802.419717837548,2802.927216811271,-0.507498973723159
7.191472033692029,125.46172145663375,291.5514754450647,77256.32507517595,77255.8781140065,0.4469611694512423
7.52353957769549,125.4146748876336,50.65071576658682,13403.80187989918,13402.037593943529,1.7642859556508483
7.234340385312943,125.66351034466092,1199.780506464696,317922.0159486414,317921.086222126,0.9297265154309571
7.212325114479815,125.53011022619025,298.0492493960961,78659.21786821615,78655.20271058491,4.015157631234615
7.082080605687787,125.62311733987605,649.6991155374567,171938.35867214258,171925.23397769794,13.124694444646593
7.242271556393693,125.30631043620389,347.3671318125524,91735.60848332073,91737.80550646769,-2.1970231469604187
7.3182226057011714,125.35958017838568,18.515486281324545,4902.375820716773,4902.227087819181,0.14873289759179897
7.154763343668088,125.51631685280452,721.0095413973379,191273.4192152246,191289.3197541771,-15.9005389524973
7.104864794034663,125.32057325899672,64.61935644368404,17081.01287045525,17083.5797297922,-2.566859336948255
7.360803897990178,125.32061998288884,218.5527506353673,57865.17161755183,57864.850405311394,0.32121224043658003
7.1918180564334175,125.29801720891848,95.89604120293568,25344.373767406683,25342.49939705723,1.8743703494546935
7.289882354217434,125.5475042916671,18.853518839229725,4991.999631524583,4992.12506801523,-0.1254364906471892
7.119194934620073,125.504049439098,83.68762256128107,22130.322852665027,22128.82256889382,1.5002837712090695
7.225059161802093,125.66492439168572,1146.9283070701988,303554.69946304045,303524.40144734795,30.298015692504123
7.543645791243295,125.35522069271272,37.6958936029642,9987.958662142702,9985.902687036203,2.055975106499318
7.355019293744686,125.53187057217588,71.33894570411206,18887.524447718053,18887.739420278547,-0.21497256049406133
7.122731507387419,125.39024550835926,211.02446365608904,55759.588160906955,55761.32468927695,-1.7365283699982683
7.124736899625772,125.28565348534588,38.61756338142857,10222.345975062017,10222.794707015157,-0.44873195313994074
7.417513574257466,125.54904876197875,49.08565241981863,12994.32018608758,12994.091940805545,0.22824528203454975
7.485056520174128,125.2946971565723,39.90270824959279,10564.014054007017,10564.249353198433,-0.23529919141583377
7.507353837333729,125.46232709898644,99.38240101259254,26307.589392527167,26307.229474846234,0.3599176809329947
7.053662803228922,125.5230942157416,28.016842242462587,7417.004040245733,7417.804029652007,-0.7999894062731983
6.965374528523696,125.4693589222114,367.4166930125826,102582.62838901495,102592.75289441619,-10.12450540123973
7.244636833598534,125.65071899136416,1199.780506464696,317921.1449533418,317921.086222126,0.058731215831357986
7.538356540630727,125.40864085680528,27.1594195595681,7190.547382795948,7190.622479755763,-0.07509695981570985
7.0874184727052905,125.58607888979196,529.1590770514292,139785.97651705597,139802.20390548004,-16.22738842407125
7.513085501720444,125.53707030084792,48.975341103458824,12971.62306659662,12971.298935296487,0.3241313001326489
7.569499740946412,125.48673365841364,19.796082194648275,5243.196078652873,5242.715754064066,0.4803245888078891
7.176488317140106,125.24421177369491,26.520992778625683,7040.914389633438,7040.746736495131,0.167653138307287
7.267448333642956,125.28249460297982,245.10145098971097,64782.16625933761,64775.535212561546,6.631046776063158
7.5393614919303396,125.48584395399138,41.75740046463561,11058.786230969632,11057.785245939938,1.0009850296937657
7.48584353635124,125.4792112024453,62.94705107650544,16646.25961188671,16645.98870188228,0.2709100044303341
7.1909836221239525,125.5422231549085,2863.8242348812805,755541.5314414471,755562.7084348061,-21.176993358996697
7.36257857860747,125.37635111511366,97.92496444560784,25924.46635440151,25923.15167015284,1.3146842486676178
7.127458127481979,125.31125244384528,38.61756338142857,10222.306890560894,10222.794707015157,-0.48781645426242903
7.224605313243967,125.67197129561504,28.543796151979283,7553.275807444018,7553.427190453257,-0.15138300923899806
7.272627569547134,125.33508873819596,97.53500742968475,25789.346022114176,25788.089196253157,1.2568258610190242
7.430100309056093,125.40320584478414,75.94976107917395,20167.21858238561,20168.317700313455,-1.0991179278462369
7.193200046735193,125.5011077096082,724.4296502607463,192951.247093854,192941.5457991412,9.701294712809613
7.163640718141883,125.48839045008958,35.92294575409541,9529.838744370094,9530.630958849175,-0.7922144790809398
7.275862654101861,125.423554514082,27.142462515650845,7215.292850738157,7214.824323511112,0.46852722704443295
7.222942757994098,125.29928616776206,123.28427531924706,32733.222693535386,32733.16296369766,0.05972983772517182
7.405841493271929,125.4811881194836,88.22026110124524,23327.846222668508,23326.467614896603,1.3786077719050809
7.444266639889431,125.40618454968865,228.46982380909847,60392.71714587471,60392.44148820205,0.27565767266059993
7.154090868665714,125.49438860157014,163.44672025562576,43311.66507456127,43311.84814134214,-0.1830667808681028
7.1075883189850755,125.52756691321038,112.98778883892236,29910.048079794415,29910.56135788181,-0.5132780873937008
7.4472547778341935,125.4785481372824,40.587195528924525,10739.100864853852,10738.973940763506,0.12692409034571028
7.224451334025871,125.27874001082058,147.36915610097228,39021.62854833731,39021.20491154604,0.42363679126719944
7.302834715501362,125.4210894928792,27.142462515650845,7215.292850738157,7214.824323511112,0.46852722704443295
7.2479549785694495,125.32650394491868,347.3671318125524,91726.42726925304,91724.72408013076,1.7031891222723061
7.355875591817188,125.31854509103792,218.5527506353673,57865.19897235058,57864.850405311394,0.34856703918921994
7.487999372772349,125.27798397064258,129.73503302808535,34344.73814527298,34343.86122734335,0.8769179296359653
7.022495229734046,125.43950996656729,169.56543518775092,44886.98841260408,44887.15707432956,-0.16866172548179748
6.998496179457688,125.38024446132822,64.36054177089046,17936.27079638586,17936.27079638586,0.0
7.514182041117514,125.23898393405518,354.41925909923594,94378.85842446281,94378.42764139167,0.4307830711477436
7.561332981741248,125.43442983753566,46.537748858021395,12344.24458314586,12342.836363367764,1.408219778097191
7.07292831618297,125.3130568916716,21.97482359879272,5804.310351569428,5803.844177514435,0.46617405499364395
6.973181464469854,125.5529213551646,133.83919514728333,37266.77498450544,37266.178488953774,0.5964955516683403
7.501792421179861,125.34226938965652,166.89018722154665,44104.0936836763,44101.3318827504,2.7618009259022074
7.3473860660473695,125.50576509711016,7.797856323858228,2063.707921188305,2063.5125580815093,0.19536310679586677
7.125214053609103,125.359514414152,54.959519402622256,14521.243072504021,14521.351591098119,-0.10851859409740428
7.172756659786163,125.4968982225003,1577.257650579072,421689.241435554,421704.4126905664,-15.171255012392066
7.427421081074248,125.40806113162792,75.94976107917395,20167.21858238561,20168.317700313455,-1.0991179278462369
7.332153235214101,125.398053366803,136.6832622954209,36183.888956488365,36182.91702517405,0.9719313143141335
7.083122230862497,125.55834936379136,45.5439336407906,12088.71729872007,12088.240852035638,0.4764466844317212
7.187573940411931,125.67045258298148,3833.668787932462,1018775.6321410256,1018736.8364235429,38.795717482687905
7.409953666691361,125.4187252399935,73.35406427475853,19367.10863445175,19368.473165020005,-1.3645305682548496
7.242104636194251,125.50956688995458,27.849776329993443,7355.489335140849,7356.0890427799395,-0.5997076390904112
7.542672794194371,125.52920994190916,21.014203282934727,5563.580771166202,5563.638876339473,-0.0581051732715423
7.228647531071161,125.34152539292909,201.10272402579864,53303.55011805845,53300.16415348427,3.385964574175887
6.984915362331438,125.48320508950324,330.35538115122387,92226.01819821548,92226.01819821548,0.0
7.166326462124278,125.5867862772102,23.686192339680368,6270.273617629118,6270.699847117963,-0.4262294888449105
7.124641718393206,125.35312585725906,72.65274746076355,19221.179311987773,19222.45226666155,-1.27295467377553
7.175778828136862,125.3535014758057,27.684261208840432,7330.512815370891,7330.866727763908,-0.3539123930167989
7.335284571130727,125.50766740963226,38.64999470044047,10232.387852154265,10232.657547723302,-0.26969556903713965
7.090299669200813,125.34023207073568,13.16774281315348,3486.0676221988333,3486.2069531681036,-0.1393309692703042
7.016441324398166,125.61391547121788,22.98765503856812,6086.675377421287,6086.733627645272,-0.05825022398494184
7.294357871067629,125.46354316541478,364.5650717092,96177.20542129071,96182.55771590563,-5.3522946149169
7.531514110586456,125.49294949047518,31.01548990284636,8209.702458284968,8209.659895987923,0.042562297045151354
7.095701601140818,125.63549513002144,285.4158504644832,75667.95008993032,75671.56699958269,-3.616909652366303
7.180169565736561,125.333264194424,320.7440734088234,84710.66583588698,84711.3163555926,-0.6505197056249017
7.31542664812849,125.40536335310703,55.26810042691003,14653.54988544967,14653.12742768939,0.42245776027994
7.100641638832158,125.3291057167674,109.35345841406912,28957.273733767353,28957.910348554367,-0.6366147870139685
7.392745363580127,125.40050763888964,69.9467236541887,18542.365824963632,18542.22990249859,0.135922465040494
7.211404837157611,125.31467102790594,58.06564877872646,15374.21685292698,15375.415514612423,-1.1986616854428576
7.306755302547308,125.5016503019731,87.93350956838533,23282.521994610313,23283.246010488965,-0.7240158786516986
7.327555873011747,125.5175859025256,50.45691218892606,13355.746055483907,13355.198214508542,0.547840975365034
7.210791016022739,125.47633775945798,55.94262887657108,14835.710533180467,14835.295407093223,0.41512608724406164
7.446855003118111,125.33972989717196,50.8395273486621,13511.605503730458,13510.772260591051,0.833243139406477
6.97825628732442,125.46198190448054,382.79175439489904,107046.84482737452,107046.84482737452,0.0
7.559416044312432,125.40899877991752,27.1594195595681,7190.547382795948,7190.622479755763,-0.07509695981570985
7.224639374190228,125.39691282906196,58.23637211843828,15417.040316449815,15418.090236797732,-1.0499203479175776
7.476965066264378,125.5168453521239,49.81974892809741,13174.707815606294,13174.182117607475,0.5256979988189414
7.508391907478187,125.53818765635786,65.44971543620501,17358.21124389709,17356.772163143058,1.439080754033057
7.094449716245943,125.5172199766241,266.2615919188245,70920.49254320544,70916.71391872117,3.778624484271859
7.087882620810744,125.43242876632972,33.947126304981694,8961.071076017844,8959.674623341918,1.3964526759264118
7.341483545659584,125.34187939088623,46.409893411108925,12302.923947958465,12302.83376293213,0.09018502633443859
7.1969596857292615,125.36159290454567,59.83538990902835,15835.710700854097,15835.264958183769,0.4457426703284
7.1738507964348806,125.4083594981238,80.79547142202466,21386.54035660254,21386.567381412264,-0.027024809722206555
7.588467458716083,125.42316630686616,20.892235251408863,5530.1088468964845,5530.051636562465,0.0572103340191461
7.350595840247386,125.53786925774392,52.389187966691075,13868.609122380738,13868.513301343228,0.09582103751017712
6.997082002697155,125.331307676372,41.97783797054488,11713.22537762056,11714.062512070552,-0.837134449991936
7.483650924541722,125.41634598301223,228.46982380909847,60392.71714587471,60392.44148820205,0.27565767266059993
7.4652351666836125,125.366547196877,29.06669669094895,7701.0954235415475,7699.648828790891,1.4465947506569137
7.554399660853519,125.37488434257382,25.99833176436132,6883.885173125518,6883.901174776136,-0.016001650617909036
7.045562695176796,125.34610965611,37.64164548447054,9963.18830310044,9963.075448016873,0.11285508356741047
7.061992718889002,125.55240095675649,426.0816137214789,112708.17047869794,112706.76533408921,1.4051446087250952
7.091855201254546,125.32831342721764,109.35345841406912,28957.31913867797,28958.36448860438,-1.0453499264112907
7.027810262532132,125.6462300337665,59.02467470723451,15629.536937096109,15630.058990464595,-0.5220533684860129
7.1984237521683125,125.53816885528512,272.637547772646,72175.9256782085,72180.84095192148,-4.9152737129770685
7.00370200341407,125.29177913329892,41.97783797054488,11120.870348392886,11120.614629057436,0.2557193354496121
6.990184420572638,125.40524584692392,109.92553461105166,30672.69456018508,30672.963077092147,-0.2685169070682605
7.0461059497210945,125.4068706353156,378.0849917187743,99714.99521637011,99735.15940833477,-20.164191964664496
7.086447553664334,125.54747002992812,429.9900913433138,113782.97729408197,113781.60327648002,1.3740176019491628
7.118281110839722,125.58537433375432,117.76780061876806,31145.89444182057,31146.926510568126,-1.032068747557787
7.010445037928896,125.39346830292332,64.36054177089046,17027.79888301336,17027.387870492996,0.4110125203660573
7.183112626621061,125.56828329729734,107.9645271234512,28484.405244739337,28484.868942605084,-0.4636978657472355
7.058171979717021,125.45140659616894,97.71011264804572,25823.354756359902,25822.00666187279,1.3480944871116662
7.197511877827619,125.34560196587896,188.6230809860482,49853.050486456654,49848.92938515216,4.121101304495824
7.44179587092437,125.42021592566611,228.46982380909847,60392.71714587471,60392.44148820205,0.27565767266059993
7.16501216377669,125.66155873081613,2374.583999959631,626727.3827933724,626683.6996411049,43.683152267476544
7.341548025954529,125.4442042763395,66.98530784666394,17735.632596865402,17736.176249211007,-0.5436523456046416
7.283717972011572,125.40624082278076,59.63214684245762,15785.893186286043,15784.633768432213,1.2594178538292908
7.550539717503666,125.4099612256058,27.1594195595681,7190.547382795948,7190.622479755763,-0.07509695981570985
7.118471186722721,125.38514505719844,211.02446365608904,55759.588160906955,55761.32468927695,-1.7365283699982683
7.225826680275262,125.5476301709341,44.194675239022715,11692.553613091834,11692.758983097514,-0.2053700056803791
7.136609988533352,125.54067411611042,474.2500550706811,125582.51615698641,125584.52375664146,-2.0075996550440323
7.17998903510651,125.21874705155416,26.520992778625683,7040.914389633438,7040.746736495131,0.167653138307287
7.211569916764226,125.55561219901878,51.58059337527118,13678.236147010832,13678.471600354627,-0.2354533437955979
7.257621274033745,125.32270854339562,347.3671318125524,91726.42726925304,91724.72408013076,1.7031891222723061
7.033791558080819,125.57842025741036,73.39152192348816,19428.291403358893,19428.485522186078,-0.19411882718486595
7.389705900561871,125.5493580355418,55.23697476356078,14642.964557862007,14642.986066506657,-0.02150864464965707
7.161583234193776,125.6466949089235,308.79479460690334,81729.60461454111,81723.49424057026,6.110373970848741
7.3116959515102655,125.31577723497534,242.0378400884071,63827.37698581551,63831.94983519228,-4.572849376774684
7.234619928816465,125.36426849704682,2007.8968449563536,531483.9686768261,531454.6561570587,29.31251976743806
7.095342619388067,125.63337564783636,124.5300379327683,32956.95830166034,32959.108819563735,-2.1505179033920285
7.3718419271784095,125.30956639738405,33.45791203407133,8856.203901199371,8856.157987186889,0.04591401248217153
7.401133656053402,125.31960583519228,24.7779423895623,6560.043317920204,6560.221974204907,-0.1786562847037203
7.027355244603385,125.61472358766838,22.98765503856812,6086.675377421287,6086.733627645272,-0.05825022398494184
7.432693807130359,125.409561858255,75.94976107917395,20167.21858238561,20168.317700313455,-1.0991179278462369
7.32421458163358,125.2961044811918,80.20288985798338,21256.78611563596,21256.671679737312,0.11443589864938986
7.186678057003069,125.53980768812116,2863.8242348812805,755541.5314414471,755562.7084348061,-21.176993358996697
7.047718457036516,125.51830033002308,359.6357449187794,95056.99539492592,95047.77611186837,9.219283057551365
7.085874580556333,125.60491489244149,14.990769740595074,3969.604082965428,3969.654106497731,-0.05002353230293011
7.473354869477745,125.46960333057577,62.94705107650544,16646.25961188671,16645.98870188228,0.2709100044303341
7.0312504537291485,125.54116505853632,348.07303945520357,92181.61857207248,92183.85261973678,-2.2340476643003058
7.060586459634997,125.64709580872892,18.309081441588575,4844.8774747051375,4845.1711342007775,-0.29365949563998583
7.198434375739653,125.45001554707038,25.426852328668467,6725.0490598745,6725.1034696238075,-0.05440974930752418
7.447911788078399,125.2749671534467,87.86633358265026,23280.60487582513,23275.6994737392,4.905402085929381
7.032243068669064,125.37793558591436,22.1380307270586,5862.076676904105,5862.291527297735,-0.21485039363051328
7.312670953950156,125.41995234986732,294.0166291258601,77904.15830794645,77894.0254691225,10.132838823948987
7.219466377898645,125.31637179576236,58.06564877872646,15374.21685292698,15375.415514612423,-1.1986616854428576
7.330661283376347,125.52246384743896,71.59238584417426,18934.57664246731,18933.50728183612,1.0693606311906478
7.2309626015540385,125.41381678505338,37.42410011916514,9882.796224883376,9883.336191311213,-0.5399664278374985
7.324103962848454,125.45580683974582,269.46215496992716,71278.80087254955,71287.19874861409,-8.397876064540469
7.159292717709865,125.26954391453891,28.83854245371696,7634.023701106033,7633.777306571237,0.24639453479539952
7.206853596530379,125.30003181760311,58.06564877872646,15374.21685292698,15375.415514612423,-1.1986616854428576
7.323833421928066,125.42352450746954,204.05554439205065,54102.42212152466,54100.862363769455,1.5597577552034636
7.2387486409840704,125.5384828217666,58.070515946812485,15383.207291899544,15381.949798211168,1.257493688375689
7.411828861648627,125.43231479662322,73.35406427475853,19367.10863445175,19368.473165020005,-1.3645305682548496
7.447784087818497,125.48009183232637,36.67297216167149,9708.043425367896,9708.039012792622,0.00441257527381822
7.066283825057903,125.45921032771984,268.90605065084947,71190.99225198083,71196.57999617262,-5.587744191783713
7.498157158316039,125.4997234738216,57.04972193593237,15132.612576952633,15131.393750344021,1.2188266086122894
7.419087794040255,125.30822189713616,67.33108012142216,17840.842516881443,17839.2457594896,1.5967573918424023
7.281107268600807,125.54648042463408,26.02076679806681,6893.199690215688,6892.515663441257,0.684026774431004
7.147434793429983,125.52308742487432,30.86182501671059,8153.001068191706,8153.599439175991,-0.5983709842857934
7.493880306998608,125.26018563076666,680.607454662747,180065.9677689562,180064.07411709457,1.8936518616392277
7.016965417866254,125.3777378417858,117.77483059241216,31151.59340003999,31153.783367554923,-2.189967514932505
7.503702327610711,125.35194714304016,166.89018722154665,44104.0936836763,44101.3318827504,2.7618009259022074
7.314437331229162,125.38194273887687,214.43343652442985,56644.333206665455,56647.62405482369,-3.2908481582344393
7.108207192325084,125.59649632718944,88.92101846953243,23543.74814890971,23545.72170822773,-1.9735593180193973
7.474975027297475,125.41924561779334,228.46982380909847,60392.71714587471,60392.44148820205,0.27565767266059993
7.156146555812551,125.58407375114771,140.28107430868528,37106.808426013784,37108.33997719827,-1.5315511844892171
7.224328770982075,125.37178091584784,570.6055490825535,150975.2506696931,150980.85792727311,-5.607257580006262
7.3979579764121,125.4257041502091,73.35406427475853,19367.10863445175,19368.473165020005,-1.3645305682548496
7.470845198241041,125.2705476187894,485.9863886478462,128578.94405891994,128575.09250967586,3.851549244078342
7.007487673983893,125.31248414017438,41.97783797054488,11120.870348392886,11120.614629057436,0.2557193354496121
7.314410572900436,125.53207961046394,69.6346424346716,18434.369687490464,18434.006155126237,0.36353236422655755
7.504254596642231,125.53336071795948,85.08443703405864,22589.900700655086,22588.57297788253,1.3277227725557168
7.283390298092549,125.53089029461908,57.93482121477092,15321.748183786298,15320.587646763393,1.1605370229044638
7.283037577555073,125.40450346572368,59.63214684245762,15785.893186286043,15784.633768432213,1.2594178538292908
7.190600424913883,125.46817411405098,216.78228807304657,57371.7981291214,57367.869596690914,3.928532430487394
7.477093118198797,125.43251076443116,228.46982380909847,60392.71714587471,60392.44148820205,0.27565767266059993
6.972812923118038,125.41735291124904,275.7084437077741,76924.5634541314,76925.17983556463,-0.6163814332248876
7.1067455765667,125.35332884596912,348.51606422543887,92288.1756886638,92291.5123296008,-3.3366409369918983
7.482830864476844,125.35202970918496,29.06669669094895,7700.698477525446,7699.648828790891,1.049648734555376
7.53278756314936,125.41144829187944,27.1594195595681,7190.547382795948,7190.622479755763,-0.07509695981570985
7.298376896130245,125.50780608503018,54.133861822500336,14304.396929339806,14302.35868560173,2.0382437380758347
7.345140787590604,125.29525716372753,43.98844146969564,11639.212519966044,11639.205935494048,0.006584471995665808
7.137681203139534,125.54424064354023,474.2500550706811,125582.51615698641,125584.52375664146,-2.0075996550440323
7.112278009332191,125.49063636886726,74.22976234856593,19656.01518159843,19656.797640043496,-0.7824584450645489
7.299719290933833,125.35573811410488,18.515486281324545,4902.375820716773,4902.227087819181,0.14873289759179897
7.321423892509563,125.40656924864524,136.6832622954209,36184.45464128096,36183.40641747972,1.0482238012409653
7.024853170002195,125.48160631649772,155.70995792561104,41251.05860048072,41250.110051225005,0.9485492557141697
7.193751767693905,125.5137460696976,104.19782367724775,27586.714069697333,27587.47444823178,-0.7603785344472271
7.226052982149938,125.6816726830235,61.67460371866925,16326.961312770045,16326.674529634316,0.28678313572891057
7.497962980819705,125.28290801781532,90.52395806752692,23947.7968835219,23948.242210446428,-0.44532692452776246
7.128164549382121,125.576724037332,339.8938132246199,90381.02456093152,90379.64520718552,1.379353746000561
6.980906811423045,125.52552249973115,133.83919514728333,37266.178488953774,37265.69099825884,0.4874906949335127
7.106050961067728,125.57213112264556,59.132961086442535,15643.424757691284,15645.834974459338,-2.4102167680539424
7.283798232115658,125.3815697460341,34.408133958172385,9109.09121896175,9109.564735310132,-0.4735163483819633
7.378211430636907,125.50946038638158,119.17711638328628,31540.304013049412,31537.349362232802,2.954650816609501
7.05078763994606,125.59732925223,727.0428981306485,192749.79171429746,192759.00510756788,-9.213393270416418
7.434967563002643,125.54260604862492,70.3073260113274,18622.226676660783,18621.575773889246,0.6509027715364937
7.52432140130295,125.36145672094491,25.99833176436132,6883.885173125518,6883.901174776136,-0.016001650617909036
7.114599216582699,125.36373251625184,148.95462281326053,39318.618392231394,39312.275566738215,6.34282549317868
7.116669908628972,125.6334538137368,91.51257589865378,24224.628507500223,24224.968380173003,-0.33987267277916544
7.195206594003486,125.4168680781882,29.110832782037367,7708.42711816038,7708.733919233894,-0.30680107351417973
7.251923688390771,125.64830470544732,1410.251245904021,373855.8079902071,373873.76966380875,-17.961673601646908
7.569218830108241,125.51873616429494,7.887337573353654,2083.223144438698,2083.4442955402615,-0.22115110156346418
7.216177642093537,125.60247663704924,162.01320027571774,42854.69347818013,42858.912389650555,-4.218911470423336
7.058074198555987,125.51577510209408,13.649618792076716,3613.9795036276246,3614.384345864063,-0.404842236438526
7.191098098202021,125.49771253609408,14.317083174810376,3783.502643551451,3783.1543905173216,0.3482530341293568
7.191310814628825,125.62449701791036,94.62926230281192,25053.811597202537,25054.385605259162,-0.5740080566247343
7.240672965431544,125.28481242145996,147.36915610097228,39021.62854833731,39021.20491154604,0.42363679126719944
7.37025649351577,125.45076389678276,181.765845776919,48260.52336747462,48260.38915390556,0.13421356905746507
6.984481935590525,125.4691735053428,82.8325660050715,23050.25545147136,23050.22945166516,0.025999806199251907
7.252750734898581,125.63557150129806,36141.5904138944,9564334.065639112,9563393.178054893,940.8875842187554
7.458226789046045,125.25451562047748,40.74935278788705,10797.158106234121,10795.585569033436,1.572537200685474
7.378074281017854,125.53420374361896,31.08613043262231,8230.143035396753,8230.164091072858,-0.02105567610487924
7.222862147074711,125.42234107982598,1685.2655781548683,450657.45444629143,450670.5904634312,-13.136017139768228
6.989075036286975,125.47482139722408,82.8325660050715,23050.163652706433,23050.22945166516,-0.0657989587271004
7.228342756588695,125.5351812070478,44.194675239022715,11692.537398908808,11692.758983097514,-0.22158418870640162
7.44028600170341,125.32423797784168,30.526032237199,8081.869376070958,8081.953781859204,-0.08440578824593103
7.061682770247923,125.34242795723183,21.97482359879272,5804.345625886947,5804.051462205998,0.29416368094916834
7.429927676711928,125.29169781698812,10.185925843251336,2698.8561970577957,2698.3221387296326,0.5340583281631552
7.001554646195791,125.52588544070149,1298.4082969969384,343684.7023903041,343686.7928362812,-2.090445977053605
7.367946673637066,125.27276691035048,507.5370546192472,134127.02798576897,134118.61555006966,8.412435699312482
7.401823919432283,125.49150075313652,147.39336014014808,38948.00857177669,38949.21129587584,-1.2027240991446888
7.428189796448544,125.3029799877444,10.185925843251336,2698.8561970577957,2698.3221387296326,0.5340583281631552
7.397630719554027,125.31165652813272,24.7779423895623,6560.043317920204,6560.221974204907,-0.1786562847037203
6.988226246234546,125.38213489882472,88.37130218586438,24642.27396141542,24642.14214746142,0.13181395399806206
7.544463564540705,125.36259446390392,15.589343822209786,4120.48740173382,4120.433372989164,0.054028744655624905
7.517882728339191,125.41477550469077,37.28312676679267,9871.753716146957,9872.38569521518,-0.6319790682227904
7.292030485073729,125.46154634193596,111.5909646165022,29466.92292500743,29466.37577906393,0.5471459435029828
7.267197153827352,125.26929987882984,245.10145098971097,64782.16625933761,64775.535212561546,6.631046776063158
7.211095514190159,125.34244068873409,50.52823314060332,13389.451358659686,13388.840389194249,0.6109694654369378
6.965605361758842,125.47517568876346,3456.00867393206,961998.0464949836,961943.7710401377,54.27545484586153
7.163682695429262,125.24512085850144,26.520992778625683,7040.914389633438,7040.746736495131,0.167653138307287
7.202652837878964,125.3717466108046,41.533702710448715,10988.15340730726,10988.856121669753,-0.7027143624927703
7.117140182046814,125.54601467195916,10.357499693799664,2742.307195381461,2742.546156295445,-0.23896091398410135
7.375102948669351,125.43833838209407,50.56741738497368,13385.036061495257,13384.462447805598,0.5736136896593962
7.091305091384791,125.38248894172636,53.13200538114455,14079.453253525531,14079.82156925301,-0.3683157274790574
7.275142494601084,125.30717683832422,278.8680763782784,73735.78832591156,73736.72718482402,-0.9388589124573627
7.232706582835163,125.48800493424656,516.8187276621609,136488.08231748434,136488.68770783194,-0.6053903475985862
7.1371979002764485,125.3483100712692,30.773929962237844,8157.83322890291,8157.875158407123,-0.041929504212930624
7.403652523159249,125.43671169705598,73.35406427475853,19367.10863445175,19368.473165020005,-1.3645305682548496
7.533854097830857,125.50389588708296,31.01548990284636,8209.702458284968,8209.659895987923,0.042562297045151354
7.183303014985466,125.24971985630488,26.520992778625683,7040.914389633438,7040.746736495131,0.167653138307287
7.42973847023748,125.27866152318764,17.13347381319338,4535.483032987441,4535.485665243625,-0.002632256183460413
7.351301095518248,125.28270804507552,152.45941267805347,40335.661182206255,40337.97790411732,-2.3167219110619044
7.038986721642727,125.33568711335568,37.64164548447054,9963.18830310044,9963.075448016873,0.11285508356741047
7.122859477126151,125.59220495135926,173.3860434155531,45917.180686425716,45915.56890804187,1.611778383849014
7.168385454685324,125.4602666621544,126.1252705742164,33365.27424904007,33365.29610725558,-0.021858215506654233
7.189089326922614,125.2893991541755,95.89604120293568,25344.373767406683,25342.49939705723,1.8743703494546935
7.313161825147378,125.3501099939341,18.515486281324545,4902.375820716773,4902.227087819181,0.14873289759179897
7.179453038766608,125.3183117731226,320.7440734088234,84710.66583588698,84711.3163555926,-0.6505197056249017
7.2290544241064705,125.44680889897964,45.925131591442195,12170.47869847043,12171.445478706442,-0.9667802360127098
7.1836804923003195,125.23459819054564,26.520992778625683,7040.914389633438,7040.746736495131,0.167653138307287
7.0414710813463435,125.56233130199148,20.953287817923307,5545.218950403666,5545.101733111135,0.11721729253076774
6.9926649627201565,125.31113049825176,41.97783797054488,11713.430430384167,11714.054695756331,-0.6242653721637907
6.981950946895382,125.4724255285111,82.8325660050715,23050.84729924215,23050.30227267837,0.5450265637773555
7.5573108962170945,125.4606373016993,78.81533502212338,20883.025520901694,20878.726846660873,4.2986742408211285
7.19216351801025,125.27795684373748,95.89604120293568,25344.373767406683,25342.49939705723,1.8743703494546935
7.30114264453434,125.3247131650574,74.57547401262664,19745.98941395733,19747.57522068358,-1.5858067262488476
7.268302096464895,125.3990677016909,125.78261062602778,33362.32143344575,33359.396453526686,2.924979919065663
7.134209422933087,125.58361869313624,688.6114470084102,181934.98084096043,181945.59265046244,-10.611809502006508
7.173925185532301,125.47536626787657,755.1485917219889,199362.7682676865,199371.78063922617,-9.012371539662126
7.426816499877388,125.29920220745755,10.185925843251336,2698.8561970577957,2698.3221387296326,0.5340583281631552
7.217006544170934,125.48968908623188,171.0762639781715,45376.39448509216,45380.25610545578,-3.861620363619295
7.064093777167779,125.34707934640562,21.97482359879272,5804.345625886947,5804.051462205998,0.29416368094916834
7.081601043536248,125.40585283139202,170.3466013005303,45097.546816037975,45101.06204595957,-3.5152299215915264
7.0222174963438375,125.50321418281474,434.0922822783725,115021.08505017764,115012.4119198469,8.673130330746062
7.388521462932612,125.3470459735976,36.94326946917393,9772.070869625393,9772.987037875266,-0.9161682498724986
7.229985280142927,125.40873529756306,37.42410011916514,9882.918900004132,9883.336191311213,-0.41729130708154116
7.007570493228167,125.4885999650114,99.04394742820726,26245.192666606203,26245.39744585594,-0.20477924973602057
7.445001825504491,125.54335479431796,24.755571283619545,6559.421352498904,6558.764519641117,0.656832857786867
7.072886474064824,125.541690020019,136.5761099836842,36190.66498511298,36190.94736434018,-0.28237922720290953
7.474630222414669,125.43262766840074,228.46982380909847,60392.71714587471,60392.44148820205,0.27565767266059993
7.110379124211661,125.63310185629813,73.5263518973318,19465.855437665545,19467.703983263167,-1.848545597622433
7.058260629519026,125.5034168051922,252.1997132801012,66751.59028648902,66747.60192494109,3.9883615479338914
7.10633704009654,125.56608805160272,49.28996295495029,13065.774750604662,13065.079042263413,0.6957083412489737
7.384457443392297,125.513053049534,79.28336425001972,20987.15840124857,20986.897925640977,0.2604756075925252
7.4881113232890755,125.37510700664436,29.06669669094895,7700.698477525446,7699.648828790891,1.049648734555376
7.439721446112554,125.376243719971,48.59890258355836,12877.342319816238,12876.18979624472,1.1525235715180315
7.341171755325316,125.48592520881309,28.434585784860374,7525.232253944718,7524.4913932003665,0.7408607443512665
7.346129917620556,125.44656631671016,66.98530784666394,17735.632596865402,17736.176249211007,-0.5436523456046416
7.221790443731539,125.28265215976393,147.36915610097228,39021.62854833731,39022.97778336064,-1.3492350233354955
7.138161855262202,125.30280390346164,38.61756338142857,10222.059023786342,10222.739799942576,-0.6807761562340602
7.468422824843459,125.22893139638197,165.75069324833808,43857.313194897215,43856.17339608571,1.139798811505898
7.216079124977479,125.4018505508138,191.93724009530672,50771.0882133344,50769.9918176602,1.0963956741979928
7.435475944232953,125.5245627236196,16.170153829807926,4280.067279896333,4279.925930191553,0.14134970478062314
7.325174215873399,125.2608507770538,69.58041270400645,18408.137511532124,18408.343121273054,-0.20560974092950346
7.009221905435876,125.40468965435709,168.1562301261445,44345.3700850005,44357.54959752406,-12.17951252356579
7.431184440746404,125.52843047516993,24.421011442066508,6473.042926833482,6472.704405150797,0.33852168268458627
7.4073048902064835,125.30113184241712,102.15393176861092,27096.564613145765,27093.47346261406,3.0911505317053525
7.0454602763509495,125.30346373428536,21.97482359879272,5804.510869110113,5804.311033336648,0.19983577346556558
7.345361667900773,125.28826787629713,43.98844146969564,11639.212519966044,11639.205935494048,0.006584471995665808
7.053609784039533,125.4050973622051,251.92004597571196,66597.73220374984,66598.2639471996,-0.5317434497555951
7.344321766389859,125.28252873584604,152.45941267805347,40335.661182206255,40338.349356129096,-2.688173922841088
7.0758861094054595,125.4799840434316,76.4036574117435,20218.950961348324,20217.51387185836,1.4370894899657287
7.090597603851318,125.3390349301499,13.16774281315348,3486.0676221988333,3486.2069531681036,-0.1393309692703042
7.207872643169491,125.32018953377914,299.9972938276951,79402.5345397638,79396.01545532307,6.5190844407334225
7.220080010898292,125.26091539197633,31.59146477856737,8360.696707139592,8359.91918433493,0.7775228046612028
7.377369412508134,125.411121328697,30.794856296440415,8152.762280491146,8152.943872295416,-0.18159180427028332
7.524436672957388,125.48111154124504,16.385285428835015,4337.594643625609,4337.527603225731,0.06704039987835131
7.275015634537776,125.30008211973644,21.970984537465007,5813.815882572261,5813.469743339976,0.34613923228516796
6.9722384598628695,125.52181406951593,32.85513668129037,9147.030941636278,9147.000114904793,0.030826731484921766
7.055571179307634,125.4572503111948,97.71011264804572,25824.465739483898,25822.00666187279,2.4590776111072046
6.979634070699743,125.59020570905656,93.6977182187686,26093.561284617277,26096.07586678954,-2.5145821722617256
7.115181408680667,125.57824681633409,140.08718294131194,37112.23527174198,37110.255249025475,1.9800227165032993
7.0339979572658216,125.40636142508374,321.0147983411544,84879.84543580505,84881.84344200024,-1.9980061951937387
7.152897116793897,125.33216477307072,38.61756338142857,10222.059023786342,10222.227868041355,-0.16884425501302758
7.069912863181446,125.37079467896976,36.99745728818641,9795.735277490574,9796.832607282655,-1.0973297920809273
7.179977007888093,125.59354935901024,313.2680062430233,83418.43487259469,83416.79192504293,1.6429475517652463
7.484662969960508,125.41270416584372,228.46982380909847,60392.71714587471,60392.44148820205,0.27565767266059993
7.108618626143562,125.43000146607694,26.33768217170764,6981.588178978077,6981.280266996853,0.3079119812236968
7.281470247293757,125.3943425947564,108.80143037110656,28730.313192416354,28727.026231326006,3.2869610903471767
7.219685314106114,125.51525463595,216.21596232347375,57222.41109955031,57216.60136847828,5.8097310720258974
7.127663326961085,125.42444669233554,745.278045225251,196990.1137066096,196983.31281455557,6.800892054045107
7.098765023993827,125.47434594915453,74.36779291773206,19667.698495959918,19667.49860532184,0.19989063807588536
7.44159717795534,125.41436288751302,228.46982380909847,60392.71714587471,60392.44148820205,0.27565767266059993
7.179984490547705,125.22094737048204,26.520992778625683,7040.914389633438,7040.746736495131,0.167653138307287
7.261383434665117,125.42876158737396,31.644444891758223,8362.48318340519,8361.761170481934,0.7220129232555337
7.18395385783567,125.39983963575348,337.04623202851417,89017.60300010796,89021.58722874089,-3.984228632922168
7.138907632097107,125.5103966679045,34.91084804740453,9248.317952430742,9248.022157129588,0.2957953011537029
7.5626674246986125,125.42730380115178,27.1594195595681,7190.547382795948,7190.622479755763,-0.07509695981570985
7.453153381323628,125.250662020811,40.74935278788705,10797.158106234121,10795.585569033436,1.572537200685474
7.426046447318685,125.2431509968211,55.99150850026849,14823.432008726522,14823.762180718706,-0.33017199218375026
7.0587754375475935,125.43275555324736,111.43517414557112,29545.929559526416,29545.428577369436,0.5009821569801716
7.281746819215065,125.35913524293083,97.53500742968475,25789.329333078276,25788.016862694527,1.3124703837493144
7.197952828696781,125.44527937870296,39.89349420278493,10560.90347091961,10560.557572016423,0.34589890318602556
7.37879355537621,125.5404438553301,154.87785896261636,40943.61577729134,40941.88952168734,1.726255604000471
7.199955582407341,125.33450428534476,88.49374826626243,23411.491358270658,23411.911497706897,-0.4201394362389692
7.064956836210872,125.39439999190913,18.035296290100035,4793.235132646016,4792.939540069047,0.2955925769683745
7.16366485482371,125.46002257016129,126.1252705742164,33365.27424904007,33365.29610725558,-0.021858215506654233
7.209665170260742,125.6329105099177,51.858754710181586,13741.713382748789,13741.394040700909,0.3193420478801272
6.992935184021618,125.61443294960188,93.6977182187686,26095.011141097883,26097.409452315434,-2.3983112175519636
7.006991558743688,125.36057070014807,117.77483059241216,31151.59340003999,31153.783367554923,-2.189967514932505
7.326183059928092,125.47297692937666,51.6870293152673,13721.781985603504,13721.464403806369,0.3175817971350625
7.493142957360394,125.52390953976986,66.53609103559383,17638.2320156204,17638.10272079378,0.12929482662002556
7.442476010998848,125.50386128389206,16.170153829807926,4280.067279896333,4279.913463671326,0.1538162250071764
7.2073237870395985,125.2328900777197,17.580052938865563,4654.723607722401,4655.086516539042,-0.3629088166417205
7.073474582350435,125.6406251818201,47.88503479150756,12651.987209297367,12652.23090914207,-0.24369984470286
7.193587788915143,125.2853781885824,95.89604120293568,25344.373767406683,25342.49939705723,1.8743703494546935
7.562527827519106,125.42295530603516,27.1594195595681,7190.547382795948,7190.622479755763,-0.07509695981570985
7.116044451429648,125.63660092463948,98.76543819971252,26185.657169660277,26185.591043969707,0.06612569056960638
6.975513535236089,125.45210044354803,382.79175439489904,107046.84482737452,107046.84482737452,0.0
7.312057330237865,125.2743260052392,61.96126494398461,16418.711718999843,16418.283685608854,0.42803339098827564
6.97714878113177,125.55139895888588,133.83919514728333,37266.3964683058,37266.17559417563,0.22087413017288782
7.400624057080591,125.43280955200964,73.35406427475853,19367.10863445175,19368.473165020005,-1.3645305682548496
7.150584875438256,125.64430921712956,79.36803117975133,21014.97038878038,21014.015876543795,0.9545122365852876
7.210798356276623,125.52963824209463,298.0492493960961,78659.21786821615,78655.20271058491,4.015157631234615
7.271583813274149,125.6533681304208,66.35522711222711,17566.654947198585,17567.648745187278,-0.9937979886926769
7.552277109223942,125.37896268017629,25.99833176436132,6883.885173125518,6883.901174776136,-0.016001650617909036
7.532723701053392,125.40860506633216,27.1594195595681,7190.547382795948,7190.622479755763,-0.07509695981570985
7.143844022043549,125.4393765143396,648.2735744250513,171866.5330628709,171873.35190656866,-6.818843697750708
6.985055792366673,125.39048123305872,88.37130218586438,24642.17238477426,24642.14214746142,0.030237312839744845
7.35072365292412,125.39256846048802,36.740708516948416,9723.453221946742,9722.123380825713,1.3298411210289487
6.998775422109763,125.36511305709304,41.97783797054488,11712.46499487924,11713.996848648996,-1.531853769756708
7.221682884122467,125.34459500595835,201.10272402579864,53304.00487066686,53300.37680648047,3.6280641863922938
7.33369275997968,125.26037043690027,69.58041270400645,18408.016814357692,18408.126955058968,-0.11014070127566811
7.467923580215941,125.44692331948885,40.587195528924525,10739.100864853852,10738.973940763506,0.12692409034571028
7.347993625131233,125.31115312761148,218.5527506353673,57865.19897235058,57864.850405311394,0.34856703918921994
7.343474743543704,125.38959917582189,49.797903775064064,13182.872679673203,13182.641122465924,0.2315572072784562
7.18166005694025,125.54159254057834,2863.8242348812805,755541.5314414471,755562.7084348061,-21.176993358996697
7.165173115094855,125.32130050731756,320.7440734088234,84715.71946206159,84712.7902782498,2.9291838117933366
7.395896575268389,125.53602758825092,41.75787364382672,11047.851711043339,11047.666824104539,0.18488693879953644
7.038405894304075,125.5731294816778,98.37749573931232,26066.83718847571,26064.945435808928,1.8917526667828497
7.1742087941067725,125.23222240799302,26.520992778625683,7040.914389633438,7040.746736495131,0.167653138307287
7.190461160060676,125.44142793843976,257.5838428007076,68052.9325087998,68059.05585677245,-6.123347972650663
7.4888495110238,125.34531027558096,166.89018722154665,44104.0936836763,44101.3318827504,2.7618009259022074
7.231956865176058,125.4701687136959,27.54978111013737,7293.611463217412,7293.855479146011,-0.24401592859885568
7.307966458271326,125.53516703711358,43.417641851746616,11480.855208608278,11480.292950695815,0.5622579124628828
7.345929432938529,125.32431435838475,218.5527506353673,57865.730412642966,57864.850405311394,0.8800073315724148
7.207978871554048,125.43898825392289,123.2630510541494,32662.672440468268,32661.91339649639,0.759043971876963
7.294120486620025,125.3682800355887,314.3679161494537,83464.04173178916,83458.5850559631,5.456675826048013
7.421729762126502,125.44797871239096,100.2659098210938,26595.762462839746,26593.02460456458,2.737858275166218
7.247933550617987,125.3142413741856,347.3671318125524,91726.42726925304,91724.72408013076,1.7031891222723061
7.204045708759525,125.60663342863684,1904.1937896041136,504545.1511546849,504496.3308473671,48.82030731777195
7.264454076331896,125.4562743047936,269.653502765591,71434.76471578254,71430.92964621329,3.835069569249754
7.505518560447944,125.42557830045736,37.28312676679267,9871.753716146957,9872.38569521518,-0.6319790682227904
7.324955780950633,125.2920624765886,80.20288985798338,21256.78611563596,21256.651847926885,0.13426770907608443
7.509149697547327,125.51427490114344,43.92260725760191,11594.743459544032,11595.529340992249,-0.7858814482169691
7.182745695232745,125.63588582800284,100.20495238510432,26550.819581390795,26548.25947181056,2.560109580233984
7.352591760530935,125.34094448524466,218.5527506353673,57865.19897235058,57864.850405311394,0.34856703918921994
7.378158406285527,125.35274593268868,28.80866087257971,7626.928388705542,7627.09826826777,-0.16987956222874345
7.433126712254197,125.26250341380349,55.99150850026849,14823.432008726522,14823.762180718706,-0.33017199218375026
7.3377152225455085,125.41893869736192,197.47863461585575,52338.736014042835,52336.34228635028,2.3937276925571496
7.362362938153201,125.45547074382252,181.765845776919,48260.52336747462,48260.38915390556,0.13421356905746507
7.050932195277828,125.36898721715475,41.49012457509043,10983.379252540752,10983.759967594544,-0.38071505379230075
7.569403716715418,125.4264248656108,27.1594195595681,7190.547382795948,7190.622479755763,-0.07509695981570985
7.395224111545611,125.32684266188885,33.45791203407133,8856.203901199371,8856.157987186889,0.04591401248217153
7.422676046342768,125.24149718334348,162.02311043634774,42879.525158732264,42875.50826580778,4.016892924482818
7.249508093507129,125.33194714703924,290.64670410310447,76854.84301807237,76852.3038508613,2.5391672110708896
7.029509015425564,125.3939673696527,191.5258912455848,50587.83048536621,50591.59671295165,-3.7662275854381733
7.183645375945408,125.38333403382134,513.6116033893229,135595.20327392762,135604.80881222308,-9.605538295465522
7.550206574208316,125.44301363183816,17.414719677638455,4609.932958332195,4609.935633796847,-0.0026754646514746128
7.026068139818537,125.43895626078498,169.56543518775092,44886.98841260408,44887.15707432956,-0.16866172548179748
7.220926784339503,125.3279739809413,299.9972938276951,79402.5345397638,79396.01545532307,6.5190844407334225
