sample_index,starting_weight,normalized_prediction_error,ada_normalized_prediction_error,fi_normalized_prediction_error,adaboost_updated_weight,fi_adaboost_updated_weight,Phi_i,fi_modulated_loss,adaboost_weight_change,fi_adaboost_weight_change
0,0.000416666666667,0.0150103867695,0.0390309214269,0.0150103867695,0.000400828946556,0.000385656829371,0.926714237866,0.0139103391352,-1.58377201109e-05,-3.1009837296e-05
1,0.000416666666667,0.00590176702588,0.0222593218101,0.00590176702588,0.000389726457033,0.000372278162291,0.927995523388,0.00547681338009,-2.6940209634e-05,-4.43885043753e-05
2,0.000416666666667,0.0154537575116,0.120021144575,0.0154537575116,0.000459059604854,0.000386272064704,0.924765096669,0.0142910955591,4.23929381873e-05,-3.03946019627e-05
3,0.000416666666667,0.0137985141566,0.012695018088,0.0137985141566,0.000383533306814,0.000383666693329,0.918541762553,0.0126745115141,-3.31333598522e-05,-3.2999973338e-05
4,0.000416666666667,0.0019552543147,0.0322371104517,0.0019552543147,0.000396293958046,0.000366581540496,0.917235039396,0.00179342776838,-2.0372708621e-05,-5.00851261702e-05
5,0.000416666666667,0.010186442657,0.000519454424984,0.010186442657,0.000375791475047,0.00037856305091,0.930229962036,0.0094757341661,-4.08751916194e-05,-3.81036157565e-05
6,0.000416666666667,0.0234720491349,0.0130224860469,0.0234720491349,0.000383743715238,0.000398561747044,0.927591534878,0.0217724740838,-3.29229514282e-05,-1.81049196228e-05
7,0.000416666666667,0.0174223304209,0.00888276915891,0.0174223304209,0.000381092290189,0.000389550562267,0.936150209918,0.0163099182808,-3.55743764777e-05,-2.71161044e-05
8,0.000416666666667,0.0124774557955,0.00426339032767,0.0124774557955,0.000378155269894,0.000382092307776,0.937074454597,0.0116923050844,-3.85113967728e-05,-3.45743588909e-05
9,0.000416666666667,0.00686678894462,0.0191795867607,0.00686678894462,0.000387721404318,0.000373670499306,0.927436992082,0.00636851408406,-2.89452623482e-05,-4.29961673606e-05
10,0.000416666666667,0.00750729629749,0.0497375736038,0.00750729629749,0.000408081393712,0.000374713987401,0.937038335916,0.00703462442982,-8.58527295464e-06,-4.19526792658e-05
11,0.000416666666667,0.0307999478612,0.0444477340461,0.0307999478612,0.00040448192006,0.00041055539268,0.936834565193,0.0288544557625,-1.21847466064e-05,-6.1112739868e-06
12,0.000416666666667,0.00987017032759,0.0434557725066,0.00987017032759,0.000403810482921,0.000377960444882,0.921483532436,0.00909519941921,-1.28561837461e-05,-3.8706221785e-05
13,0.000416666666667,0.0207633992611,0.0144956601206,0.0207633992611,0.000384691704353,0.000394404713013,0.927979247107,0.0192680036137,-3.19749623136e-05,-2.22619536537e-05
14,0.000416666666667,0.00477051279469,0.0501178483448,0.00477051279469,0.000408341382552,0.000370638362537,0.927016125125,0.0044223422858,-8.32528411505e-06,-4.60283041296e-05
15,0.000416666666667,0.0205678133322,0.00530145165442,0.0205678133322,0.000378813295625,0.000394194646364,0.930616476439,0.0191407459713,-3.78533710418e-05,-2.24720203027e-05
16,0.000416666666667,0.0192844753865,0.0184274421368,0.0192844753865,0.000387233292029,0.000391911767601,0.920605618969,0.0177533963997,-2.94333746372e-05,-2.47548990652e-05
17,0.000416666666667,0.0126938206271,0.0156318928166,0.0126938206271,0.000385424470716,0.000382387287883,0.93562382654,0.0118766410286,-3.12421959502e-05,-3.42793787836e-05
18,0.000416666666667,0.0200625798082,0.0163588184406,0.0200625798082,0.000385894003355,0.000393028999085,0.918793423936,0.018433366395,-3.07726633116e-05,-2.36376675813e-05
19,0.000416666666667,0.00158802869479,0.0416570790208,0.00158802869479,0.000402595828094,0.000366072257833,0.920227263588,0.00146134730031,-1.40708385731e-05,-5.05944088337e-05
20,0.000416666666667,0.00901244267464,0.0457360779494,0.00901244267464,0.000405355638863,0.000376941047998,0.937602128417,0.00845008543398,-1.13110278037e-05,-3.97256186691e-05
21,0.000416666666667,0.00782683593416,0.0488880638903,0.00782683593416,0.000407501192877,0.000375185262761,0.937141797242,0.00733485509406,-9.16547378962e-06,-4.14814039058e-05
22,0.000416666666667,0,0,0,0.000375464678399,0.000363839512047,0.990117717625,0,-4.1201988268e-05,-5.28271546197e-05
23,0.000416666666667,0.00934079943826,0.0427656290871,0.00934079943826,0.00040334399748,0.000377196630912,0.921975899679,0.00861199196581,-1.33226691871e-05,-3.94700357549e-05
24,0.000416666666667,0.0128649185018,0.0685867472918,0.0128649185018,0.000421169730069,0.00038271428933,0.939051522112,0.012080821301,4.50306340211e-06,-3.39523773367e-05
25,0.000416666666667,0.00994531264813,0.0588112884003,0.00994531264813,0.000414330360321,0.000378383934272,0.941417218435,0.00936268856967,-2.33630634552e-06,-3.82827323948e-05
26,0.000416666666667,0.0204123108902,0.0552936294826,0.0204123108902,0.00041189650973,0.000393957341299,0.930659242485,0.0189969057905,-4.77015693676e-06,-2.27093253673e-05
27,0.000416666666667,0.0242930182012,0.0271487848188,0.0242930182012,0.000392931048124,0.000400020384174,0.932163558766,0.0226450662996,-2.37356185423e-05,-1.66462824929e-05
28,0.000416666666667,0.0106042153675,0.000591212092909,0.0106042153675,0.000375836641238,0.000379309229122,0.937937721264,0.0099460935976,-4.08300254289e-05,-3.73574375446e-05
29,0.000416666666667,0.0269420299691,0.0379340936161,0.0269420299691,0.000400093297273,0.000404052711477,0.929434308661,0.0250408469983,-1.6573369394e-05,-1.26139551898e-05
30,0.000416666666667,0.0480474623982,0.470601560592,0.0480474623982,0.000825793334218,0.000439882254977,0.943551707555,0.0453352651895,0.000409126667551,2.32155883106e-05
31,0.000416666666667,0.0465452268333,0.0646369523138,0.0465452268333,0.000418392779586,0.000435397885219,0.921419084118,0.0428876602788,1.72611291951e-06,1.87312185523e-05
32,0.000416666666667,0.0019552543147,0.0322371104517,0.0019552543147,0.000396293958046,0.000366581435981,0.917200208944,0.00179335966598,-2.0372708621e-05,-5.00852306855e-05
33,0.000416666666667,0.0118818474463,0.0360101448922,0.0118818474463,0.000398806152585,0.000381023422429,0.927730646587,0.011023154014,-1.78605140817e-05,-3.56432442376e-05
34,0.000416666666667,0.000131290435015,0.0497279960004,0.000131290435015,0.000408074847768,0.000364024293317,0.923757382687,0.000121280508621,-8.59181889862e-06,-5.26423733493e-05
35,0.000416666666667,0.0112203207779,0.0398663401156,0.0112203207779,0.000401390174457,0.000380024525734,0.926543806812,0.0103961187272,-1.52764922095e-05,-3.66421409329e-05
36,0.000416666666667,0.0197762904673,0.0150224323868,0.0197762904673,0.000385031250996,0.000393058721148,0.933007607099,0.0184514294462,-3.16354156703e-05,-2.36079455184e-05
37,0.000416666666667,0.023358940422,0.0246654993184,0.023358940422,0.000391300204571,0.00039866316735,0.934684921757,0.0218332494006,-2.53664620961e-05,-1.80034993168e-05
38,0.000416666666667,0.0340685885797,0.0531375544046,0.0340685885797,0.000410411804569,0.00041582026684,0.936291782921,0.0318981395429,-6.25486209762e-06,-8.4639982698e-07
39,0.000416666666667,0.00108940426066,0.0647023140813,0.00108940426066,0.000418438583635,0.000365386851083,0.930503216752,0.00101369416889,1.77191696794e-06,-5.12798155834e-05
40,0.000416666666667,0.0111041741746,0.0368537626313,0.0111041741746,0.00039937003237,0.000380075792278,0.939136950141,0.0104283402681,-1.72966342964e-05,-3.65908743886e-05
41,0.000416666666667,0.00685809833183,0.00936799936098,0.00685809833183,0.000381402122421,0.000373557839333,0.918109669696,0.00629648639418,-3.52645442458e-05,-4.31088273333e-05
42,0.000416666666667,0.0228139481736,0.0112728966536,0.0228139481736,0.00038262088683,0.000397190614039,0.91826772101,0.0209493121966,-3.40457798369e-05,-1.94760526272e-05
43,0.000416666666667,0.015857554913,0.02138272367,0.015857554913,0.000389154697003,0.000386883820605,0.92505420126,0.014669097794,-2.75119696637e-05,-2.97828460612e-05
44,0.000416666666667,0.010186442657,0.000519454424984,0.010186442657,0.000375791475047,0.000378563050975,0.930229966078,0.00947573420728,-4.08751916194e-05,-3.81036156912e-05
45,0.000416666666667,0.0133435039389,0.0321242689454,0.0133435039389,0.000396219069152,0.000383157221383,0.926076904674,0.0123571108253,-2.04475975142e-05,-3.35094452835e-05
46,0.000416666666667,0.0179484717096,0.031219897663,0.0179484717096,0.000395619381101,0.000390184200376,0.930337598391,0.0166981380651,-2.10472855655e-05,-2.64824662903e-05
47,0.000416666666667,0.0225983081403,0.00961747683043,0.0225983081403,0.000381561518376,0.000396836497284,0.917602140079,0.0207362559117,-3.51051482912e-05,-1.98301693831e-05
48,0.000416666666667,0.015170984727,0.152360689726,0.015170984727,0.000484609529986,0.000386083977521,0.934333330688,0.0141747566898,6.79428633195e-05,-3.05826891461e-05
49,0.000416666666667,0.000751105318633,0.0181767690622,0.000751105318633,0.000387070751624,0.000364915221222,0.938849842639,0.000705175110204,-2.95959150423e-05,-5.17514454448e-05
50,0.000416666666667,0.0166340268891,0.00678703069496,0.0166340268891,0.000379756994631,0.000388263038768,0.932974599591,0.0155191245765,-3.69096720353e-05,-2.84036278986e-05
51,0.000416666666667,0.0126888311738,0.0359622427753,0.0126888311738,0.000398774158385,0.000382334369222,0.933386373304,0.0118435821108,-1.78925082821e-05,-3.43322974446e-05
52,0.000416666666667,0.000131290435015,0.0497279960004,0.000131290435015,0.000408074847768,0.000364024868421,0.926631703618,0.000121657879467,-8.59181889862e-06,-5.2641798246e-05
53,0.000416666666667,0.0156362219152,0.0909485157328,0.0156362219152,0.000437242601194,0.000386634924367,0.928317451929,0.0145153776861,2.05759345277e-05,-3.00317422994e-05
54,0.000416666666667,0.0210277415583,0.0230335278155,0.0210277415583,0.000390232130478,0.000395065943916,0.935342149122,0.0196681329803,-2.64345361886e-05,-2.16007227507e-05
55,0.000416666666667,0.00289532109368,0.0558433735354,0.00289532109368,0.000412275930172,0.000367943392319,0.925344433069,0.00267916925598,-4.3907364945e-06,-4.87232743477e-05
56,0.000416666666667,0.00507314398169,0.0628661238209,0.00507314398169,0.000417153729276,0.000371056054334,0.924748170342,0.00469138061495,4.87062608944e-07,-4.56106123331e-05
57,0.000416666666667,0.0529252980056,0.0771634477552,0.0529252980056,0.000427263309501,0.000446755648365,0.926566403018,0.0490388030017,1.05966428342e-05,3.00889816985e-05
58,0.000416666666667,0.0245791584387,0.0835978384794,0.0245791584387,0.000431892631108,0.000400645917061,0.936496704133,0.0230183008682,1.52259644414e-05,-1.60207496061e-05
59,0.000416666666667,0.00410450530958,0.0265232352786,0.00410450530958,0.00039251959279,0.000369680206531,0.926796166765,0.00380403978738,-2.41470738765e-05,-4.69864601355e-05
60,0.000416666666667,0.0106742409991,0.0836500579894,0.0106742409991,0.000431930405693,0.000379424751711,0.938598956556,0.0100188314638,1.52637390265e-05,-3.72419149558e-05
61,0.000416666666667,0.00116314152261,0.0560132514899,0.00116314152261,0.000412393246622,0.000365495948588,0.932822118544,0.00108500413929,-4.2734200448e-06,-5.11707180783e-05
62,0.000416666666667,0,0.108191423817,0,0.000450053842192,0.000363839512047,0.982659576676,0,3.33871755253e-05,-5.28271546197e-05
63,0.000416666666667,0.00874097763275,0.00306464627748,0.00874097763275,0.000377396809595,0.000376443555559,0.930630356038,0.00813461912649,-3.9269857072e-05,-4.02231111079e-05
64,0.000416666666667,0.0225983081403,0.00961747683043,0.0225983081403,0.000381561518376,0.000396835915333,0.917586639347,0.0207359056214,-3.51051482912e-05,-1.98307513339e-05
65,0.000416666666667,0.0288791307828,0.135881910049,0.0288791307828,0.000471417555384,0.000407363085422,0.934580758429,0.0269898799497,5.47508887168e-05,-9.30358124496e-06
66,0.000416666666667,0.00766536859712,0.0119925433644,0.00766536859712,0.000383082333902,0.000374852174493,0.929204762057,0.00712269700337,-3.35843327644e-05,-4.18144921733e-05
67,0.000416666666667,0.0233672243416,0.0474378664058,0.0233672243416,0.000406512637854,0.000398825026013,0.938502989685,0.0219302099053,-1.01540288122e-05,-1.7841640654e-05
68,0.000416666666667,0.0134913138062,0.033828808569,0.0134913138062,0.000397351820699,0.000383332047531,0.924007485014,0.0124660749396,-1.93148459676e-05,-3.33346191352e-05
69,0.000416666666667,0.0106742409991,0.0836500579894,0.0106742409991,0.000431930405693,0.000379424603912,0.938590239668,0.0100187384176,1.52637390265e-05,-3.72420627546e-05
70,0.000416666666667,0.00588163487268,0.0530718136428,0.00588163487268,0.000410366618684,0.000372247740155,0.927853037834,0.00545729278404,-6.30004798258e-06,-4.44189265118e-05
71,0.000416666666667,0.078390330091,0.14929851363,0.078390330091,0.000482130504208,0.000493803164058,0.93066634836,0.0729552422525,6.54638375409e-05,7.71364973914e-05
72,0.000416666666667,0.00926788288207,0.0450569792946,0.00926788288207,0.000404894858186,0.000377180701278,0.928141214661,0.0086019040755,-1.17718084808e-05,-3.94859653892e-05
73,0.000416666666667,0.016594727746,0.00526116534347,0.016594727746,0.000378787736841,0.00038776263243,0.916620544336,0.0152110683797,-3.78789298258e-05,-2.89040342368e-05
74,0.000416666666667,0.0125361405627,0.0521985967342,0.0125361405627,0.000409766898385,0.000381932352423,0.924709471083,0.0115922879092,-6.89976828206e-06,-3.47343142441e-05
75,0.000416666666667,0.0299193555449,0.0421066419235,0.0299193555449,0.000402899074296,0.000409001795517,0.934139182815,0.0279488423391,-1.37675923702e-05,-7.66487114929e-06
76,0.000416666666667,0.012999308306,0.0839381687602,0.012999308306,0.000432138878869,0.000382432702613,0.91581861307,0.0119050085037,1.54722122023e-05,-3.42339640535e-05
77,0.000416666666667,0.0125361405627,0.0521985967342,0.0125361405627,0.000409766898385,0.000381735844407,0.914903403158,0.0114693576633,-6.89976828206e-06,-3.49308222596e-05
78,0.000416666666667,0.0076342925841,0.047896636942,0.0076342925841,0.000406825108017,0.000374706178367,0.920798666021,0.00702964642745,-9.84155864936e-06,-4.19604882995e-05
79,0.000416666666667,0.0182957511357,0.0815007640431,0.0182957511357,0.000430378375077,0.000392262738312,0.982042925566,0.0179672129707,1.37117084106e-05,-2.44039283546e-05
80,0.000416666666667,0.020654406905,0.0750842336404,0.020654406905,0.000425778020455,0.0003943050424,0.92995320783,0.0192076319571,9.11135378796e-06,-2.23616242664e-05
81,0.000416666666667,0.0126888311738,0.0359622427753,0.0126888311738,0.000398774158385,0.000382368781567,0.935080644561,0.0118650804327,-1.78925082821e-05,-3.42978850997e-05
82,0.000416666666667,0.0144606033901,0.0204964255052,0.0144606033901,0.000388577462932,0.000384870762075,0.928244360718,0.0134229735495,-2.80892037346e-05,-3.17959045917e-05
83,0.000416666666667,0.00887839316411,0.0553330872077,0.00887839316411,0.00041192373089,0.000376469473081,0.918078744503,0.00815106404931,-4.74293577672e-06,-4.01971935859e-05
84,0.000416666666667,0.00828907097647,0.0568998253062,0.00828907097647,0.00041300604985,0.000375693246829,0.923873060138,0.00765804936873,-3.66061681656e-06,-4.09734198375e-05
85,0.000416666666667,0.0214131402038,0.0127682961924,0.0214131402038,0.000383580380271,0.000395352300874,0.926590292092,0.0198412078361,-3.30862863959e-05,-2.13143657927e-05
86,0.000416666666667,0.00759214496861,0.099120713291,0.00759214496861,0.000443268321285,0.000374669358425,0.922818723259,0.00700617352673,2.66016546181e-05,-4.19973082413e-05
87,0.000416666666667,0.016594727746,0.00526116534347,0.016594727746,0.000378787736841,0.000387762960988,0.916632740653,0.0152112707742,-3.78789298258e-05,-2.8903705679e-05
88,0.000416666666667,0.00248622385091,0.0308255053586,0.00248622385091,0.0003953581441,0.00036736666927,0.926896581018,0.00230447238705,-2.13085225663e-05,-4.92999973963e-05
89,0.000416666666667,0.000131290435015,0.0497279960004,0.000131290435015,0.000408074847768,0.000364024319722,0.923889349516,0.000121297834604,-8.59181889862e-06,-5.2642346945e-05
90,0.000416666666667,0.00901647769719,0.0880572922289,0.00901647769719,0.000435130449106,0.000376827156943,0.92917685894,0.00837790242538,1.84637824393e-05,-3.98395097239e-05
91,0.000416666666667,0.0208923831281,0.0777359812141,0.0208923831281,0.000427673208479,0.000394721915231,0.93144162163,0.0194600352205,1.10065418125e-05,-2.19447514357e-05
92,0.000416666666667,0.000999360355639,0.0316336132744,0.000999360355639,0.000395893602956,0.000365306880937,0.962024694546,0.000961409340875,-2.07730637106e-05,-5.13597857293e-05
93,0.000416666666667,0.0353674410327,0.0565906088884,0.0353674410327,0.000412792214929,0.000418043503129,0.937920889551,0.0331718617545,-3.87445173723e-06,1.37683646209e-06
94,0.000416666666667,0.0221982994031,0.0505455030669,0.0221982994031,0.000408633962348,0.000396716794619,0.930890820751,0.0206641931506,-8.03270431913e-06,-1.99498720475e-05
95,0.000416666666667,0.00764598033262,0.00727338155491,0.00764598033262,0.000380066454606,0.000374901479718,0.935669877799,0.00715411348347,-3.66002120607e-05,-4.17651869488e-05
96,0.000416666666667,0.00800573042172,0.0463149668452,0.00800573042172,0.00040574883941,0.000375355046846,0.929699721072,0.00744292534005,-1.09178272567e-05,-4.13116198205e-05
97,0.000416666666667,0.0179470391257,0.064315014873,0.0179470391257,0.000418167246266,0.000390425507244,0.938640463666,0.0168458171264,1.50057959886e-06,-2.62411594229e-05
98,0.000416666666667,0.00571841822078,0.0828011996707,0.00571841822078,0.000431316767433,0.000372083653468,0.935919267687,0.00535197779352,1.46501007664e-05,-4.4583013199e-05
99,0.000416666666667,0.0128768186905,0.0354624699675,0.0128768186905,0.000398440509247,0.000382649390122,0.935037783169,0.0120403120026,-1.822615742e-05,-3.40172765442e-05
100,0.000416666666667,0.03811560897,0.133382825193,0.03811560897,0.000469448534537,0.000421389594838,0.920257365799,0.0350761699066,5.27818678705e-05,4.72292817173e-06
101,0.000416666666667,0.00289731808122,0.0297325938644,0.00289731808122,0.000394635123966,0.000367963644659,0.929244372287,0.0026923165217,-2.20315427011e-05,-4.87030220072e-05
102,0.000416666666667,0.00665593913713,0.052000942821,0.00665593913713,0.000409631272516,0.000373470186499,0.937573427016,0.00624043166681,-7.03539415057e-06,-4.31964801674e-05
103,0.000416666666667,0.0408761282287,0.141728501082,0.0408761282287,0.000476056387443,0.000427099751783,0.936763059515,0.0382912469406,5.93897207767e-05,1.04330851163e-05
104,0.000416666666667,0.00982001336602,0.0195376999761,0.00982001336602,0.000387954021879,0.000378089910641,0.93452070742,0.00917700583768,-2.87126447877e-05,-3.8576756026e-05
105,0.000416666666667,0.00477051279469,0.0501178483448,0.00477051279469,0.000408341382552,0.000370638362509,0.927016121329,0.00442234226768,-8.32528411505e-06,-4.60283041577e-05
106,0.000416666666667,0.015857554913,0.02138272367,0.015857554913,0.000389154697003,0.000386883451767,0.925039840654,0.0146688700699,-2.75119696637e-05,-2.97832148996e-05
107,0.000416666666667,0.0237273061583,0.00451848914381,0.0237273061583,0.000378316870693,0.000399328901392,0.936971170978,0.0222318018353,-3.83497959737e-05,-1.73377652743e-05
108,0.000416666666667,0.0205064103145,0.0151788761643,0.0205064103145,0.000385132149168,0.000394343396555,0.937797743656,0.0192308653235,-3.15345174986e-05,-2.2323270112e-05
109,0.000416666666667,0.00776087414889,0.00268491039186,0.00776087414889,0.000377156863386,0.000375067619887,0.935454528008,0.00725994486389,-3.95098032808e-05,-4.15990467797e-05
110,0.000416666666667,0.0147110914515,0.0305859778245,0.0147110914515,0.000395199570405,0.000385087322867,0.92157278874,0.0135573415744,-2.1467096262e-05,-3.15793438001e-05
111,0.000416666666667,0.0110443586869,0.0200170575327,0.0110443586869,0.000388265613886,0.000379699944041,0.922825417754,0.0101920149191,-2.84010527808e-05,-3.69667226254e-05
112,0.000416666666667,0.00626031131692,0.0530527362063,0.00626031131692,0.000410353507038,0.000372773383928,0.92556930323,0.00579435198361,-6.31315962903e-06,-4.38932827382e-05
113,0.000416666666667,0,0.108191423817,0,0.000450053842192,0.000363839512047,0.982659576367,0,3.33871755253e-05,-5.28271546197e-05
114,0.000416666666667,0.023980359549,0.0851897707933,0.023980359549,0.000433045690319,0.000399507361178,0.93153427057,0.0223385267405,1.6379023652e-05,-1.7159305489e-05
115,0.000416666666667,0.0200631126828,0.102717593105,0.0200631126828,0.000445946709574,0.000392988102409,0.917530107639,0.0184085099394,2.92800429069e-05,-2.36785642581e-05
116,0.000416666666667,0.0130297567164,0.146668143998,0.0130297567164,0.000480011180777,0.000382801472195,0.931347318406,0.0121352289773,6.33445141105e-05,-3.38651944715e-05
117,0.000416666666667,0.0269420299691,0.0379340936161,0.0269420299691,0.000400093297273,0.000404052711459,0.929434308276,0.0250408469879,-1.6573369394e-05,-1.26139552073e-05
118,0.000416666666667,0.0283719333588,0.0578512788363,0.0283719333588,0.000413664711225,0.000406350645373,0.930337616009,0.0263954768426,-3.00195544212e-06,-1.03160212933e-05
119,0.000416666666667,0.0149597856567,0.00233598917658,0.0149597856567,0.000376936522737,0.000385834032004,0.937183777022,0.0140200684252,-3.97301439301e-05,-3.08326346623e-05
120,0.000416666666667,0.0116295285453,0.024348373035,0.0116295285453,0.000391092426788,0.000380684974143,0.92960646439,0.0108108849135,-2.55742398792e-05,-3.59816925232e-05
121,0.000416666666667,0.0113774938345,0.055278908336,0.0113774938345,0.000411886354342,0.000380404041422,0.9347001528,0.0106345452256,-4.7803123248e-06,-3.62626252449e-05
122,0.000416666666667,0.00116314152261,0.0560132514899,0.00116314152261,0.000412393246622,0.000365495948588,0.932822118528,0.00108500413927,-4.2734200448e-06,-5.11707180783e-05
123,0.000416666666667,0.015310758276,0.00326906481116,0.015310758276,0.000377526040077,0.000386395283564,0.938378100397,0.0143672802667,-3.914062659e-05,-3.02713831029e-05
124,0.000416666666667,0.0117717630648,0.051469347231,0.0117717630648,0.000409266725725,0.000381100060443,0.940487321274,0.0110711939115,-7.39994094133e-06,-3.55666062241e-05
125,0.000416666666667,0.0213233562075,0.013006990765,0.0213233562075,0.000383733756433,0.00039565457255,0.939053188506,0.0200237656363,-3.29329102336e-05,-2.10120941162e-05
126,0.000416666666667,0.0125731272818,0.0828051483828,0.0125731272818,0.000431319619931,0.000381973470208,0.924034399085,0.0116180021125,1.46529532646e-05,-3.46931964585e-05
127,0.000416666666667,0.00304929185595,0.37563709426,0.00304929185595,0.000704363595789,0.00036848993542,0.994892173111,0.00303371660101,0.000287696929123,-4.81767312462e-05
128,0.000416666666667,0.0318463426055,0.0989920646907,0.0318463426055,0.000443172822664,0.000411487759102,0.9230667867,0.029396301137,2.65061559975e-05,-5.17890756508e-06
129,0.000416666666667,0.00850008544761,0.0568882939339,0.00850008544761,0.000412998073479,0.000376766892972,0.981131183856,0.0083396988981,-3.66859318739e-06,-3.98997736952e-05
130,0.000416666666667,0.0144606033901,0.0204964255052,0.0144606033901,0.000388577462932,0.000384870948874,0.92825237798,0.0134230894839,-2.80892037346e-05,-3.17957177928e-05
131,0.000416666666667,0.00183618006332,0.0235908494459,0.00183618006332,0.000390596551779,0.000366441645664,0.927062990329,0.00170225458028,-2.60701148874e-05,-5.02250210027e-05
132,0.000416666666667,0.0217881760556,0.0541031889895,0.0217881760556,0.00041107609197,0.000396071670428,0.93057097145,0.0202754441582,-5.59057469692e-06,-2.05949962389e-05
133,0.000416666666667,0.0413107594156,0.0462857029716,0.0413107594156,0.000405728953266,0.000426900321571,0.924206804658,0.0381796849575,-1.09377134008e-05,1.02336549045e-05
134,0.000416666666667,0.00772635223845,0.0481413814482,0.00772635223845,0.00040699190256,0.000374840827958,0.920934792085,0.00711546659229,-9.67476410618e-06,-4.18258387086e-05
135,0.000416666666667,0.0125361405627,0.0521985967342,0.0125361405627,0.000409766898385,0.000381931276457,0.924655792396,0.0115916149856,-6.89976828206e-06,-3.47353902097e-05
136,0.000416666666667,0.00963679854075,0.0440762013268,0.00963679854075,0.000404230306994,0.000377831150541,0.935318229053,0.00901347334488,-1.24363596729e-05,-3.8835516126e-05
137,0.000416666666667,0.0585718065688,0.754053421435,0.0585718065688,0.00132753583165,0.000458432794498,0.942466830027,0.0552019848658,0.000910869164986,4.17661278316e-05
138,0.000416666666667,0.00904286677453,0.102977518908,0.00904286677453,0.000446140887124,0.000376872096444,0.929615291881,0.00840638723605,2.94742204575e-05,-3.97945702229e-05
139,0.000416666666667,0.00949621656006,0.158410825287,0.00949621656006,0.000489545032616,0.000377711789459,0.941217076265,0.00893800118623,7.28783659498e-05,-3.89548772073e-05
140,0.000416666666667,0.00106077449769,0.0402553513148,0.00106077449769,0.000401651777296,0.000365344544582,0.929542917165,0.000986035421033,-1.5014889371e-05,-5.13221220842e-05
141,0.000416666666667,0.00387988363005,0.0694203483276,0.00387988363005,0.000421758154539,0.000369392503455,0.932520441536,0.0036180707958,5.09148787222e-06,-4.72741632115e-05
142,0.000416666666667,0.0146360560088,0.0113100319034,0.0146360560088,0.00038264468484,0.000385318200867,0.936079343793,0.0137005097044,-3.40219818262e-05,-3.13484657998e-05
143,0.000416666666667,0.00118835875789,0.0462196524991,0.00118835875789,0.000405684072523,0.000365503269399,0.91705346488,0.00108978851644,-1.09825941432e-05,-5.11633972681e-05
144,0.000416666666667,0.00778326698175,0.099628819291,0.00778326698175,0.000443645700474,0.00037503212947,0.92985906861,0.0072373413864,2.69790338073e-05,-4.16345371968e-05
145,0.000416666666667,0.0104648966202,0.00961386448532,0.0104648966202,0.000381559209903,0.0003790844982,0.936896985628,0.00980453009834,-3.51074567632e-05,-3.75821684666e-05
146,0.000416666666667,0.0121522566919,0.0958479990204,0.0121522566919,0.000440845300087,0.000381599308345,0.936773088139,0.0113839070292,2.41786334199e-05,-3.50673583217e-05
147,0.000416666666667,0.010186442657,0.000519454424984,0.010186442657,0.000375791475047,0.000378563462929,0.930255483708,0.00947599414116,-4.08751916194e-05,-3.81032037378e-05
148,0.000416666666667,0.00915323950654,0.0131009607039,0.00915323950654,0.000383794154808,0.000377142333095,0.937111345802,0.00857760459241,-3.28725118591e-05,-3.95243335718e-05
149,0.000416666666667,0.0169550975014,0.0174753023355,0.0169550975014,0.000386616271947,0.000388376819747,0.919435238856,0.015589114121,-3.00503947192e-05,-2.82898469201e-05
150,0.000416666666667,0.0144606033901,0.0204964255052,0.0144606033901,0.000388577462932,0.000384870693032,0.928241397453,0.0134229306989,-2.80892037346e-05,-3.17959736345e-05
151,0.000416666666667,0.0141262399487,0.256783632406,0.0141262399487,0.000577226485495,0.000384715227,0.943380767459,0.0133264230842,0.000160559818829,-3.19514396664e-05
152,0.000416666666667,0.0354373195112,0.140503171621,0.0354373195112,0.000475080414365,0.000417953933172,0.934627038961,0.0331206770034,5.84137476986e-05,1.28726650536e-06
153,0.000416666666667,0.033168587768,0.0290745884781,0.033168587768,0.00039420045561,0.00041384237031,0.927360507509,0.0307592383859,-2.24662110571e-05,-2.82429635716e-06
154,0.000416666666667,0.00141778120292,0.0412044688234,0.00141778120292,0.000402290756949,0.000365869298702,0.937294101858,0.00132887795922,-1.4375909718e-05,-5.07973679648e-05
155,0.000416666666667,0.00685809833183,0.00936799936098,0.00685809833183,0.000381402122421,0.000373558086676,0.918132731388,0.00629664455353,-3.52645442458e-05,-4.31085799903e-05
156,0.000416666666667,0.0327527638392,0.0496393783729,0.0327527638392,0.000408014285819,0.000413705689021,0.93672505125,0.0306803343859,-8.65238084746e-06,-2.96097764602e-06
157,0.000416666666667,0.00427814054527,0.0488088557801,0.00427814054527,0.000407447137132,0.000369938891394,0.928236944434,0.0039711281076,-9.21952953424e-06,-4.67277752726e-05
158,0.000416666666667,0.0019552543147,0.0322371104517,0.0019552543147,0.000396293958046,0.000366581600918,0.91725517517,0.00179346713893,-2.0372708621e-05,-5.0085065749e-05
159,0.000416666666667,0.00938503918512,0.0447455142805,0.00938503918512,0.000404683698802,0.000377251173571,0.921309889744,0.00864652941689,-1.19829678649e-05,-3.94154930959e-05
160,0.000416666666667,0.00973813812309,0.0438067857374,0.00973813812309,0.000404047948608,0.000378036805145,0.938932368454,0.00914345309224,-1.26187180587e-05,-3.8629861522e-05
161,0.000416666666667,0.0151155287935,0.125711735685,0.0151155287935,0.000463455727658,0.000385991498212,0.933975531344,0.0141175340364,4.67890609911e-05,-3.06751684543e-05
162,0.000416666666667,0.00295451788479,0.0597438301922,0.00295451788479,0.000414977989463,0.000368074951215,0.935706225946,0.00276456077947,-1.68867720385e-06,-4.85917154518e-05
163,0.000416666666667,0.03811560897,0.133382825193,0.03811560897,0.000469448534537,0.000421385866957,0.920201924871,0.0350740567418,5.27818678705e-05,4.71920029054e-06
164,0.000416666666667,0.011628681037,0.0387806969999,0.011628681037,0.000400661000463,0.000380855814491,0.938890374823,0.0109180566975,-1.60056662041e-05,-3.58108521754e-05
165,0.000416666666667,0.00498506670207,0.0143475336048,0.00498506670207,0.000384596278976,0.00037099614266,0.933349533213,0.00465280967941,-3.20703876903e-05,-4.56705240067e-05
166,0.000416666666667,0.0214651368449,0.0105325624688,0.0214651368449,0.000382146754706,0.00039511206042,0.917581589399,0.0196960143828,-3.45199119604e-05,-2.15546062467e-05
167,0.000416666666667,0.0207982825328,0.0732408222076,0.0207982825328,0.000424465496043,0.000394479382258,0.928596946574,0.0193132216539,7.79882937615e-06,-2.21872844089e-05
168,0.000416666666667,0.00198410050247,0.0254484300601,0.00198410050247,0.000391813645301,0.000366635396008,0.921585152628,0.0018285175644,-2.48530213656e-05,-5.00312706586e-05
169,0.000416666666667,0.0112203207779,0.0398663401156,0.0112203207779,0.000401390174457,0.000380024810381,0.926559752468,0.0103962976425,-1.52764922095e-05,-3.66418562861e-05
170,0.000416666666667,0.0214728982202,0.0218500598981,0.0214728982202,0.000389459411997,0.00039566085465,0.932690037559,0.0200275582475,-2.72072546696e-05,-2.10058120171e-05
171,0.000416666666667,0.00459125451549,0.0541686365258,0.00459125451549,0.000411121154072,0.000370476360526,0.940464961375,0.00431791400058,-5.5455125946e-06,-4.61903061405e-05
172,0.000416666666667,0.00938503918512,0.0447455142805,0.00938503918512,0.000404683698802,0.000377251681037,0.921344126564,0.00864685073078,-1.19829678649e-05,-3.94149856296e-05
173,0.000416666666667,0.0214728982202,0.0218500598981,0.0214728982202,0.000389459411997,0.000395660854676,0.932690038297,0.0200275582634,-2.72072546696e-05,-2.10058119909e-05
174,0.000416666666667,0.0211659294424,0.0465181566817,0.0211659294424,0.000405886943103,0.000395433174788,0.939720865223,0.0198900655288,-1.0779723564e-05,-2.12334918788e-05
175,0.000416666666667,0.0151128870324,0.0992837655889,0.0151128870324,0.00044338938808,0.000385959224169,0.932817193499,0.0140975608673,2.67227214129e-05,-3.0707442498e-05
176,0.000416666666667,0.0133435039389,0.0321242689454,0.0133435039389,0.000396219069152,0.000383156788612,0.926056685441,0.0123568410299,-2.04475975142e-05,-3.35098780545e-05
177,0.000416666666667,0.00694015994025,0.0775562230454,0.00694015994025,0.00042754447028,0.000373846921727,0.933878167634,0.00648126384808,1.0877803613e-05,-4.281974494e-05
178,0.000416666666667,0.017868402111,0.0100686697176,0.017868402111,0.000381849963392,0.000389984757787,0.927671694208,0.0165760108591,-3.48167032743e-05,-2.66819088793e-05
179,0.000416666666667,0.00626031131692,0.0530527362063,0.00626031131692,0.000410353507038,0.00037277348753,0.925579907411,0.00579441836908,-6.31315962903e-06,-4.3893179137e-05
180,0.000416666666667,0.0284749163872,0.103302321631,0.0284749163872,0.000446383649815,0.000406918608997,0.938689680292,0.0267291101598,2.97169831488e-05,-9.74805766923e-06
181,0.000416666666667,1.36238732806e-14,0.0683222587691,1.36238732806e-14,0.000420983203836,0.000363839512047,0.992502110045,1.3521722978e-14,4.31653716938e-06,-5.28271546196e-05
182,0.000416666666667,0.0136872695283,0.0129907666636,0.0136872695283,0.000383723329493,0.00038349909998,0.918382405261,0.0125701475108,-3.29433371738e-05,-3.31675666862e-05
183,0.000416666666667,0.032966962678,0.173170531851,0.032966962678,0.000501797440641,0.000413348051762,0.924372463477,0.030473752504,8.51307739739e-05,-3.31861490459e-06
184,0.000416666666667,0.0251678601274,0.00278621359523,0.0251678601274,0.000377220859582,0.00040115168148,0.926564581534,0.023319647787,-3.94458070845e-05,-1.55149851866e-05
185,0.000416666666667,0.00510133337061,0.0358168430806,0.00510133337061,0.000398677060505,0.000371108964929,0.926314505996,0.00472543910111,-1.79896061621e-05,-4.55577017382e-05
186,0.000416666666667,0.0227972751273,0.00908851463386,0.0227972751273,0.000381223633333,0.000397422417669,0.92505245294,0.0210886752769,-3.54430333334e-05,-1.92442489974e-05
187,0.000416666666667,0.0256308436651,0.151087734833,0.0256308436651,0.000483577447957,0.000402165203254,0.933343729018,0.0239223872042,6.69107812899e-05,-1.45014634124e-05
188,0.000416666666667,0.00501281976035,0.0542717471207,0.00501281976035,0.00041119215806,0.000371070890351,0.937781778791,0.00470093103162,-5.47450860667e-06,-4.55957763154e-05
189,0.000416666666667,0.0130297567164,0.146668143998,0.0130297567164,0.000480011180777,0.000382800926259,0.931321173575,0.0121348883165,6.33445141105e-05,-3.38657404081e-05
190,0.000416666666667,0.00788828120778,0.00662921437374,0.00788828120778,0.00037965663191,0.000375229395636,0.933403725601,0.00736295106793,-3.70100347564e-05,-4.14372710305e-05
191,0.000416666666667,0.0189339378007,0.0172618627743,0.0189339378007,0.00038647809056,0.000391916221854,0.937792834375,0.017756111196,-3.0188576107e-05,-2.47504448125e-05
192,0.000416666666667,2.73651155211e-05,0.049306203472,2.73651155211e-05,0.000407786672011,0.000363878486988,0.934992747551,2.55861845481e-05,-8.87999465614e-06,-5.27881796784e-05
193,0.000416666666667,0.0225983081403,0.00961747683043,0.0225983081403,0.000381561518376,0.000396837125396,0.91761887034,0.0207366339873,-3.51051482912e-05,-1.98295412706e-05
194,0.000416666666667,0.00519925641138,0.023612792917,0.00519925641138,0.000390610907131,0.000371269560483,0.928745219453,0.00482878453678,-2.60557595357e-05,-4.53971061838e-05
195,0.000416666666667,0.0203770881632,0.0578546261621,0.0203770881632,0.000413667030326,0.000394172984374,0.93868266178,0.0191276193563,-2.99963634035e-06,-2.2493682293e-05
196,0.000416666666667,0.00982001336602,0.0195376999761,0.00982001336602,0.000387954021879,0.000378089910672,0.934520709412,0.00917700585725,-2.87126447877e-05,-3.85767559951e-05
197,0.000416666666667,0.0472702792853,0.0665645350923,0.0472702792853,0.000419745694757,0.000436061526942,0.914982243921,0.0432514662113,3.07902808997e-06,1.93948602752e-05
198,0.000416666666667,0.0300544364113,0.139006510045,0.0300544364113,0.000473891039766,0.000408676909102,0.923624928064,0.0277590266683,5.72243730993e-05,-7.98975756504e-06
199,0.000416666666667,0.0076342925841,0.047896636942,0.0076342925841,0.000406825108017,0.000374706343158,0.920812426278,0.00702975147728,-9.84155864936e-06,-4.19603235087e-05
200,0.000416666666667,0.0653356941323,0.110157013646,0.0653356941323,0.000451537878574,0.000468995888623,0.928181905037,0.0606434090467,3.48712119074e-05,5.23292219566e-05
201,0.000416666666667,0.0200461100093,0.0143051056596,0.0200461100093,0.000384568950604,0.000393290306852,0.927467959324,0.0185921247427,-3.2097716063e-05,-2.3376359815e-05
202,0.000416666666667,0.0730807097383,0.279814634365,0.0730807097383,0.000599926920582,0.000484463661648,0.935872325698,0.0683942137864,0.000183260253916,6.77969949811e-05
203,0.000416666666667,0.0162350885541,0.0925406281607,0.0162350885541,0.000438410075911,0.000387468215252,0.925750157845,0.0150296357916,2.1743409244e-05,-2.91984514145e-05
204,0.000416666666667,0.03811560897,0.133382825193,0.03811560897,0.000469448534537,0.000421385078277,0.920190195587,0.035073609673,5.27818678705e-05,4.71841161071e-06
205,0.000416666666667,0.0127019031592,0.0156104050613,0.0127019031592,0.000385410600136,0.000382050126019,0.918439820989,0.0116659336637,-3.12560665309e-05,-3.4616540648e-05
206,0.000416666666667,0.0112399762105,0.141909936407,0.0112399762105,0.000476201070727,0.000380282606576,0.939350833933,0.0105582810267,5.95344040603e-05,-3.6384060091e-05
207,0.000416666666667,0.0125160146033,0.125861884913,0.0125160146033,0.000463572289953,0.000382226755189,0.940901764619,0.0117763402263,4.69056232864e-05,-3.44399114781e-05
208,0.000416666666667,0.00255900687457,0.0442384658054,0.00255900687457,0.000404340178093,0.000367465400969,0.925616922475,0.00236866006783,-1.23264885737e-05,-4.92012656979e-05
209,0.000416666666667,0.0207812670986,0.00586892756994,0.0207812670986,0.000379173501815,0.000394283220495,0.923640124835,0.0191944121372,-3.74931648518e-05,-2.23834461721e-05
210,0.000416666666667,0.00713986634712,0.0465821837641,0.00713986634712,0.000405930470651,0.000374129207985,0.933008988151,0.00666155947606,-1.07361960159e-05,-4.25374586813e-05
211,0.000416666666667,0.00106077449769,0.0402553513148,0.00106077449769,0.000401651777296,0.00036534453363,0.929536166796,0.000986028260414,-1.5014889371e-05,-5.13221330364e-05
212,0.000416666666667,0.00563768024189,0.0215572358638,0.00563768024189,0.000389268455448,0.000371850441738,0.922758375348,0.00520221666073,-2.73982112182e-05,-4.48162249287e-05
213,0.000416666666667,0.00134622004686,0.0711775248848,0.00134622004686,0.000423001209212,0.000365771503056,0.939684051519,0.00126502150787,6.3345425456e-06,-5.08951636106e-05
214,0.000416666666667,0.00521695581322,0.0452360137981,0.00521695581322,0.000405016285457,0.000371342242354,0.934556817491,0.00487554162179,-1.16503812093e-05,-4.53244243128e-05
215,0.000416666666667,0.00786629355162,0.0485134213807,0.00786629355162,0.000407245580536,0.000375253464199,0.937960452573,0.00737827225976,-9.42108613075e-06,-4.1413202468e-05
216,0.000416666666667,0.012825586421,0.0355986731348,0.012825586421,0.00039853141102,0.000382399443786,0.926603582076,0.0118842343199,-1.8135255647e-05,-3.42672228804e-05
217,0.000416666666667,0.0215663399832,0.0198997948164,0.0215663399832,0.000388189367659,0.000395949245463,0.936718977458,0.0202015999365,-2.84772990079e-05,-2.07174212041e-05
218,0.000416666666667,0.0144606033901,0.0204964255052,0.0144606033901,0.000388577462932,0.000384871486881,0.928275468817,0.0134234233914,-2.80892037346e-05,-3.17951797852e-05
219,0.000416666666667,0.0070502832984,0.0476312039291,0.0070502832984,0.000406644291425,0.000374064902453,0.939040228362,0.00662049963855,-1.00223752413e-05,-4.26017642132e-05
220,0.000416666666667,0.00079783439951,0.068495758593,0.00079783439951,0.000421105552444,0.000364973724638,0.93185637557,0.000743467071832,4.4388857775e-06,-5.16929420288e-05
221,0.000416666666667,0.00805314775351,0.0461889058521,0.00805314775351,0.000405663182128,0.000375479434927,0.934053307227,0.00752206929275,-1.10034845387e-05,-4.11872317399e-05
222,0.000416666666667,0.0133407686555,0.399373507581,0.0133407686555,0.000732929325271,0.000383430306756,0.939023500184,0.0125272952781,0.000316262658605,-3.32363599111e-05
223,0.000416666666667,0.0200625798082,0.0163588184406,0.0200625798082,0.000385894003355,0.000393346078251,0.928394820059,0.0186259951709,-3.07726633116e-05,-2.33205884155e-05
224,0.000416666666667,0.033226560353,0.0508989865545,0.033226560353,0.000408875956169,0.000413541111339,0.920507308125,0.0305852916288,-7.7907104975e-06,-3.12555532795e-06
225,0.000416666666667,0.0250310555052,0.00105241605929,0.0250310555052,0.000376127064916,0.000401019694762,0.928488352901,0.0232410434974,-4.05396017511e-05,-1.56469719043e-05
226,0.000416666666667,0.00303491398482,0.103959533742,0.00303491398482,0.000446875264676,0.000368208235449,0.939414122374,0.00285104105753,3.02085980092e-05,-4.84584312177e-05
227,0.000416666666667,0.0170525236912,0.0222636821972,0.0170525236912,0.000389729303188,0.000389032668497,0.937816841082,0.0159921439006,-2.69373634784e-05,-2.76339981697e-05
228,0.000416666666667,0.0148961944232,0.0300938737022,0.0148961944232,0.000394873983722,0.000385361983392,0.92155414402,0.0137276497008,-2.17926829445e-05,-3.1304683275e-05
229,0.000416666666667,0.0207633992611,0.0144956601206,0.0207633992611,0.000384691704353,0.000394404693908,0.927978689836,0.0192679920429,-3.19749623136e-05,-2.2261972759e-05
230,0.000416666666667,0.00471937311145,0.049981891322,0.00471937311145,0.000408248411505,0.000370522416619,0.92122551217,0.00434760691172,-8.41825516178e-06,-4.61442500474e-05
231,0.000416666666667,0.00982001336602,0.0195376999761,0.00982001336602,0.000387954021879,0.000378090084045,0.934531863374,0.00917711538931,-2.87126447877e-05,-3.85765826214e-05
232,0.000416666666667,0.0125361405627,0.0521985967342,0.0125361405627,0.000409766898385,0.000381734901349,0.914856330891,0.0114687675587,-6.89976828206e-06,-3.49317653172e-05
233,0.000416666666667,0.000422910823107,0.184781247275,0.000422910823107,0.000511650907118,0.000364445312153,0.939642302916,0.000397384899752,9.49842404512e-05,-5.22213545135e-05
234,0.000416666666667,0.0114022186759,0.109249956276,0.0114022186759,0.000450852435761,0.000380260358662,0.924759156653,0.0105443061267,3.41857690945e-05,-3.64063080045e-05
235,0.000416666666667,0.105412935739,0.170185569641,0.105412935739,0.000499295054837,0.000551409381248,0.942121303837,0.0993117724595,8.26283881702e-05,0.000134742714582
236,0.000416666666667,0.00383935430734,0.0221641650661,0.00383935430734,0.000389664350543,0.000369386717819,0.941389939901,0.00361432952065,-2.70023161234e-05,-4.7279948848e-05
237,0.000416666666667,0.00800266800739,0.0147062100523,0.00800266800739,0.000384827384601,0.000375465371019,0.938827177262,0.00751312221594,-3.18392820661e-05,-4.12012956476e-05
238,0.000416666666667,0.00118835875789,0.0462196524991,0.00118835875789,0.000405684072523,0.00036551602509,0.924068191627,0.00109812452841,-1.09825941432e-05,-5.1150641577e-05
239,0.000416666666667,0.0368506443482,0.0605337679802,0.0368506443482,0.000415527375222,0.000419769633448,0.926879928307,0.0341561225915,-1.13929144506e-06,3.10296678132e-06
240,0.000416666666667,0.0175708399769,0.0229832147506,0.0175708399769,0.000390199248524,0.000389745679639,0.93504526789,0.0164295307733,-2.64674181431e-05,-2.6920987028e-05
241,0.000416666666667,0.0210425241583,0.0137535947108,0.0210425241583,0.000384213892099,0.000394573263253,0.920519877497,0.0193700617605,-3.24527745673e-05,-2.20934034134e-05
242,0.000416666666667,0.00437333080189,0.0547479959863,0.00437333080189,0.000411520271575,0.00037003613701,0.922388548828,0.0040339102519,-5.14639509198e-06,-4.66305296568e-05
243,0.000416666666667,0.0180421524597,0.0105305924088,0.0180421524597,0.000382145493805,0.000390213220467,0.926491622281,0.0167159031018,-3.45211728615e-05,-2.64534462001e-05
244,0.000416666666667,0.0130297567164,0.146668143998,0.0130297567164,0.000480011180777,0.000382800926245,0.931321172912,0.0121348883079,6.33445141105e-05,-3.3865740422e-05
245,0.000416666666667,0.0140620228723,0.0323115542458,0.0140620228723,0.000396343371493,0.000384496409128,0.938024563929,0.0131905228728,-2.03232951741e-05,-3.21702575386e-05
246,0.000416666666667,0.0164660527133,0.0259203386751,0.0164660527133,0.000392123445167,0.000387921283449,0.929717592448,0.0153087788857,-2.45432215001e-05,-2.87453832173e-05
247,0.000416666666667,0.000422910823107,0.184781247275,0.000422910823107,0.000511650907118,0.000364445289072,0.939606532548,0.000397369772077,9.49842404512e-05,-5.22213775944e-05
248,0.000416666666667,0.0302920597752,0.166059188726,0.0302920597752,0.000495856318614,0.000409171288917,0.925912916889,0.028047809425,7.91896519477e-05,-7.49537775012e-06
249,0.000416666666667,0.00304929185595,0.0247540594899,0.00304929185595,0.000391358247972,0.000368427910579,0.981705635602,0.00299350699958,-2.53084186944e-05,-4.82387560881e-05
250,0.000416666666667,0.00685809833183,0.00936799936098,0.00685809833183,0.000381402122421,0.000373557935354,0.918118622473,0.0062965477932,-3.52645442458e-05,-4.31087313123e-05
251,0.000416666666667,0.0146300803084,0.0287038509517,0.0146300803084,0.000393955762934,0.000385132719939,0.928600453657,0.0135854992114,-2.27109037325e-05,-3.15339467277e-05
252,0.000416666666667,0.00569691234029,0.0525807209346,0.00569691234029,0.00041002923114,0.000371967723199,0.926386522206,0.00527754281023,-6.63743552673e-06,-4.46989434673e-05
253,0.000416666666667,0.0166617280995,0.0233026288975,0.0166617280995,0.000390408047744,0.000388475995338,0.939284491246,0.0156501028012,-2.62586189231e-05,-2.81906713282e-05
254,0.000416666666667,0.00967769174792,0.0191593319018,0.00967769174792,0.000387708251653,0.000377954160339,0.939400415511,0.00909122764918,-2.89584150133e-05,-3.87125063274e-05
255,0.000416666666667,0.00134622004686,0.0711775248848,0.00134622004686,0.000423001209212,0.000365771481351,0.939673522508,0.0012650073335,6.3345425456e-06,-5.08951853157e-05
256,0.000416666666667,0.0113195954371,0.0366628490504,0.0113195954371,0.000399242354688,0.000380309032907,0.934210023019,0.0105748795139,-1.74243119789e-05,-3.63576337595e-05
257,0.000416666666667,0.00531601451108,0.0962233584299,0.00531601451108,0.000441122531326,0.000371558025216,0.943244852785,0.00501430332491,2.44558646596e-05,-4.51086414509e-05
258,0.000416666666667,0.00294238941133,0.00125324420163,0.00294238941133,0.000376253598066,0.00036801529788,0.92640528602,0.00272584510419,-4.04130686007e-05,-4.86513687866e-05
259,0.000416666666667,0.0144606033901,0.0204964255052,0.0144606033901,0.000388577462932,0.000384899638196,0.929483654898,0.0134408944911,-2.80892037346e-05,-3.17670284704e-05
260,0.000416666666667,0.0227972751273,0.00908851463386,0.0227972751273,0.000381223633333,0.000397423580726,0.925083116195,0.0210893743155,-3.54430333334e-05,-1.92430859404e-05
261,0.000416666666667,0.0110443586869,0.0200170575327,0.0110443586869,0.000388265613886,0.000379699817875,0.922818231279,0.0101919355491,-2.84010527808e-05,-3.69668487918e-05
262,0.000416666666667,0.00413310927233,0.0484232839732,0.00413310927233,0.000407184105218,0.000369795136067,0.93834656226,0.00387828887714,-9.48256144913e-06,-4.68715305998e-05
263,0.000416666666667,0.00158802869479,0.0416570790208,0.00158802869479,0.000402595828094,0.000366072129627,0.920174584571,0.00146126364452,-1.40708385731e-05,-5.05945370401e-05
264,0.000416666666667,0.0026998865952,0.0521172275943,0.0026998865952,0.000409711059192,0.000367938337869,0.991111233129,0.00267588793268,-6.95560747466e-06,-4.87283287973e-05
265,0.000416666666667,0.0227972751273,0.00908851463386,0.0227972751273,0.000381223633333,0.000397455684342,0.925929472075,0.0211086689234,-3.54430333334e-05,-1.92109823246e-05
266,0.000416666666667,0.0216209209613,0.0520804882091,0.0216209209613,0.000409685849454,0.000396110096155,0.938841462701,0.0202986170602,-6.98081721284e-06,-2.05565705119e-05
267,0.000416666666667,0.0135092655137,0.0852939116842,0.0135092655137,0.000433121228236,0.000383271416559,0.919982734375,0.0124282910267,1.64545615698e-05,-3.33952501076e-05
268,0.000416666666667,0.0210425241583,0.0137535947108,0.0210425241583,0.000384213892099,0.000394789030565,0.926725632485,0.0195006465097,-3.24527745673e-05,-2.18776361018e-05
269,0.000416666666667,0.000131290435015,0.0497279960004,0.000131290435015,0.000408074847768,0.000364024295845,0.923770013837,0.000121282166971,-8.59181889862e-06,-5.2642370822e-05
270,0.000416666666667,0.0230855287571,0.0875687165089,0.0230855287571,0.000434774534505,0.000397896421444,0.925835370395,0.0213733990676,1.81078678387e-05,-1.87702452227e-05
271,0.000416666666667,0.0133435039389,0.0321242689454,0.0133435039389,0.000396219069152,0.000383156685946,0.926051888844,0.0123567770265,-2.04475975142e-05,-3.35099807204e-05
272,0.000416666666667,0.0168021793002,0.0188713995639,0.0168021793002,0.000387521328586,0.000388368233504,0.92748880632,0.0155838332227,-2.91453380809e-05,-2.82984331622e-05
273,0.000416666666667,0.0184613677837,0.0670280349629,0.0184613677837,0.00042007166396,0.000391023603343,0.932295872319,0.0172114569821,3.40499729369e-06,-2.56430633238e-05
274,0.000416666666667,0.00904286677453,0.102977518908,0.00904286677453,0.000446140887124,0.000376871861136,0.92959879927,0.00840623809556,2.94742204575e-05,-3.97948055306e-05
275,0.000416666666667,0.00811557972928,0.0863683373091,0.00811557972928,0.000433901325518,0.000375649085026,0.940163234864,0.00762996969108,1.72346588512e-05,-4.10175816409e-05
276,0.000416666666667,0.0208165627383,0.0143543227557,0.0208165627383,0.000384600652134,0.000394531053664,0.929284433042,0.0193445077021,-3.20660145327e-05,-2.21356130026e-05
277,0.000416666666667,0.0100287665323,0.0430341377518,0.0100287665323,0.000403525425217,0.000378404154866,0.934856047309,0.00937545303973,-1.31412414498e-05,-3.82625118011e-05
278,0.000416666666667,0.0107065008068,0.0920043955149,0.0107065008068,0.000438016515961,0.00037909636597,0.91645329993,0.00981200799512,2.13498492944e-05,-3.75703006969e-05
279,0.000416666666667,0.018803129684,0.0595717061545,0.018803129684,0.000414858377088,0.00039139831454,0.927518356826,0.0174402479477,-1.80828957909e-06,-2.52683521271e-05
280,0.000416666666667,0.00348042038026,0.0356866186645,0.00348042038026,0.000398590116742,0.000369060334262,0.977806888123,0.00340317902139,-1.80765499247e-05,-4.76063324042e-05
281,0.000416666666667,0.00778326698175,0.099628819291,0.00778326698175,0.000443645700474,0.000375031616377,0.929817081198,0.00723701458716,2.69790338073e-05,-4.16350502897e-05
282,0.000416666666667,0.00142228564479,0.00315100572791,0.00142228564479,0.00037745139941,0.000365976461481,0.983509300187,0.00139883115918,-3.92152672564e-05,-5.06902051856e-05
283,0.000416666666667,0.0180421524597,0.0105305924088,0.0180421524597,0.000382145493805,0.000390213947672,0.926516295153,0.0167163482535,-3.45211728615e-05,-2.64527189944e-05
284,0.000416666666667,0.000102179601985,0.0377068860175,0.000102179601985,0.000399941076605,0.000363982763077,0.920219397948,9.40276518208e-05,-1.67255900616e-05,-5.26839035899e-05
285,0.000416666666667,0.0161237508512,0.00543044014719,0.0161237508512,0.000378895141203,0.00038710465942,0.918235886591,0.0148054066581,-3.77715254641e-05,-2.95620072462e-05
286,0.000416666666667,0.0219366093905,0.0762671125693,0.0219366093905,0.000426622377101,0.000396322987264,0.93118136208,0.0204269618116,9.95571043422e-06,-2.03436794022e-05
287,0.000416666666667,0.00106077449769,0.0402553513148,0.00106077449769,0.000401651777296,0.000365344522134,0.929529081335,0.000986020744338,-1.5014889371e-05,-5.13221445322e-05
288,0.000416666666667,0.00435271828075,0.0548027952503,0.00435271828075,0.000411558042534,0.000370058573593,0.930083867799,0.004048393054,-5.10862413277e-06,-4.66080930735e-05
289,0.000416666666667,0.0108649520553,0.0204940176926,0.0108649520553,0.000388575895923,0.000379586662953,0.931503448657,0.010120740309,-2.80907707438e-05,-3.70800037132e-05
290,0.000416666666667,0.0156839288344,0.15372437345,0.0156839288344,0.00048571761678,0.000386989513872,0.939454964351,0.014734344804,6.90509501135e-05,-2.96771527951e-05
291,0.000416666666667,0.0103589747664,0.0388349069498,0.0103589747664,0.000400697379225,0.000378782852323,0.928121192219,0.00961438401032,-1.59692874419e-05,-3.78838143441e-05
292,0.000416666666667,0.0149413782894,0.118658962622,0.0149413782894,0.000458013486039,0.000385551935323,0.926645554796,0.0138453617744,4.13468193723e-05,-3.1114731344e-05
293,0.000416666666667,0.0472702792853,0.0665645350923,0.0472702792853,0.000419745694757,0.000436062314253,0.914991367461,0.0432518974836,3.07902808997e-06,1.93956475866e-05
294,0.000416666666667,0.000212162680575,0.0525646602236,0.000212162680575,0.000410018201893,0.000364153825791,0.972187820088,0.000206261973933,-6.64846477393e-06,-5.25128408754e-05
295,0.000416666666667,0.0168304435005,0.0648161762675,0.0168304435005,0.000418518387656,0.000388496580353,0.930620737301,0.0156627597395,1.85172098947e-06,-2.81700863136e-05
296,0.000416666666667,0.00437342469388,0.00505771235922,0.00437342469388,0.000378658686811,0.000370033363263,0.921959338753,0.00403211973885,-3.80079798555e-05,-4.66333034036e-05
297,0.000416666666667,0.0182925949455,0.107737154302,0.0182925949455,0.000449711559459,0.000390786174958,0.932966297776,0.017066374583,3.30448927927e-05,-2.58804917084e-05
298,0.000416666666667,0.0137985141566,0.012695018088,0.0137985141566,0.000383533306814,0.000383628588629,0.916822402359,0.0126507868981,-3.31333598522e-05,-3.30380780377e-05
299,0.000416666666667,0.0225983081403,0.00961747683043,0.0225983081403,0.000381561518376,0.000396834913633,0.917559958215,0.020735302673,-3.51051482912e-05,-1.98317530333e-05
300,0.000416666666667,0.000467411719972,0.0688411755739,0.000467411719972,0.000421349239469,0.000364504642247,0.933369761364,0.000436267965529,4.6825728024e-06,-5.21620244195e-05
301,0.000416666666667,0.00743022921907,0.0873521220093,0.00743022921907,0.000434616844243,0.000374476851235,0.926406364767,0.00688341164022,1.79501775758e-05,-4.21898154316e-05
302,0.000416666666667,0.0214728982202,0.0218500598981,0.0214728982202,0.000389459411997,0.000395661421163,0.932705965135,0.0200279002587,-2.72072546696e-05,-2.10052455032e-05
303,0.000416666666667,0.00893800513278,0.0913606083985,0.00893800513278,0.000437544484683,0.000376605611543,0.921618027004,0.00823742665582,2.08778180163e-05,-4.00610551237e-05
304,0.000416666666667,0.0168123591646,0.00726113463336,0.0168123591646,0.000380058658923,0.000388180899298,0.920072288483,0.0154685857714,-3.66080077432e-05,-2.84857673686e-05
305,0.000416666666667,0.0156362219152,0.0909485157328,0.0156362219152,0.000437242601194,0.000386634924433,0.928317454524,0.0145153777267,2.05759345277e-05,-3.00317422337e-05
306,0.000416666666667,0.0242263798424,0.0269716239082,0.0242263798424,0.000392814476742,0.000400158177428,0.938123366981,0.0227273330275,-2.38521899246e-05,-1.65084892389e-05
307,0.000416666666667,0.0326835584398,0.0494553928753,0.0326835584398,0.000407888577455,0.000413038578513,0.926913981328,0.0302948472774,-8.77808921153e-06,-3.62808815413e-06
308,0.000416666666667,0.00850008544761,0.0568882939339,0.00850008544761,0.000412998073479,0.000376766592034,0.981108738154,0.00833950810771,-3.66859318739e-06,-3.99000746324e-05
309,0.000416666666667,0.0105021183317,0.0510163447961,0.0105021183317,0.000408956330982,0.000379106740701,0.934910903179,0.00981854493475,-7.71033568485e-06,-3.75599259656e-05
310,0.000416666666667,0.0203770881632,0.0578546261621,0.0203770881632,0.000413667030326,0.000394171381876,0.938635005243,0.0191266482549,-2.99963634035e-06,-2.24952847906e-05
311,0.000416666666667,0.0076962700955,0.016974375845,0.0076962700955,0.000386292048749,0.000374933737337,0.932226284204,0.00717466527336,-3.03746179174e-05,-4.17329293297e-05
312,0.000416666666667,0.00829494764981,0.0476435689865,0.00829494764981,0.000406652712886,0.000375873241597,0.937011633111,0.00777246244391,-1.00139537804e-05,-4.07934250692e-05
313,0.000416666666667,0.0230855287571,0.0875687165089,0.0230855287571,0.000434774534505,0.000397895709133,0.925816847313,0.0213729714525,1.81078678387e-05,-1.87709575335e-05
314,0.000416666666667,0.00229557546022,0.0384741367589,0.00229557546022,0.000400455338707,0.000367106935269,0.930281375548,0.0021355310968,-1.62113279592e-05,-4.95597313976e-05
315,0.000416666666667,0.0077793315043,0.0490143564374,0.0077793315043,0.00040758739633,0.000375120258378,0.937544033038,0.00729346583288,-9.07927033653e-06,-4.15464082887e-05
316,0.000416666666667,0.0312526503431,0.0456512628467,0.0312526503431,0.000405298061643,0.0004106891776,0.925754462817,0.02893228053,-1.13686050235e-05,-5.9774890667e-06
317,0.000416666666667,0.00776013486739,0.0882291902056,0.00776013486739,0.000435255741551,0.000375109667624,0.938994229733,0.00728672186244,1.8589074884e-05,-4.15569990423e-05
318,0.000416666666667,0.0289869181235,0.0135222467893,0.0289869181235,0.000384065049703,0.000407658357745,0.937076368527,0.0271629559699,-3.26016169642e-05,-9.00830892183e-06
319,0.000416666666667,0.00646738790755,0.0525022142835,0.00646738790755,0.000409975321697,0.000373099141136,0.928195324139,0.00600299921519,-6.69134496961e-06,-4.35675255307e-05
320,0.000416666666667,0.0148654505246,0.0195850802776,0.0148654505246,0.000387984808883,0.00038557759883,0.932448083294,0.013861260849,-2.86818577832e-05,-3.10890678368e-05
321,0.000416666666667,0.0216209209613,0.0520804882091,0.0216209209613,0.000409685849454,0.000396110096109,0.938841461428,0.0202986170327,-6.98081721284e-06,-2.05565705576e-05
322,0.000416666666667,0.00149849831738,0.0636147201336,0.00149849831738,0.000417677074447,0.000365950488982,0.922175768827,0.00138187883792,1.01040777986e-06,-5.07161776845e-05
323,0.000416666666667,0.0130384231354,0.00277203479789,0.0130384231354,0.000377211901768,0.000382731311489,0.927370209081,0.0120914451892,-3.9454764899e-05,-3.39353551775e-05
324,0.000416666666667,0.0222647907623,0.0105041469637,0.0222647907623,0.000382128568281,0.000396919950306,0.933603338995,0.0207864829977,-3.45380983859e-05,-1.97467163604e-05
325,0.000416666666667,0.0293227298345,0.0405204870992,0.0293227298345,0.000401830173904,0.000408174095767,0.936644003774,0.0274649590738,-1.48364927622e-05,-8.49257089945e-06
326,0.000416666666667,0.00590176702588,0.0222593218101,0.00590176702588,0.000389726457033,0.000372278348175,0.928015732374,0.00547693264882,-2.6940209634e-05,-4.43883184917e-05
327,0.000416666666667,0.00829353840782,0.0273302302313,0.00829353840782,0.000393050474556,0.000375631908586,0.918672708878,0.0076190473953,-2.36161921111e-05,-4.1034758081e-05
328,0.000416666666667,0.00660448085217,0.05213774686,0.00660448085217,0.000409725139725,0.000373286111038,0.927048038408,0.00612267101871,-6.94152694186e-06,-4.33805556283e-05
329,0.000416666666667,0.00904286677453,0.102977518908,0.00904286677453,0.000446140887124,0.00037687184725,0.929597825998,0.00840622929439,2.94742204575e-05,-3.97948194167e-05
330,0.000416666666667,0.00437342469388,0.00505771235922,0.00437342469388,0.000378658686811,0.000370033513595,0.921981527944,0.00403221678161,-3.80079798555e-05,-4.66331530718e-05
331,0.000416666666667,0.016594727746,0.00526116534347,0.016594727746,0.000378787736841,0.000387762961099,0.916632744789,0.0152112708429,-3.78789298258e-05,-2.89037055676e-05
332,0.000416666666667,0.0144606033901,0.0204964255052,0.0144606033901,0.000388577462932,0.000384871393757,0.928271472,0.013423365595,-2.80892037346e-05,-3.17952729096e-05
333,0.000416666666667,0.00981489886152,0.0402813558812,0.00981489886152,0.000401669270964,0.000378085275577,0.93470932926,0.00917407753161,-1.49973957025e-05,-3.85813910898e-05
334,0.000416666666667,0.0165224991689,0.0257702733724,0.0165224991689,0.000392024903331,0.000387715427271,0.918867517588,0.0151819877957,-2.46417633357e-05,-2.89512393956e-05
335,0.000416666666667,0.0125361405627,0.0521985967342,0.0125361405627,0.000409766898385,0.000381734768965,0.914849722963,0.0114686847208,-6.89976828206e-06,-3.49318977019e-05
336,0.000416666666667,0.00681012851522,0.130132997917,0.00681012851522,0.000466900302265,0.000373705253597,0.938415389847,0.00639072940552,5.02336355983e-05,-4.29614130699e-05
337,0.000416666666667,0.00646738790755,0.0525022142835,0.00646738790755,0.000409975321697,0.000373098845215,0.928166030352,0.0060028097609,-6.69134496961e-06,-4.35678214514e-05
338,0.000416666666667,0.0502532186811,0.0744948063343,0.0502532186811,0.000425357902477,0.000442182533813,0.926927902846,0.0465811106034,8.69123581071e-06,2.55158671467e-05
339,0.000416666666667,0.00960945649034,0.0189779255676,0.00960945649034,0.000387590473798,0.000377870689444,0.940580624336,0.00903846858522,-2.90761928689e-05,-3.87959772225e-05
340,0.000416666666667,0.00829353840782,0.0273302302313,0.00829353840782,0.000393050474556,0.000375632107916,0.918687992457,0.00761917415025,-2.36161921111e-05,-4.10345587502e-05
341,0.000416666666667,0.00505070930883,0.0410280709303,0.00505070930883,0.000402171922756,0.000371123989164,0.937513725007,0.00473510929805,-1.44947439108e-05,-4.55426775029e-05
342,0.000416666666667,0.00850518786602,0.0148238335505,0.00850518786602,0.000384903203061,0.000376038737192,0.926212442943,0.00787761083107,-3.17634636052e-05,-4.06279294749e-05
343,0.000416666666667,0.0186839682613,0.0179264174257,0.0186839682613,0.00038690848774,0.00039119612723,0.926827936435,0.017316823748,-2.9758178927e-05,-2.54705394369e-05
344,0.000416666666667,0.0354602685127,0.0568373946919,0.0354602685127,0.000412962867782,0.000416949192427,0.917809324338,0.0325457650845,-3.70379888498e-06,2.82525760831e-07
345,0.000416666666667,0.0180981018175,0.0308220996578,0.0180981018175,0.000395355888989,0.000390319714529,0.927228928133,0.0167810835495,-2.13107776781e-05,-2.63469521378e-05
346,0.000416666666667,0.00535293348862,0.0232042358716,0.00535293348862,0.000390343716874,0.000371483618048,0.927802304621,0.00496646402723,-2.63229497922e-05,-4.51830486184e-05
347,0.000416666666667,0.0195192699507,0.0144575720775,0.0195192699507,0.00038466716519,0.00039224575449,0.919956054958,0.0179568705795,-3.19995014771e-05,-2.44209121768e-05
348,0.000416666666667,0.0147409652453,0.00175424580697,0.0147409652453,0.000376569443152,0.00038550800553,0.937397495439,0.0138181439013,-4.00972235151e-05,-3.11586611362e-05
349,0.000416666666667,0.00310406696302,0.0291829431695,0.00310406696302,0.00039427200013,0.000368297151706,0.937066178401,0.00290871616654,-2.23946665372e-05,-4.83695149604e-05
350,0.000416666666667,0.0019552543147,0.0322371104517,0.0019552543147,0.000396293958046,0.000366581529693,0.917231439016,0.00179342072872,-2.0372708621e-05,-5.00851369738e-05
351,0.000416666666667,0.00304929185595,0.0247540594899,0.00304929185595,0.000391358247972,0.000368427822223,0.981686849474,0.00299344971519,-2.53084186944e-05,-4.8238844444e-05
352,0.000416666666667,0.000131290435015,0.0497279960004,0.000131290435015,0.000408074847768,0.000364024861786,0.926598544419,0.000121653525981,-8.59181889862e-06,-5.26418048806e-05
353,0.000416666666667,0.0203770881632,0.0578546261621,0.0203770881632,0.000413667030326,0.000394173039818,0.938684310622,0.0191276529549,-2.99963634035e-06,-2.24936268489e-05
354,0.000416666666667,0.0302986013431,0.0431148830064,0.0302986013431,0.000403579999671,0.000409701395449,0.935920228103,0.0283570738802,-1.30866669953e-05,-6.96527121747e-06
355,0.000416666666667,0.0145860319087,0.117714259157,0.0145860319087,0.000457289379667,0.000385086188397,0.929426039867,0.0135566378742,4.06227130007e-05,-3.15804782701e-05
356,0.000416666666667,0.0298297364996,0.0418683858803,0.0298297364996,0.000402738333664,0.000408559133868,0.928274339141,0.0276901789359,-1.39283330023e-05,-8.10753279874e-06
357,0.000416666666667,0.00828907097647,0.0568998253062,0.00828907097647,0.00041300604985,0.000375692810369,0.923839582183,0.00765777186759,-3.66061681656e-06,-4.09738562977e-05
358,0.000416666666667,0.00981489886152,0.0402813558812,0.00981489886152,0.000401669270964,0.000378085097812,0.934697886697,0.00917396522401,-1.49973957025e-05,-3.85815688546e-05
359,0.000416666666667,0.00829353840782,0.0273302302313,0.00829353840782,0.000393050474556,0.000375632169532,0.918692716793,0.00761921333171,-2.36161921111e-05,-4.10344971347e-05
360,0.000416666666667,0.0145891567472,0.0589595081534,0.0145891567472,0.000414433227984,0.000384912788779,0.921852833717,0.0134490554889,-2.23343868227e-06,-3.17538778875e-05
361,0.000416666666667,0.0110443586869,0.0200170575327,0.0110443586869,0.000388265613886,0.000379714017278,0.923627018471,0.010200868085,-2.84010527808e-05,-3.69526493884e-05
362,0.000416666666667,0.0224742074412,0.000643123569571,0.0224742074412,0.00037586931909,0.00039720305468,0.932481991918,0.0209567937215,-4.07973475766e-05,-1.94636119872e-05
363,0.000416666666667,0.000131290435015,0.0497279960004,0.000131290435015,0.000408074847768,0.000364024316664,0.923874067501,0.000121295828221,-8.59181889862e-06,-5.26423500026e-05
364,0.000416666666667,0.0535832125862,0.0833477367485,0.0535832125862,0.000431711758142,0.000447347108319,0.921087508726,0.0493548277906,1.50450914751e-05,3.06804416522e-05
365,0.000416666666667,0.0283719333588,0.0578512788363,0.0283719333588,0.000413664711225,0.000406351717485,0.930359828773,0.0263961070616,-3.00195544212e-06,-1.0314949182e-05
366,0.000416666666667,0.0107065008068,0.0920043955149,0.0107065008068,0.000438016515961,0.000379096774077,0.916477317572,0.00981226514002,2.13498492944e-05,-3.75698925894e-05
367,0.000416666666667,0.000999360355639,0.0316336132744,0.000999360355639,0.000395893602956,0.000365306858539,0.962010039379,0.000961394695082,-2.07730637106e-05,-5.13598081277e-05
368,0.000416666666667,0.0124970413923,0.0161550387809,0.0124970413923,0.000385762321215,0.00038185584156,0.923773226333,0.0115444322466,-3.09043454522e-05,-3.48108251066e-05
369,0.000416666666667,0.00544157839558,0.00789744440153,0.00544157839558,0.0003804639087,0.000371613670214,0.928053049574,0.00505007342451,-3.62027579668e-05,-4.50529964525e-05
370,0.000416666666667,0.0210425241583,0.0137535947108,0.0210425241583,0.000384213892099,0.000394574037057,0.920542139199,0.0193705302029,-3.24527745673e-05,-2.20926296092e-05
371,0.000416666666667,0.00590176702588,0.0222593218101,0.00590176702588,0.000389726457033,0.000372278112533,0.927990113772,0.0054767814538,-2.6940209634e-05,-4.43885541333e-05
372,0.000416666666667,0.0106094507608,0.0414903640348,0.0106094507608,0.000402483430916,0.000379154252618,0.92827416917,0.00984847909035,-1.41832357504e-05,-3.75124140488e-05
373,0.000416666666667,0.0194638164538,0.109691324726,0.0194638164538,0.000451185837883,0.000392945774953,0.944459232606,0.0183827811515,3.45191712163e-05,-2.37208917135e-05
374,0.000416666666667,0.0368949888589,0.157192409642,0.0368949888589,0.000488547063286,0.000419769904736,0.925770084809,0.0341562769649,7.18803966198e-05,3.10323806918e-06
375,0.000416666666667,0.00778326698175,0.099628819291,0.00778326698175,0.000443645700474,0.000375032008822,0.929849195749,0.00723726454329,2.69790338073e-05,-4.16346578448e-05
376,0.000416666666667,0.0207663554516,0.0568197425209,0.0207663554516,0.00041295065893,0.000394442533467,0.928950097063,0.0192909079124,-3.71600773709e-06,-2.22241331998e-05
377,0.000416666666667,0.057907296815,0.0904083034638,0.057907296815,0.000436847177595,0.00045669703989,0.937634121364,0.0542958573697,2.01805109286e-05,4.00303732229e-05
378,0.000416666666667,0.0237569104028,0.0488692250011,0.0237569104028,0.000407488335587,0.000399006515912,0.927683071093,0.0220388836022,-9.17833107989e-06,-1.76601507544e-05
379,0.000416666666667,0.00463169956297,0.0399141157014,0.00463169956297,0.000401422293475,0.000370520123608,0.938344253233,0.00434612866761,-1.52443731915e-05,-4.61465430583e-05
380,0.000416666666667,0.00120463280035,0.0708011091686,0.00120463280035,0.00042273461876,0.000365563782687,0.937490796483,0.00112933216347,6.06795209319e-06,-5.11028839794e-05
381,0.000416666666667,0.0343857724942,0.201772247617,0.0343857724942,0.000526420171425,0.000416754699561,0.943248152526,0.0324343163783,0.000109753504759,8.80328944816e-08
382,0.000416666666667,0.0182678478702,0.019032691182,0.0182678478702,0.00038762602654,0.00039090278682,0.938131424719,0.0171376421491,-2.90406401269e-05,-2.5763879847e-05
383,0.000416666666667,0.00997950337525,0.0410676075079,0.00997950337525,0.00040219855436,0.000378390700299,0.938619831257,0.00936695977411,-1.44681123069e-05,-3.82759663674e-05
384,0.000416666666667,0.0109773497148,0.0736049291864,0.0109773497148,0.000424724422213,0.000379922875691,0.941230630462,0.0103322177929,8.05775554666e-06,-3.67437909754e-05
385,0.000416666666667,0.00210776019111,0.0430388073069,0.00210776019111,0.000403528581095,0.000366827815118,0.926977840772,0.00195384699082,-1.31380855716e-05,-4.98388515483e-05
386,0.000416666666667,0.00559199399805,0.0225686833406,0.00559199399805,0.000389928438181,0.000371789994201,0.923352896153,0.00516338385337,-2.67382284857e-05,-4.48766724656e-05
387,0.000416666666667,0.0082400227519,0.0416342568781,0.0082400227519,0.000402580439834,0.000375770033458,0.935296596726,0.0077068652368,-1.4086226833e-05,-4.08966332082e-05
388,0.000416666666667,0.00867239228847,0.0466401163626,0.00867239228847,0.000405969859007,0.000376307896342,0.92806266986,0.00804852354131,-1.06968076599e-05,-4.03587703243e-05
389,0.000416666666667,0.00828907097647,0.0568998253062,0.00828907097647,0.00041300604985,0.000375693083837,0.923860558128,0.00765794573868,-3.66061681656e-06,-4.09735828293e-05
390,0.000416666666667,0.00203946764916,0.0428572486798,0.00203946764916,0.000403405894451,0.000366748020844,0.932538506377,0.00190188211536,-1.32607722155e-05,-4.99186458229e-05
391,0.000416666666667,0.0255394603598,0.0477241270115,0.0255394603598,0.000406707582753,0.00040229141969,0.939618188886,0.0239973414884,-9.95908391338e-06,-1.43752469763e-05
392,0.000416666666667,0.0202343842087,0.0163587337446,0.0202343842087,0.000385893948615,0.00039380400446,0.93424716355,0.0189039160531,-3.07727180514e-05,-2.28626622065e-05
393,0.000416666666667,0.00591884652027,0.348171001565,0.00591884652027,0.000672695994413,0.00037235073679,0.933184346171,0.0055233749201,0.000256029327747,-4.43159298763e-05
394,0.000416666666667,0.0315551388962,0.147431386525,0.0315551388962,0.000480625174101,0.000411777371503,0.93691109363,0.0295643596929,6.39585074343e-05,-4.88929516334e-06
395,0.000416666666667,0.000579157095536,0.0679143956805,0.000579157095536,0.000420695726924,0.000364658897926,0.927783926302,0.000537332644042,4.02906025701e-06,-5.20077687405e-05
396,0.000416666666667,0.0145891567472,0.0589595081534,0.0145891567472,0.000414433227984,0.000384912547199,0.921842557767,0.0134489055715,-2.23343868227e-06,-3.17541194676e-05
397,0.000416666666667,0.00607629866898,0.0095848752417,0.00607629866898,0.00038154068481,0.000372546527702,0.929668426669,0.00564894302356,-3.51259818566e-05,-4.41201389645e-05
398,0.000416666666667,0.00303676765782,0.0595251656727,0.00303676765782,0.000414826041114,0.000368186586768,0.934215901481,0.00283699663504,-1.84062555242e-06,-4.84800798985e-05
399,0.000416666666667,0.0207982825328,0.0732408222076,0.0207982825328,0.000424465496043,0.000394478992056,0.928585586259,0.0193129853789,7.79882937615e-06,-2.21876746102e-05
400,0.000416666666667,0.00922886542374,0.0451607088669,0.00922886542374,0.000404965206663,0.000377086632111,0.925609274999,0.00854232343393,-1.17014600039e-05,-3.95800345559e-05
401,0.000416666666667,0.00703422187378,0.0252700011842,0.00703422187378,0.0003916965736,0.000374054324952,0.940224124576,0.00661374510335,-2.49700930671e-05,-4.26123417151e-05
402,0.000416666666667,0.00507314398169,0.0628661238209,0.00507314398169,0.000417153729276,0.000371056370886,0.924788338504,0.00469158439382,4.87062608944e-07,-4.56102957807e-05
403,0.000416666666667,0.00100277553813,0.0690406033257,0.00100277553813,0.000421489997267,0.000365276725651,0.939084248074,0.000941690712208,4.8233306002e-06,-5.13899410156e-05
404,0.000416666666667,0.0164660527133,0.0259203386751,0.0164660527133,0.000392123445167,0.000387921885327,0.929740099976,0.0153091494959,-2.45432215001e-05,-2.87447813398e-05
405,0.000416666666667,0.0102167036596,0.131974700842,0.0102167036596,0.000468342702655,0.000378602112288,0.92988698928,0.00950037980635,5.16760359887e-05,-3.80645543791e-05
406,0.000416666666667,0.0108627395647,0.0408169849779,0.0108627395647,0.000402029766349,0.000379542805675,0.929152379455,0.0100931403139,-1.46369003178e-05,-3.71238609918e-05
407,0.000416666666667,0.00295368881641,0.0276114809507,0.00295368881641,0.000393235664066,0.000368121859989,0.946274594474,0.00279500068695,-2.34310026011e-05,-4.85448066776e-05
408,0.000416666666667,0.0040632959311,0.056796096602,0.0040632959311,0.00041293430516,0.000369693345037,0.938284836265,0.00381252895741,-3.73236150704e-06,-4.697332163e-05
409,0.000416666666667,0.00423572434415,0.0788593949438,0.00423572434415,0.000428478647249,0.000369917357078,0.934249473411,0.00395722323804,1.18119805823e-05,-4.6749309589e-05
410,0.000416666666667,0.0198382282269,0.0169552666608,0.0198382282269,0.000386279685771,0.000392912867113,0.925625815055,0.0183627761717,-3.03869808952e-05,-2.37537995533e-05
411,0.000416666666667,0,0.0090388809999,0,0.000381191944229,0.000363839512047,0.943751396297,0,-3.54747224377e-05,-5.28271546197e-05
412,0.000416666666667,0.0181175375268,0.0757667894527,0.0181175375268,0.000426265034843,0.000390653882768,0.937516932192,0.016985498201,9.59836817609e-06,-2.60127838982e-05
413,0.000416666666667,0.000793050075047,0.11413633899,0.000793050075047,0.000454557300393,0.000364969806548,0.934244631708,0.000740902775288,3.78906337267e-05,-5.16968601182e-05
414,0.000416666666667,0.0201625734439,0.0139954826657,0.0201625734439,0.000384369577327,0.000393502665336,0.928505787224,0.018721066128,-3.22970893398e-05,-2.31640013302e-05
415,0.000416666666667,0.0179484717096,0.031219897663,0.0179484717096,0.000395619381101,0.000390183469864,0.930312682077,0.0166976908553,-2.10472855655e-05,-2.64831968023e-05
416,0.000416666666667,0.00477051279469,0.0501178483448,0.00477051279469,0.000408341382552,0.000370638250292,0.927000961443,0.00442226994726,-8.32528411505e-06,-4.60284163745e-05
417,0.000416666666667,0.0486324026663,0.214817770279,0.0486324026663,0.00053804855212,0.000439570476625,0.928720368518,0.0451659029261,0.000121381885453,2.29038099582e-05
418,0.000416666666667,0.000999360355639,0.0316336132744,0.000999360355639,0.000395893602956,0.000365324015942,0.973235769573,0.000972613244801,-2.07730637106e-05,-5.13426507244e-05
419,0.000416666666667,0.0211659294424,0.0465181566817,0.0211659294424,0.000405886943103,0.000395432996004,0.939715762861,0.0198899575326,-1.0779723564e-05,-2.12336706627e-05
420,0.000416666666667,0.0109343602929,0.0966680034925,0.0109343602929,0.000441451160838,0.00037951716903,0.921590753387,0.0100770053401,2.47844941709e-05,-3.71494976363e-05
421,0.000416666666667,0.00904286677453,0.102977518908,0.00904286677453,0.000446140887124,0.000376871847279,0.929597828035,0.00840622931281,2.94742204575e-05,-3.97948193877e-05
422,0.000416666666667,0.00559199399805,0.0225686833406,0.00559199399805,0.000389928438181,0.000371790034156,0.923357486622,0.00516340952324,-2.67382284857e-05,-4.48766325109e-05
423,0.000416666666667,0.00750897960305,0.0174722955843,0.00750897960305,0.000386614325025,0.000374670019227,0.933095464642,0.0070065948117,-3.00523416417e-05,-4.19966474393e-05
424,0.000416666666667,0.00485565163007,0.0660277166547,0.00485565163007,0.000419368478344,0.000370749070852,0.925453508501,0.0044936798371,2.70181167768e-06,-4.59175958148e-05
425,0.000416666666667,0.000473269282913,0.0361770306844,0.000473269282913,0.000398917636968,0.000364507743056,0.92611115729,0.000438299963308,-1.77490296988e-05,-5.21589236109e-05
426,0.000416666666667,0.0283719333588,0.0578512788363,0.0283719333588,0.000413664711225,0.000406351695102,0.930359365044,0.0263960939047,-3.00195544212e-06,-1.03149715642e-05
427,0.000416666666667,0.0133680240224,0.00189577682261,0.0133680240224,0.000376658716186,0.000383226133398,0.927591663367,0.0124000676388,-4.00079504805e-05,-3.3440533269e-05
428,0.000416666666667,0.0100287665323,0.0430341377518,0.0100287665323,0.000403525425217,0.00037844154189,0.93720919512,0.00939905220973,-1.31412414498e-05,-3.82251247769e-05
429,0.000416666666667,0.0144606033901,0.0204964255052,0.0144606033901,0.000388577462932,0.000384872053848,0.928299802529,0.0134237752715,-2.80892037346e-05,-3.17946128184e-05
430,0.000416666666667,1.36238732806e-14,0.00155150380966,1.36238732806e-14,0.000376441597138,0.000363839512047,0.996230997331,1.35725248659e-14,-4.02250695283e-05,-5.28271546196e-05
431,0.000416666666667,0.00198410050247,0.0254484300601,0.00198410050247,0.000391813645301,0.000366635420902,0.921593326879,0.00182853378293,-2.48530213656e-05,-5.00312457647e-05
432,0.000416666666667,0.00100868039626,0.0690563016422,0.00100868039626,0.000421501079268,0.000365271505528,0.930202566719,0.000938277093601,4.83441260124e-06,-5.13951611383e-05
433,0.000416666666667,0.0122124813901,0.0372286389333,0.0122124813901,0.000399620858011,0.000381706029133,0.937622757996,0.011450700483,-1.70458086561e-05,-3.4960637534e-05
434,0.000416666666667,0.00149849831738,0.0636147201336,0.00149849831738,0.000417677074447,0.000365956318475,0.924714997818,0.00138568386829,1.01040777986e-06,-5.07103481921e-05
435,0.000416666666667,0.00369040024535,0.0472463231974,0.00369040024535,0.000406382248158,0.000369079920127,0.925605607684,0.00341585516169,-1.02844185087e-05,-4.75867465394e-05
436,0.000416666666667,0.0239193206326,0.0696887391292,0.0239193206326,0.000421947781836,0.0003997298159,0.939470468197,0.0224714953536,5.28111516901e-06,-1.69368507666e-05
437,0.000416666666667,0.0121214595264,0.00520982154899,0.0121214595264,0.000378755165374,0.000381465175751,0.932225265127,0.0112999308207,-3.79115012931e-05,-3.52014909154e-05
438,0.000416666666667,0.00387840518235,0.0572876365206,0.00387840518235,0.000413274392652,0.000369399910389,0.934110858669,0.00362286039515,-3.39227401428e-06,-4.72667562781e-05
439,0.000416666666667,0.0148654505246,0.0195850802776,0.0148654505246,0.000387984808883,0.000385578155522,0.932471282748,0.0138616057193,-2.86818577832e-05,-3.10885111451e-05
440,0.000416666666667,0.0207982825328,0.0732408222076,0.0207982825328,0.000424465496043,0.000394573860211,0.931347245332,0.0193704231446,7.79882937615e-06,-2.20928064553e-05
441,0.000416666666667,0.0225983081403,0.00961747683043,0.0225983081403,0.000381561518376,0.000396836199675,0.917594213047,0.0207360767742,-3.51051482912e-05,-1.98304669912e-05
442,0.000416666666667,0.0280992526858,0.0372678210675,0.0280992526858,0.00039964708344,0.000406229404654,0.936829085524,0.0263241971976,-1.70195832265e-05,-1.04372620129e-05
443,0.000416666666667,0.017868402111,0.0100686697176,0.017868402111,0.000381849963392,0.000389985089696,0.927683071491,0.016576214153,-3.48167032743e-05,-2.66815769703e-05
444,0.000416666666667,0.00425280393624,0.0229841951532,0.00425280393624,0.000390199889236,0.000370199140745,0.973265910229,0.00413910909403,-2.64667774304e-05,-4.64675259217e-05
445,0.000416666666667,0.00584428939127,0.0633993811219,0.00584428939127,0.000417526463282,0.000372271128704,0.936349999256,0.00547230036716,8.59796615797e-07,-4.43955379622e-05
446,0.000416666666667,0.0224171645401,0.0871975307217,0.0224171645401,0.000434504330007,0.000397308111114,0.937672690494,0.0210199629876,1.78376633408e-05,-1.93585555525e-05
447,0.000416666666667,0.019606496814,0.0599032760354,0.019606496814,0.000415088822281,0.000392894814701,0.936006131319,0.0183518012316,-1.57784438525e-06,-2.3771851966e-05
448,0.000416666666667,0.000999360355639,0.0316336132744,0.000999360355639,0.000395893602956,0.000365306880938,0.962024695195,0.000961409341524,-2.07730637106e-05,-5.13597857283e-05
449,0.000416666666667,0.0302986013431,0.0431148830064,0.0302986013431,0.000403579999671,0.000409701395488,0.935920228843,0.0283570739026,-1.30866669953e-05,-6.965271179e-06
450,0.000416666666667,0.0169243136901,0.00755877050065,0.0169243136901,0.000380248162003,0.000388463109799,0.924243069503,0.0156421796342,-3.64185046635e-05,-2.8203556868e-05
451,0.000416666666667,0.00986816079635,0.0112003120508,0.00986816079635,0.000382574375484,0.000377907923513,0.918307329807,0.009062004391,-3.40922911826e-05,-3.8758743154e-05
452,0.000416666666667,0.00597654852453,0.175025150439,0.00597654852453,0.000503358537492,0.000372378635973,0.927169206458,0.00554127175284,8.66918708257e-05,-4.42880306932e-05
453,0.000416666666667,0.00491336828071,0.0687046586286,0.00491336828071,0.000421252911755,0.00037099608668,0.946962118656,0.00465277363684,4.58624508866e-06,-4.56705799866e-05
454,0.000416666666667,0.000474095214931,0.00189060343677,0.000474095214931,0.000376655452615,0.000364550427896,0.983494642702,0.000466270104015,-4.0011214052e-05,-5.2116238771e-05
455,0.000416666666667,0.011628681037,0.0387806969999,0.011628681037,0.000400661000463,0.000380856781547,0.938942531899,0.0109186632155,-1.60056662041e-05,-3.58098851193e-05
456,0.000416666666667,0.00203093732049,0.0320359039621,0.00203093732049,0.000396160434337,0.000366700481126,0.921208726138,0.00187091718187,-2.05062323294e-05,-4.99661855409e-05
457,0.000416666666667,0.0535832125862,0.0833477367485,0.0535832125862,0.000431711758142,0.000447347108485,0.921087510383,0.0493548278794,1.50450914751e-05,3.06804418185e-05
458,0.000416666666667,0.0147110914515,0.0305859778245,0.0147110914515,0.000395199570405,0.000385087261157,0.921570186791,0.0135573032968,-2.1467096262e-05,-3.15794055093e-05
459,0.000416666666667,0.023253137759,0.00577908599888,0.023253137759,0.00037911645193,0.000398318880676,0.930062672607,0.0216268754506,-3.75502147362e-05,-1.83477859909e-05
460,0.000416666666667,0.0109278212879,0.00838315956884,0.0109278212879,0.000380773539329,0.000379784179985,0.937515424665,0.0102450010154,-3.58931273377e-05,-3.68824866814e-05
461,0.000416666666667,0.0110443586869,0.0200170575327,0.0110443586869,0.000388265613886,0.000379714287743,0.923642423623,0.010201038225,-2.84010527808e-05,-3.6952378924e-05
462,0.000416666666667,0.0172513900466,0.0636970719727,0.0172513900466,0.000417734686853,0.000389362705131,0.938747535901,0.0161946998971,1.0680201863e-06,-2.73039615355e-05
463,0.000416666666667,0.0230915623,0.00830613966992,0.0230915623,0.000380724424366,0.000397944034792,0.926831209892,0.0214019806248,-3.59422423005e-05,-1.87226318744e-05
464,0.000416666666667,0.00203946764916,0.0428572486798,0.00203946764916,0.000403405894451,0.000366747967499,0.932521470797,0.00190184737184,-1.32607722155e-05,-4.99186991673e-05
465,0.000416666666667,0.0169859586597,0.0245381466061,0.0169859586597,0.000391216751161,0.000388594699227,0.925651615141,0.0157230800681,-2.54499155053e-05,-2.80719674395e-05
466,0.000416666666667,0.000131290435015,0.0497279960004,0.000131290435015,0.000408074847768,0.000364024299192,0.923786744682,0.00012128436357,-8.59181889862e-06,-5.26423674745e-05
467,0.000416666666667,0.017868402111,0.0100686697176,0.017868402111,0.000381849963392,0.000389984935424,0.927677783309,0.0165761196616,-3.48167032743e-05,-2.66817312422e-05
468,0.000416666666667,0.0217881760556,0.0541031889895,0.0217881760556,0.00041107609197,0.000396071452966,0.930564952205,0.0202753130098,-5.59057469692e-06,-2.05952137009e-05
469,0.000416666666667,0.0203770881632,0.0578546261621,0.0203770881632,0.000413667030326,0.000394173039811,0.938684310419,0.0191276529508,-2.99963634035e-06,-2.24936268558e-05
470,0.000416666666667,0.00138262599371,0.0626989119072,0.00138262599371,0.000417036920718,0.000365780984525,0.91941946868,0.00127121325652,3.70254051313e-07,-5.08856821415e-05
471,0.000416666666667,0.00172055399568,0.0721727076074,0.00172055399568,0.000423706841664,0.000366274978707,0.92620623545,0.00159358783923,7.04017499697e-06,-5.03916879592e-05
472,0.000416666666667,0.0300045372502,0.069174238179,0.0300045372502,0.00042158434419,0.000408762967537,0.926837197055,0.0278093212039,4.91767752313e-06,-7.90369912986e-06
473,0.000416666666667,0.0288791307828,0.135881910049,0.0288791307828,0.000471417555384,0.000407363085408,0.93458075816,0.026989879942,5.47508887168e-05,-9.30358125821e-06
474,0.000416666666667,0.0665018171215,0.221139593522,0.0665018171215,0.000543775683253,0.000471780535315,0.93316953808,0.0620574699647,0.000127109016586,5.51138686488e-05
475,0.000416666666667,0.00384246791057,0.0891520373663,0.00384246791057,0.00043592900042,0.000369301090232,0.926215070978,0.00355895168852,1.92623337535e-05,-4.73655764347e-05
476,0.000416666666667,0.00824824299001,0.0477677353108,0.00824824299001,0.000406737288427,0.000375808752462,0.93734828726,0.00773147643959,-9.92937823986e-06,-4.08579142043e-05
477,0.000416666666667,0.00887431233649,0.0301619599345,0.00887431233649,0.000394919015046,0.000376600240787,0.927848814783,0.00823402018343,-2.17476516211e-05,-4.00664258793e-05
478,0.000416666666667,0.0019552543147,0.0322371104517,0.0019552543147,0.000396293958046,0.000366581450535,0.917205058958,0.00179336914899,-2.0372708621e-05,-5.00852161321e-05
479,0.000416666666667,0.0124970413923,0.0161550387809,0.0124970413923,0.000385762321215,0.000381855242925,0.923743261674,0.011544057777,-3.09043454522e-05,-3.48114237421e-05
480,0.000416666666667,0.0233623116374,0.125650406833,0.0233623116374,0.000463408125909,0.000398089467294,0.919825943234,0.021489260338,4.67414592421e-05,-1.85771993722e-05
481,0.000416666666667,0.0153771597858,0.0711471483897,0.0153771597858,0.000422979689307,0.000386276603116,0.929554107099,0.0142939020344,6.31302264061e-06,-3.03900635509e-05
482,0.000416666666667,0.0160664661552,0.0362232894672,0.0160664661552,0.000398948544647,0.000387496535757,0.936552814859,0.0150470941025,-1.77181220202e-05,-2.91701309093e-05
483,0.000416666666667,0.011628681037,0.0387806969999,0.011628681037,0.000400661000463,0.000380857096165,0.938959500414,0.010918860537,-1.60056662041e-05,-3.58095705018e-05
484,0.000416666666667,0.00463169956297,0.0399141157014,0.00463169956297,0.000401422293475,0.00037052012361,0.938344253482,0.00434612866876,-1.52443731915e-05,-4.61465430565e-05
485,0.000416666666667,0.0148237821951,0.0887886101856,0.0148237821951,0.00043566373959,0.000385616378475,0.936689668827,0.0138852836351,1.89970729231e-05,-3.10502881918e-05
486,0.000416666666667,0.0115474143392,0.0389967479722,0.0115474143392,0.000400806005803,0.000380504116264,0.926387170619,0.0106973764976,-1.58606608634e-05,-3.61625504026e-05
487,0.000416666666667,0.0171986592648,0.0239726730017,0.0171986592648,0.000390846414876,0.000389179288382,0.935081685175,0.0160821512881,-2.58202517904e-05,-2.74873782844e-05
488,0.000416666666667,0.0145891567472,0.0589595081534,0.0145891567472,0.000414433227984,0.000384913053682,0.921864101724,0.0134492198797,-2.23343868227e-06,-3.17536129846e-05
489,0.000416666666667,0.000131290435015,0.0497279960004,0.000131290435015,0.000408074847768,0.000364024315723,0.923869365745,0.000121295210926,-8.59181889862e-06,-5.26423509434e-05
490,0.000416666666667,0.0250310555052,0.00105241605929,0.0250310555052,0.000376127064916,0.000401020709598,0.928512502145,0.0232416479785,-4.05396017511e-05,-1.56459570685e-05
491,0.000416666666667,0.0134059361853,0.0558138659698,0.0134059361853,0.000412255555869,0.000383558342242,0.940407591454,0.0126070441592,-4.41111079723e-06,-3.31083244246e-05
492,0.000416666666667,0.0228139481736,0.0112728966536,0.0228139481736,0.00038262088683,0.000397190190279,0.918256550466,0.0209490573524,-3.40457798369e-05,-1.94764763876e-05
493,0.000416666666667,1.36238732806e-14,0.00155150380966,1.36238732806e-14,0.000376441597138,0.000363839512047,0.99623100003,1.35725249026e-14,-4.02250695283e-05,-5.28271546196e-05
494,0.000416666666667,0.0238172319019,0.0856234525806,0.0238172319019,0.00043336034541,0.000398908202903,0.922862124792,0.0219800212397,1.66936787433e-05,-1.77584637633e-05
495,0.000416666666667,0.0920313455174,0.134313036872,0.0920313455174,0.000470180482572,0.00052237510932,0.938714593372,0.0863911670849,5.35138159056e-05,0.000105708442653
496,0.000416666666667,0.0110443586869,0.0200170575327,0.0110443586869,0.000388265613886,0.000379625615985,0.918591256136,0.0101452513195,-2.84010527808e-05,-3.70410506817e-05
497,0.000416666666667,0.0200625798082,0.0163588184406,0.0200625798082,0.000385894003355,0.000393332255504,0.927976418244,0.0186176009511,-3.07726633116e-05,-2.33344111623e-05
498,0.000416666666667,0.00100868039626,0.0690563016422,0.00100868039626,0.000421501079268,0.000365273761307,0.931665009552,0.000939752231017,4.83441260124e-06,-5.13929053599e-05
499,0.000416666666667,0.0407422517388,0.126399783686,0.0407422517388,0.000463990106646,0.000427009076121,0.938596358186,0.0382405291063,4.73234399792e-05,1.03424094544e-05
500,0.000416666666667,0.0233623116374,0.125650406833,0.0233623116374,0.000463408125909,0.000398089355542,0.919823073027,0.0214891932834,4.67414592421e-05,-1.85773111245e-05
501,0.000416666666667,0.00685809833183,0.00936799936098,0.00685809833183,0.000381402122421,0.000373658807351,0.927522424879,0.0063610399948,-3.52645442458e-05,-4.30078593152e-05
502,0.000416666666667,0.0298215223093,0.0418465481061,0.0298215223093,0.000402723603909,0.000408117085065,0.919858937224,0.0274315938178,-1.39430627573e-05,-8.54958160147e-06
503,0.000416666666667,0.0354602685127,0.0568373946919,0.0354602685127,0.000412962867782,0.000416949162738,0.917808844688,0.032545748076,-3.70379888498e-06,2.82496071758e-07
504,0.000416666666667,0.0257387590844,0.00126845443889,0.0257387590844,0.000376263183114,0.000402529711144,0.937838064961,0.0241387880142,-4.04034835524e-05,-1.41369555223e-05
505,0.000416666666667,0.00850518786602,0.0148238335505,0.00850518786602,0.000384903203061,0.000376039112923,0.926240504607,0.0078778495008,-3.17634636052e-05,-4.06275537439e-05
506,0.000416666666667,0.00079783439951,0.068495758593,0.00079783439951,0.000421105552444,0.00036497193456,0.930387950244,0.000742295511594,4.4388857775e-06,-5.16947321069e-05
507,0.000416666666667,0.0227972751273,0.00908851463386,0.0227972751273,0.000381223633333,0.00039745700242,0.925964219451,0.0211094610689,-3.54430333334e-05,-1.92096642463e-05
508,0.000416666666667,0.0104322935797,0.0826215129413,0.0104322935797,0.000431186984041,0.00037909666845,0.940560051379,0.00981219858533,1.4520317374e-05,-3.75699982165e-05
509,0.000416666666667,0.0215973655234,0.0122785253455,0.0215973655234,0.000383265863846,0.00039608148865,0.939066632789,0.0202813653192,-3.34008028207e-05,-2.05851780168e-05
510,0.000416666666667,0.00110825086431,0.0095155552364,0.00110825086431,0.000381496390662,0.000365426780246,0.938231386627,0.00103979574515,-3.5170276005e-05,-5.12398864211e-05
511,0.000416666666667,0.0233294212989,0.0296510069028,0.0233294212989,0.00039458120284,0.000398902304316,0.942007470778,0.0219764891525,-2.20854638267e-05,-1.77643623502e-05
512,0.000416666666667,0.0106742409991,0.0836500579894,0.0106742409991,0.000431930405693,0.000379424603915,0.938590239859,0.0100187384197,1.52637390265e-05,-3.72420627513e-05
513,0.000416666666667,0.0081209585374,0.0481061264412,0.0081209585374,0.000406967871891,0.000375620556697,0.937306668159,0.00761182858895,-9.69879477606e-06,-4.10461099698e-05
514,0.000416666666667,0.0097077351278,0.0438876133933,0.0097077351278,0.0004041026495,0.000377840922639,0.929120034708,0.00901965119888,-1.25640171663e-05,-3.88257440275e-05
515,0.000416666666667,0.0502532186811,0.0744948063343,0.0502532186811,0.000425357902477,0.000442182533771,0.926927902391,0.0465811105805,8.69123581071e-06,2.55158671044e-05
516,0.000416666666667,0.00891502240006,0.00352735169312,0.00891502240006,0.000377689388642,0.000376830816792,0.940011361094,0.00838022234046,-3.89772780242e-05,-3.98358498746e-05
517,0.000416666666667,0.0269420299691,0.0379340936161,0.0269420299691,0.000400093297273,0.000404053021146,0.92944110355,0.0250410300664,-1.6573369394e-05,-1.26136455208e-05
518,0.000416666666667,0.00776013486739,0.0882291902056,0.00776013486739,0.000435255741551,0.000375110002634,0.939021720257,0.00728693519261,1.8589074884e-05,-4.15566640325e-05
519,0.000416666666667,0.0242930182012,0.0271487848188,0.0242930182012,0.000392931048124,0.000400021332514,0.932186869348,0.022645632584,-2.37356185423e-05,-1.6645334153e-05
520,0.000416666666667,0.00700357965472,0.0365670179464,0.00700357965472,0.000399178280904,0.000373806016712,0.921689611444,0.00645512661068,-1.74883857629e-05,-4.28606499546e-05
521,0.000416666666667,0.00631820225659,0.0859914708479,0.00631820225659,0.000433627538067,0.00037294907476,0.934902717747,0.00590690446096,1.69608714008e-05,-4.37175919069e-05
522,0.000416666666667,0.0216105141999,0.0214842019635,0.0216105141999,0.000389220843137,0.000395949953736,0.934823994989,0.0202020272182,-2.74458235302e-05,-2.07167129306e-05
523,0.000416666666667,0.0264173065418,0.0787110435748,0.0264173065418,0.000428372198904,0.000403321273463,0.931512383262,0.0246080481761,1.17055322369e-05,-1.33453932037e-05
524,0.000416666666667,0.0179484717096,0.031219897663,0.0179484717096,0.000395619381101,0.000390183469788,0.930312679487,0.0166976908089,-2.10472855655e-05,-2.64831968783e-05
525,0.000416666666667,0.0230481341506,0.120379957522,0.0230481341506,0.000459335560835,0.000397493981476,0.916850089629,0.0211316838618,4.26688941681e-05,-1.91726851908e-05
526,0.000416666666667,0.00982001336602,0.0195376999761,0.00982001336602,0.000387954021879,0.000378090084028,0.934531862249,0.00917711537826,-2.87126447877e-05,-3.85765826388e-05
527,0.000416666666667,0.0126938206271,0.0156318928166,0.0126938206271,0.000385424470716,0.000382387287876,0.935623826204,0.0118766410243,-3.12421959502e-05,-3.42793787905e-05
528,0.000416666666667,0.00658301796641,0.0240704564077,0.00658301796641,0.000390910429468,0.000373256132033,0.927156320604,0.00610348671621,-2.57562371985e-05,-4.34105346341e-05
529,0.000416666666667,0.00413330931383,0.048423815792,0.00413330931383,0.0004071844679,0.000369717482089,0.926164371193,0.00382812382159,-9.48219876643e-06,-4.6949184578e-05
530,0.000416666666667,0.00746247325259,0.0498567375749,0.00746247325259,0.000408162846738,0.000374553903153,0.928988956759,0.00693255524176,-8.50381992828e-06,-4.21127635136e-05
531,0.000416666666667,0.00203093732049,0.0320359039621,0.00203093732049,0.000396160434337,0.00036670048113,0.921208727474,0.00187091718458,-2.05062323294e-05,-4.99661855368e-05
532,0.000416666666667,0.00660448085217,0.05213774686,0.00660448085217,0.000409725139725,0.000373286222276,0.927058816085,0.00612274219967,-6.94152694186e-06,-4.33804443905e-05
533,0.000416666666667,1.36238732806e-14,3.62196465113e-14,1.36238732806e-14,0.000375464678399,0.000363839512047,0.999970034091,1.36234650289e-14,-4.1201988268e-05,-5.28271546196e-05
534,0.000416666666667,0.00413330931383,0.048423815792,0.00413330931383,0.0004071844679,0.000369717538464,0.926173183242,0.00382816024451,-9.48219876643e-06,-4.69491282023e-05
535,0.000416666666667,0.0230915623,0.00830613966992,0.0230915623,0.000380724424366,0.000397943000386,0.926804321195,0.0214013597228,-3.59422423005e-05,-1.87236662811e-05
536,0.000416666666667,0.0110443586869,0.0200170575327,0.0110443586869,0.000388265613886,0.000379714236628,0.923639512225,0.0102010060705,-2.84010527808e-05,-3.69524300387e-05
537,0.000416666666667,0.000702662810476,0.0961151240628,0.000702662810476,0.000441042574199,0.000364841239925,0.934649855292,0.00065674369413,2.43759075319e-05,-5.18254267416e-05
538,0.000416666666667,0.0227972751273,0.00908851463386,0.0227972751273,0.000381223633333,0.000397424123056,0.92509741435,0.0210897002745,-3.54430333334e-05,-1.92425436103e-05
539,0.000416666666667,0.00884982002866,0.102464295924,0.00884982002866,0.000445757565244,0.000376396266009,0.915793823807,0.00810461052405,2.90908985771e-05,-4.02704006575e-05
540,0.000416666666667,0.0110443586869,0.0200170575327,0.0110443586869,0.000388265613886,0.000379625616019,0.918591258094,0.0101452513411,-2.84010527808e-05,-3.70410506474e-05
541,0.000416666666667,0.00210776019111,0.0430388073069,0.00210776019111,0.000403528581095,0.000366845912925,0.932568782243,0.00196563135469,-1.31380855716e-05,-4.9820753742e-05
542,0.000416666666667,0.0340685885797,0.0531375544046,0.0340685885797,0.000410411804569,0.000415820267083,0.936291787027,0.0318981396828,-6.25486209762e-06,-8.46399583432e-07
543,0.000416666666667,0.00471937311145,0.049981891322,0.00471937311145,0.000408248411505,0.000370522255912,0.921203559363,0.00434750330823,-8.41825516178e-06,-4.61444107547e-05
544,0.000416666666667,0.00569691234029,0.0525807209346,0.00569691234029,0.00041002923114,0.00037196721882,0.926329667539,0.00527721891418,-6.63743552673e-06,-4.46994478468e-05
545,0.000416666666667,0.03811560897,0.133382825193,0.03811560897,0.000469448534537,0.000421389594631,0.920257362719,0.0350761697892,5.27818678705e-05,4.72292796465e-06
546,0.000416666666667,0.0472702792853,0.0665645350923,0.0472702792853,0.000419745694757,0.000436027620943,0.914589318005,0.0432328924935,3.07902808997e-06,1.93609542759e-05
547,0.000416666666667,0.00966402691175,0.133444015481,0.00966402691175,0.000469496647806,0.000377924698404,0.938801929342,0.00907260710997,5.28299811394e-05,-3.8741968263e-05
548,0.000416666666667,0.0245332711728,0.0837198317275,0.0245332711728,0.000431980883824,0.000400538942777,0.935648330433,0.0229545142128,1.53142171577e-05,-1.61277238896e-05
549,0.000416666666667,0.0256330477718,0.127252060315,0.0256330477718,0.00046465288974,0.000401778838748,0.924306643002,0.0236927963358,4.79862230736e-05,-1.48878279188e-05
550,0.000416666666667,0.0110443586869,0.0200170575327,0.0110443586869,0.000388265613886,0.000379699876427,0.922821566453,0.010191972384,-2.84010527808e-05,-3.69667902392e-05
551,0.000416666666667,0.0174223304209,0.00888276915891,0.0174223304209,0.000381092290189,0.000389305871205,0.927535559921,0.016159831002,-3.55743764777e-05,-2.73607954616e-05
552,0.000416666666667,0.0228139481736,0.0112728966536,0.0228139481736,0.00038262088683,0.000397190520268,0.918265249155,0.0209492558038,-3.40457798369e-05,-1.94761463984e-05
553,0.000416666666667,0.0207982825328,0.0732408222076,0.0207982825328,0.000424465496043,0.000394521476739,0.92982241855,0.0193387093663,7.79882937615e-06,-2.2145189928e-05
554,0.000416666666667,0.0125361405627,0.0521985967342,0.0125361405627,0.000409766898385,0.000381733333686,0.914778081453,0.0114677866128,-6.89976828206e-06,-3.49333329808e-05
555,0.000416666666667,0.00915028384732,0.0919249603889,0.00915028384732,0.000437958245788,0.000376913709359,0.921584576991,0.00843276046879,2.12915791209e-05,-3.97529573072e-05
556,0.000416666666667,0.00569691234029,0.0525807209346,0.00569691234029,0.00041002923114,0.000371967218796,0.926329664874,0.005277218899,-6.63743552673e-06,-4.46994478705e-05
557,0.000416666666667,0.00672326007876,0.0315048819498,0.00672326007876,0.000395808256001,0.000373521493461,0.933065867589,0.00627324449841,-2.08584106654e-05,-4.31451732055e-05
558,0.000416666666667,0.00463169956297,0.0399141157014,0.00463169956297,0.000401422293475,0.000370520173998,0.938351266805,0.00434616115237,-1.52443731915e-05,-4.6146492669e-05
559,0.000416666666667,0.00997950337525,0.0410676075079,0.00997950337525,0.00040219855436,0.000378390564423,0.938611236245,0.00936687400016,-1.44681123069e-05,-3.82761022433e-05
560,0.000416666666667,0.0125731272818,0.0828051483828,0.0125731272818,0.000431319619931,0.000381973189848,0.924020454915,0.0116178267906,1.46529532646e-05,-3.46934768184e-05
561,0.000416666666667,0.00248622385091,0.0308255053586,0.00248622385091,0.0003953581441,0.000367370009725,0.92777018944,0.00230664437315,-2.13085225663e-05,-4.92966569416e-05
562,0.000416666666667,0.00507314398169,0.0628661238209,0.00507314398169,0.000417153729276,0.000371056118472,0.924756309095,0.00469142190402,4.87062608944e-07,-4.56105481942e-05
563,0.000416666666667,0.0242479219178,0.0442905171372,0.0242479219178,0.00040437542896,0.000400257459272,0.939733714218,0.0227865897259,-1.2291237707e-05,-1.64092073945e-05
564,0.000416666666667,0.0125160146033,0.125861884913,0.0125160146033,0.000463572289953,0.000382225705436,0.940849349867,0.0117756842025,4.69056232864e-05,-3.44409612305e-05
565,0.000416666666667,0.0214728982202,0.0218500598981,0.0214728982202,0.000389459411997,0.000395661571538,0.932710192918,0.0200279910415,-2.72072546696e-05,-2.10050951288e-05
566,0.000416666666667,0.0264162987555,0.0378576018996,0.0264162987555,0.00040004204419,0.000403760910455,0.941399088447,0.0248682795686,-1.66246224763e-05,-1.29057562117e-05
567,0.000416666666667,0.00413310927233,0.0484232839732,0.00413310927233,0.000407184105218,0.000369795221564,0.938359924055,0.0038783441029,-9.48256144913e-06,-4.6871445103e-05
568,0.000416666666667,0.00396233854765,0.0696395582326,0.00396233854765,0.000421913027468,0.000369459154727,0.923991348617,0.00366116653832,5.24636080158e-06,-4.72075119393e-05
569,0.000416666666667,0.0238229574417,0.120322575366,0.0238229574417,0.000459291418207,0.000399604134449,0.940117552834,0.0223963804514,4.26247515402e-05,-1.70625322178e-05
570,0.000416666666667,0.0125361405627,0.0521985967342,0.0125361405627,0.000409766898385,0.000381734478245,0.914835211782,0.0114685028066,-6.89976828206e-06,-3.49321884219e-05
571,0.000416666666667,0.0186376314332,0.0293753212899,0.0186376314332,0.000394399055698,0.000391235511744,0.930422456595,0.0173408708232,-2.22676109683e-05,-2.54311549231e-05
572,0.000416666666667,0.0173320866261,0.0236179506873,0.0173320866261,0.000390614281405,0.000389341273475,0.933618209958,0.0161815516907,-2.60523852616e-05,-2.73253931916e-05
573,0.000416666666667,0.000131290435015,0.0497279960004,0.000131290435015,0.000408074847768,0.000364024315723,0.923869366348,0.000121295211005,-8.59181889862e-06,-5.26423509433e-05
574,0.000416666666667,0.00776087414889,0.00268491039186,0.00776087414889,0.000377156863386,0.000375067896112,0.935477195138,0.00726012078063,-3.95098032808e-05,-4.15987705542e-05
575,0.000416666666667,0.0348208356007,0.0551374351016,0.0348208356007,0.000411788771747,0.000416554349352,0.92816431111,0.0323194568876,-4.87789491922e-06,-1.12317314726e-07
576,0.000416666666667,0.00183618006332,0.0235908494459,0.00183618006332,0.000390596551779,0.000366441645658,0.927062988142,0.00170225457627,-2.60701148874e-05,-5.02250210088e-05
577,0.000416666666667,0.0081209585374,0.0481061264412,0.0081209585374,0.000406967871891,0.000375620256872,0.937283189991,0.00761163792372,-9.69879477606e-06,-4.10464097945e-05
578,0.000416666666667,0.000928185864372,0.0700661632326,0.000928185864372,0.000422214589153,0.000365170419773,0.939643705477,0.00087216400497,5.5479224862e-06,-5.14962468938e-05
579,0.000416666666667,0.0243684582065,0.0317270066721,0.0243684582065,0.000395955532909,0.000400478808557,0.940504716739,0.0229186498829,-2.07111337576e-05,-1.61878581101e-05
580,0.000416666666667,0.0140620228723,0.0323115542458,0.0140620228723,0.000396343371493,0.000384496409083,0.938024561937,0.0131905228448,-2.03232951741e-05,-3.21702575837e-05
581,0.000416666666667,0.00497134950918,0.0543819975471,0.00497134950918,0.000411268092243,0.000370889091855,0.922058529419,0.00458387521766,-5.39857442392e-06,-4.57775748119e-05
582,0.000416666666667,0.000999360355639,0.0316336132744,0.000999360355639,0.000395893602956,0.000365306886523,0.962028349131,0.000961412993123,-2.07730637106e-05,-5.13597801438e-05
583,0.000416666666667,0.000579157095536,0.0679143956805,0.000579157095536,0.000420695726924,0.000364658878065,0.927761463066,0.000537319634299,4.02906025701e-06,-5.20077886015e-05
584,0.000416666666667,0,0,0,0.000375464678399,0.000363839512047,0.99012060089,0,-4.1201988268e-05,-5.28271546197e-05
585,0.000416666666667,0.00118022118271,0.0342975689936,0.00118022118271,0.00039766390273,0.000365521104658,0.933252197144,0.00110144401188,-1.90027639366e-05,-5.11455620091e-05
586,0.000416666666667,0.012999308306,0.0839381687602,0.012999308306,0.000432138878869,0.000382636398165,0.925603229939,0.012032201755,1.54722122023e-05,-3.40302685016e-05
587,0.000416666666667,0.000422910823107,0.184781247275,0.000422910823107,0.000511650907118,0.000364445282957,0.939597055785,0.000397365764251,9.49842404512e-05,-5.22213837092e-05
588,0.000416666666667,0.0110443586869,0.0200170575327,0.0110443586869,0.000388265613886,0.000379625133776,0.918563783969,0.010144947907,-2.84010527808e-05,-3.70415328909e-05
589,0.000416666666667,0.0130006959483,0.0443737699431,0.0130006959483,0.000404431816875,0.000382835585822,0.93506645606,0.0121565146867,-1.22348497914e-05,-3.38310808443e-05
590,0.000416666666667,0.00376711982781,0.0034458250879,0.00376711982781,0.000377637821078,0.00036924018004,0.93428179998,0.00351955149346,-3.90288455883e-05,-4.74264866262e-05
591,0.000416666666667,0.00285408033152,0.0751862355777,0.00285408033152,0.000425850765075,0.000367866619749,0.921250884772,0.00262932403062,9.18409840819e-06,-4.88000469179e-05
592,0.000416666666667,0.0347669794777,0.120030038945,0.0347669794777,0.000459066443335,0.000416506868123,0.928818913557,0.0322922281062,4.23997766686e-05,-1.59798543243e-07
593,0.000416666666667,0.0181175375268,0.0757667894527,0.0181175375268,0.000426265034843,0.000390654318743,0.937531645922,0.0169857647776,9.59836817609e-06,-2.60123479236e-05
594,0.000416666666667,0.00898546675808,0.0732672003048,0.00898546675808,0.000424484248906,0.000376758719546,0.927555264492,0.00833451699537,7.81758223893e-06,-3.99079471205e-05
595,0.000416666666667,0.0250310555052,0.00105241605929,0.0250310555052,0.000376127064916,0.000401019694757,0.928488352783,0.0232410434945,-4.05396017511e-05,-1.56469719093e-05
596,0.000416666666667,0.0154914436977,0.120121334903,0.0154914436977,0.000459136642578,0.000386572435743,0.934500941528,0.0144767687211,4.2469975911e-05,-3.00942309236e-05
597,0.000416666666667,0.0195712513478,0.0176650360477,0.0195712513478,0.000386739147579,0.000392540346733,0.92667557946,0.0181362006835,-2.99275190878e-05,-2.41263199335e-05
598,0.000416666666667,0.015980686343,0.0272107058121,0.015980686343,0.000392971800122,0.000387187868645,0.929668826269,0.0148567459155,-2.36948665444e-05,-2.94787980218e-05
599,0.000416666666667,0.0169550975014,0.0174753023355,0.0169550975014,0.000386616271947,0.000388376555689,0.919425660336,0.0155889517163,-3.00503947192e-05,-2.82901109777e-05
600,0.000416666666667,0.0201625734439,0.0139954826657,0.0201625734439,0.000384369577327,0.000393503090201,0.928518578392,0.0187213240308,-3.22970893398e-05,-2.31635764653e-05
601,0.000416666666667,0.0142318565657,0.0557836995177,0.0142318565657,0.000412234727661,0.000384629182297,0.932625540283,0.0132729929188,-4.43193900527e-06,-3.20374843701e-05
602,0.000416666666667,0.0147401048421,0.120954252747,0.0147401048421,0.000459777585271,0.000385516401715,0.937805149203,0.0138233462207,4.3110918604e-05,-3.11502649519e-05
603,0.000416666666667,0.012999308306,0.0839381687602,0.012999308306,0.000432138878869,0.00038263720479,0.925641966231,0.0120327053,1.54722122023e-05,-3.40294618762e-05
604,0.000416666666667,0.0103145376697,0.0208524138685,0.0103145376697,0.000388809210406,0.000378900287651,0.939298403812,0.0096884287692,-2.78574562605e-05,-3.77663790153e-05
605,0.000416666666667,0.00913443009021,0.10124316323,0.00913443009021,0.000444846835179,0.000377683422484,0.976531772358,0.00892006120547,2.81801685126e-05,-3.89832441823e-05
606,0.000416666666667,0.00949621656006,0.158410825287,0.00949621656006,0.000489545032616,0.000377712008059,0.941231633948,0.00893813942915,7.28783659498e-05,-3.89546586072e-05
607,0.000416666666667,0.00597654852453,0.175025150439,0.00597654852453,0.000503358537492,0.00037237907303,0.927216115405,0.00554155210644,8.66918708257e-05,-4.42875936363e-05
608,0.000416666666667,0.00535293348862,0.0232042358716,0.00535293348862,0.000390343716874,0.000371394864584,0.917139809049,0.00490938839761,-2.63229497922e-05,-4.52718020825e-05
609,0.000416666666667,0.0153771597858,0.0711471483897,0.0153771597858,0.000422979689307,0.000386276603091,0.92955410609,0.0142939020189,6.31302264061e-06,-3.0390063576e-05
610,0.000416666666667,0.0115218244579,0.0372004835025,0.0115218244579,0.000399602014049,0.000380647915792,0.936278027228,0.0107876310735,-1.70646526176e-05,-3.60187508747e-05
611,0.000416666666667,0.0117220370839,0.0336291893589,0.0117220370839,0.000397218996542,0.00038081635254,0.929301414813,0.0108933056466,-1.94476701246e-05,-3.58503141265e-05
612,0.000416666666667,0.00891179828193,0.0827979074264,0.00891179828193,0.000431314389173,0.000376754361175,0.934912742025,0.00833175376813,1.46477225065e-05,-3.99123054917e-05
613,0.000416666666667,0.00437342469388,0.00505771235922,0.00437342469388,0.000378658686811,0.000370033363255,0.921959337497,0.00403211973336,-3.80079798555e-05,-4.66333034121e-05
614,0.000416666666667,0.0312526503431,0.0456512628467,0.0312526503431,0.000405298061643,0.000410688880061,0.925748925521,0.0289321074748,-1.13686050235e-05,-5.97778660612e-06
615,0.000416666666667,0.0369994177251,0.0609292883297,0.0369994177251,0.000415802724823,0.000420340393014,0.931925112792,0.0344806865367,-8.63941844152e-07,3.67372634779e-06
616,0.000416666666667,0.0153771597858,0.0711471483897,0.0153771597858,0.000422979689307,0.000386187577784,0.925973618458,0.0142388442885,6.31302264061e-06,-3.04790888826e-05
617,0.000416666666667,0.03811560897,0.133382825193,0.03811560897,0.000469448534537,0.000421387642881,0.920228336419,0.0350750634341,5.27818678705e-05,4.72097621472e-06
618,0.000416666666667,0.0198382282269,0.0169552666608,0.0198382282269,0.000386279685771,0.000392779828356,0.921548204337,0.0182818835997,-3.03869808952e-05,-2.38868383108e-05
619,0.000416666666667,0.0253704218505,0.0343907696311,0.0253704218505,0.00039772598121,0.000402039814986,0.939988368185,0.0238479014354,-1.89406854566e-05,-1.46268516807e-05
620,0.000416666666667,0.0248870061439,0.007057651532,0.0248870061439,0.000379929156736,0.000400768343085,0.927844838494,0.0230912801962,-3.67375099302e-05,-1.58983235817e-05
621,0.000416666666667,0.0152432054819,0.0715032716035,0.0152432054819,0.000423232049846,0.000385805737715,0.918609352476,0.0140025511174,6.56538317943e-06,-3.08609289516e-05
622,0.000416666666667,0.0136872695283,0.0129907666636,0.0136872695283,0.000383723329493,0.000383498701167,0.918364256685,0.0125698991064,-3.29433371738e-05,-3.31679655001e-05
623,0.000416666666667,0.0165224991689,0.0257702733724,0.0165224991689,0.000392024903331,0.000387714039327,0.918815764418,0.015181132704,-2.46417633357e-05,-2.89526273392e-05
624,0.000416666666667,0.0233623116374,0.125650406833,0.0233623116374,0.000463408125909,0.000398089467264,0.919825942443,0.0214892603196,4.67414592421e-05,-1.8577199403e-05
625,0.000416666666667,0.00660448085217,0.05213774686,0.00660448085217,0.000409725139725,0.000373285969414,0.927034316652,0.00612258039363,-6.94152694186e-06,-4.33806972524e-05
626,0.000416666666667,0.057212188922,0.100100420649,0.057212188922,0.000443996254513,0.000459376918988,0.973453628772,0.0556934129161,2.73295878461e-05,4.27102523215e-05
627,0.000416666666667,0.0125361405627,0.0521985967342,0.0125361405627,0.000409766898385,0.000381931273796,0.924655659659,0.0115916133216,-6.89976828206e-06,-3.47353928703e-05
628,0.000416666666667,0.000999360355639,0.0316336132744,0.000999360355639,0.000395893602956,0.000365323981394,0.973213166098,0.000972590655784,-2.07730637106e-05,-5.13426852723e-05
629,0.000416666666667,0.00789313157878,0.0283947288148,0.00789313157878,0.000393751853523,0.000375269435494,0.936059205739,0.00738843847643,-2.2914813144e-05,-4.13972311729e-05
630,0.000416666666667,0.0369994177251,0.0609292883297,0.0369994177251,0.000415802724823,0.000420340594349,0.931928205048,0.0344808009483,-8.63941844152e-07,3.67392768233e-06
631,0.000416666666667,0.000102179601985,0.0377068860175,0.000102179601985,0.000399941076605,0.000363982763077,0.920219396482,9.40276516709e-05,-1.67255900616e-05,-5.26839035901e-05
632,0.000416666666667,0.0201317187608,0.0811215759223,0.0201317187608,0.000430105138151,0.000393748150526,0.937328559389,0.0188700349441,1.34384714841e-05,-2.29185161403e-05
633,0.000416666666667,0.0180421524597,0.0105305924088,0.0180421524597,0.000382145493805,0.000390213721,0.92650860456,0.0167162094987,-3.45211728615e-05,-2.64529456663e-05
634,0.000416666666667,0.00564009050182,0.00295328312637,0.00564009050182,0.000377326426014,0.000371903679802,0.928427073493,0.00523641271884,-3.9340240653e-05,-4.47629868645e-05
635,0.000416666666667,0.00387840518235,0.0572876365206,0.00387840518235,0.000413274392652,0.000369399910382,0.934110857559,0.00362286039085,-3.39227401428e-06,-4.72667562848e-05
636,0.000416666666667,0.0134913138062,0.033828808569,0.0134913138062,0.000397351820699,0.000383275480514,0.921394607027,0.0124308237828,-1.93148459676e-05,-3.33911861523e-05
637,0.000416666666667,0.00588163487268,0.0530718136428,0.00588163487268,0.000410366618684,0.000372247630546,0.927841079543,0.00545722244974,-6.30004798258e-06,-4.44190361207e-05
638,0.000416666666667,0.00859086563541,0.0468568584369,0.00859086563541,0.000406117255778,0.000376189802338,0.928142833746,0.00797355037518,-1.05494108889e-05,-4.04768643285e-05
639,0.000416666666667,0.0103120486277,0.0422810202536,0.0103120486277,0.000403016760168,0.000378890396901,0.938920454628,0.00968219338568,-1.36499064984e-05,-3.77762697661e-05
640,0.000416666666667,0.015857554913,0.02138272367,0.015857554913,0.000389154697003,0.000386882917734,0.925019048218,0.0146685403527,-2.75119696637e-05,-2.97837489328e-05
641,0.000416666666667,0.0103589747664,0.0388349069498,0.0103589747664,0.000400697379225,0.000378782998254,0.928130075934,0.00961447603649,-1.59692874419e-05,-3.78836684127e-05
642,0.000416666666667,0.000131290435015,0.0497279960004,0.000131290435015,0.000408074847768,0.0003640248544,0.926561629099,0.000121648679353,-8.59181889862e-06,-5.26418122667e-05
643,0.000416666666667,0.0298215223093,0.0418465481061,0.0298215223093,0.000402723603909,0.000408117333169,0.919863806588,0.0274317390297,-1.39430627573e-05,-8.54933349745e-06
644,0.000416666666667,0.00293940271238,0.0754130687559,0.00293940271238,0.000426012580021,0.000368065250288,0.938376081081,0.00275826519796,9.34591335426e-06,-4.86014163782e-05
645,0.000416666666667,0.00172055399568,0.0721727076074,0.00172055399568,0.000423706841664,0.000366274978714,0.926206238063,0.00159358784372,7.04017499697e-06,-5.03916879523e-05
646,0.000416666666667,0.0070090375875,0.00896672093065,0.0070090375875,0.000381145877589,0.000374000193164,0.938670222389,0.00657917487099,-3.55207890777e-05,-4.26664735031e-05
647,0.000416666666667,0.00459125451549,0.0541686365258,0.00459125451549,0.000411121154072,0.000370472914838,0.939981079585,0.00431569237612,-5.5455125946e-06,-4.61937518285e-05
648,0.000416666666667,0.0106094507608,0.0414903640348,0.0106094507608,0.000402483430916,0.000379154252597,0.928274167937,0.00984847907727,-1.41832357504e-05,-3.75124140696e-05
649,0.000416666666667,0.0119258016697,0.0358932907201,0.0119258016697,0.000398728109271,0.000381197771385,0.933474285251,0.0111324291897,-1.79385573952e-05,-3.54688952818e-05
650,0.000416666666667,0.030324874353,0.0520791463313,0.030324874353,0.000409684928717,0.000410047724154,0.94176503014,0.028558906209,-6.98173794976e-06,-6.61894251243e-06
651,0.000416666666667,0.0216074056552,0.0758350634174,0.0216074056552,0.000426313780035,0.000395505105819,0.922531494717,0.019933512236,9.64711336854e-06,-2.11615608476e-05
652,0.000416666666667,0.0107095427695,0.00896346229313,0.0107095427695,0.000381143797422,0.000379460542068,0.937608849992,0.01004136208,-3.55228692448e-05,-3.72061245988e-05
653,0.000416666666667,0.010600939606,0.048356663273,0.010600939606,0.000407138674677,0.000379094603889,0.925474352757,0.00981089772049,-9.52799198975e-06,-3.75720627778e-05
654,0.000416666666667,0.00743022921907,0.0873521220093,0.00743022921907,0.000434616844243,0.000374476919388,0.926412215519,0.00688345511265,1.79501775758e-05,-4.21897472784e-05
655,0.000416666666667,1.36238732806e-14,3.62196465113e-14,1.36238732806e-14,0.000375464678399,0.000363839512047,0.999963586109,1.36233771824e-14,-4.1201988268e-05,-5.28271546196e-05
656,0.000416666666667,0.00535293348862,0.0232042358716,0.00535293348862,0.000390343716874,0.000371483618059,0.927802305922,0.00496646403419,-2.63229497922e-05,-4.51830486076e-05
657,0.000416666666667,0.012577625502,0.036257887783,0.012577625502,0.000398971662981,0.000382263408978,0.938113892576,0.0117992452191,-1.76950036852e-05,-3.44032576882e-05
658,0.000416666666667,0.0135092655137,0.0852939116842,0.0135092655137,0.000433121228236,0.000383272202961,0.920019013711,0.0124287811338,1.64545615698e-05,-3.33944637054e-05
659,0.000416666666667,0.00546672503516,0.0130670244424,0.00546672503516,0.000383772341469,0.0003716324408,0.925991049606,0.00506213845322,-3.28943251975e-05,-4.50342258666e-05
660,0.000416666666667,0.000579157095536,0.0679143956805,0.000579157095536,0.000420695726924,0.000364658869893,0.927752220021,0.000537314281124,4.02906025701e-06,-5.20077967738e-05
661,0.000416666666667,0.0144606033901,0.0204964255052,0.0144606033901,0.000388577462932,0.00038487107685,0.928257870596,0.0134231689105,-2.80892037346e-05,-3.1795589817e-05
662,0.000416666666667,0.00931004253378,0.0126840931875,0.00931004253378,0.000383526289213,0.000377212951923,0.926131887551,0.00862232726499,-3.31403774541e-05,-3.94537147432e-05
663,0.000416666666667,0.0233623116374,0.125650406833,0.0233623116374,0.000463408125909,0.000398090796694,0.919860086999,0.0214900580153,4.67414592421e-05,-1.85758699728e-05
664,0.000416666666667,0.0278884642933,0.0747999081272,0.0278884642933,0.000425575313899,0.000405757465548,0.933953642468,0.0260465328096,8.90864723247e-06,-1.09092011184e-05
665,0.000416666666667,0.00710753962627,0.617233479101,0.00710753962627,0.00105566783588,0.000374186285929,0.942379340008,0.00669799850208,0.000639001169218,-4.24803807372e-05
666,0.000416666666667,1.36238732806e-14,3.62196465113e-14,1.36238732806e-14,0.000375464678399,0.000363839512047,0.999932166186,1.36229491213e-14,-4.1201988268e-05,-5.28271546196e-05
667,0.000416666666667,0.00597654852453,0.175025150439,0.00597654852453,0.000503358537492,0.000372378767385,0.927183310766,0.00554135604793,8.66918708257e-05,-4.42878992815e-05
668,0.000416666666667,0.00159233152166,0.0023359421132,0.00159233152166,0.000376936493025,0.000366124608073,0.939191260945,0.00149550384967,-3.97301736415e-05,-5.05420585935e-05
669,0.000416666666667,0.00210776019111,0.0430388073069,0.00210776019111,0.000403528581095,0.000366827794038,0.926971328277,0.00195383326405,-1.31380855716e-05,-4.98388726287e-05
670,0.000416666666667,0.0207982825328,0.0732408222076,0.0207982825328,0.000424465496043,0.000394478992088,0.928585587182,0.0193129853981,7.79882937615e-06,-2.21876745785e-05
671,0.000416666666667,0.00425280393624,0.0229841951532,0.00425280393624,0.000390199889236,0.00037019914076,0.973265912463,0.00413910910353,-2.64667774304e-05,-4.64675259069e-05
672,0.000416666666667,0.0019552543147,0.0322371104517,0.0019552543147,0.000396293958046,0.000366581384089,0.917182915591,0.00179332585308,-2.0372708621e-05,-5.00852825774e-05
673,0.000416666666667,0.017868402111,0.0100686697176,0.017868402111,0.000381849963392,0.000389985836279,0.927708663076,0.0165766714337,-3.48167032743e-05,-2.66808303873e-05
674,0.000416666666667,0.00850518786602,0.0148238335505,0.00850518786602,0.000384903203061,0.00037603882994,0.926219369879,0.00787766974596,-3.17634636052e-05,-4.06278367269e-05
675,0.000416666666667,0.000300197708657,0.0382333255754,0.000300197708657,0.000400293859991,0.000364264043924,0.927882546576,0.000278548214385,-1.63728066754e-05,-5.24026227422e-05
676,0.000416666666667,0.0380983218574,0.0638507716997,0.0380983218574,0.000417842234685,0.000422408791416,0.935820892582,0.0356532055665,1.17556801807e-06,5.74212474918e-06
677,0.000416666666667,0.0368949888589,0.157192409642,0.0368949888589,0.000488547063286,0.0004197700333,0.925772067677,0.0341563501228,7.18803966198e-05,3.10336663322e-06
678,0.000416666666667,0.00507314398169,0.0628661238209,0.00507314398169,0.000417153729276,0.000371056118467,0.924756308423,0.00469142190061,4.87062608944e-07,-4.56105481995e-05
679,0.000416666666667,0.0263918633681,0.0787786853342,0.0263918633681,0.00042842073143,0.00040348036545,0.935979806633,0.0247022511719,1.17540647632e-05,-1.31863012171e-05
680,0.000416666666667,0.0354602685127,0.0568373946919,0.0354602685127,0.000412962867782,0.000416948830146,0.917803471391,0.0325455575374,-3.70379888498e-06,2.82163479129e-07
681,0.000416666666667,0.00453997090693,0.0322433202262,0.00453997090693,0.000396298079663,0.000370387309131,0.938440162658,0.00426049103636,-2.03685870036e-05,-4.62793575357e-05
682,0.000416666666667,0.00172055399568,0.0721727076074,0.00172055399568,0.000423706841664,0.000366275032134,0.926226486017,0.00159362268142,7.04017499697e-06,-5.03916345324e-05
683,0.000416666666667,0.00997950337525,0.0410676075079,0.00997950337525,0.00040219855436,0.000378390564443,0.938611237474,0.00936687401242,-1.44681123069e-05,-3.82761022239e-05
684,0.000416666666667,0.0140801812908,0.1050313024,0.0140801812908,0.000447678142273,0.000384154676401,0.921730298933,0.0129781297102,3.10114756059e-05,-3.25119902658e-05
685,0.000416666666667,0.00106077449769,0.0402553513148,0.00106077449769,0.000401651777296,0.000365344544582,0.929542916976,0.000986035420833,-1.5014889371e-05,-5.13221220845e-05
686,0.000416666666667,0.0230855287571,0.0875687165089,0.0230855287571,0.000434774534505,0.000397896408813,0.925835041937,0.021373391485,1.81078678387e-05,-1.87702578537e-05
687,0.000416666666667,0.0173320866261,0.0236179506873,0.0173320866261,0.000390614281405,0.000389340412185,0.933587722446,0.0161810232785,-2.60523852616e-05,-2.7326254482e-05
688,0.000416666666667,0.00499133414055,0.0507049112838,0.00499133414055,0.000408743075038,0.000371019985421,0.935253017312,0.00466816031536,-7.92359162896e-06,-4.5646681246e-05
689,0.000416666666667,0.0036826209745,0.0089188821838,0.0036826209745,0.000381115340633,0.00036915798429,0.941278589556,0.00346637227674,-3.5551326034e-05,-4.75086823771e-05
690,0.000416666666667,0.0301879676461,0.0167152880233,0.0301879676461,0.000386124461617,0.000409512363244,0.935698575108,0.0282468383119,-3.05422050499e-05,-7.15430342234e-06
691,0.000416666666667,0.00590176702588,0.0222593218101,0.00590176702588,0.000389726457033,0.000372277915032,0.927968641678,0.00547665473051,-2.6940209634e-05,-4.43887516349e-05
692,0.000416666666667,0.0283719333588,0.0578512788363,0.0283719333588,0.000413664711225,0.000406350046163,0.930325201117,0.0263951246081,-3.00195544212e-06,-1.03166205037e-05
693,0.000416666666667,0.00131976387971,0.0824453214149,0.00131976387971,0.000431059763069,0.000365723106351,0.934571853944,0.00123341417583,1.43930964022e-05,-5.09435603155e-05
694,0.000416666666667,0.0354602685127,0.0568373946919,0.0354602685127,0.000412962867782,0.0004169491926,0.917809327126,0.0325457651834,-3.70379888498e-06,2.82525933348e-07
695,0.000416666666667,0.012999308306,0.0839381687602,0.012999308306,0.000432138878869,0.000382636842375,0.925624562075,0.012032479058,1.54722122023e-05,-3.4029824292e-05
696,0.000416666666667,0.0225983081403,0.00961747683043,0.0225983081403,0.000381561518376,0.000396837268798,0.917622689946,0.0207367203039,-3.51051482912e-05,-1.98293978691e-05
697,0.000416666666667,0.0105187892856,0.000364103221094,0.0105187892856,0.00037569371145,0.000378999598247,0.927010460647,0.00975102770108,-4.09729552168e-05,-3.76670684197e-05
698,0.000416666666667,0.000793050075047,0.11413633899,0.000793050075047,0.000454557300393,0.000364969859222,0.934288101734,0.000740937249196,3.78906337267e-05,-5.16968074444e-05
699,0.000416666666667,0.0070502832984,0.0476312039291,0.0070502832984,0.000406644291425,0.000374064917012,0.939041546937,0.00662050893487,-1.00223752413e-05,-4.26017496551e-05
700,0.000416666666667,0.151083615571,1,0.151083615571,0.00200419903116,0.00066056726654,0.942894965231,0.14245598045,0.00158753236449,0.000243900599873
701,0.000416666666667,0.0207633992611,0.0144956601206,0.0207633992611,0.000384691704353,0.000394404713109,0.927979249909,0.0192680036719,-3.19749623136e-05,-2.22619535577e-05
702,0.000416666666667,0.00371764465245,0.0224877353597,0.00371764465245,0.000389875577395,0.00036920989135,0.941444636063,0.00349995661684,-2.67910892717e-05,-4.74567753165e-05
703,0.000416666666667,0.0147840893289,0.118240803231,0.0147840893289,0.000457692829445,0.000385313330844,0.926502158484,0.0136974906745,4.10261627785e-05,-3.13533358229e-05
704,0.000416666666667,0.0182688601804,0.174095975819,0.0182688601804,0.000502575812829,0.000392030673162,0.975750906008,0.0178258568728,8.5909146162e-05,-2.46359935051e-05
705,0.000416666666667,0.854563463437,0.270970133774,0.854563463437,0.000591105650052,0.0102053994642,0.931899672562,0.79636741176,0.000174438983386,0.00978873279755
706,0.000416666666667,0.00733243835257,0.0870921408319,0.00733243835257,0.000434427642106,0.000374468071931,0.937997871983,0.00687781157116,1.7760975439e-05,-4.21985947356e-05
707,0.000416666666667,0.00535293348862,0.0232042358716,0.00535293348862,0.000390343716874,0.000371394941689,0.917149073257,0.0049094379883,-2.63229497922e-05,-4.52717249775e-05
708,0.000416666666667,0.0198382282269,0.0169552666608,0.0198382282269,0.000386279685771,0.00039277986611,0.921549361676,0.0182819065592,-3.03869808952e-05,-2.38868005571e-05
709,0.000416666666667,0.0019552543147,0.0322371104517,0.0019552543147,0.000396293958046,0.000366581603652,0.917256086416,0.00179346892065,-2.0372708621e-05,-5.00850630147e-05
710,0.000416666666667,0.000999360355639,0.0316336132744,0.000999360355639,0.000395893602956,0.000365323987032,0.973216854283,0.00097259434161,-2.07730637106e-05,-5.13426796352e-05
711,0.000416666666667,0.00134622004686,0.0711775248848,0.00134622004686,0.000423001209212,0.000365771592751,0.939727561936,0.00126508008247,6.3345425456e-06,-5.08950739161e-05
712,0.000416666666667,0.0169243136901,0.00755877050065,0.0169243136901,0.000380248162003,0.000388462829102,0.924232871144,0.015642007034,-3.64185046635e-05,-2.8203837565e-05
713,0.000416666666667,0.0230481341506,0.120379957522,0.0230481341506,0.000459335560835,0.00039752759529,0.917726457157,0.0211518824981,4.26688941681e-05,-1.9139071377e-05
714,0.000416666666667,0.0390152221272,0.162829139955,0.0390152221272,0.000493181077915,0.000422519908471,0.915438391986,0.0357160322071,7.65144112485e-05,5.85324180423e-06
715,0.000416666666667,0.00427814054527,0.0488088557801,0.00427814054527,0.000407447137132,0.000369938891393,0.928236944196,0.00397112810658,-9.21952953424e-06,-4.67277752742e-05
716,0.000416666666667,0.015980686343,0.0272107058121,0.015980686343,0.000392971800122,0.00038711125701,0.926710992872,0.0148094777077,-2.36948665444e-05,-2.95554096562e-05
717,0.000416666666667,0.00933705668372,0.0742019170745,0.00933705668372,0.000425149298031,0.00037739324709,0.935677048405,0.00873646963861,8.48263136415e-06,-3.92734195765e-05
718,0.000416666666667,0.016594727746,0.00526116534347,0.016594727746,0.000378787736841,0.000387763400188,0.916649044099,0.0152115413255,-3.78789298258e-05,-2.89032664784e-05
719,0.000416666666667,0.018329968909,0.0981099566752,0.018329968909,0.000442518568882,0.000390864247647,0.933667225305,0.0171140912112,2.58519022151e-05,-2.58024190194e-05
720,0.000416666666667,0.0129574913954,0.0331504997086,0.0129574913954,0.000396900663227,0.000382781173715,0.935564004332,0.012122562536,-1.97660034392e-05,-3.38854929515e-05
721,0.000416666666667,1.36238732806e-14,0.0683222587691,1.36238732806e-14,0.000420983203836,0.000363839512047,1,1.36238732806e-14,4.31653716938e-06,-5.28271546196e-05
722,0.000416666666667,0.000657473519321,0.0161997822746,0.000657473519321,0.000385791230549,0.000364782275306,0.940168394418,0.000618135823033,-3.08754361175e-05,-5.18843913611e-05
723,0.000416666666667,0.00844403711716,0.0158796086011,0.00844403711716,0.000385584410014,0.000376066768073,0.935028551835,0.0078954157973,-3.10822566527e-05,-4.0599898594e-05
724,0.000416666666667,0.0097451770647,0.0708474319289,0.0097451770647,0.000422767417051,0.000378652106569,0.97811663672,0.00953191981476,6.10075038436e-06,-3.80145600977e-05
725,0.000416666666667,0.000308106210817,0.0187668170513,0.000308106210817,0.000387453456879,0.000364277487831,0.932677934225,0.000287363864227,-2.92132097879e-05,-5.23891788361e-05
726,0.000416666666667,0.0147428053995,0.0305016649451,0.0147428053995,0.000395143768137,0.000385288167769,0.928038495746,0.013681890946,-2.15228985295e-05,-3.1378498898e-05
727,0.000416666666667,0.0241086328072,0.00560221447256,0.0241086328072,0.000379004162635,0.000399954173164,0.937652766555,0.0226055262495,-3.76625040313e-05,-1.67124935029e-05
728,0.000416666666667,0.0135781344456,0.0854770026687,0.0135781344456,0.000433254064039,0.000383670393865,0.933619817536,0.0126768154036,1.65873973723e-05,-3.29962728017e-05
729,0.000416666666667,0.0110443586869,0.0200170575327,0.0110443586869,0.000388265613886,0.000379714284838,0.923642258194,0.0102010363979,-2.84010527808e-05,-3.69523818284e-05
730,0.000416666666667,0.00477051279469,0.0501178483448,0.00477051279469,0.000408341382552,0.000370638362519,0.927016122639,0.00442234227394,-8.32528411505e-06,-4.6028304148e-05
731,0.000416666666667,0.0642470395668,0.107262779186,0.0642470395668,0.000449354405422,0.000467193135342,0.929591089191,0.0597234754882,3.26877387556e-05,5.05264686752e-05
732,0.000416666666667,0.0263918633681,0.0787786853342,0.0263918633681,0.00042842073143,0.000403480365385,0.935979805174,0.0247022511334,1.17540647632e-05,-1.31863012821e-05
733,0.000416666666667,0.0076962700955,0.016974375845,0.0076962700955,0.000386292048749,0.000374934209785,0.932265392783,0.00717496626354,-3.03746179174e-05,-4.17324568818e-05
734,0.000416666666667,0.011628681037,0.0387806969999,0.011628681037,0.000400661000463,0.000380856145726,0.938908239617,0.0109182644415,-1.60056662041e-05,-3.58105209405e-05
735,0.000416666666667,0.00527557387857,0.0514605747155,0.00527557387857,0.00040926071261,0.000371462457993,0.938828222018,0.00495285764454,-7.40595405645e-06,-4.52042086738e-05
736,0.000416666666667,0.0179484717096,0.031219897663,0.0179484717096,0.000395619381101,0.000390184146582,0.930335763561,0.0166981051327,-2.10472855655e-05,-2.64825200851e-05
737,0.000416666666667,0.0076342925841,0.047896636942,0.0076342925841,0.000406825108017,0.000374706343117,0.920812422879,0.00702975145133,-9.84155864936e-06,-4.19603235494e-05
738,0.000416666666667,0.00108940426066,0.0647023140813,0.00108940426066,0.000418438583635,0.000365386823626,0.930486739866,0.0010136762189,1.77191696794e-06,-5.12798430411e-05
739,0.000416666666667,0.021612464001,0.0521029713975,0.021612464001,0.000409701276727,0.000395814299318,0.930952469691,0.0201201767379,-6.9653899398e-06,-2.08523673487e-05
740,0.000416666666667,0.00229557546022,0.0384741367589,0.00229557546022,0.000400455338707,0.000367106935283,0.930281379522,0.00213553110593,-1.62113279592e-05,-4.95597313835e-05
741,0.000416666666667,0.00588163487268,0.0530718136428,0.00588163487268,0.000410366618684,0.00037224755394,0.927832721821,0.00545717329267,-6.30004798258e-06,-4.44191127271e-05
742,0.000416666666667,0.0125731272818,0.0828051483828,0.0125731272818,0.000431319619931,0.000381973470204,0.924034398878,0.0116180021098,1.46529532646e-05,-3.46931964627e-05
743,0.000416666666667,0.0198382282269,0.0169552666608,0.0198382282269,0.000386279685771,0.000392779866158,0.921549363148,0.0182819065884,-3.03869808952e-05,-2.38868005091e-05
744,0.000416666666667,0.00531601451108,0.0962233584299,0.00531601451108,0.000441122531326,0.000371558012518,0.943243317251,0.00501429516199,2.44558646596e-05,-4.51086541484e-05
745,0.000416666666667,0.0153771597858,0.0711471483897,0.0153771597858,0.000422979689307,0.000386186712327,0.925938806778,0.0142383089837,6.31302264061e-06,-3.04799543401e-05
746,0.000416666666667,0.00782683593416,0.0488880638903,0.00782683593416,0.000407501192877,0.000375185314604,0.93714601432,0.00733488810044,-9.16547378962e-06,-4.14813520627e-05
747,0.000416666666667,0.0147245859113,0.0284526037874,0.0147245859113,0.000393790022154,0.000385312883153,0.93022739127,0.0136972131398,-2.2876644513e-05,-3.13537835134e-05
748,0.000416666666667,0.0156303143969,0.0612348246983,0.0156303143969,0.00041601555514,0.000386896573539,0.939006795476,0.0146769714341,-6.51111526971e-07,-2.97700931274e-05
749,0.000416666666667,0.00887431233649,0.0301619599345,0.00887431233649,0.000394919015046,0.000376600195119,0.927845550764,0.0082339912175,-2.17476516211e-05,-4.00664715476e-05
750,0.000416666666667,0.010501983272,0.0772989239513,0.010501983272,0.000427360266684,0.000378969402492,0.92668172737,0.0097319959993,1.06936000176e-05,-3.76972641747e-05
751,0.000416666666667,0.0828575976637,0.584186953905,0.0828575976637,0.000998826785855,0.000503809049212,0.938320264401,0.0777469629475,0.000582160119188,8.71423825456e-05
752,0.000416666666667,0,0.253565933346,0,0.000574124111923,0.000363839512047,0.985093043151,0,0.000157457445256,-5.28271546197e-05
753,0.000416666666667,0.0140051070818,0.0324628672955,0.0140051070818,0.000396443827321,0.000383976666228,0.918766146526,0.0128674182652,-2.02228393455e-05,-3.26900004388e-05
754,0.000416666666667,0.00210776019111,0.0430388073069,0.00210776019111,0.000403528581095,0.000366845912925,0.932568782455,0.00196563135513,-1.31380855716e-05,-4.98207537413e-05
755,0.000416666666667,0.0253704218505,0.0343907696311,0.0253704218505,0.00039772598121,0.000402038553722,0.939958831404,0.0238471520749,-1.89406854566e-05,-1.46281129448e-05
756,0.000416666666667,0.000131290435015,0.0497279960004,0.000131290435015,0.000408074847768,0.000364024320441,0.923892945641,0.000121298306741,-8.59181889862e-06,-5.26423462254e-05
757,0.000416666666667,0.00304929185595,0.0247540594899,0.00304929185595,0.000391358247972,0.000368427822226,0.981686850256,0.00299344971758,-2.53084186944e-05,-4.82388444403e-05
758,0.000416666666667,0.00172055399568,0.0721727076074,0.00172055399568,0.000423706841664,0.000366274978715,0.926206238294,0.00159358784412,7.04017499697e-06,-5.03916879517e-05
759,0.000416666666667,0.013864283663,0.0307397539012,0.013864283663,0.000395301367009,0.00038419039417,0.937685502944,0.0130003377995,-2.13652996574e-05,-3.24762724964e-05
760,0.000416666666667,0.00183618006332,0.0235908494459,0.00183618006332,0.000390596551779,0.000366441692187,0.927079506223,0.00170228490644,-2.60701148874e-05,-5.02249744795e-05
761,0.000416666666667,0.00413310927233,0.0484232839732,0.00413310927233,0.000407184105218,0.000369795136076,0.938346563661,0.00387828888293,-9.48256144913e-06,-4.68715305909e-05
762,0.000416666666667,0.00886957139122,0.0301493559299,0.00886957139122,0.000394910678538,0.000376748214194,0.938924343948,0.0083278564996,-2.17559881285e-05,-3.99184524731e-05
763,0.000416666666667,0.00265713896443,0.0746626585778,0.00265713896443,0.000425477497974,0.000367657493379,0.938413180901,0.0024934942277,8.8108313077e-06,-4.90091732876e-05
764,0.000416666666667,0.00559199399805,0.0225686833406,0.00559199399805,0.000389928438181,0.000371789994197,0.92335289566,0.00516338385061,-2.67382284857e-05,-4.48766724699e-05
765,0.000416666666667,0.0125160146033,0.125861884913,0.0125160146033,0.000463572289953,0.00038222601229,0.940864671279,0.0117758759655,4.69056232864e-05,-3.44406543766e-05
766,0.000416666666667,0.00463169956297,0.0399141157014,0.00463169956297,0.000401422293475,0.000370513941978,0.937483838847,0.00434214348668,-1.52443731915e-05,-4.61527246888e-05
767,0.000416666666667,0.00892908516499,0.0885310761066,0.00892908516499,0.000435475866496,0.000376854673019,0.940224410672,0.00839534383709,1.88091998289e-05,-3.98119936477e-05
768,0.000416666666667,0.0198382282269,0.0169552666608,0.0198382282269,0.000386279685771,0.000392779866069,0.921549360422,0.0182819065344,-3.03869808952e-05,-2.3886800598e-05
769,0.000416666666667,0.0107095427695,0.00896346229313,0.0107095427695,0.000381143797422,0.000379467936548,0.938043479331,0.0100460167615,-3.55228692448e-05,-3.71987301187e-05
770,0.000416666666667,0.0118669917504,0.0178300525486,0.0118669917504,0.000386846047565,0.000381001444828,0.927730969001,0.0110093757557,-2.98206191014e-05,-3.56652218388e-05
771,0.000416666666667,0.0239112521023,0.0261338434092,0.0239112521023,0.000392263687812,0.000399668964817,0.938266632296,0.022435129984,-2.44029788549e-05,-1.69977018496e-05
772,0.000416666666667,0.0609705360436,0.0215641578446,0.0609705360436,0.000389272968333,0.000462636646271,0.941149838695,0.0573824101626,-2.73936983335e-05,4.59699796044e-05
773,0.000416666666667,0,0.00903888099994,0,0.000381191944229,0.000363839512047,0.946198149896,0,-3.54747224377e-05,-5.28271546197e-05
774,0.000416666666667,0.0108627395647,0.0408169849779,0.0108627395647,0.000402029766349,0.000379542805626,0.929152376633,0.0100931402833,-1.46369003178e-05,-3.71238610405e-05
775,0.000416666666667,0.0208486211625,0.0179917088085,0.0208486211625,0.000386950799393,0.00039481215081,0.936015612264,0.0195146349023,-2.97158672738e-05,-2.18545158571e-05
776,0.000416666666667,0.0336731718018,0.0520863220845,0.0336731718018,0.000409689852424,0.000414746846577,0.928950883524,0.0312807226963,-6.97681424262e-06,-1.91982008973e-06
777,0.000416666666667,0.000131290435015,0.0497279960004,0.000131290435015,0.000408074847768,0.000364024300292,0.923792239009,0.000121285084923,-8.59181889862e-06,-5.26423663751e-05
778,0.000416666666667,0.0506080274907,0.0710028855427,0.0506080274907,0.000422877502773,0.000443058953132,0.929775034383,0.0470540805002,6.21083610589e-06,2.63922864649e-05
779,0.000416666666667,0.00553877058108,0.0346538976533,0.00553877058108,0.000397901296134,0.000371778865907,0.930934768324,0.0051562341077,-1.87653705327e-05,-4.48878007601e-05
780,0.000416666666667,0.0198000177324,0.0324655747002,0.0198000177324,0.000396445624983,0.000392969986602,0.929165762133,0.0183974985666,-2.02210416838e-05,-2.36966800649e-05
781,0.000416666666667,0,0.0564382114568,0,0.000412686867038,0.000363839512047,0.986732367012,0,-3.97979962858e-06,-5.28271546197e-05
782,0.000416666666667,0.000422910823107,0.184781247275,0.000422910823107,0.000511650907118,0.000364445282916,0.939596990806,0.000397365736771,9.49842404512e-05,-5.22213837512e-05
783,0.000416666666667,0.0225983081403,0.00961747683043,0.0225983081403,0.000381561518376,0.000396835664052,0.917579946268,0.0207357543691,-3.51051482912e-05,-1.98310026148e-05
784,0.000416666666667,0.00413310927233,0.0484232839732,0.00413310927233,0.000407184105218,0.000369795221535,0.938359919639,0.00387834408464,-9.48256144913e-06,-4.68714451313e-05
785,0.000416666666667,0.00821486669882,0.00313028582123,0.00821486669882,0.000377438301156,0.000375810731876,0.941309803543,0.0077327345584,-3.92283655109e-05,-4.08559347908e-05
786,0.000416666666667,0.020027326596,0.0208722477039,0.020027326596,0.000388822126244,0.000393394247685,0.931489528007,0.0186552449982,-2.78445404226e-05,-2.32724189818e-05
787,0.000416666666667,0.0209038828496,0.0181386243537,0.0209038828496,0.000387046023971,0.000394839713478,0.934338857306,0.0195313100149,-2.96206426959e-05,-2.18269531884e-05
788,0.000416666666667,0.0075539979253,0.01735261246,0.0075539979253,0.000386536836132,0.000374622414507,0.923516694463,0.00697624319396,-3.01298305349e-05,-4.20442521593e-05
789,0.000416666666667,0.00410450530958,0.0265232352786,0.00410450530958,0.00039251959279,0.000369680386685,0.926824527014,0.00380415619218,-2.41470738765e-05,-4.69862799815e-05
790,0.000416666666667,0.0332069873384,0.0508469508626,0.0332069873384,0.000408840323685,0.000414161980008,0.931841306521,0.030943642467,-7.82634298209e-06,-2.50468665825e-06
791,0.000416666666667,0.057907296815,0.0904083034638,0.057907296815,0.000436847177595,0.000456839841087,0.938923723228,0.0543705347276,2.01805109286e-05,4.01731744207e-05
792,0.000416666666667,0.00106955302742,0.0345917849909,0.00106955302742,0.000397859905218,0.000365361720105,0.932412543944,0.000997264659184,-1.88067614484e-05,-5.13049465621e-05
793,0.000416666666667,0.0126216557186,0.00595466306391,0.0126216557186,0.000379227952323,0.000382358559697,0.939551436067,0.011858694756,-3.74387143433e-05,-3.43081069701e-05
794,0.000416666666667,1,0.11567908379,1,0.000455733324024,0.0169053366144,0.916925724701,0.916925724701,3.90666573574e-05,0.0164886699477
795,0.000416666666667,0.00859086563541,0.0468568584369,0.00859086563541,0.000406117255778,0.000376189742412,0.928138404531,0.00797351232439,-1.05494108889e-05,-4.04769242548e-05
796,0.000416666666667,0.00571841822078,0.0828011996707,0.00571841822078,0.000431316767433,0.000372083653447,0.93591926533,0.00535197778004,1.46501007664e-05,-4.458301322e-05
797,0.000416666666667,0.126676814648,0.935113481777,0.126676814648,0.00179781180104,0.000600045147804,0.943364717195,0.119502437426,0.00138114513437,0.000183378481137
798,0.000416666666667,0.00915323950654,0.0131009607039,0.00915323950654,0.000383794154808,0.000377142333125,0.937111347897,0.00857760461159,-3.28725118591e-05,-3.95243335416e-05
799,0.000416666666667,0.00348042038026,0.0356866186645,0.00348042038026,0.000398590116742,0.000369060429504,0.977824599451,0.00340324066425,-1.80765499247e-05,-4.76062371625e-05
800,0.000416666666667,0.0154537575116,0.120021144575,0.0154537575116,0.000459059604854,0.00038627206476,0.924765098916,0.0142910955938,4.23929381873e-05,-3.03946019066e-05
801,0.000416666666667,0.00445630457669,0.0255879619657,0.00445630457669,0.000391905220096,0.000370228369451,0.933052859375,0.00415796772753,-2.47614465709e-05,-4.64382972155e-05
802,0.000416666666667,0.00306926730616,0.0455950148631,0.00306926730616,0.000405259881887,0.000368250043044,0.937735558219,0.00287816109066,-1.14067847799e-05,-4.84166236224e-05
803,0.000416666666667,0.000474095214931,0.00189060343677,0.000474095214931,0.000376655452615,0.000364550417553,0.983480348395,0.000466263327153,-4.0011214052e-05,-5.21162491136e-05
804,0.000416666666667,0.00106077449769,0.0402553513148,0.00106077449769,0.000401651777296,0.000365344527877,0.929532620945,0.000986024499065,-1.5014889371e-05,-5.13221387894e-05
805,0.000416666666667,0.0142318565657,0.0557836995177,0.0142318565657,0.000412234727661,0.00038462915562,0.932624376192,0.0132729763516,-4.43193900527e-06,-3.20375110471e-05
806,0.000416666666667,0.0125361405627,0.0521985967342,0.0125361405627,0.000409766898385,0.000381735844455,0.91490340553,0.011469357693,-6.89976828206e-06,-3.49308222121e-05
807,0.000416666666667,0.00413330931383,0.048423815792,0.00413330931383,0.0004071844679,0.000369717538464,0.926173183185,0.00382816024428,-9.48219876643e-06,-4.69491282027e-05
808,0.000416666666667,0.0309978831311,0.145949898374,0.0309978831311,0.000479434101769,0.000410374304416,0.927452799849,0.0287490734993,6.27674351019e-05,-6.29236225084e-06
809,0.000416666666667,0.0145891567472,0.0589595081534,0.0145891567472,0.000414433227984,0.000384912183465,0.921827085818,0.0134486798488,-2.23343868227e-06,-3.17544832016e-05
810,0.000416666666667,0.0125361405627,0.0521985967342,0.0125361405627,0.000409766898385,0.000381733378928,0.914780339708,0.0114678149226,-6.89976828206e-06,-3.49332877386e-05
811,0.000416666666667,0.000999360355639,0.0316336132744,0.000999360355639,0.000395893602956,0.000365306877473,0.962022427968,0.000961407075747,-2.07730637106e-05,-5.13597891935e-05
812,0.000416666666667,0.00597654852453,0.175025150439,0.00597654852453,0.000503358537492,0.000372378520771,0.927156841827,0.00554119785503,8.66918708257e-05,-4.4288145896e-05
813,0.000416666666667,0.00685809833183,0.00936799936098,0.00685809833183,0.000381402122421,0.000373558014941,0.918126042954,0.00629659868359,-3.52645442458e-05,-4.31086517256e-05
814,0.000416666666667,0.00729104975289,0.0503124742391,0.00729104975289,0.000408474509791,0.00037439962692,0.937333877732,0.00683414793761,-8.19215687594e-06,-4.22670397462e-05
815,0.000416666666667,0.0081209585374,0.0481061264412,0.0081209585374,0.000406967871891,0.000375620256899,0.937283192112,0.00761163794094,-9.69879477606e-06,-4.10464097675e-05
816,0.000416666666667,0.0780259481485,0.292961760989,0.0780259481485,0.000613283385228,0.000493890465292,0.935553749964,0.0729974683848,0.000196616718562,7.72237986249e-05
817,0.000416666666667,0.0480474623982,0.470601560592,0.0480474623982,0.000825793334218,0.000439882187994,0.943550950529,0.0453352288163,0.000409126667551,2.32155213276e-05
818,0.000416666666667,0.00685809833183,0.00936799936098,0.00685809833183,0.000381402122421,0.000373658576915,0.927500945321,0.00636089268587,-3.52645442458e-05,-4.30080897515e-05
819,0.000416666666667,0.0288791307828,0.135881910049,0.0288791307828,0.000471417555384,0.000407362408981,0.934567023777,0.0269894833049,5.47508887168e-05,-9.30425768591e-06
820,0.000416666666667,0.00366229123823,0.0471715942066,0.00366229123823,0.000406331389044,0.000369058338196,0.928895844447,0.00340188711234,-1.0335277623e-05,-4.76083284705e-05
821,0.000416666666667,0.0110443586869,0.0200170575327,0.0110443586869,0.000388265613886,0.000379699817865,0.922818230693,0.0101919355426,-2.84010527808e-05,-3.69668488021e-05
822,0.000416666666667,0.0125361405627,0.0521985967342,0.0125361405627,0.000409766898385,0.000381931273806,0.92465566015,0.0115916133278,-6.89976828206e-06,-3.47353928605e-05
823,0.000416666666667,0.0142318565657,0.0557836995177,0.0142318565657,0.000412234727661,0.000384628546062,0.932597777234,0.0132725977991,-4.43193900527e-06,-3.20381206049e-05
824,0.000416666666667,0.00949621656006,0.158410825287,0.00949621656006,0.000489545032616,0.000377711789438,0.941217074818,0.00893800117249,7.28783659498e-05,-3.89548772291e-05
825,0.000416666666667,0.0196641207102,0.101656855977,0.0196641207102,0.000445155161784,0.00039303830505,0.937698783844,0.0184390220753,2.8488495117e-05,-2.36283616164e-05
826,0.000416666666667,0.0235977624348,0.0705436152731,0.0235977624348,0.000422552349583,0.000399207957668,0.939048623628,0.0221594463351,5.88568291587e-06,-1.74587089988e-05
827,0.000416666666667,0.0248870061439,0.007057651532,0.0248870061439,0.000379929156736,0.000400768763473,0.92785490635,0.023091530755,-3.67375099302e-05,-1.58979031938e-05
828,0.000416666666667,0.00858394405411,0.0293900035071,0.00858394405411,0.000394408754207,0.000376342267346,0.94016687982,0.0080703398979,-2.22579124592e-05,-4.03243993211e-05
829,0.000416666666667,0.0204123108902,0.0552936294826,0.0204123108902,0.00041189650973,0.000393957788251,0.93067251863,0.0189971767873,-4.77015693676e-06,-2.27088784157e-05
830,0.000416666666667,0.0233623116374,0.125650406833,0.0233623116374,0.000463408125909,0.000398090796517,0.91986008245,0.021490057909,4.67414592421e-05,-1.857587015e-05
831,0.000416666666667,0.00387729498981,0.00986566087103,0.00387729498981,0.000381720154031,0.000369434191342,0.940095220171,0.00364502648711,-3.49465126354e-05,-4.72324753251e-05
832,0.000416666666667,0.00203093732049,0.0320359039621,0.00203093732049,0.000396160434337,0.00036670048113,0.921208727445,0.00187091718452,-2.05062323294e-05,-4.99661855369e-05
833,0.000416666666667,0.00427814054527,0.0488088557801,0.00427814054527,0.000407447137132,0.000369938891381,0.928236942421,0.00397112809899,-9.21952953424e-06,-4.67277752859e-05
834,0.000416666666667,0.0125361405627,0.0521985967342,0.0125361405627,0.000409766898385,0.000381732817471,0.914752314662,0.0114674635967,-6.89976828206e-06,-3.4933849196e-05
835,0.000416666666667,0.00986816079635,0.0112003120508,0.00986816079635,0.000382574375484,0.000377908399897,0.918337843024,0.00906230550034,-3.40922911826e-05,-3.87582667698e-05
836,0.000416666666667,0.0113912576461,0.00268359746173,0.0113912576461,0.000377156034041,0.000380488358228,0.938218092833,0.0106874840237,-3.95106326259e-05,-3.61783084391e-05
837,0.000416666666667,0.0298215223093,0.0418465481061,0.0298215223093,0.000402723603909,0.000408117003615,0.919857338659,0.0274315461462,-1.39430627573e-05,-8.54966305157e-06
838,0.000416666666667,0.0120338215984,0.0967851499528,0.0120338215984,0.00044153778251,0.000381523879224,0.942068715544,0.0113366868563,2.48711158432e-05,-3.51427874425e-05
839,0.000416666666667,0.00626031131692,0.0530527362063,0.00626031131692,0.000410353507038,0.000372773429037,0.925573920378,0.00579438088839,-6.31315962903e-06,-4.38932376294e-05
840,0.000416666666667,0.0502532186811,0.0744948063343,0.0502532186811,0.000425357902477,0.000442182533785,0.926927902544,0.0465811105882,8.69123581071e-06,2.55158671187e-05
841,0.000416666666667,0.00210776019111,0.0430388073069,0.00210776019111,0.000403528581095,0.000366845912927,0.932568783057,0.0019656313564,-1.31380855716e-05,-4.98207537394e-05
842,0.000416666666667,0.00513189142048,0.00653026290474,0.00513189142048,0.000379593717609,0.000371165000951,0.927826358114,0.0047615041269,-3.70729490572e-05,-4.55016657159e-05
843,0.000416666666667,0.0233623116374,0.125650406833,0.0233623116374,0.000463408125909,0.000398091090729,0.919867638855,0.0214902344441,4.67414592421e-05,-1.85755759381e-05
844,0.000416666666667,0.0110443586869,0.0200170575327,0.0110443586869,0.000388265613886,0.000379643300996,0.919598773155,0.0101563786988,-2.84010527808e-05,-3.70233656705e-05
845,0.000416666666667,0.0034751639899,0.0427617454558,0.0034751639899,0.00040334137396,0.000369065049873,0.980164123634,0.00340623106665,-1.33252927066e-05,-4.76016167936e-05
846,0.000416666666667,0.000308106210817,0.0187668170513,0.000308106210817,0.000387453456879,0.00036427748783,0.932677934099,0.000287363864188,-2.92132097879e-05,-5.23891788362e-05
847,0.000416666666667,0.0177771046678,0.0622994372946,0.0177771046678,0.000416757993729,0.000390204468482,0.940003780625,0.0167105455963,9.13270620992e-08,-2.64621981848e-05
848,0.000416666666667,0.00703422187378,0.0252700011842,0.00703422187378,0.0003916965736,0.000374054253468,0.940217635092,0.00661369945488,-2.49700930671e-05,-4.26124131989e-05
849,0.000416666666667,0.00141778120292,0.0412044688234,0.00141778120292,0.000402290756949,0.000365869298702,0.937294101986,0.0013288779594,-1.4375909718e-05,-5.07973679645e-05
850,0.000416666666667,0.0312526503431,0.0456512628467,0.0312526503431,0.000405298061643,0.000410688880053,0.925748925381,0.0289321074704,-1.13686050235e-05,-5.97778661366e-06
851,0.000416666666667,0.0153720509047,0.15289523271,0.0153720509047,0.000485043581354,0.000386271499291,0.929657727759,0.0142907459151,6.83769146875e-05,-3.0395167376e-05
852,0.000416666666667,0.00491336828071,0.0687046586286,0.00491336828071,0.000421252911755,0.00037099603619,0.946955502456,0.00465274112901,4.58624508866e-06,-4.56706304765e-05
853,0.000416666666667,0.0134913138062,0.033828808569,0.0134913138062,0.000397351820699,0.000383275480497,0.921394606215,0.0124308237718,-1.93148459676e-05,-3.33911861699e-05
854,0.000416666666667,0.0117220370839,0.0336291893589,0.0117220370839,0.000397218996542,0.000380816563927,0.929312726091,0.0108934382378,-1.94476701246e-05,-3.58501027399e-05
855,0.000416666666667,1.36238732806e-14,0.0683222587691,1.36238732806e-14,0.000420983203836,0.000363839512047,0.99998710815,1.36236976437e-14,4.31653716938e-06,-5.28271546196e-05
856,0.000416666666667,0.0125361405627,0.0521985967342,0.0125361405627,0.000409766898385,0.000381732790743,0.914750980535,0.0114674468719,-6.89976828206e-06,-3.4933875924e-05
857,0.000416666666667,0.0390152221272,0.162829139955,0.0390152221272,0.000493181077915,0.000422518436103,0.915417057163,0.0357151998243,7.65144112485e-05,5.85176943624e-06
858,0.000416666666667,0.021376229359,0.307076891918,0.021376229359,0.000627954456326,0.000395541467618,0.933535639294,0.0199554719404,0.00021128778966,-2.11251990482e-05
859,0.000416666666667,0.0125160146033,0.125861884913,0.0125160146033,0.000463572289953,0.000382226755219,0.940901766135,0.0117763402453,4.69056232864e-05,-3.44399114477e-05
860,0.000416666666667,0.0186376314332,0.0293753212899,0.0186376314332,0.000394399055698,0.000391235511757,0.93042245703,0.0173408708313,-2.22676109683e-05,-2.54311549098e-05
861,0.000416666666667,0.00210776019111,0.0430388073069,0.00210776019111,0.000403528581095,0.000366827821127,0.926979697069,0.00195385090345,-1.31380855716e-05,-4.98388455397e-05
862,0.000416666666667,0.00794202292114,0.0485818343868,0.00794202292114,0.000407292245621,0.000375375422079,0.938789938721,0.00745589121145,-9.37442104593e-06,-4.12912445878e-05
863,0.000416666666667,0.00118835875789,0.0462196524991,0.00118835875789,0.000405684072523,0.00036550319975,0.917015162249,0.00108974299918,-1.09825941432e-05,-5.1163466917e-05
864,0.000416666666667,0.0112203207779,0.0398663401156,0.0112203207779,0.000401390174457,0.000380024235535,0.926527550115,0.0103959363218,-1.52764922095e-05,-3.66424311319e-05
865,0.000416666666667,0.0370023427435,0.0609370646155,0.0370023427435,0.000415808140272,0.000420332444887,0.931729379359,0.0344761698392,-8.58526394854e-07,3.66577821991e-06
866,0.000416666666667,0.00197193434374,0.0728410129534,0.00197193434374,0.000424181362855,0.000366672924791,0.939669501101,0.00185296656098,7.51469618877e-06,-4.9993741876e-05
867,0.000416666666667,0.00626031131692,0.0530527362063,0.00626031131692,0.000410353507038,0.000372773487568,0.92557991132,0.00579441839355,-6.31315962903e-06,-4.38931790988e-05
868,0.000416666666667,0.0161237508512,0.00543044014719,0.0161237508512,0.000378895141203,0.000387103970165,0.918209508737,0.0148049813481,-3.77715254641e-05,-2.95626965019e-05
869,0.000416666666667,0.00997950337525,0.0410676075079,0.00997950337525,0.00040219855436,0.00037839070037,0.938619835737,0.00936695981881,-1.44681123069e-05,-3.82759662966e-05
870,0.000416666666667,0.0139441742588,0.0646717257204,0.0139441742588,0.000418417147379,0.000384060003493,0.92649841414,0.0129192553373,1.7504807122e-06,-3.26066631741e-05
871,0.000416666666667,0.00982001336602,0.0195376999761,0.00982001336602,0.000387954021879,0.000378089574777,0.934499099664,0.00917679364923,-2.87126447877e-05,-3.85770918901e-05
872,0.000416666666667,0.0214651368449,0.0105325624688,0.0214651368449,0.000382146754706,0.000395110750228,0.917544688668,0.0196952223036,-3.45199119604e-05,-2.15559164389e-05
873,0.000416666666667,0.0076342925841,0.047896636942,0.0076342925841,0.000406825108017,0.000374706736353,0.920845258583,0.0070300021287,-9.84155864936e-06,-4.19599303134e-05
874,0.000416666666667,0.00214259832557,0.0431314259689,0.00214259832557,0.000403591181712,0.000366865907802,0.923481687799,0.00197865031797,-1.30754849548e-05,-4.98007588647e-05
875,0.000416666666667,0.0228982085415,0.0180608117935,0.0228982085415,0.00038699558617,0.000397973585675,0.93543203628,0.0214197178431,-2.96710804966e-05,-1.86930809918e-05
876,0.000416666666667,0.0040632959311,0.056796096602,0.0040632959311,0.00041293430516,0.000369693379043,0.938290243778,0.00381255092974,-3.73236150704e-06,-4.69732876233e-05
877,0.000416666666667,0.0165224991689,0.0257702733724,0.0165224991689,0.000392024903331,0.000387715180646,0.918858321518,0.0151818358536,-2.46417633357e-05,-2.8951486021e-05
878,0.000416666666667,0.000300197708657,0.0382333255754,0.000300197708657,0.000400293859991,0.000364264031632,0.927855694792,0.000278540153541,-1.63728066754e-05,-5.24026350348e-05
879,0.000416666666667,0.000131290435015,0.0497279960004,0.000131290435015,0.000408074847768,0.000364024855927,0.926569260101,0.00012164968123,-8.59181889862e-06,-5.26418107399e-05
880,0.000416666666667,0.0134913138062,0.033828808569,0.0134913138062,0.000397351820699,0.000383331466298,0.923980639314,0.0124657127559,-1.93148459676e-05,-3.33352003687e-05
881,0.000416666666667,0.000131290435015,0.0497279960004,0.000131290435015,0.000408074847768,0.000364024300169,0.92379162846,0.000121285004764,-8.59181889862e-06,-5.26423664973e-05
882,0.000416666666667,0.0381629658486,0.0640226304993,0.0381629658486,0.000417962521697,0.000421929105926,0.927123881281,0.0353817970187,1.29585503049e-06,5.26243925909e-06
883,0.000416666666667,0.0125361405627,0.0521985967342,0.0125361405627,0.000409766898385,0.000381734455347,0.914834068855,0.0114684884787,-6.89976828206e-06,-3.49322113195e-05
884,0.000416666666667,0.0227972751273,0.00908851463386,0.0227972751273,0.000381223633333,0.00039745735251,0.925973448538,0.0211096714669,-3.54430333334e-05,-1.9209314157e-05
885,0.000416666666667,0.00607629866898,0.0095848752417,0.00607629866898,0.00038154068481,0.000372546527679,0.929668424182,0.00564894300845,-3.51259818566e-05,-4.41201389881e-05
886,0.000416666666667,0.0298215223093,0.0418465481061,0.0298215223093,0.000402723603909,0.000408097408091,0.919472741566,0.0274200768754,-1.39430627573e-05,-8.56925857595e-06
887,0.000416666666667,0.0145891567472,0.0589595081534,0.0145891567472,0.000414433227984,0.000384912788703,0.92185283049,0.0134490554419,-2.23343868227e-06,-3.17538779633e-05
888,0.000416666666667,0.0125731272818,0.0828051483828,0.0125731272818,0.000431319619931,0.000381973470255,0.924034401416,0.0116180021418,1.46529532646e-05,-3.46931964117e-05
889,0.000416666666667,0.000568437723674,0.110516765776,0.000568437723674,0.000451810023681,0.000364649270922,0.934185905131,0.000531026509401,3.51433570141e-05,-5.20173957442e-05
890,0.000416666666667,0.00884982002866,0.102464295924,0.00884982002866,0.000445757565244,0.000376396449095,0.915806952708,0.00810472671246,2.90908985771e-05,-4.02702175715e-05
891,0.000416666666667,0.0019552543147,0.0322371104517,0.0019552543147,0.000396293958046,0.000366581637921,0.917267506958,0.00179349125072,-2.0372708621e-05,-5.00850287452e-05
892,0.000416666666667,0.0168123591646,0.00726113463336,0.0168123591646,0.000380058658923,0.000388337218304,0.925792534595,0.0155647566035,-3.66080077432e-05,-2.83294483623e-05
893,0.000416666666667,0.00498506670207,0.0143475336048,0.00498506670207,0.000384596278976,0.000370995896956,0.933317799142,0.00465265148295,-3.20703876903e-05,-4.56707697111e-05
894,0.000416666666667,0.0298215223093,0.0418465481061,0.0298215223093,0.000402723603909,0.000408117332949,0.919863802263,0.0274317389007,-1.39430627573e-05,-8.5493337178e-06
895,0.000416666666667,0.0161237508512,0.00543044014719,0.0161237508512,0.000378895141203,0.000387104659358,0.918235884217,0.0148054066198,-3.77715254641e-05,-2.95620073082e-05
896,0.000416666666667,0.000131290435015,0.0497279960004,0.000131290435015,0.000408074847768,0.000364024315724,0.92386936875,0.00012129521132,-8.59181889862e-06,-5.26423509428e-05
897,0.000416666666667,0.0144606033901,0.0204964255052,0.0144606033901,0.000388577462932,0.00038487011857,0.928216741959,0.0134225741656,-2.80892037346e-05,-3.17965480967e-05
898,0.000416666666667,0.000657473519321,0.0161997822746,0.000657473519321,0.000385791230549,0.000364782275303,0.940168391766,0.000618135821289,-3.08754361175e-05,-5.18843913638e-05
899,0.000416666666667,0.00730253247992,0.0180211440409,0.00730253247992,0.000386969876216,0.000374322365812,0.9291092662,0.00678485059382,-2.96967904509e-05,-4.23443008543e-05
900,0.000416666666667,0.00507314398169,0.0628661238209,0.00507314398169,0.000417153729276,0.000371056370871,0.924788336602,0.00469158438417,4.87062608944e-07,-4.56102957957e-05
901,0.000416666666667,0.00178709408622,0.0616236162821,0.00178709408622,0.000416286536835,0.000366380416759,0.930191159686,0.00166233912053,-3.80129831901e-07,-5.0286249908e-05
902,0.000416666666667,0.057907296815,0.0904083034638,0.057907296815,0.000436847177595,0.000456697039984,0.937634122219,0.0542958574192,2.01805109286e-05,4.00303733176e-05
903,0.000416666666667,0.0121930733421,0.0525894185206,0.0121930733421,0.000410035204089,0.000381729922323,0.940341426586,0.011465651981,-6.63146257728e-06,-3.49367443438e-05
904,0.000416666666667,0.00120463280035,0.0708011091686,0.00120463280035,0.00042273461876,0.000365563758075,0.937477446129,0.0011293160812,6.06795209319e-06,-5.1102908592e-05
905,0.000416666666667,0.000474095214931,0.00189060343677,0.000474095214931,0.000376655452615,0.000364550427895,0.983494641475,0.000466270103434,-4.0011214052e-05,-5.21162387718e-05
906,0.000416666666667,0.0180421524597,0.0105305924088,0.0180421524597,0.000382145493805,0.00039021351286,0.926501542719,0.0167160820878,-3.45211728615e-05,-2.64531538063e-05
907,0.000416666666667,0.0508331607101,0.318799040442,0.0508331607101,0.000640404694109,0.000444628095251,0.942269835841,0.0478985539976,0.000223738027442,2.79614285845e-05
908,0.000416666666667,0.00626031131692,0.0530527362063,0.00626031131692,0.000410353507038,0.000372773821481,0.925614089195,0.00579463235769,-6.31315962903e-06,-4.38928451861e-05
909,0.000416666666667,0.00229557546022,0.0384741367589,0.00229557546022,0.000400455338707,0.000367129690625,0.936731070683,0.00215033685868,-1.62113279592e-05,-4.95369760418e-05
910,0.000416666666667,0.00566946181992,0.0525077425588,0.00566946181992,0.000409979117656,0.000372026134191,0.937487479502,0.00531504947169,-6.68754901065e-06,-4.46405324753e-05
911,0.000416666666667,0.0230855287571,0.0875687165089,0.0230855287571,0.000434774534505,0.000397895352508,0.925807573542,0.0213727573626,1.81078678387e-05,-1.87713141588e-05
912,0.000416666666667,0.0502532186811,0.0744948063343,0.0502532186811,0.000425357902477,0.000442178899279,0.926888833311,0.0465791472335,8.69123581071e-06,2.55122326127e-05
913,0.000416666666667,0.00987017032759,0.0434557725066,0.00987017032759,0.000403810482921,0.000377960315285,0.921475234412,0.0090951175163,-1.28561837461e-05,-3.87063513813e-05
914,0.000416666666667,0.00268402894816,0.119163586744,0.00268402894816,0.000458400745409,0.000367629264483,0.922178332996,0.00247515334112,4.17340787425e-05,-4.90374021836e-05
915,0.000416666666667,0.00798700616504,0.0278030187425,0.00798700616504,0.000393361832049,0.00037546079537,0.940303673793,0.00751021123959,-2.33048346179e-05,-4.1205871297e-05
916,0.000416666666667,0.00235312582664,0.012453401575,0.00235312582664,0.000383378134602,0.000367221134445,0.939102134405,0.00220982548632,-3.32885320646e-05,-4.94455322219e-05
917,0.000416666666667,0.0124185102243,0.0366809025157,0.0124185102243,0.000399254426595,0.0003819634152,0.935032783069,0.0116117141766,-1.74122400721e-05,-3.47032514662e-05
918,0.000416666666667,0.0137138511726,0.075569125075,0.0137138511726,0.000426123940904,0.000383988727934,0.93882610858,0.01287492153,9.45727423689e-06,-3.26779387325e-05
919,0.000416666666667,0.0105531118206,0.0213230582185,0.0105531118206,0.000389115810792,0.000379152528414,0.933126931207,0.00984739284787,-2.75508558752e-05,-3.75141382524e-05
920,0.000416666666667,0.00076354924235,0.076906744881,0.00076354924235,0.00042707965351,0.000364929930446,0.936158673791,0.000714803246093,1.0412986843e-05,-5.17367362208e-05
921,0.000416666666667,0.018803129684,0.0595717061545,0.018803129684,0.000414858377088,0.000391398314522,0.927518356253,0.0174402479369,-1.80828957909e-06,-2.52683521447e-05
922,0.000416666666667,0.00100868039626,0.0690563016422,0.00100868039626,0.000421501079268,0.000365271503004,0.930200929948,0.000938275442622,4.83441260124e-06,-5.1395163663e-05
923,0.000416666666667,0.00740738858809,0.0262620807642,0.00740738858809,0.000392347945865,0.000374475710721,0.929164720346,0.00688268414594,-2.43187208014e-05,-4.21909559458e-05
924,0.000416666666667,0.0113774938345,0.055278908336,0.0113774938345,0.000411886354342,0.000380404086632,0.934702647943,0.0106345736141,-4.7803123248e-06,-3.6262580035e-05
925,0.000416666666667,0.0138344434889,0.0329165837151,0.0138344434889,0.0003967451996,0.000384127020426,0.936859712591,0.0129609327508,-1.99214670667e-05,-3.25396462409e-05
926,0.000416666666667,0.0202885752836,0.103316995017,0.0202885752836,0.000446394620055,0.000393792662128,0.931412674195,0.0188970361605,2.97279533882e-05,-2.28740045385e-05
927,0.000416666666667,0.00507314398169,0.0628661238209,0.00507314398169,0.000417153729276,0.000371056118459,0.924756307363,0.00469142189523,4.87062608944e-07,-4.56105482079e-05
928,0.000416666666667,0.000521899318809,0.0388227287345,0.000521899318809,0.000400689206482,0.000364584720292,0.9364613621,0.000488738546971,-1.5977460185e-05,-5.20819463745e-05
929,0.000416666666667,0.0147840893289,0.118240803231,0.0147840893289,0.000457692829445,0.000385278600843,0.92504579785,0.0136759597087,4.10261627785e-05,-3.13880658236e-05
930,0.000416666666667,0.00569691234029,0.0525807209346,0.00569691234029,0.00041002923114,0.000371967361458,0.926345746062,0.00527731051211,-6.63743552673e-06,-4.46993052082e-05
931,0.000416666666667,0.00294238941133,0.00125324420163,0.00294238941133,0.000376253598066,0.000368015424903,0.92643330602,0.00272592754994,-4.04130686007e-05,-4.8651241764e-05
932,0.000416666666667,0.00986816079635,0.0112003120508,0.00986816079635,0.000382574375484,0.000377907777228,0.918297960021,0.00906191192845,-3.40922911826e-05,-3.87588894386e-05
933,0.000416666666667,0.000131290435015,0.0497279960004,0.000131290435015,0.000408074847768,0.000364024300169,0.923791628203,0.00012128500473,-8.59181889862e-06,-5.26423664973e-05
934,0.000416666666667,0.00960945649034,0.0189779255676,0.00960945649034,0.000387590473798,0.000377847359365,0.939045863301,0.00902372036583,-2.90761928689e-05,-3.88193073015e-05
935,0.000416666666667,0.00427814054527,0.0488088557801,0.00427814054527,0.000407447137132,0.000369938851979,0.928230995549,0.00397110265744,-9.21952953424e-06,-4.67278146881e-05
936,0.000416666666667,0.0198382282269,0.0169552666608,0.0198382282269,0.000386279685771,0.000392912867107,0.92562581486,0.0183627761679,-3.03869808952e-05,-2.37537995596e-05
937,0.000416666666667,0.00847389017639,0.0471678426695,0.00847389017639,0.000406328835987,0.000376017855088,0.928067944983,0.00786434584202,-1.03378306793e-05,-4.06488115783e-05
938,0.000416666666667,0.0148961944232,0.0300938737022,0.0148961944232,0.000394873983722,0.00038536124726,0.921523512768,0.0137271934118,-2.17926829445e-05,-3.13054194064e-05
939,0.000416666666667,0.0204836556269,0.100100420649,0.0204836556269,0.000443996254513,0.000395515664232,0.973453629026,0.0199398889057,2.73295878461e-05,-2.1151002435e-05
940,0.000416666666667,0.032966962678,0.173170531851,0.032966962678,0.000501797440641,0.000413349549114,0.924398710578,0.0304746177912,8.51307739739e-05,-3.31711755301e-06
941,0.000416666666667,0.00104578444403,0.0229538769141,0.00104578444403,0.000390180076146,0.000365340362626,0.940252279109,0.000983301206953,-2.64865905204e-05,-5.13263040404e-05
942,0.000416666666667,0.0251678601274,0.00278621359523,0.0251678601274,0.000377220859582,0.000401222368815,0.928236833121,0.023361734781,-3.94458070845e-05,-1.5444297852e-05
943,0.000416666666667,0.00642363415643,0.0806182123835,0.00642363415643,0.000429742690361,0.000373021527649,0.92678135609,0.00595330437452,1.30760236939e-05,-4.36451390178e-05
944,0.000416666666667,0.0186839682613,0.0179264174257,0.0186839682613,0.00038690848774,0.000391020446207,0.921085292376,0.0172095283687,-2.9758178927e-05,-2.56462204593e-05
945,0.000416666666667,0.018802324599,0.0595738465073,0.018802324599,0.000414859864249,0.000391503863478,0.93098352456,0.0175046544251,-1.80680241758e-06,-2.51628031886e-05
946,0.000416666666667,0.012999308306,0.0839381687602,0.012999308306,0.000432138878869,0.000382432702642,0.91581861448,0.011905008522,1.54722122023e-05,-3.42339640242e-05
947,0.000416666666667,1.36238732806e-14,3.62196465113e-14,1.36238732806e-14,0.000375464678399,0.000363839512047,0.999932169458,1.36229491659e-14,-4.1201988268e-05,-5.28271546196e-05
948,0.000416666666667,0.0203770881632,0.0578546261621,0.0203770881632,0.000413667030326,0.000394173039773,0.938684309298,0.0191276529279,-2.99963634035e-06,-2.24936268934e-05
949,0.000416666666667,0.00867239228847,0.0466401163626,0.00867239228847,0.000405969859007,0.000376307625236,0.928042826718,0.0080483514538,-1.06968076599e-05,-4.03590414304e-05
950,0.000416666666667,0.0245332711728,0.0837198317275,0.0245332711728,0.000431980883824,0.000400538942847,0.935648332127,0.0229545142544,1.53142171577e-05,-1.61277238199e-05
951,0.000416666666667,0.00101564834554,0.0702986859584,0.00101564834554,0.000422379047278,0.000365287577437,0.934168718977,0.000948786913886,5.71238061096e-06,-5.13790892296e-05
952,0.000416666666667,0.0124661273514,0.0365543103582,0.0124661273514,0.000399169785236,0.000381875644277,0.927057694228,0.0115568192784,-1.7496881431e-05,-3.47910223901e-05
953,0.000416666666667,0.0124661273514,0.0365543103582,0.0124661273514,0.000399169785236,0.00038168007666,0.917242298082,0.0114344593,-1.7496881431e-05,-3.49865900062e-05
954,0.000416666666667,0.0234276209977,0.301623180005,0.0234276209977,0.000622244792531,0.000398969372119,0.939773032315,0.0220166464249,0.000205578125864,-1.76972945474e-05
955,0.000416666666667,0.0127019031592,0.0156104050613,0.0127019031592,0.000385410600136,0.000382050616931,0.918463984944,0.011666240592,-3.12560665309e-05,-3.46160497353e-05
956,0.000416666666667,0.0115474143392,0.0389967479722,0.0115474143392,0.000400806005803,0.000380504784558,0.926423501497,0.0106977960253,-1.58606608634e-05,-3.61618821092e-05
957,0.000416666666667,0.015123338056,0.0273925042526,0.015123338056,0.00039309147136,0.000385826874046,0.926755516762,0.0140156369752,-2.35751953064e-05,-3.08397926208e-05
958,0.000416666666667,0.00846619039366,0.0718866820063,0.00846619039366,0.000423503915292,0.000376079179912,0.933513055549,0.00790329926325,6.83724862582e-06,-4.05874867548e-05
959,0.000416666666667,0.0163933671913,0.0240160777848,0.0163933671913,0.000390874828828,0.000388036175592,0.938154676068,0.015379514087,-2.5791837839e-05,-2.86304910751e-05
960,0.000416666666667,0.00845816786073,0.0472096411143,0.00845816786073,0.000406357282242,0.000376125802704,0.937899301604,0.00793290972943,-1.03093844246e-05,-4.05408639631e-05
961,0.000416666666667,0.0198382282269,0.0169552666608,0.0198382282269,0.000386279685771,0.00039278073934,0.921576130523,0.0182824376057,-3.03869808952e-05,-2.38859273263e-05
962,0.000416666666667,0.0133435039389,0.0321242689454,0.0133435039389,0.000396219069152,0.000383157221376,0.926076904348,0.0123571108209,-2.04475975142e-05,-3.35094452905e-05
963,0.000416666666667,0.0281070245143,0.138264427799,0.0281070245143,0.000473302422758,0.000405438578687,0.920009639695,0.0258587334963,5.66357560915e-05,-1.122808798e-05
964,0.000416666666667,0.0273327326693,0.0600338822468,0.0273327326693,0.000415179630362,0.000404724131083,0.930658618756,0.0254374432329,-1.48703630477e-06,-1.19425355833e-05
965,0.000416666666667,0.015123338056,0.0273925042526,0.015123338056,0.00039309147136,0.000385827189241,0.926768419828,0.0140158321127,-2.35751953064e-05,-3.08394774253e-05
966,0.000416666666667,0.00850008544761,0.0568882939339,0.00850008544761,0.000412998073479,0.000376766471609,0.981099756109,0.00833943175956,-3.66859318739e-06,-3.99001950576e-05
967,0.000416666666667,0.00952459964198,0.0443744868707,0.00952459964198,0.000404432302491,0.000377665047773,0.935308590022,0.00890843986166,-1.22343641753e-05,-3.90016188937e-05
968,0.000416666666667,0.0140801812908,0.1050313024,0.0140801812908,0.000447678142273,0.000384154828001,0.921736993729,0.0129782239741,3.10114756059e-05,-3.2511838666e-05
969,0.000416666666667,0.000131290435015,0.0497279960004,0.000131290435015,0.000408074847768,0.000364024855927,0.926569261472,0.00012164968141,-8.59181889862e-06,-5.26418107396e-05
970,0.000416666666667,0.0196076337592,0.0175683118598,0.0196076337592,0.000386676502036,0.000392599703519,0.926798076211,0.0181723172471,-2.99901646304e-05,-2.40669631476e-05
971,0.000416666666667,0.000793050075047,0.11413633899,0.000793050075047,0.000454557300393,0.000364969802665,0.934241426569,0.000740900233453,3.78906337267e-05,-5.16968640019e-05
972,0.000416666666667,0.0214651368449,0.0105325624688,0.0214651368449,0.000382146754706,0.000395110870196,0.917548067501,0.0196952948307,-3.45199119604e-05,-2.15557964707e-05
973,0.000416666666667,0.0109352287538,0.0406242693859,0.0109352287538,0.000401900025391,0.000379794954235,0.937500039321,0.0102517773867,-1.47666412761e-05,-3.68717124315e-05
974,0.000416666666667,0.00729104975289,0.0503124742391,0.00729104975289,0.000408474509791,0.000374399572381,0.937329105314,0.00683411314167,-8.19215687594e-06,-4.22670942857e-05
975,0.000416666666667,0.0195091255347,0.00248688512091,0.0195091255347,0.000377031796384,0.00039256949787,0.930535753531,0.0181539388302,-3.96348702827e-05,-2.40971687972e-05
976,0.000416666666667,0.0180421524597,0.0105305924088,0.0180421524597,0.000382145493805,0.000390213293,0.926494083231,0.0167159475026,-3.45211728615e-05,-2.64533736664e-05
977,0.000416666666667,0.0117220370839,0.0336291893589,0.0117220370839,0.000397218996542,0.000380815954397,0.929280110183,0.0108930559129,-1.94476701246e-05,-3.58507122697e-05
978,0.000416666666667,0.0353674410327,0.0565906088884,0.0353674410327,0.000412792214929,0.000418044404917,0.937935458632,0.0331723770256,-3.87445173723e-06,1.37773825031e-06
979,0.000416666666667,0.00231110683246,0.0312910613995,0.00231110683246,0.000395666536813,0.000367151291018,0.936516765475,0.0021643902954,-2.10001298533e-05,-4.95153756491e-05
980,0.000416666666667,0,0,0,0.000375464678399,0.000363839512047,0.999474070426,0,-4.1201988268e-05,-5.28271546197e-05
981,0.000416666666667,0.0474339711553,0.0625645217889,0.0474339711553,0.000416943064059,0.000437281388829,0.925892287777,0.0439187480713,2.7639739214e-07,2.06147221626e-05
982,0.000416666666667,0.00425280393624,0.0229841951532,0.00425280393624,0.000390199889236,0.000370199142085,0.973266113497,0.00413910995849,-2.64667774304e-05,-4.64675245819e-05
983,0.000416666666667,0.00498506670207,0.0143475336048,0.00498506670207,0.000384596278976,0.000370995922752,0.933321130915,0.00465266809206,-3.20703876903e-05,-4.56707439145e-05
984,0.000416666666667,0.0144606033901,0.0204964255052,0.0144606033901,0.000388577462932,0.000384899527198,0.929478891281,0.0134408256063,-2.80892037346e-05,-3.1767139469e-05
985,0.000416666666667,0.0112203207779,0.0398663401156,0.0112203207779,0.000401390174457,0.00038002470927,0.926554088329,0.0103962340891,-1.52764922095e-05,-3.6641957397e-05
986,0.000416666666667,0.0211118139335,0.0135693848966,0.0211118139335,0.000384095372286,0.000394866830333,0.925913535444,0.0195477142789,-3.25712943809e-05,-2.1799836334e-05
987,0.000416666666667,0.0180459672994,0.0217200685575,0.0180459672994,0.000389374630423,0.000390429448756,0.933628454623,0.0168482285619,-2.72920362437e-05,-2.62372179109e-05
988,0.000416666666667,0.00957670240689,0.0239188841695,0.00957670240689,0.00039081120611,0.000377735322116,0.934860708934,0.00895288280135,-2.58554605569e-05,-3.89313445507e-05
989,0.000416666666667,0.00590176702588,0.0222593218101,0.00590176702588,0.000389726457033,0.000372278348168,0.92801573158,0.00547693264413,-2.6940209634e-05,-4.4388318499e-05
990,0.000416666666667,0.00387988363005,0.0694203483276,0.00387988363005,0.000421758154539,0.000369392503467,0.932520443482,0.00361807080336,5.09148787222e-06,-4.72741631998e-05
991,0.000416666666667,0.0203045388085,0.0165452427318,0.0203045388085,0.000386014509851,0.000393462902405,0.920825045617,0.0186969278746,-3.06521568161e-05,-2.32037642619e-05
992,0.000416666666667,0.0139526499653,0.104692254948,0.0139526499653,0.000447424001,0.000384376825789,0.940052330084,0.0131162211107,3.07573343335e-05,-3.2289840878e-05
993,0.000416666666667,0.0110443586869,0.0200170575327,0.0110443586869,0.000388265613886,0.000379714711583,0.923666564774,0.0102013048485,-2.84010527808e-05,-3.69519550835e-05
994,0.000416666666667,0.017868402111,0.0100686697176,0.017868402111,0.000381849963392,0.000389984757862,0.927671696761,0.0165760109047,-3.48167032743e-05,-2.66819088048e-05
995,0.000416666666667,0.0212380868351,0.0132336830178,0.0212380868351,0.000383879477135,0.000395333873695,0.933703413672,0.0198300741778,-3.27871895313e-05,-2.13327929718e-05
996,0.000416666666667,0.00118835875789,0.0462196524991,0.00118835875789,0.000405684072523,0.000365503178976,0.917003737814,0.00108972942285,-1.09825941432e-05,-5.1163487691e-05
997,0.000416666666667,0.0154097582118,0.0266310440874,0.0154097582118,0.000392590473314,0.00038643449047,0.933922266801,0.0143915163201,-2.40761933523e-05,-3.02321761971e-05
998,0.000416666666667,0.00782683593416,0.0488880638903,0.00782683593416,0.000407501192877,0.000375185063984,0.937125628072,0.00733472854062,-9.16547378962e-06,-4.14816026829e-05
999,0.000416666666667,0.03811560897,0.133382825193,0.03811560897,0.000469448534537,0.000421386444793,0.920210518453,0.0350743842915,5.27818678705e-05,4.71977812604e-06
1000,0.000416666666667,0.0194325916929,0.0180336686373,0.0194325916929,0.000386977993628,0.000392722390786,0.938986997485,0.018246950927,-2.96886730391e-05,-2.39442758804e-05
1001,0.000416666666667,0.00413310927233,0.0484232839732,0.00413310927233,0.000407184105218,0.00036979505011,0.938333128565,0.00387823335421,-9.48256144913e-06,-4.68716165566e-05
1002,0.000416666666667,0.0229350099924,0.0723055708267,0.0229350099924,0.000423801137104,0.000398175391011,0.939210906548,0.0215408115267,7.13447043756e-06,-1.84912756553e-05
1003,0.000416666666667,0.00172055399568,0.0721727076074,0.00172055399568,0.000423706841664,0.000366274978712,0.926206237286,0.00159358784239,7.04017499697e-06,-5.03916879544e-05
1004,0.000416666666667,0.0114780545202,0.0798938508749,0.0114780545202,0.00042922164855,0.000380603639741,0.937427609636,0.0107598452121,1.25549818834e-05,-3.6063026926e-05
1005,0.000416666666667,0.0113195954371,0.0366628490504,0.0113195954371,0.000399242354688,0.000380308935603,0.93420462399,0.0105748183991,-1.74243119789e-05,-3.63577310633e-05
1006,0.000416666666667,0.00106077449769,0.0402553513148,0.00106077449769,0.000401651777296,0.000365344512098,0.929522895259,0.000986014182306,-1.5014889371e-05,-5.13221545688e-05
1007,0.000416666666667,0.0230855287571,0.0875687165089,0.0230855287571,0.000434774534505,0.000397896254414,0.925831026919,0.0213732987961,1.81078678387e-05,-1.87704122525e-05
1008,0.000416666666667,0.000422910823107,0.184781247275,0.000422910823107,0.000511650907118,0.000364445282916,0.939596991875,0.000397365737223,9.49842404512e-05,-5.22213837505e-05
1009,0.000416666666667,0.0221637952439,0.0086751494027,0.0221637952439,0.000380959796419,0.000396565317467,0.928224172843,0.0205729705073,-3.57068702477e-05,-2.01013492001e-05
1010,0.000416666666667,0.00597654852453,0.175025150439,0.00597654852453,0.000503358537492,0.000372378767363,0.927183308355,0.00554135603351,8.66918708257e-05,-4.4287899304e-05
1011,0.000416666666667,0.00304929185595,0.0247540594899,0.00304929185595,0.000391358247972,0.000368427788894,0.981679763219,0.00299342810713,-2.53084186944e-05,-4.82388777724e-05
1012,0.000416666666667,0.00106955302742,0.0345917849909,0.00106955302742,0.000397859905218,0.000365361720107,0.932412545653,0.000997264661011,-1.88067614484e-05,-5.13049465593e-05
1013,0.000416666666667,0.0274760674262,0.132151806446,0.0274760674262,0.000468481644352,0.000404357964458,0.917934725887,0.0252212364213,5.18149776851e-05,-1.23087022089e-05
1014,0.000416666666667,0.00828907097647,0.0568998253062,0.00828907097647,0.00041300604985,0.000375692954255,0.923850618712,0.00765786335016,-3.66061681656e-06,-4.09737124119e-05
1015,0.000416666666667,0.00427814054527,0.0488088557801,0.00427814054527,0.000407447137132,0.000369920588452,0.925474460371,0.00395930981253,-9.21952953424e-06,-4.67460782143e-05
1016,0.000416666666667,0.00686678894462,0.0191795867607,0.00686678894462,0.000387721404318,0.000373670499302,0.927436991739,0.0063685140817,-2.89452623482e-05,-4.29961673643e-05
1017,0.000416666666667,0.00142228564479,0.00315100572791,0.00142228564479,0.00037745139941,0.000365976461482,0.983509300476,0.00139883115959,-3.92152672564e-05,-5.06902051849e-05
1018,0.000416666666667,0.0200824619043,0.118182802498,0.0200824619043,0.000457648370554,0.000393758305908,0.939934340061,0.0188761955768,4.09817038876e-05,-2.29083607583e-05
1019,0.000416666666667,0.0112979678672,0.108972801068,0.0112979678672,0.000450643203429,0.000380113286543,0.92511353933,0.0104519030409,3.39765367622e-05,-3.65533801236e-05
1020,0.000416666666667,0.0146300803084,0.0287038509517,0.0146300803084,0.000393955762934,0.000385132719965,0.928600454751,0.0135854992274,-2.27109037325e-05,-3.15339467019e-05
1021,0.000416666666667,0.00660448085217,0.05213774686,0.00660448085217,0.000409725139725,0.000373286111045,0.927048039086,0.00612267102319,-6.94152694186e-06,-4.33805556213e-05
1022,0.000416666666667,0.00134622004686,0.0711775248848,0.00134622004686,0.000423001209212,0.000365771611697,0.939736752972,0.00126509245562,6.3345425456e-06,-5.08950549692e-05
1023,0.000416666666667,0.0147840893289,0.118240803231,0.0147840893289,0.000457692829445,0.000385313390379,0.92650465493,0.0136975275821,4.10261627785e-05,-3.13532762872e-05
1024,0.000416666666667,0.0121214595264,0.00520982154899,0.0121214595264,0.000378755165374,0.000381465175747,0.932225264932,0.0112999308183,-3.79115012931e-05,-3.52014909192e-05
1025,0.000416666666667,0.016628249847,0.0233916322554,0.016628249847,0.000390466248637,0.000388320331371,0.935418303505,0.0155543692622,-2.62004180301e-05,-2.83463352959e-05
1026,0.000416666666667,0.012577625502,0.036257887783,0.012577625502,0.000398971662981,0.000382263411865,0.938114036,0.011799247023,-1.76950036852e-05,-3.44032548013e-05
1027,0.000416666666667,0.0165224991689,0.0257702733724,0.0165224991689,0.000392024903331,0.000387714039284,0.9188157628,0.0151811326772,-2.46417633357e-05,-2.89526273826e-05
1028,0.000416666666667,0.0506080274907,0.0710028855427,0.0506080274907,0.000422877502773,0.000443059057954,0.929776151053,0.0470541370127,6.21083610589e-06,2.63923912869e-05
1029,0.000416666666667,0.0125699552385,0.0969584683704,0.0125699552385,0.000441665970621,0.00038184367837,0.917809440688,0.0115368235869,2.4999303954e-05,-3.48229882969e-05
1030,0.000416666666667,0.0153771597858,0.0711471483897,0.0153771597858,0.000422979689307,0.000386186712368,0.925938808432,0.0142383090092,6.31302264061e-06,-3.0479954299e-05
1031,0.000416666666667,0.000131290435015,0.0497279960004,0.000131290435015,0.000408074847768,0.000364024307485,0.923828192562,0.000121289805281,-8.59181889862e-06,-5.26423591814e-05
1032,0.000416666666667,0.000221956365015,0.0368451567644,0.000221956365015,0.000399364276128,0.000364153241543,0.927564020501,0.000205878738309,-1.73023905391e-05,-5.25134251234e-05
1033,0.000416666666667,0.00118835875789,0.0462196524991,0.00118835875789,0.000405684072523,0.000365516102237,0.924110616667,0.00109817494458,-1.09825941432e-05,-5.11505644293e-05
1034,0.000416666666667,1.36238732806e-14,3.62196465113e-14,1.36238732806e-14,0.000375464678399,0.000363839512047,0.999953202644,1.36232357194e-14,-4.1201988268e-05,-5.28271546196e-05
1035,0.000416666666667,0.0132617012057,0.0846357514431,0.0132617012057,0.000432644057396,0.0003832781269,0.937471962859,0.0124324730601,1.59773907292e-05,-3.33885397671e-05
1036,0.000416666666667,0.0274760674262,0.132151806446,0.0274760674262,0.000468481644352,0.000404355782979,0.917887824608,0.0252199477586,5.18149776851e-05,-1.23108836873e-05
1037,0.000416666666667,0.00564009050182,0.00295328312637,0.00564009050182,0.000377326426014,0.000371903679788,0.928427071856,0.00523641270961,-3.9340240653e-05,-4.47629868789e-05
1038,0.000416666666667,0.0354602685127,0.0568373946919,0.0354602685127,0.000412962867782,0.00041694920192,0.917809477694,0.0325457705225,-3.70379888498e-06,2.82535253107e-07
1039,0.000416666666667,0.00544157839558,0.00789744440153,0.00544157839558,0.0003804639087,0.000371668165098,0.934489708486,0.00508509900859,-3.62027579668e-05,-4.49985015689e-05
1040,0.000416666666667,0.00294238941133,0.00125324420163,0.00294238941133,0.000376253598066,0.00036801555031,0.926460969619,0.00272600894702,-4.04130686007e-05,-4.8651116357e-05
1041,0.000416666666667,0.00758300164817,0.0474388092675,0.00758300164817,0.000406513279795,0.000374783430517,0.933520510736,0.00707888757151,-1.01533868721e-05,-4.18832361498e-05
1042,0.000416666666667,0.0241086328072,0.00560221447256,0.0241086328072,0.000379004162635,0.000399954173147,0.937652766131,0.0226055262393,-3.76625040313e-05,-1.671249352e-05
1043,0.000416666666667,0.0103589747664,0.0388349069498,0.0103589747664,0.000400697379225,0.000378782852296,0.928121190603,0.00961438399358,-1.59692874419e-05,-3.78838143706e-05
1044,0.000416666666667,0.0154537575116,0.120021144575,0.0154537575116,0.000459059604854,0.000386271511098,0.924742943975,0.0142907532168,4.23929381873e-05,-3.03951555683e-05
1045,0.000416666666667,0.000422910823107,0.184781247275,0.000422910823107,0.000511650907118,0.000364445289073,0.939606533618,0.000397369772529,9.49842404512e-05,-5.22213775937e-05
1046,0.000416666666667,0.0408761282287,0.141728501082,0.0408761282287,0.000476056387443,0.000427099751633,0.936763057469,0.038291246857,5.93897207767e-05,1.04330849668e-05
1047,0.000416666666667,0.0390152221272,0.162829139955,0.0390152221272,0.000493181077915,0.000422518436029,0.915417056093,0.0357151997825,7.65144112485e-05,5.85176936236e-06
1048,0.000416666666667,0.00694015994025,0.0775562230454,0.00694015994025,0.00042754447028,0.000373846921739,0.933878168808,0.00648126385624,1.0877803613e-05,-4.28197449273e-05
1049,0.000416666666667,0.024478755965,0.0682014565063,0.024478755965,0.000420898037487,0.000400576630648,0.938650179917,0.0229769886907,4.23137082043e-06,-1.60900360182e-05
1050,0.000416666666667,0.0154914436977,0.120121334903,0.0154914436977,0.000459136642578,0.000386572349837,0.934497515019,0.0144767156395,4.2469975911e-05,-3.00943168292e-05
1051,0.000416666666667,0.0115782147934,0.0185977783698,0.0115782147934,0.000387343779696,0.000380502716841,0.923846912904,0.0106964979938,-2.93228869705e-05,-3.61639498256e-05
1052,0.000416666666667,0.00183618006332,0.0235908494459,0.00183618006332,0.000390596551779,0.000366441645662,0.927062989768,0.00170225457925,-2.60701148874e-05,-5.02250210042e-05
1053,0.000416666666667,0.00498506670207,0.0143475336048,0.00498506670207,0.000384596278976,0.000370995924362,0.933321338794,0.00465266912835,-3.20703876903e-05,-4.5670742305e-05
1054,0.000416666666667,0.00686678894462,0.0191795867607,0.00686678894462,0.000387721404318,0.000373675008943,0.927856799024,0.00637139680973,-2.89452623482e-05,-4.29916577238e-05
1055,0.000416666666667,0.0156839288344,0.15372437345,0.0156839288344,0.00048571761678,0.000386989513907,0.93945496573,0.0147343448256,6.90509501135e-05,-2.96771527601e-05
1056,0.000416666666667,0.00463169956297,0.0399141157014,0.00463169956297,0.000401422293475,0.000370520123585,0.938344250022,0.00434612865274,-1.52443731915e-05,-4.61465430814e-05
1057,0.000416666666667,0.00597654852453,0.175025150439,0.00597654852453,0.000503358537492,0.00037237854112,0.927159025928,0.00554121090841,8.66918708257e-05,-4.42881255465e-05
1058,0.000416666666667,0.0175434511227,0.0645877144826,0.0175434511227,0.000418358278139,0.000389857659135,0.940416468174,0.0164981503444,1.69161147219e-06,-2.68090075313e-05
1059,0.000416666666667,0.0150103867695,0.0390309214269,0.0150103867695,0.000400828946556,0.000385657112167,0.926725906864,0.0139105142913,-1.58377201109e-05,-3.10095544999e-05
1060,0.000416666666667,0.0165224991689,0.0257702733724,0.0165224991689,0.000392024903331,0.000387715427206,0.918867515147,0.0151819877554,-2.46417633357e-05,-2.89512394611e-05
1061,0.000416666666667,0.00770031207155,0.105998066676,0.00770031207155,0.0004484035969,0.00037485339769,0.925089319532,0.00712347645445,3.17369302332e-05,-4.18132689762e-05
1062,0.000416666666667,0.00118835875789,0.0462196524991,0.00118835875789,0.000405684072523,0.000365503259924,0.917048254526,0.00108978232467,-1.09825941432e-05,-5.11634067425e-05
1063,0.000416666666667,0.00776087414889,0.00268491039186,0.00776087414889,0.000377156863386,0.000375067565699,0.935450081319,0.00725991035369,-3.95098032808e-05,-4.15991009678e-05
1064,0.000416666666667,0.00306926730616,0.0455950148631,0.00306926730616,0.000405259881887,0.000368250043049,0.93773555921,0.00287816109371,-1.14067847799e-05,-4.84166236178e-05
1065,0.000416666666667,0.0076342925841,0.047896636942,0.0076342925841,0.000406825108017,0.000374706178391,0.920798668033,0.00702964644281,-9.84155864936e-06,-4.19604882754e-05
1066,0.000416666666667,0.0142318565657,0.0557836995177,0.0142318565657,0.000412234727661,0.000384628589557,0.932599675227,0.013272624811,-4.43193900527e-06,-3.20380771093e-05
1067,0.000416666666667,0.000702662810476,0.0961151240628,0.000702662810476,0.000441042574199,0.000364841207182,0.934619346798,0.000656722256946,2.43759075319e-05,-5.18254594846e-05
1068,0.000416666666667,0.0177304763763,0.110677933281,0.0177304763763,0.000451931996788,0.000389716015186,0.925601158895,0.0164113494817,3.5265330121e-05,-2.69506514803e-05
1069,0.000416666666667,0.0124967815651,0.0161557295425,0.0124967815651,0.000385762767508,0.000381992437904,0.9306286678,0.0116298631798,-3.09038991588e-05,-3.46742287628e-05
1070,0.000416666666667,0.0125160146033,0.125861884913,0.0125160146033,0.000463572289953,0.000382226012313,0.940864672444,0.0117758759801,4.69056232864e-05,-3.44406543532e-05
1071,0.000416666666667,0.00118022118271,0.0342975689936,0.00118022118271,0.00039766390273,0.000365521104656,0.933252196228,0.0011014440108,-1.90027639366e-05,-5.11455620107e-05
1072,0.000416666666667,0.0156839288344,0.15372437345,0.0156839288344,0.00048571761678,0.000386989513866,0.939454964126,0.0147343448004,6.90509501135e-05,-2.96771528008e-05
1073,0.000416666666667,0.0197762904673,0.0150224323868,0.0197762904673,0.000385031250996,0.000393058721146,0.933007607016,0.0184514294446,-3.16354156703e-05,-2.36079455211e-05
1074,0.000416666666667,0.187040224172,0.582780849945,0.187040224172,0.000996477323685,0.000751992730763,0.927177820273,0.173419547351,0.000579810657018,0.000335326064096
1075,0.000416666666667,0.0134913138062,0.033828808569,0.0134913138062,0.000397351820699,0.000383275480575,0.921394609813,0.0124308238204,-1.93148459676e-05,-3.3391186092e-05
1076,0.000416666666667,0.00498506670207,0.0143475336048,0.00498506670207,0.000384596278976,0.000370996140563,0.933349262348,0.00465280832913,-3.20703876903e-05,-4.56705261039e-05
1077,0.000416666666667,0.00158802869479,0.0416570790208,0.00158802869479,0.000402595828094,0.000366072206243,0.920206065652,0.00146131363738,-1.40708385731e-05,-5.05944604237e-05
1078,0.000416666666667,0.0169859586597,0.0245381466061,0.0169859586597,0.000391216751161,0.000388593441101,0.92560608581,0.0157223067088,-2.54499155053e-05,-2.8073225566e-05
1079,0.000416666666667,0.0264173065418,0.0787110435748,0.0264173065418,0.000428372198904,0.00040332127351,0.931512384306,0.0246080482037,1.17055322369e-05,-1.33453931571e-05
1080,0.000416666666667,0.00495324294721,0.0767091148211,0.00495324294721,0.00042693831447,0.000370908526897,0.927956043334,0.00459639172696,1.02716478036e-05,-4.57581397698e-05
1081,0.000416666666667,0.00685809833183,0.00936799936098,0.00685809833183,0.000381402122421,0.000373569890377,0.919233263313,0.00630419210969,-3.52645442458e-05,-4.30967762899e-05
1082,0.000416666666667,0.0227492605088,0.00711866509725,0.0227492605088,0.000379967982798,0.000397481151835,0.928556514419,0.0211239740437,-3.66986838684e-05,-1.91855148317e-05
1083,0.000416666666667,0.0217772713855,0.0210408708938,0.0217772713855,0.000388931951374,0.000396207566677,0.934799722841,0.0203573872554,-2.77347152932e-05,-2.04590999897e-05
1084,0.000416666666667,0.00348042038026,0.0356866186645,0.00348042038026,0.000398590116742,0.000369062989703,0.978300697283,0.00340489768485,-1.80765499247e-05,-4.76036769636e-05
1085,0.000416666666667,0.00169166126751,0.0142119332362,0.00169166126751,0.000384508943889,0.000366272642542,0.941124763226,0.00159206430984,-3.21577227774e-05,-5.03940241243e-05
1086,0.000416666666667,0.0202885752836,0.103316995017,0.0202885752836,0.000446394620055,0.000393792547386,0.931409243689,0.0188969665604,2.97279533882e-05,-2.2874119281e-05
1087,0.000416666666667,0.0222437924655,0.0105599718287,0.0222437924655,0.000382164298001,0.000396416284992,0.920849541236,0.0204831860872,-3.45023686656e-05,-2.02503816748e-05
1088,0.000416666666667,0.0183014110216,0.0112198423215,0.0183014110216,0.000382586889692,0.000390406655103,0.919835248875,0.0168342829618,-3.40797769747e-05,-2.62600115632e-05
1089,0.000416666666667,0.0175824940593,0.0191432627666,0.0175824940593,0.000387697817341,0.000389594325134,0.929148692878,0.0163367513727,-2.89688493255e-05,-2.70723415327e-05
1090,0.000416666666667,0.0342824878399,0.150246964578,0.0342824878399,0.000482896976736,0.000415484573174,0.924822745467,0.0317052245255,6.62303100697e-05,-1.18209349262e-06
1091,0.000416666666667,0.00857395663818,0.0146410088451,0.00857395663818,0.000384785363249,0.000376177953272,0.929095738788,0.00796602657708,-3.18813034178e-05,-4.04887133949e-05
1092,0.000416666666667,0.0128027191176,0.0323381086647,0.0128027191176,0.000396360998971,0.000382655573532,0.940751085543,0.0120441719078,-2.03056676959e-05,-3.4011093135e-05
1093,0.000416666666667,0.0230915623,0.00830613966992,0.0230915623,0.000380724424366,0.000397943203771,0.926809608055,0.0214014818046,-3.59422423005e-05,-1.87234628961e-05
1094,0.000416666666667,0.0136872695283,0.0129907666636,0.0136872695283,0.000383723329493,0.000383499314735,0.918392177946,0.0125702812722,-3.29433371738e-05,-3.31673519318e-05
1095,0.000416666666667,0.0028077766055,0.0448998307147,0.0028077766055,0.000404788304692,0.000367830100446,0.927997588941,0.00260560992019,-1.18783619749e-05,-4.8836566221e-05
1096,0.000416666666667,0.00685809833183,0.00936799936098,0.00685809833183,0.000381402122421,0.000373557784355,0.918104543651,0.00629645123926,-3.52645442458e-05,-4.31088823115e-05
1097,0.000416666666667,0.0151461433004,0.107865207736,0.0151461433004,0.000449808018731,0.000385915486861,0.928981759831,0.0140704908579,3.31413520641e-05,-3.07511798054e-05
1098,0.000416666666667,0.0318661134725,0.0472821806655,0.0318661134725,0.000406406654321,0.000411741317357,0.927111628413,0.0295434443526,-1.02600123453e-05,-4.92534930973e-06
1099,0.000416666666667,0.00294238941133,0.00125324420163,0.00294238941133,0.000376253598066,0.000368015609805,0.926474093787,0.00272604756343,-4.04130686007e-05,-4.86510568614e-05
1100,0.000416666666667,0.0124970413923,0.0161550387809,0.0124970413923,0.000385762321215,0.000381855242985,0.923743264689,0.0115440578147,-3.09043454522e-05,-3.48114236818e-05
1101,0.000416666666667,0.0806595379274,0.299963271417,0.0806595379274,0.000620517308578,0.000498427603475,0.932088077621,0.0751817936485,0.000203850641911,8.17609368079e-05
1102,0.000416666666667,0.000793050075047,0.11413633899,0.000793050075047,0.000454557300393,0.000364969806546,0.934244630022,0.000740902773951,3.78906337267e-05,-5.16968601202e-05
1103,0.000416666666667,0.0108627750163,0.139235358438,0.0108627750163,0.00047407270914,0.000379734173299,0.940233707328,0.0102135472255,5.74060424738e-05,-3.69324933679e-05
1104,0.000416666666667,0.00590176702588,0.0222593218101,0.00590176702588,0.000389726457033,0.000372278112536,0.927990114061,0.0054767814555,-2.6940209634e-05,-4.43885541306e-05
1105,0.000416666666667,0.0125361405627,0.0521985967342,0.0125361405627,0.000409766898385,0.000381931276421,0.924655790584,0.0115916149629,-6.89976828206e-06,-3.4735390246e-05
1106,0.000416666666667,0.00893800513278,0.0913606083985,0.00893800513278,0.000437544484683,0.000376605611546,0.921618027249,0.00823742665801,2.08778180163e-05,-4.00610551203e-05
1107,0.000416666666667,0.0144606033901,0.0204964255052,0.0144606033901,0.000388577462932,0.000384871720884,0.928285512018,0.0134235686221,-2.80892037346e-05,-3.17949457823e-05
1108,0.000416666666667,0.00282822451144,0.0600795864962,0.00282822451144,0.000415211412372,0.000367892927785,0.93571281251,0.00264640591201,-1.45525429432e-06,-4.87737388815e-05
1109,0.000416666666667,0.0156461703496,0.00416077207303,0.0156461703496,0.000378090282431,0.000386858280092,0.936544088171,0.0146533283434,-3.85763842361e-05,-2.98083865742e-05
1110,0.000416666666667,0.0390152221272,0.162829139955,0.0390152221272,0.000493181077915,0.000422522833351,0.915480773697,0.035717685739,7.65144112485e-05,5.85616668431e-06
1111,0.000416666666667,0.024016970229,0.0850924397437,0.024016970229,0.000432975103785,0.000399777395413,0.936834471461,0.0224999256106,1.63084371184e-05,-1.68892712535e-05
1112,0.000416666666667,0.00134622004686,0.0711775248848,0.00134622004686,0.000423001209212,0.000365771611699,0.939736753659,0.00126509245655,6.3345425456e-06,-5.08950549678e-05
1113,0.000416666666667,0,0,0,0.000375464678399,0.000363839512047,0.990117719179,0,-4.1201988268e-05,-5.28271546197e-05
1114,0.000416666666667,0.00778326698175,0.099628819291,0.00778326698175,0.000443645700474,0.000375031723927,0.929825882212,0.0072370830878,2.69790338073e-05,-4.163494274e-05
1115,0.000416666666667,0.00828907097647,0.0568998253062,0.00828907097647,0.00041300604985,0.000375692698775,0.923831022525,0.00765770091597,-3.66061681656e-06,-4.0973967892e-05
1116,0.000416666666667,0.0199868515658,0.080143375383,0.0199868515658,0.000429401063118,0.000393275533639,0.929768852474,0.0185831520449,1.2734396451e-05,-2.33911330276e-05
1117,0.000416666666667,0.0177648881948,0.0928724618077,0.0177648881948,0.000438653797365,0.000391324657347,0.979195111633,0.0173952916791,2.19871306981e-05,-2.53420093195e-05
1118,0.000416666666667,0.00915028384732,0.0919249603889,0.00915028384732,0.000437958245788,0.000376913541456,0.921572948157,0.00843265406165,2.12915791209e-05,-3.97531252105e-05
1119,0.000416666666667,0.0153771597858,0.0711471483897,0.0153771597858,0.000422979689307,0.000386276603141,0.929554108126,0.0142939020502,6.31302264061e-06,-3.03900635254e-05
1120,0.000416666666667,0.0107767370855,0.0488240283487,0.0107767370855,0.000407457491129,0.000379398537327,0.928140646984,0.0100023277309,-9.20917553756e-06,-3.726812934e-05
1121,0.000416666666667,0.000521899318809,0.0388227287345,0.000521899318809,0.000400689206482,0.000364584720294,0.936461364832,0.000488738548397,-1.5977460185e-05,-5.20819463724e-05
1122,0.000416666666667,0.00600935780218,0.0214591039177,0.00600935780218,0.000389204482545,0.000372518821255,0.937068157304,0.00563117784227,-2.74621841214e-05,-4.41478454114e-05
1123,0.000416666666667,0.00304929185595,0.37563709426,0.00304929185595,0.000704363595789,0.000368489802965,0.994864015296,0.00303363073962,0.000287696929123,-4.81768637018e-05
1124,0.000416666666667,0.00590176702588,0.0222593218101,0.00590176702588,0.000389726457033,0.000372278162284,0.927995522636,0.00547681337565,-2.6940209634e-05,-4.43885043822e-05
1125,0.000416666666667,0.00134622004686,0.0711775248848,0.00134622004686,0.000423001209212,0.000365771481348,0.939673520994,0.00126500733147,6.3345425456e-06,-5.08951853188e-05
1126,0.000416666666667,0.0312526503431,0.0456512628467,0.0312526503431,0.000405298061643,0.000410689177565,0.925754462175,0.0289322805099,-1.13686050235e-05,-5.9774891012e-06
1127,0.000416666666667,0.000131290435015,0.0497279960004,0.000131290435015,0.000408074847768,0.000364024855077,0.926565011826,0.000121649123472,-8.59181889862e-06,-5.26418115899e-05
1128,0.000416666666667,0.0239002455426,0.00405872243585,0.0239002455426,0.000378025666145,0.000399616531364,0.937387468012,0.0224037906541,-3.8641000522e-05,-1.7050135303e-05
1129,0.000416666666667,1.36238732806e-14,3.62196465113e-14,1.36238732806e-14,0.000375464678399,0.000363839512047,0.999989085582,1.3623724584e-14,-4.1201988268e-05,-5.28271546196e-05
1130,0.000416666666667,0.0115474143392,0.0389967479722,0.0115474143392,0.000400806005803,0.000380504703608,0.926419100764,0.0106977452082,-1.58606608634e-05,-3.61619630591e-05
1131,0.000416666666667,0.0472702792853,0.0665645350923,0.0472702792853,0.000419745694757,0.000436059496536,0.914958715048,0.0432503539949,3.07902808997e-06,1.93928298692e-05
1132,0.000416666666667,0.0229813465291,0.00859915298395,0.0229813465291,0.000380911310374,0.000398191677142,0.937742327116,0.0215505813745,-3.57553562926e-05,-1.84749895245e-05
1133,0.000416666666667,0.016594727746,0.00526116534347,0.016594727746,0.000378787736841,0.000387762880979,0.916629770654,0.0152112214879,-3.78789298258e-05,-2.89037856882e-05
1134,0.000416666666667,1.36238732806e-14,3.62196465113e-14,1.36238732806e-14,0.000375464678399,0.000363839512047,0.999944097177,1.36231116676e-14,-4.1201988268e-05,-5.28271546196e-05
1135,0.000416666666667,0.00685809833183,0.00936799936098,0.00685809833183,0.000381402122421,0.000373558170241,0.918140522722,0.00629669798726,-3.52645442458e-05,-4.3108496426e-05
1136,0.000416666666667,0.00903349434893,0.0174467057202,0.00903349434893,0.00038659775555,0.000376753544023,0.922260574374,0.00833123568685,-3.00689111163e-05,-3.99131226432e-05
1137,0.000416666666667,0.0125361405627,0.0521985967342,0.0125361405627,0.000409766898385,0.000381735185799,0.914870529056,0.0114689455489,-6.89976828206e-06,-3.49314808678e-05
1138,0.000416666666667,0.0144114777995,0.0292850150184,0.0144114777995,0.000394339408086,0.000384840915422,0.930123132081,0.0134044488688,-2.23272585802e-05,-3.18257512442e-05
1139,0.000416666666667,0.0173320866261,0.0236179506873,0.0173320866261,0.000390614281405,0.000389341273452,0.933618209155,0.0161815516768,-2.60523852616e-05,-2.73253932142e-05
1140,0.000416666666667,0.0219246257904,0.100848691944,0.0219246257904,0.0004445530333,0.000396260695048,0.929977793054,0.0203894151061,2.78863666332e-05,-2.04059716192e-05
1141,0.000416666666667,0.0555275857827,0.0885169355814,0.0555275857827,0.00043546555322,0.000451960876596,0.932973697465,0.0518057770189,1.87988865535e-05,3.52942099298e-05
1142,0.000416666666667,0.0216193133327,0.052084762158,0.0216193133327,0.000409688782062,0.000396025712073,0.936557298956,0.0202477257002,-6.97788460513e-06,-2.06409545932e-05
1143,0.000416666666667,0.00443593373755,0.00796585512583,0.00443593373755,0.000380507503497,0.000370291132141,0.946465393248,0.00419845776933,-3.61591631698e-05,-4.63755345255e-05
1144,0.000416666666667,0.00934079943826,0.0427656290871,0.00934079943826,0.00040334399748,0.000377196630904,0.921975899178,0.00861199196113,-1.33226691871e-05,-3.94700357622e-05
1145,0.000416666666667,0.00288746762032,0.0199240899701,0.00288746762032,0.000388205163554,0.000367994414018,0.939331663545,0.00271228976323,-2.84615031125e-05,-4.86722526486e-05
1146,0.000416666666667,0.0535832125862,0.0833477367485,0.0535832125862,0.000431711758142,0.000447346127399,0.921077733791,0.0493543040182,1.50450914751e-05,3.06794607322e-05
1147,0.000416666666667,0.0225983081403,0.00961747683043,0.0225983081403,0.000381561518376,0.000396835931073,0.91758705859,0.0207359150956,-3.51051482912e-05,-1.9830735594e-05
1148,0.000416666666667,0.00938503918512,0.0447455142805,0.00938503918512,0.000404683698802,0.000377311392652,0.925372320335,0.00868465548717,-1.19829678649e-05,-3.93552740149e-05
1149,0.000416666666667,0.0390152221272,0.162829139955,0.0390152221272,0.000493181077915,0.000422518436066,0.915417056624,0.0357151998033,7.65144112485e-05,5.85176939905e-06
1150,0.000416666666667,0.0201340710015,0.0160920468172,0.0201340710015,0.000385721624985,0.00039372580679,0.936545810392,0.0188564798426,-3.09450416812e-05,-2.29408598767e-05
1151,0.000416666666667,0.0148961944232,0.0300938737022,0.0148961944232,0.000394873983722,0.000385361247263,0.92152351289,0.0137271934136,-2.17926829445e-05,-3.13054194035e-05
1152,0.000416666666667,0.0263918633681,0.0787786853342,0.0263918633681,0.00042842073143,0.000403480365445,0.935979806531,0.0247022511692,1.17540647632e-05,-1.31863012216e-05
1153,0.000416666666667,0.00740738858809,0.0262620807642,0.00740738858809,0.000392347945865,0.000374475710721,0.929164720363,0.00688268414607,-2.43187208014e-05,-4.21909559456e-05
1154,0.000416666666667,0.0242930182012,0.0271487848188,0.0242930182012,0.000392931048124,0.000400021012771,0.932179009949,0.0226454416554,-2.37356185423e-05,-1.66456538956e-05
1155,0.000416666666667,0.00563768024189,0.0215572358638,0.00563768024189,0.000389268455448,0.000371850441749,0.922758376637,0.005202216668,-2.73982112182e-05,-4.48162249174e-05
1156,0.000416666666667,0,0.108191423817,0,0.000450053842192,0.000363839512047,0.992077290707,0,3.33871755254e-05,-5.28271546197e-05
1157,0.000416666666667,0.0642470395668,0.107262779186,0.0642470395668,0.000449354405422,0.000467190068307,0.929566681669,0.0597219073772,3.26877387556e-05,5.05234016407e-05
1158,0.000416666666667,0.000212162680575,0.0525646602236,0.000212162680575,0.000410018201893,0.00036415381709,0.972160918702,0.000206256266462,-6.64846477393e-06,-5.25128495765e-05
1159,0.000416666666667,0.012999308306,0.0839381687602,0.012999308306,0.000432138878869,0.000382636894216,0.925627051644,0.0120325114207,1.54722122023e-05,-3.40297724504e-05
1160,0.000416666666667,0.00957670240689,0.0239188841695,0.00957670240689,0.00039081120611,0.000377735322116,0.934860708958,0.00895288280159,-2.58554605569e-05,-3.89313445503e-05
1161,0.000416666666667,0.000999360355639,0.0316336132744,0.000999360355639,0.000395893602956,0.000365324004278,0.973228138238,0.000972605618348,-2.07730637106e-05,-5.13426623884e-05
1162,0.000416666666667,0.0216223858573,0.0101145092819,0.0216223858573,0.000381879280561,0.000395773190693,0.929377887174,0.0200953672837,-3.47873861053e-05,-2.08934759742e-05
1163,0.000416666666667,0.0472702792853,0.0665645350923,0.0472702792853,0.000419745694757,0.000436058467848,0.914946794306,0.0432497904981,3.07902808997e-06,1.93918011816e-05
1164,0.000416666666667,0.0298215223093,0.0418465481061,0.0298215223093,0.000402723603909,0.000408097042223,0.919465560594,0.0274198627279,-1.39430627573e-05,-8.56962444319e-06
1165,0.000416666666667,0.013731574278,0.0310925674451,0.013731574278,0.000395535021434,0.000384028555559,0.939418546996,0.0128996955562,-2.1131645233e-05,-3.26381111074e-05
1166,0.000416666666667,0.00203093732049,0.0320359039621,0.00203093732049,0.000396160434337,0.000366697391266,0.920217698514,0.00186890446688,-2.05062323294e-05,-4.99692754006e-05
1167,0.000416666666667,0.0115474143392,0.0389967479722,0.0115474143392,0.000400806005803,0.000380504784583,0.92642350287,0.0106977960412,-1.58606608634e-05,-3.61618820839e-05
1168,0.000416666666667,0.00981489886152,0.0402813558812,0.00981489886152,0.000401669270964,0.000378085223926,0.934706004515,0.00917404489957,-1.49973957025e-05,-3.85814427411e-05
1169,0.000416666666667,0.00304929185595,0.0247540594899,0.00304929185595,0.000391358247972,0.000368427788895,0.981679763406,0.0029934281077,-2.53084186944e-05,-4.82388777716e-05
1170,0.000416666666667,0.0148961944232,0.0300938737022,0.0148961944232,0.000394873983722,0.000385361247279,0.921523513552,0.0137271934234,-2.17926829445e-05,-3.13054193876e-05
1171,0.000416666666667,0.00884982002866,0.102464295924,0.00884982002866,0.000445757565244,0.000376420403677,0.917524655378,0.00811992807195,2.90908985771e-05,-4.02462629901e-05
1172,0.000416666666667,0.000422910823107,0.184781247275,0.000422910823107,0.000511650907118,0.000364445282958,0.939597056369,0.000397365764498,9.49842404512e-05,-5.22213837089e-05
1173,0.000416666666667,0.0195192699507,0.0144575720775,0.0195192699507,0.00038466716519,0.00039224625638,0.919971713081,0.0179571762147,-3.19995014771e-05,-2.44204102867e-05
1174,0.000416666666667,0.00884982002866,0.102464295924,0.00884982002866,0.000445757565244,0.000376396294647,0.915795877395,0.00810462869794,2.90908985771e-05,-4.02703720197e-05
1175,0.000416666666667,0.00776087414889,0.00268491039186,0.00776087414889,0.000377156863386,0.000375067919987,0.935479154286,0.00726013598533,-3.95098032808e-05,-4.15987466797e-05
1176,0.000416666666667,1.36238732806e-14,3.62196465113e-14,1.36238732806e-14,0.000375464678399,0.000363839512047,0.999963585233,1.36233771704e-14,-4.1201988268e-05,-5.28271546196e-05
1177,0.000416666666667,0.0169859586597,0.0245381466061,0.0169859586597,0.000391216751161,0.00038859346902,0.925607096163,0.0157223238706,-2.54499155053e-05,-2.80731976467e-05
1178,0.000416666666667,0.0241086328072,0.00560221447256,0.0241086328072,0.000379004162635,0.000399953912208,0.937646302015,0.0226053703983,-3.76625040313e-05,-1.67127544588e-05
1179,0.000416666666667,0.0123593105075,0.0368382874803,0.0123593105075,0.0003993596815,0.000381692353039,0.925791292972,0.011442142055,-1.73069851667e-05,-3.49743136274e-05
1180,0.000416666666667,0.0225983081403,0.00961747683043,0.0225983081403,0.000381561518376,0.000396835931075,0.917587058645,0.0207359150968,-3.51051482912e-05,-1.9830735592e-05
1181,0.000416666666667,0.0283719333588,0.0578512788363,0.0283719333588,0.000413664711225,0.000406350767954,0.930340155723,0.0263955488992,-3.00195544212e-06,-1.03158987128e-05
1182,0.000416666666667,0.0342824878399,0.150246964578,0.0342824878399,0.000482896976736,0.000415484002296,0.924813171994,0.031704896323,6.62303100697e-05,-1.18266437052e-06
1183,0.000416666666667,0.00922886542374,0.0451607088669,0.00922886542374,0.000404965206663,0.00037713569558,0.928976667433,0.00857340064553,-1.17014600039e-05,-3.95309710866e-05
1184,0.000416666666667,0.0154883425805,0.0135758720003,0.0154883425805,0.00038409954544,0.000386260185589,0.922225828194,0.0142837495637,-3.2567121227e-05,-3.04064810781e-05
1185,0.000416666666667,0.00729104975289,0.0503124742391,0.00729104975289,0.000408474509791,0.000374399569692,0.937328870009,0.00683411142605,-8.19215687594e-06,-4.22670969748e-05
1186,0.000416666666667,0.0125361405627,0.0521985967342,0.0125361405627,0.000409766898385,0.000381735322771,0.914877365958,0.0114690312573,-6.89976828206e-06,-3.49313438957e-05
1187,0.000416666666667,0.0486324026663,0.214817770279,0.0486324026663,0.00053804855212,0.000439570476483,0.92872036693,0.0451659028489,0.000121381885453,2.29038098161e-05
1188,0.000416666666667,0.0071208696889,0.0391047493983,0.0071208696889,0.000400878511998,0.000374173452913,0.939464781127,0.00668980628371,-1.57881546684e-05,-4.24932137539e-05
1189,0.000416666666667,1.36238732806e-14,0.00155150380966,1.36238732806e-14,0.000376441597138,0.000363839512047,0.996205739824,1.35721807608e-14,-4.02250695283e-05,-5.28271546196e-05
1190,0.000416666666667,0.0126301968601,0.112514588502,0.0126301968601,0.000453324322969,0.000382276979717,0.934880521825,0.0118077250313,3.66576563022e-05,-3.43896869494e-05
1191,0.000416666666667,0.010358411862,0.0181054725816,0.010358411862,0.000387024534317,0.000379542734733,0.974386402214,0.0100930956668,-2.96421323501e-05,-3.71239319334e-05
1192,0.000416666666667,0.00203093732049,0.0320359039621,0.00203093732049,0.000396160434337,0.0003667005392,0.921227352441,0.00187095501072,-2.05062323294e-05,-4.9966127467e-05
1193,0.000416666666667,0.00987017032759,0.0434557725066,0.00987017032759,0.000403810482921,0.000377960540477,0.921489653411,0.00909525983428,-1.28561837461e-05,-3.87061261893e-05
1194,0.000416666666667,0.0137985141566,0.012695018088,0.0137985141566,0.000383533306814,0.000383628275573,0.916808275959,0.0126505919748,-3.31333598522e-05,-3.30383910933e-05
1195,0.000416666666667,0.023246503472,0.0342012726686,0.023246503472,0.000397599772472,0.000398654430659,0.938980550021,0.0218280146162,-1.90668941946e-05,-1.80122360078e-05
1196,0.000416666666667,0.00772635223845,0.0481413814482,0.00772635223845,0.00040699190256,0.000374840844167,0.920936128965,0.00711547692149,-9.67476410618e-06,-4.18258224995e-05
1197,0.000416666666667,0.0198382282269,0.0169552666608,0.0198382282269,0.000386279685771,0.000392780739297,0.921576129183,0.0182824375792,-3.03869808952e-05,-2.388592737e-05
1198,0.000416666666667,0.0137985141566,0.012695018088,0.0137985141566,0.000383533306814,0.00038362858865,0.91682240331,0.0126507869112,-3.31333598522e-05,-3.30380780166e-05
1199,0.000416666666667,0.0228980448022,0.0486852001646,0.0228980448022,0.000407362762427,0.000397744566133,0.929433932061,0.021282219817,-9.30390423934e-06,-1.89221005337e-05
1200,0.000416666666667,0.0195078267848,0.0178336529459,0.0195078267848,0.000386848380282,0.000392664920593,0.933573662518,0.0182119932992,-2.98182863846e-05,-2.40017460737e-05
1201,0.000416666666667,0.00470426717532,0.0995214872905,0.00470426717532,0.000443565956369,0.000370543531737,0.927077200964,0.00436121884548,2.68992897018e-05,-4.61231349296e-05
1202,0.000416666666667,0.0542637360758,0.0393944707851,0.0542637360758,0.000401073079736,0.00045001507182,0.935711128491,0.0507751817196,-1.55935869305e-05,3.33484051531e-05
1203,0.000416666666667,0.0173576832683,0.110938862615,0.0173576832683,0.000452129540413,0.000389444922958,0.935904471265,0.0162451333816,3.54628737464e-05,-2.72217437084e-05
1204,0.000416666666667,0.0145891567472,0.0589595081534,0.0145891567472,0.000414433227984,0.000384913229109,0.921871563728,0.013449328744,-2.23343868227e-06,-3.17534375581e-05
1205,0.000416666666667,0.00590176702588,0.0222593218101,0.00590176702588,0.000389726457033,0.000372278162272,0.927995521322,0.0054768133679,-2.6940209634e-05,-4.43885043943e-05
1206,0.000416666666667,0.00421894227754,0.0381627173278,0.00421894227754,0.000400246525163,0.000369840309266,0.926172012064,0.00390746625797,-1.64201415039e-05,-4.68263574012e-05
1207,0.000416666666667,0.0115924480298,0.00321847065296,0.0115924480298,0.000377494051051,0.00038064205778,0.930256920708,0.0107839550076,-3.91726156156e-05,-3.60246088862e-05
1208,0.000416666666667,0.0309978831311,0.145949898374,0.0309978831311,0.000479434101769,0.000410284274945,0.925762073479,0.0286966645609,6.27674351019e-05,-6.38239172214e-06
1209,0.000416666666667,0.0318661134725,0.0472821806655,0.0318661134725,0.000406406654321,0.000411738874079,0.927067147496,0.0295420269187,-1.02600123453e-05,-4.9277925873e-06
1210,0.000416666666667,0.000999360355639,0.0316336132744,0.000999360355639,0.000395893602956,0.000365324015845,0.97323570575,0.000972613181018,-2.07730637106e-05,-5.13426508219e-05
1211,0.000416666666667,0.0312526503431,0.0456512628467,0.0312526503431,0.000405298061643,0.000410688854362,0.925748447261,0.0289320925279,-1.13686050235e-05,-5.97781230478e-06
1212,0.000416666666667,0.0148702254437,0.0724948548972,0.0148702254437,0.000423935511694,0.000385620610471,0.933940452459,0.013887905079,7.26884502714e-06,-3.10460561959e-05
1213,0.000416666666667,0.0125361405627,0.0521985967342,0.0125361405627,0.000409766898385,0.000381732790728,0.914750979793,0.0114674468626,-6.89976828206e-06,-3.49338759389e-05
1214,0.000416666666667,0.125112221362,0.222259952164,0.125112221362,0.000544796990699,0.000596719744469,0.944551868891,0.118174982508,0.000128130324032,0.000180053077802
1215,0.000416666666667,0.0112203207779,0.0398663401156,0.0112203207779,0.000401390174457,0.000380024810379,0.926559752407,0.0103962976418,-1.52764922095e-05,-3.66418562872e-05
1216,0.000416666666667,0.021264753308,0.0110652906236,0.021264753308,0.000382487870408,0.000395136639293,0.926926958237,0.0197108731014,-3.41787962588e-05,-2.15300273733e-05
1217,0.000416666666667,0.00700357965472,0.0365670179464,0.00700357965472,0.000399178280904,0.000373806016751,0.921689614964,0.00645512663533,-1.74883857629e-05,-4.2860649916e-05
1218,0.000416666666667,0.0195091255347,0.00248688512091,0.0195091255347,0.000377031796384,0.000392568838634,0.930515192743,0.0181535377072,-3.96348702827e-05,-2.40978280326e-05
1219,0.000416666666667,0.0174020225578,0.0956429718369,0.0174020225578,0.000440693945627,0.000389407791121,0.93221104008,0.0162223575481,2.40272789601e-05,-2.7258875546e-05
1220,0.000416666666667,0.0183014110216,0.0112198423215,0.0183014110216,0.000382586889692,0.000390406822877,0.919840857749,0.0168343856121,-3.40797769747e-05,-2.62598437893e-05
1221,0.000416666666667,0.0070502832984,0.0476312039291,0.0070502832984,0.000406644291425,0.000374065186018,0.939065911715,0.00662068071346,-1.00223752413e-05,-4.26014806485e-05
1222,0.000416666666667,0.0040632959311,0.056796096602,0.0040632959311,0.00041293430516,0.000369693379048,0.938290244459,0.0038125509325,-3.73236150704e-06,-4.6973287619e-05
1223,0.000416666666667,0.00425280393624,0.0229841951532,0.00425280393624,0.000390199889236,0.0003701990346,0.973249805927,0.00413904060559,-2.64667774304e-05,-4.64676320666e-05
1224,0.000416666666667,0.0180421524597,0.0105305924088,0.0180421524597,0.000382145493805,0.000390213901895,0.926514742011,0.0167163202315,-3.45211728615e-05,-2.64527647716e-05
1225,0.000416666666667,0.00171865900782,0.0346067781813,0.00171865900782,0.000397869896054,0.000366324324917,0.945950696508,0.00162576668551,-1.87967706129e-05,-5.03423417501e-05
1226,0.000416666666667,0.00934079943826,0.0427656290871,0.00934079943826,0.00040334399748,0.000377197204173,0.92201476423,0.00861235499178,-1.33226691871e-05,-3.94694624935e-05
1227,0.000416666666667,0.0340685885797,0.0531375544046,0.0340685885797,0.000410411804569,0.000415819123649,0.936272507107,0.0318974828431,-6.25486209762e-06,-8.47543017803e-07
1228,0.000416666666667,0.078026145457,0.292962285542,0.078026145457,0.000613283924023,0.000493890296857,0.935550340149,0.0729973869228,0.000196617257356,7.72236301899e-05
1229,0.000416666666667,0.0217881760556,0.0541031889895,0.0217881760556,0.00041107609197,0.000396071224419,0.93055862614,0.0202751751764,-5.59057469692e-06,-2.05954422475e-05
1230,0.000416666666667,0.000160195158298,0.0175218179456,0.000160195158298,0.000386646392844,0.000364069372589,0.941718732481,0.000150858781422,-3.00202738228e-05,-5.2597294078e-05
1231,0.000416666666667,0.00646738790755,0.0525022142835,0.00646738790755,0.000409975321697,0.000373098845187,0.92816602754,0.00600280974271,-6.69134496961e-06,-4.35678214798e-05
1232,0.000416666666667,0.00987017032759,0.0434557725066,0.00987017032759,0.000403810482921,0.00037796044487,0.921483531705,0.009095199412,-1.28561837461e-05,-3.87062217965e-05
1233,0.000416666666667,0.0181175375268,0.0757667894527,0.0181175375268,0.000426265034843,0.000390654654045,0.937542962023,0.0169859697974,9.59836817609e-06,-2.60120126221e-05
1234,0.000416666666667,0.0241086328072,0.00560221447256,0.0241086328072,0.000379004162635,0.000399954173139,0.937652765938,0.0226055262347,-3.76625040313e-05,-1.67124935278e-05
1235,0.000416666666667,0.0126888311738,0.0359622427753,0.0126888311738,0.000398774158385,0.000382255593381,0.929507317595,0.0117943614278,-1.78925082821e-05,-3.44110732861e-05
1236,0.000416666666667,0.0070502832984,0.0476312039291,0.0070502832984,0.000406644291425,0.000374069977757,0.939499911682,0.00662374053618,-1.00223752413e-05,-4.25966889094e-05
1237,0.000416666666667,0.000382203696276,0.0503950595762,0.000382203696276,0.000408531012603,0.000364385613782,0.937338101408,0.000358254087019,-8.13565406336e-06,-5.2281052885e-05
1238,0.000416666666667,0.0189339378007,0.0172618627743,0.0189339378007,0.00038647809056,0.000391916745495,0.937809690278,0.0177564303447,-3.0188576107e-05,-2.47499211719e-05
1239,0.000416666666667,0.00507314398169,0.0628661238209,0.00507314398169,0.000417153729276,0.000371056118452,0.924756306541,0.00469142189106,4.87062608944e-07,-4.56105482144e-05
1240,0.000416666666667,0.0147840893289,0.118240803231,0.0147840893289,0.000457692829445,0.000385313309664,0.926501270373,0.0136974775446,4.10261627785e-05,-3.13533570028e-05
1241,0.000416666666667,0.0200461100093,0.0143051056596,0.0200461100093,0.000384568950604,0.000393290306791,0.927467957487,0.0185921247059,-3.2097716063e-05,-2.33763598756e-05
1242,0.000416666666667,0.0250310555052,0.00105241605929,0.0250310555052,0.000376127064916,0.000401081605095,0.929961472244,0.0232779172295,-4.05396017511e-05,-1.55850615715e-05
1243,0.000416666666667,0.0195712513478,0.0176650360477,0.0195712513478,0.000386739147579,0.000392540346843,0.926675582891,0.0181362007506,-2.99275190878e-05,-2.41263198232e-05
1244,0.000416666666667,0.023480344637,0.0865190817016,0.023480344637,0.000434010887301,0.000398728998922,0.931531905241,0.0218726901754,1.73442206344e-05,-1.79376677447e-05
1245,0.000416666666667,0.0210425241583,0.0137535947108,0.0210425241583,0.000384213892099,0.000394789150273,0.926729074516,0.0195007189387,-3.24527745673e-05,-2.18775163934e-05
1246,0.000416666666667,0.0177648881948,0.0928724618077,0.0177648881948,0.000438653797365,0.00039132535761,0.979219172671,0.0173957191207,2.19871306981e-05,-2.53413090563e-05
1247,0.000416666666667,0.00143095909097,0.0412395027992,0.00143095909097,0.000402314362511,0.000365871448582,0.929643312201,0.00133028154895,-1.43523041559e-05,-5.07952180847e-05
1248,0.000416666666667,0.010501983272,0.0772989239513,0.010501983272,0.000427360266684,0.000378969974077,0.926716032439,0.00973235627057,1.06936000176e-05,-3.76966925895e-05
1249,0.000416666666667,0.0298297364996,0.0418683858803,0.0298297364996,0.000402738333664,0.00040855823885,0.928256797055,0.0276896556601,-1.39283330023e-05,-8.10842781706e-06
1250,0.000416666666667,0.0127760145087,0.0273963547264,0.0127760145087,0.00039309400638,0.000382500908782,0.935159074451,0.0119476059031,-2.35726602869e-05,-3.4165757885e-05
1251,0.000416666666667,0.0242930182012,0.0271487848188,0.0242930182012,0.000392931048124,0.000400021332392,0.932186866349,0.0226456325111,-2.37356185423e-05,-1.6645334275e-05
1252,0.000416666666667,0.0283719333588,0.0578512788363,0.0283719333588,0.000413664711225,0.000406350767921,0.930340155032,0.0263955488795,-3.00195544212e-06,-1.03158987462e-05
1253,0.000416666666667,0.016594727746,0.00526116534347,0.016594727746,0.000378787736841,0.000387762961034,0.916632742357,0.0152112708025,-3.78789298258e-05,-2.89037056331e-05
1254,0.000416666666667,0.00597654852453,0.175025150439,0.00597654852453,0.000503358537492,0.000372378520784,0.927156843301,0.00554119786384,8.66918708257e-05,-4.42881458823e-05
1255,0.000416666666667,0.00498506670207,0.0143475336048,0.00498506670207,0.000384596278976,0.000370996142642,0.933349530885,0.00465280966781,-3.20703876903e-05,-4.56705240248e-05
1256,0.000416666666667,0.0168304435005,0.0648161762675,0.0168304435005,0.000418518387656,0.000388496580371,0.930620737941,0.0156627597503,1.85172098947e-06,-2.81700862961e-05
1257,0.000416666666667,1.36238732806e-14,3.62196465113e-14,1.36238732806e-14,0.000375464678399,0.000363839512047,0.999953204946,1.36232357507e-14,-4.1201988268e-05,-5.28271546196e-05
1258,0.000416666666667,0.00351536240734,0.0280550271196,0.00351536240734,0.000393527894321,0.000368814253863,0.922765833058,0.00324385632031,-2.31387723459e-05,-4.78524128036e-05
1259,0.000416666666667,0.0222437924655,0.0105599718287,0.0222437924655,0.000382164298001,0.000396416285005,0.920849541592,0.0204831860951,-3.45023686656e-05,-2.02503816617e-05
1260,0.000416666666667,0.00901244267464,0.0457360779494,0.00901244267464,0.000405355638863,0.000376940952903,0.937595442027,0.00845002517327,-1.13110278037e-05,-3.97257137634e-05
1261,0.000416666666667,0.0230915623,0.00830613966992,0.0230915623,0.000380724424366,0.000397943203757,0.926809607703,0.0214014817965,-3.59422423005e-05,-1.87234629097e-05
1262,0.000416666666667,0.0144606033901,0.0204964255052,0.0144606033901,0.000388577462932,0.000384870693031,0.92824139741,0.0134229306983,-2.80892037346e-05,-3.17959736355e-05
1263,0.000416666666667,0.0162108450983,0.0596914591399,0.0162108450983,0.00041494159214,0.000387806910193,0.940009126056,0.0152383423334,-1.72507452666e-06,-2.8859756474e-05
1264,0.000416666666667,0.0302986013431,0.0431148830064,0.0302986013431,0.000403579999671,0.000409700884935,0.935910404487,0.0283567762384,-1.30866669953e-05,-6.96578173182e-06
1265,0.000416666666667,0.0125361405627,0.0521985967342,0.0125361405627,0.000409766898385,0.000381733809234,0.914801818303,0.0114680841813,-6.89976828206e-06,-3.49328574331e-05
1266,0.000416666666667,0.021264753308,0.0110652906236,0.021264753308,0.000382487870408,0.00039491953592,0.920753458458,0.0195795951516,-3.41787962588e-05,-2.17471307466e-05
1267,0.000416666666667,0.0390152221272,0.162829139955,0.0390152221272,0.000493181077915,0.000422518489954,0.915417837472,0.0357152302682,7.65144112485e-05,5.85182328713e-06
1268,0.000416666666667,0.00459125451549,0.0541686365258,0.00459125451549,0.000411121154072,0.000370476096127,0.940427831638,0.0043177435285,-5.5455125946e-06,-4.61905705398e-05
1269,0.000416666666667,0.0140801812908,0.1050313024,0.0140801812908,0.000447678142273,0.000384145601995,0.921329559438,0.0129724872254,3.10114756059e-05,-3.25210646719e-05
1270,0.000416666666667,0.0264173065418,0.0787110435748,0.0264173065418,0.000428372198904,0.000403321273483,0.931512383703,0.0246080481878,1.17055322369e-05,-1.3345393184e-05
1271,0.000416666666667,0.040600542117,0.08664389947,0.040600542117,0.00043410162642,0.00042580601149,0.925273232015,0.0375665948261,1.74349597533e-05,9.13934482312e-06
1272,0.000416666666667,0.00597654852453,0.175025150439,0.00597654852453,0.000503358537492,0.000372378767378,0.927183309977,0.00554135604321,8.66918708257e-05,-4.42878992889e-05
1273,0.000416666666667,0.0352790925858,0.277447888851,0.0352790925858,0.000597553571776,0.000418049848204,0.940372464252,0.0331754872315,0.00018088690511,1.38318153686e-06
1274,0.000416666666667,0.00387988363005,0.0694203483276,0.00387988363005,0.000421758154539,0.000369392503456,0.932520441679,0.00361807079636,5.09148787222e-06,-4.72741632106e-05
1275,0.000416666666667,0.0125361405627,0.0521985967342,0.0125361405627,0.000409766898385,0.000381734090226,0.914815843957,0.0114682600089,-6.89976828206e-06,-3.49325764406e-05
1276,0.000416666666667,0.0253440015987,0.0299428688773,0.0253440015987,0.000394774129472,0.000401531661788,0.929048220532,0.0235457995864,-2.18925371942e-05,-1.51350048784e-05
1277,0.000416666666667,0.0147840893289,0.118240803231,0.0147840893289,0.000457692829445,0.000385278218437,0.925029761367,0.0136757226239,4.10261627785e-05,-3.138844823e-05
1278,0.000416666666667,0.00713986634712,0.0465821837641,0.00713986634712,0.000405930470651,0.000374129207993,0.933008988868,0.00666155948118,-1.07361960159e-05,-4.25374586732e-05
1279,0.000416666666667,0.00704599176998,0.0863306104101,0.00704599176998,0.000433873909745,0.000374053836281,0.938609249309,0.00661343304586,1.72072430785e-05,-4.26128303852e-05
1280,0.000416666666667,0.0154914436977,0.120121334903,0.0154914436977,0.000459136642578,0.000386571722699,0.934472500373,0.0144763281265,4.2469975911e-05,-3.00949439678e-05
1281,0.000416666666667,0.0154883425805,0.0135758720003,0.0154883425805,0.00038409954544,0.000386259412299,0.922194952897,0.0142832713565,-3.2567121227e-05,-3.04072543681e-05
1282,0.000416666666667,0.0227972751273,0.00908851463386,0.0227972751273,0.000381223633333,0.00039745735264,0.925973451966,0.0211096715451,-3.54430333334e-05,-1.9209314027e-05
1283,0.000416666666667,0.00692508157369,0.0309683309225,0.00692508157369,0.00039545272876,0.000373858687289,0.936997078942,0.00648878120598,-2.12139379065e-05,-4.28079793777e-05
1284,0.000416666666667,0.000486617333427,0.0688922345141,0.000486617333427,0.000421385272824,0.000364533799336,0.935795435286,0.000455374279352,4.71860615773e-06,-5.21328673306e-05
1285,0.000416666666667,0.00805314775351,0.0461889058521,0.00805314775351,0.000405663182128,0.000375479748287,0.934078061221,0.00752226864032,-1.10034845387e-05,-4.11869183795e-05
1286,0.000416666666667,0.0019552543147,0.0322371104517,0.0019552543147,0.000396293958046,0.000366581539128,0.917234583424,0.00179342687683,-2.0372708621e-05,-5.00851275384e-05
1287,0.000416666666667,0.00559199399805,0.0225686833406,0.00559199399805,0.000389928438181,0.000371790034149,0.9233574858,0.00516340951865,-2.67382284857e-05,-4.4876632518e-05
1288,0.000416666666667,0.057907296815,0.0904083034638,0.057907296815,0.000436847177595,0.000456835664283,0.93888600928,0.0543683508148,2.01805109286e-05,4.01689976167e-05
1289,0.000416666666667,0.0125699552385,0.0969584683704,0.0125699552385,0.000441665970621,0.000381843976543,0.917824279629,0.0115370101118,2.4999303954e-05,-3.48226901232e-05
1290,0.000416666666667,0.0175824940593,0.0191432627666,0.0175824940593,0.000387697817341,0.000389595215939,0.929179755792,0.0163372975362,-2.89688493255e-05,-2.70714507277e-05
1291,0.000416666666667,0,0,0,0.000375464678399,0.000363839512047,0.999498805261,0,-4.1201988268e-05,-5.28271546197e-05
1292,0.000416666666667,0.0147840893289,0.118240803231,0.0147840893289,0.000457692829445,0.00038531333089,0.926502160424,0.0136974907031,4.10261627785e-05,-3.13533357767e-05
1293,0.000416666666667,0.0124661273514,0.0365543103582,0.0124661273514,0.000399169785236,0.000381876567279,0.927104007149,0.0115573966211,-1.7496881431e-05,-3.47900993872e-05
1294,0.000416666666667,0.00427814054527,0.0488088557801,0.00427814054527,0.000407447137132,0.000369938807677,0.928224309182,0.00397107405222,-9.21952953424e-06,-4.672785899e-05
1295,0.000416666666667,0.00960945649034,0.0189779255676,0.00960945649034,0.000387590473798,0.000377847476811,0.939053589698,0.00902379461229,-2.90761928689e-05,-3.88191898553e-05
1296,0.000416666666667,0.00336252695513,0.0284958162887,0.00336252695513,0.000393818523275,0.000368678593148,0.93857343083,0.00315597846053,-2.28481433912e-05,-4.79880735191e-05
1297,0.000416666666667,0.0219246257904,0.100848691944,0.0219246257904,0.0004445530333,0.000396260503009,0.92997251312,0.0203892993455,2.78863666332e-05,-2.04061636577e-05
1298,0.000416666666667,0.00272021669929,0.0203687336565,0.00272021669929,0.000388494369544,0.000367697226622,0.926142147767,0.00251930733627,-2.81722971229e-05,-4.89694400443e-05
1299,0.000416666666667,0.00106077449769,0.0402553513148,0.00106077449769,0.000401651777296,0.000365344527871,0.929532616805,0.000986024494674,-1.5014889371e-05,-5.13221387961e-05
1300,0.000416666666667,0.00857925049719,0.0146269348958,0.00857925049719,0.000384776293369,0.000376229385394,0.932328843949,0.007998682698,-3.18903732976e-05,-4.0437281273e-05
1301,0.000416666666667,0.0107767370855,0.0488240283487,0.0107767370855,0.000407457491129,0.000379398537325,0.928140646883,0.0100023277299,-9.20917553756e-06,-3.72681293418e-05
1302,0.000416666666667,0.00691788161125,0.0190437547336,0.00691788161125,0.000387633209172,0.0003738515625,0.937314248024,0.00648422900037,-2.90334574944e-05,-4.2815104167e-05
1303,0.000416666666667,0.000131290435015,0.0497279960004,0.000131290435015,0.000408074847768,0.000364024293317,0.923757382118,0.000121280508547,-8.59181889862e-06,-5.26423733494e-05
1304,0.000416666666667,0.00257798851174,0.0231839580231,0.00257798851174,0.000390330460224,0.000367573094728,0.945952439705,0.00243865452221,-2.6336206443e-05,-4.90935719382e-05
1305,0.000416666666667,0.00981489886152,0.0402813558812,0.00981489886152,0.000401669270964,0.000378085628059,0.934732018234,0.00917430022159,-1.49973957025e-05,-3.85810386074e-05
1306,0.000416666666667,0.00892908516499,0.0885310761066,0.00892908516499,0.000435475866496,0.000376854673024,0.940224411046,0.00839534384043,1.88091998289e-05,-3.98119936425e-05
1307,0.000416666666667,0.011628681037,0.0387806969999,0.011628681037,0.000400661000463,0.000380856145728,0.938908239705,0.0109182644425,-1.60056662041e-05,-3.58105209389e-05
1308,0.000416666666667,0.0220542166277,0.00896646881406,0.0220542166277,0.000381145716649,0.000396266026442,0.924658952318,0.0203926288411,-3.55209500179e-05,-2.04006402248e-05
1309,0.000416666666667,0.0125361405627,0.0521985967342,0.0125361405627,0.000409766898385,0.000381931505059,0.924667197095,0.0115917579565,-6.89976828206e-06,-3.47351616078e-05
1310,0.000416666666667,0.0389276329075,0.0455448266672,0.0389276329075,0.000405225818402,0.000424323659317,0.943637791711,0.0367335855534,-1.14408482642e-05,7.65699265035e-06
1311,0.000416666666667,0.00811557972928,0.0863683373091,0.00811557972928,0.000433901325518,0.000375654445254,0.940583217651,0.00763337809487,1.72346588512e-05,-4.10122214125e-05
1312,0.000416666666667,0.00826691869434,0.071356909719,0.00826691869434,0.000423128314816,0.000375820362912,0.936123391851,0.00773885596831,6.46164814952e-06,-4.08463037544e-05
1313,0.000416666666667,0.0202900704156,0.129714905772,0.0202900704156,0.000466573476533,0.000394129127857,0.941398468465,0.0191010412143,4.9906809866e-05,-2.25375388094e-05
1314,0.000416666666667,0.0207633992611,0.0144956601206,0.0207633992611,0.000384691704353,0.00039440471308,0.927979249052,0.0192680036541,-3.19749623136e-05,-2.22619535871e-05
1315,0.000416666666667,0.0112203207779,0.0398663401156,0.0112203207779,0.000401390174457,0.000380024841346,0.926561487149,0.0103963171062,-1.52764922095e-05,-3.66418253202e-05
1316,0.000416666666667,0.0168123591646,0.00726113463336,0.0168123591646,0.000380058658923,0.000388337554551,0.925804836528,0.015564963428,-3.66080077432e-05,-2.83291121156e-05
1317,0.000416666666667,0.0123361563265,0.0348023454134,0.0123361563265,0.000398000236866,0.000381899414947,0.938030225736,0.0115716875037,-1.86664298012e-05,-3.47672517197e-05
1318,0.000416666666667,0.0134913138062,0.033828808569,0.0134913138062,0.000397351820699,0.000383276330455,0.921433869341,0.012431353483,-1.93148459676e-05,-3.33903362119e-05
1319,0.000416666666667,0.00131976387971,0.0824453214149,0.00131976387971,0.000431059763069,0.000365723147096,0.93459201813,0.00123344078779,1.43930964022e-05,-5.09435195703e-05
1320,0.000416666666667,0,0.0124120304774,0,0.000383351571337,0.000363839512047,0.993684697972,0,-3.33150953301e-05,-5.28271546197e-05
1321,0.000416666666667,0.0115474143392,0.0389967479722,0.0115474143392,0.000400806005803,0.000380505029964,0.926436842673,0.0106979500814,-1.58606608634e-05,-3.61616367027e-05
1322,0.000416666666667,0.0183014110216,0.0112198423215,0.0183014110216,0.000382586889692,0.000390406655177,0.919835251317,0.0168342830065,-3.40797769747e-05,-2.62600114901e-05
1323,0.000416666666667,0.00931004253378,0.0126840931875,0.00931004253378,0.000383526289213,0.00037721278984,0.926120863184,0.00862222462767,-3.31403774541e-05,-3.94538768267e-05
1324,0.000416666666667,0.00569691234029,0.0525807209346,0.00569691234029,0.00041002923114,0.00037196721881,0.926329666465,0.00527721890806,-6.63743552673e-06,-4.46994478564e-05
1325,0.000416666666667,0.0256792374782,0.0650099253495,0.0256792374782,0.000418654217996,0.000402294328174,0.934570913545,0.0239990684291,1.98755132932e-06,-1.43723384927e-05
1326,0.000416666666667,0.00211697728698,0.0243373608067,0.00211697728698,0.000391085213675,0.000366866951574,0.934979286743,0.00197932991384,-2.55814529921e-05,-4.9799715093e-05
1327,0.000416666666667,0.00289731808122,0.0297325938644,0.00289731808122,0.000394635123966,0.000367963704158,0.92925770321,0.00269235514562,-2.20315427011e-05,-4.87029625084e-05
1328,0.000416666666667,0.00997898967565,0.043166471642,0.00997898967565,0.000403614871487,0.000378358992699,0.93666225684,0.00934694299058,-1.30517951793e-05,-3.83076739673e-05
1329,0.000416666666667,0.00810822290183,0.04813998467,0.00810822290183,0.000406990950455,0.000375463584693,0.926465129376,0.00751198577975,-9.67571621119e-06,-4.12030819737e-05
1330,0.000416666666667,0.00348042038026,0.0356866186645,0.00348042038026,0.000398590116742,0.000369060433783,0.977825395127,0.00340324343354,-1.80765499247e-05,-4.76062328838e-05
1331,0.000416666666667,0.00590176702588,0.0222593218101,0.00590176702588,0.000389726457033,0.000372278348186,0.928015733608,0.0054769326561,-2.6940209634e-05,-4.43883184803e-05
1332,0.000416666666667,0.00981489886152,0.0402813558812,0.00981489886152,0.000401669270964,0.000378085223961,0.934706006797,0.00917404492197,-1.49973957025e-05,-3.85814427056e-05
1333,0.000416666666667,0.00507314398169,0.0628661238209,0.00507314398169,0.000417153729276,0.000371056118476,0.924756309538,0.00469142190626,4.87062608944e-07,-4.56105481907e-05
1334,0.000416666666667,0.0123593105075,0.0368382874803,0.0123593105075,0.0003993596815,0.000381692904652,0.925819223513,0.0114424872572,-1.73069851667e-05,-3.49737620148e-05
1335,0.000416666666667,0.0125731272818,0.0828051483828,0.0125731272818,0.000431319619931,0.000381974135495,0.924067488182,0.0116184181459,1.46529532646e-05,-3.46925311722e-05
1336,0.000416666666667,0.0171643086779,0.0276843409955,0.0171643086779,0.000393283652983,0.000389268869071,0.940155932017,0.0161371266225,-2.33830136833e-05,-2.73977975957e-05
1337,0.000416666666667,0.03811560897,0.133382825193,0.03811560897,0.000469448534537,0.000421387818671,0.920230950761,0.0350751630813,5.27818678705e-05,4.72115200466e-06
1338,0.000416666666667,0.0312526503431,0.0456512628467,0.0312526503431,0.000405298061643,0.000410356532755,0.919561338364,0.0287387289769,-1.13686050235e-05,-6.3101339118e-06
1339,0.000416666666667,0.0036826209745,0.0089188821838,0.0036826209745,0.000381115340633,0.000369157630404,0.941216410174,0.00346614329365,-3.5551326034e-05,-4.75090362622e-05
1340,0.000416666666667,0.0137985141566,0.012695018088,0.0137985141566,0.000383533306814,0.000383628275572,0.916808275902,0.012650591974,-3.31333598522e-05,-3.30383910946e-05
1341,0.000416666666667,0.0243096267824,0.307319787592,0.0243096267824,0.000628209966614,0.000401735430842,0.973564436263,0.0236669880942,0.000211543299948,-1.49312358247e-05
1342,0.000416666666667,0.0335053702349,0.0255347438879,0.0335053702349,0.000391870290545,0.000414296120524,0.925851421357,0.0310209946551,-2.47963761219e-05,-2.3705461422e-06
1343,0.000416666666667,0.0264173065418,0.0787110435748,0.0264173065418,0.000428372198904,0.000403321619193,0.931520134123,0.024608252933,1.17055322369e-05,-1.33450474741e-05
1344,0.000416666666667,0.0486324026663,0.214817770279,0.0486324026663,0.00053804855212,0.000439570736295,0.928723270009,0.0451660440326,0.000121381885453,2.29040696286e-05
1345,0.000416666666667,0.00271402288251,0.0565943000502,0.00271402288251,0.000412794766855,0.000367730873899,0.936309148168,0.00254116445323,-3.87189981142e-06,-4.89357927675e-05
1346,0.000416666666667,0.0169550975014,0.0174753023355,0.0169550975014,0.000386616271947,0.000388376526414,0.91942459839,0.0155889337109,-3.00503947192e-05,-2.82901402531e-05
1347,0.000416666666667,0.0125361405627,0.0521985967342,0.0125361405627,0.000409766898385,0.000381734901349,0.914856330884,0.0114687675587,-6.89976828206e-06,-3.49317653173e-05
1348,0.000416666666667,0.0081008245216,0.0574002865122,0.0081008245216,0.000413352372567,0.000375572569718,0.935869014943,0.00758131066525,-3.31429409983e-06,-4.1094096949e-05
1349,0.000416666666667,0.0147409652453,0.00175424580697,0.0147409652453,0.000376569443152,0.00038550815691,0.937403858427,0.0138182376979,-4.00972235151e-05,-3.11585097567e-05
1350,0.000416666666667,0.0057589939041,0.125666739299,0.0057589939041,0.000463420802236,0.000372086372091,0.929628185437,0.00535372305302,4.67541355697e-05,-4.45802945759e-05
1351,0.000416666666667,0.000999360355639,0.0316336132744,0.000999360355639,0.000395893602956,0.000365306851478,0.962005419245,0.000961390077903,-2.07730637106e-05,-5.1359815189e-05
1352,0.000416666666667,0.0144606033901,0.0204964255052,0.0144606033901,0.000388577462932,0.000384706535746,0.921194390163,0.0133210267214,-2.80892037346e-05,-3.19601309202e-05
1353,0.000416666666667,0.0212348350374,0.0190184748197,0.0212348350374,0.000387616797248,0.00039548349914,0.938103003281,0.0199204625227,-2.90498694185e-05,-2.11831675268e-05
1354,0.000416666666667,0.00660448085217,0.05213774686,0.00660448085217,0.000409725139725,0.000373286222296,0.927058817977,0.00612274221217,-6.94152694186e-06,-4.3380444371e-05
1355,0.000416666666667,0.00850518786602,0.0148238335505,0.00850518786602,0.000384903203061,0.000376038803179,0.926217371205,0.00787765274687,-3.17634636052e-05,-4.06278634881e-05
1356,0.000416666666667,0.0316659452664,0.111785807614,0.0316659452664,0.000452771338287,0.000412006482699,0.937828514702,0.0296972264158,3.61046716204e-05,-4.66018396721e-06
1357,0.000416666666667,0.0150103867695,0.0390309214269,0.0150103867695,0.000400828946556,0.000385657396929,0.926737656988,0.0139106906652,-1.58377201109e-05,-3.10092697375e-05
1358,0.000416666666667,0.0212348350374,0.0190184748197,0.0212348350374,0.000387616797248,0.000395483499088,0.938103001809,0.0199204624915,-2.90498694185e-05,-2.11831675785e-05
1359,0.000416666666667,0.0109343602929,0.0966680034925,0.0109343602929,0.000441451160838,0.00037951744964,0.921606905557,0.0100771819538,2.47844941709e-05,-3.71492170266e-05
1360,0.000416666666667,0.00685809833183,0.00936799936098,0.00685809833183,0.000381402122421,0.000373558086687,0.918132732347,0.00629664456011,-3.52645442458e-05,-4.310857998e-05
1361,0.000416666666667,0.00198410050247,0.0254484300601,0.00198410050247,0.000391813645301,0.000366635396017,0.921585155524,0.00182851757014,-2.48530213656e-05,-5.00312706498e-05
1362,0.000416666666667,0.00926788288207,0.0450569792946,0.00926788288207,0.000404894858186,0.000377180468518,0.928125309775,0.00860175667088,-1.17718084808e-05,-3.94861981486e-05
1363,0.000416666666667,0.0130384231354,0.00277203479789,0.0130384231354,0.000377211901768,0.000382731311486,0.927370208914,0.012091445187,-3.9454764899e-05,-3.3935355181e-05
1364,0.000416666666667,0.0168304435005,0.0648161762675,0.0168304435005,0.000418518387656,0.000388589216867,0.934004507404,0.0157197100911,1.85172098947e-06,-2.80774497997e-05
1365,0.000416666666667,0.0384436160345,0.0647687509541,0.0384436160345,0.000418485146231,0.000422980166938,0.935814436795,0.0359760908877,1.81847956466e-06,6.31350027174e-06
1366,0.000416666666667,0.0415222741039,0.124326061056,0.0415222741039,0.00046238139744,0.000428315412946,0.938536448317,0.0389701676635,4.57147307737e-05,1.16487462791e-05
1367,0.000416666666667,0.0110443586869,0.0200170575327,0.0110443586869,0.000388265613886,0.000379714157579,0.92363500976,0.0102009563436,-2.84010527808e-05,-3.69525090874e-05
1368,0.000416666666667,0.00704837052452,0.0863369344302,0.00704837052452,0.000433878505229,0.000374069696611,0.939729400579,0.00662356100807,1.72118385619e-05,-4.25969700555e-05
1369,0.000416666666667,0.00964440754113,0.0847455802983,0.00964440754113,0.000432723647536,0.000377634836506,0.921708363663,0.00888933109323,1.60569808692e-05,-3.90318301608e-05
1370,0.000416666666667,0.0665018171215,0.221139593522,0.0665018171215,0.000543775683253,0.000471584853287,0.931679420041,0.0619583744074,0.000127109016586,5.49181866206e-05
1371,0.000416666666667,0.0147840893289,0.118240803231,0.0147840893289,0.000457692829445,0.000385278218447,0.925029761798,0.0136757226303,4.10261627785e-05,-3.13884482197e-05
1372,0.000416666666667,0.00641715256911,0.0420452396807,0.00641715256911,0.000402857642831,0.000373067584062,0.932313022162,0.00598279490539,-1.3809023836e-05,-4.35990826042e-05
1373,0.000416666666667,0.00348042038026,0.0356866186645,0.00348042038026,0.000398590116742,0.000369060334257,0.977806887195,0.00340317901816,-1.80765499247e-05,-4.76063324092e-05
1374,0.000416666666667,0.0390152221272,0.162829139955,0.0390152221272,0.000493181077915,0.000422521321116,0.915458861339,0.0357168308235,7.65144112485e-05,5.85465444884e-06
1375,0.000416666666667,0.0125984849454,0.0058930625779,0.0125984849454,0.000379188829138,0.000382295728689,0.938163602238,0.0118194400191,-3.74778375282e-05,-3.43709379774e-05
1376,0.000416666666667,0.0250310555052,0.00105241605929,0.0250310555052,0.000376127064916,0.000401081605055,0.929961471292,0.0232779172056,-4.05396017511e-05,-1.55850616115e-05
1377,0.000416666666667,0.00776087414889,0.00268491039186,0.00776087414889,0.000377156863386,0.000375067313074,0.935429350808,0.00725974946681,-3.95098032808e-05,-4.1599353593e-05
1378,0.000416666666667,0.00198410050247,0.0254484300601,0.00198410050247,0.000391813645301,0.000366635399035,0.921586146435,0.00182851953621,-2.48530213656e-05,-5.00312676321e-05
1379,0.000416666666667,0.000999360355639,0.0316336132744,0.000999360355639,0.000395893602956,0.000365306850631,0.962004865354,0.000961389524366,-2.07730637106e-05,-5.13598160355e-05
1380,0.000416666666667,0.00110825086431,0.0095155552364,0.00110825086431,0.000381496390662,0.000365426819359,0.938254456471,0.00103982131232,-3.5170276005e-05,-5.12398473073e-05
1381,0.000416666666667,0.0173320866261,0.0236179506873,0.0173320866261,0.000390614281405,0.000389341273476,0.933618209988,0.0161815516912,-2.60523852616e-05,-2.73253931907e-05
1382,0.000416666666667,0.00729104975289,0.0503124742391,0.00729104975289,0.000408474509791,0.000374399572365,0.937329103871,0.00683411313115,-8.19215687594e-06,-4.22670943022e-05
1383,0.000416666666667,0.0189339378007,0.0172618627743,0.0189339378007,0.00038647809056,0.000391916745525,0.937809691252,0.0177564303631,-3.0188576107e-05,-2.47499211417e-05
1384,0.000416666666667,0.00871274831183,0.0142720252782,0.00871274831183,0.000384547644462,0.000376424652227,0.9322688745,0.00812262406247,-3.21190222051e-05,-4.02420144395e-05
1385,0.000416666666667,0.00848911143079,0.0471273763173,0.00848911143079,0.000406301298196,0.000376155510894,0.936702947366,0.00795177569774,-1.03653684708e-05,-4.05111557726e-05
1386,0.000416666666667,0.0115383534369,0.00676003388609,0.0115383534369,0.000379739824227,0.000380639613217,0.934485238139,0.0107824209592,-3.69268424395e-05,-3.60270534493e-05
1387,0.000416666666667,0.0175708399769,0.0229832147506,0.0175708399769,0.000390199248524,0.000389745679578,0.935045265765,0.0164295307359,-2.64674181431e-05,-2.6920987089e-05
1388,0.000416666666667,0.000337834838913,0.068496689925,0.000337834838913,0.000421106209297,0.000364322234704,0.937451111019,0.00031670364508,4.43954263014e-06,-5.23444319632e-05
1389,0.000416666666667,0.0201625734439,0.0139954826657,0.0201625734439,0.000384369577327,0.000393502665293,0.928505785913,0.0187210661015,-3.22970893398e-05,-2.31640013737e-05
1390,0.000416666666667,0.0109352287538,0.0406242693859,0.0109352287538,0.000401900025391,0.000379794938279,0.93749912163,0.0102517673515,-1.47666412761e-05,-3.68717283874e-05
1391,0.000416666666667,0.0168123591646,0.00726113463336,0.0168123591646,0.000380058658923,0.000388337672138,0.925809138564,0.0155650357554,-3.66080077432e-05,-2.83289945286e-05
1392,0.000416666666667,0.00884982002866,0.102464295924,0.00884982002866,0.000445757565244,0.000376396360426,0.91580059431,0.00810467044178,2.90908985771e-05,-4.0270306241e-05
1393,0.000416666666667,0.0201269984405,0.056052144764,0.0201269984405,0.000412420110723,0.000393829233589,0.939992049702,0.0189192185184,-4.24655594338e-06,-2.28374330772e-05
1394,0.000416666666667,0.000308106210817,0.0187668170513,0.000308106210817,0.000387453456879,0.00036427748783,0.932677933003,0.00028736386385,-2.92132097879e-05,-5.23891788367e-05
1395,0.000416666666667,0.0281249203683,0.0741712795958,0.0281249203683,0.000425127483018,0.000405786395535,0.92670708592,0.0260635629962,8.46081635141e-06,-1.0880271132e-05
1396,0.000416666666667,0.0154914436977,0.120121334903,0.0154914436977,0.000459136642578,0.000386571722751,0.934472502432,0.0144763281585,4.2469975911e-05,-3.00949439161e-05
1397,0.000416666666667,0,0,0,0.000375464678399,0.000363839512047,0.985069883091,0,-4.1201988268e-05,-5.28271546197e-05
1398,0.000416666666667,0.0381629658486,0.0640226304993,0.0381629658486,0.000417962521697,0.000421929256975,0.927126122007,0.0353818825315,1.29585503049e-06,5.26259030788e-06
1399,0.000416666666667,0.0060270169976,0.0225923041866,0.0060270169976,0.000389943864456,0.000372554926261,0.938163582802,0.00565432786008,-2.67228022105e-05,-4.41117404059e-05
1400,0.000416666666667,0.00986816079635,0.0112003120508,0.00986816079635,0.000382574375484,0.00037790853338,0.918346392857,0.00906238987147,-3.40922911826e-05,-3.87581332864e-05
1401,0.000416666666667,0.00427814054527,0.0488088557801,0.00427814054527,0.000407447137132,0.000369938891401,0.928236945425,0.00397112811184,-9.21952953424e-06,-4.6727775266e-05
1402,0.000416666666667,0.0101753210003,0.00531972815759,0.0101753210003,0.000378824891328,0.000378556284319,0.930827101234,0.00947146455079,-3.78417753386e-05,-3.81103823472e-05
1403,0.000416666666667,0.00100868039626,0.0690563016422,0.00100868039626,0.000421501079268,0.000365271529688,0.930218229769,0.000938292892612,4.83441260124e-06,-5.13951369786e-05
1404,0.000416666666667,0.00477051279469,0.0501178483448,0.00477051279469,0.000408341382552,0.000370638250299,0.92700096241,0.00442226995187,-8.32528411505e-06,-4.60284163674e-05
1405,0.000416666666667,0.0195192699507,0.0144575720775,0.0195192699507,0.00038466716519,0.000392246537003,0.919980468032,0.0179573471049,-3.19995014771e-05,-2.44201296638e-05
1406,0.000416666666667,0,0,0,0.000375464678399,0.000363839512047,0.943437292466,0,-4.1201988268e-05,-5.28271546197e-05
1407,0.000416666666667,0.00229127133719,0.0248007289516,0.00229127133719,0.000391388839163,0.000367134363903,0.939817723195,0.00215337741134,-2.52778275037e-05,-4.95323027638e-05
1408,0.000416666666667,0.00938503918512,0.0447455142805,0.00938503918512,0.000404683698802,0.000377311392681,0.925372322307,0.00868465550568,-1.19829678649e-05,-3.93552739857e-05
1409,0.000416666666667,0.00882556468169,0.0554735339749,0.00882556468169,0.000412020637135,0.000376634829988,0.935459461882,0.00825595798794,-4.64602953213e-06,-4.00318366791e-05
1410,0.000416666666667,0.00867475616483,0.0466338318968,0.00867475616483,0.000405965586016,0.000376267045219,0.924820398934,0.00802259145701,-1.07010806511e-05,-4.03996214475e-05
1411,0.000416666666667,0.00210776019111,0.0430388073069,0.00210776019111,0.000403528581095,0.000366827874901,0.926996309943,0.00195388591941,-1.31380855716e-05,-4.98387917653e-05
1412,0.000416666666667,0.000999360355639,0.0316336132744,0.000999360355639,0.000395893602956,0.000365324004278,0.973228138153,0.000972605618262,-2.07730637106e-05,-5.13426623885e-05
1413,0.000416666666667,0.0341855784587,0.0534485769733,0.0341855784587,0.000410625648531,0.000415755003474,0.931990854127,0.0318606464665,-6.04101813584e-06,-9.1166319241e-07
1414,0.000416666666667,0.00379497561278,0.122117085698,0.00379497561278,0.000460673899362,0.00036927972157,0.934164094222,0.00354512995591,4.40072326951e-05,-4.73869450969e-05
1415,0.000416666666667,0.0180421524597,0.0105305924088,0.0180421524597,0.000382145493805,0.000390213292974,0.926494082342,0.0167159474866,-3.45211728615e-05,-2.64533736926e-05
1416,0.000416666666667,0.00982373458508,0.0435792239029,0.00982373458508,0.000403893983717,0.00037799294982,0.927930319511,0.00911574117233,-1.27726829496e-05,-3.86737168463e-05
1417,0.000416666666667,0.0302920597752,0.166059188726,0.0302920597752,0.000495856318614,0.000409171289147,0.925912921321,0.0280478095593,7.91896519477e-05,-7.49537752013e-06
1418,0.000416666666667,0.00914291719238,0.0250721206103,0.00914291719238,0.000391566780055,0.00037710608559,0.935658251524,0.00855464591405,-2.50998866121e-05,-3.95605810767e-05
1419,0.000416666666667,0,0,0,0.000375464678399,0.000363839512047,0.990138543769,0,-4.1201988268e-05,-5.28271546197e-05
1420,0.000416666666667,0.0253440015987,0.0299428688773,0.0253440015987,0.000394774129472,0.000401531661772,0.92904822015,0.0235457995768,-2.18925371942e-05,-1.51350048947e-05
1421,0.000416666666667,0.0274760674262,0.132151806446,0.0274760674262,0.000468481644352,0.000404357964454,0.917934725811,0.0252212364192,5.18149776851e-05,-1.23087022125e-05
1422,0.000416666666667,0.0076342925841,0.047896636942,0.0076342925841,0.000406825108017,0.000374706736349,0.920845258197,0.00703000212576,-9.84155864936e-06,-4.1959930318e-05
1423,0.000416666666667,0.0126888311738,0.0359622427753,0.0126888311738,0.000398774158385,0.000382325371071,0.932943329552,0.0118379604034,-1.78925082821e-05,-3.43412955957e-05
1424,0.000416666666667,0.0118811240243,0.0136387699113,0.0118811240243,0.000384140010018,0.000381110230331,0.932367011069,0.0110775680947,-3.25266566491e-05,-3.5556436336e-05
1425,0.000416666666667,0.00846870149179,0.0471816370082,0.00846870149179,0.000406338223611,0.000375986505395,0.926284876701,0.00784443011714,-1.03284430556e-05,-4.0680161272e-05
1426,0.000416666666667,0.0105477666221,0.041654353941,0.0105477666221,0.000402593990626,0.00037913786728,0.932724105055,0.00983815618292,-1.40726760405e-05,-3.75287993867e-05
1427,0.000416666666667,0.000231767273764,0.038051400354,0.000231767273764,0.000400171911115,0.000364170710837,0.937739817541,0.000217337401012,-1.64947555519e-05,-5.24959558294e-05
1428,0.000416666666667,0.00766536859712,0.0119925433644,0.00766536859712,0.000383082333902,0.000374852117778,0.92920004731,0.00712266086309,-3.35843327644e-05,-4.18145488883e-05
1429,0.000416666666667,0.0109773497148,0.0736049291864,0.0109773497148,0.000424724422213,0.000379922875695,0.941230630694,0.0103322177954,8.05775554666e-06,-3.67437909713e-05
1430,0.000416666666667,0.0174462268603,0.0631790900175,0.0174462268603,0.000417372444751,0.000389583066372,0.936010319577,0.0163298483789,7.05778084613e-07,-2.7083600295e-05
1431,0.000416666666667,0.00846870149179,0.0471816370082,0.00846870149179,0.000406338223611,0.000375986551859,0.926288362351,0.00784445963607,-1.03284430556e-05,-4.06801148077e-05
1432,0.000416666666667,1,0.11567908379,1,0.000455733324024,0.0169052283877,0.916924195499,0.916924195499,3.90666573574e-05,0.0164885617211
1433,0.000416666666667,0.00198410050247,0.0254484300601,0.00198410050247,0.000391813645301,0.000366635494812,0.921617596375,0.00182858193605,-2.48530213656e-05,-5.00311718543e-05
1434,0.000416666666667,0.00665593913713,0.052000942821,0.00665593913713,0.000409631272516,0.000373470186479,0.937573425104,0.00624043165408,-7.03539415057e-06,-4.31964801872e-05
1435,0.000416666666667,0.00588163487268,0.0530718136428,0.00588163487268,0.000410366618684,0.000372247375865,0.927813293911,0.0054570590248,-6.30004798258e-06,-4.4419290802e-05
1436,0.000416666666667,0.0125361405627,0.0521985967342,0.0125361405627,0.000409766898385,0.000381931765541,0.924680192268,0.0115919208658,-6.89976828206e-06,-3.47349011254e-05
1437,0.000416666666667,0.0103755577689,0.0951824032178,0.0103755577689,0.0004403541357,0.000378819694973,0.928876938164,0.00963761633215,2.36874690337e-05,-3.78469716936e-05
1438,0.000416666666667,0.0151526029979,0.0201102249838,0.0151526029979,0.000388326203635,0.000385740185006,0.921423320757,0.0139619617725,-2.83404630319e-05,-3.09264816609e-05
1439,0.000416666666667,0.00304929185595,0.37563709426,0.00304929185595,0.000704363595789,0.000368489802964,0.994864015185,0.00303363073928,0.000287696929123,-4.81768637023e-05
1440,0.000416666666667,0.0195192699507,0.0144575720775,0.0195192699507,0.00038466716519,0.000392246614951,0.91998289989,0.017957394573,-3.19995014771e-05,-2.44200517153e-05
1441,0.000416666666667,0.0677014252561,0.12088160555,0.0677014252561,0.000459721646572,0.000473052122396,0.926131406374,0.062700416186,4.30549799048e-05,5.63854557291e-05
1442,0.000416666666667,0.0144606033901,0.0204964255052,0.0144606033901,0.000388577462932,0.000384870948889,0.928252378632,0.0134230894933,-2.80892037346e-05,-3.17957177776e-05
1443,0.000416666666667,0.0266752578377,0.0780252690844,0.0266752578377,0.000427880470443,0.000403951337617,0.93648241619,0.0249809099124,1.12138037759e-05,-1.27153290498e-05
1444,0.000416666666667,0.0162108450983,0.0596914591399,0.0162108450983,0.00041494159214,0.000387806910178,0.940009125513,0.0152383423246,-1.72507452666e-06,-2.88597564883e-05
1445,0.000416666666667,0.000131290435015,0.0497279960004,0.000131290435015,0.000408074847768,0.000364024308974,0.923835631394,0.000121290781928,-8.59181889862e-06,-5.2642357693e-05
1446,0.000416666666667,0.00597654852453,0.175025150439,0.00597654852453,0.000503358537492,0.000372378723319,0.927178581177,0.00554132778131,8.66918708257e-05,-4.42879433477e-05
1447,0.000416666666667,0.00986816079635,0.0112003120508,0.00986816079635,0.000382574375484,0.000377908271205,0.918329600119,0.00906222415803,-3.40922911826e-05,-3.87583954613e-05
1448,0.000416666666667,0.0124967815651,0.0161557295425,0.0124967815651,0.000385762767508,0.000381992728576,0.930643212445,0.011630044941,-3.09038991588e-05,-3.46739380909e-05
1449,0.000416666666667,1.36238732806e-14,3.62196465113e-14,1.36238732806e-14,0.000375464678399,0.000363839512047,0.999970031567,1.36234649945e-14,-4.1201988268e-05,-5.28271546196e-05
1450,0.000416666666667,0.00414309831662,0.0553600788397,0.00414309831662,0.000411942352957,0.000369786182755,0.934688296446,0.00387250550757,-4.72431370917e-06,-4.68804839115e-05
1451,0.000416666666667,0.0154883425805,0.0135758720003,0.0154883425805,0.00038409954544,0.000386260185481,0.922225823881,0.0142837494969,-3.2567121227e-05,-3.04064811861e-05
1452,0.000416666666667,0.126676814648,0.935113481777,0.126676814648,0.00179781180104,0.000600045474248,0.94336574304,0.119502567376,0.00138114513437,0.000183378807582
1453,0.000416666666667,0.0115924480298,0.00321847065296,0.0115924480298,0.000377494051051,0.000380642058626,0.93025696646,0.010783955538,-3.91726156156e-05,-3.6024608041e-05
1454,0.000416666666667,0.00131976387971,0.0824453214149,0.00131976387971,0.000431059763069,0.000365723201679,0.934619030059,0.00123347643716,1.43930964022e-05,-5.09434649881e-05
1455,0.000416666666667,0.015857554913,0.02138272367,0.015857554913,0.000389154697003,0.000386883451755,0.925039840189,0.0146688700625,-2.75119696637e-05,-2.97832149116e-05
1456,0.000416666666667,0.0110443586869,0.0200170575327,0.0110443586869,0.000388265613886,0.000379625133746,0.918563782267,0.0101449478882,-2.84010527808e-05,-3.70415329208e-05
1457,0.000416666666667,0.0198000177324,0.0324655747002,0.0198000177324,0.000396445624983,0.000392969986581,0.929165761499,0.018397498554,-2.02210416838e-05,-2.36966800856e-05
1458,0.000416666666667,0.0273327326693,0.0600338822468,0.0273327326693,0.000415179630362,0.000404724130993,0.930658616808,0.0254374431796,-1.48703630477e-06,-1.19425356735e-05
1459,0.000416666666667,0.00590445210716,0.174833479047,0.00590445210716,0.000503196976261,0.000372390606085,0.939790831763,0.00554894995689,8.65303095947e-05,-4.42760605814e-05
1460,0.000416666666667,0.0151461433004,0.107865207736,0.0151461433004,0.000449808018731,0.000385915861637,0.928997075285,0.0140707228279,3.31413520641e-05,-3.07508050299e-05
1461,0.000416666666667,0,0.108191423817,0,0.000450053842192,0.000363839512047,0.992080217919,0,3.33871755254e-05,-5.28271546197e-05
1462,0.000416666666667,0.0140801812908,0.1050313024,0.0140801812908,0.000447678142273,0.000384145602022,0.921329560618,0.012972487242,3.10114756059e-05,-3.25210646452e-05
1463,0.000416666666667,0.0201269984405,0.056052144764,0.0201269984405,0.000412420110723,0.000393829233616,0.939992050494,0.0189192185344,-4.24655594338e-06,-2.28374330509e-05
1464,0.000416666666667,0.0124970413923,0.0161550387809,0.0124970413923,0.000385762321215,0.00038185513743,0.923737981159,0.0115439917862,-3.09043454522e-05,-3.48115292364e-05
1465,0.000416666666667,0.0125361405627,0.0521985967342,0.0125361405627,0.000409766898385,0.000381931765559,0.924680193129,0.0115919208766,-6.89976828206e-06,-3.47349011081e-05
1466,0.000416666666667,0.0112849560047,0.0375970061743,0.0112849560047,0.000399867481961,0.000380328478193,0.938159833005,0.0105870924409,-1.67991847052e-05,-3.6338188474e-05
1467,0.000416666666667,0.00685809833183,0.00936799936098,0.00685809833183,0.000381402122421,0.000373557889267,0.91811432539,0.00629651832339,-3.52645442458e-05,-4.31087773997e-05
1468,0.000416666666667,0.0169550975014,0.0174753023355,0.0169550975014,0.000386616271947,0.000388377035478,0.919443064378,0.0155892468035,-3.00503947192e-05,-2.82896311885e-05
1469,0.000416666666667,0.00284088663847,0.025500321532,0.00284088663847,0.000391847699176,0.000367910524207,0.935563777895,0.00265783063605,-2.48189674902e-05,-4.87561424597e-05
1470,0.000416666666667,0.00800266800739,0.0147062100523,0.00800266800739,0.000384827384601,0.000375465006256,0.93879817983,0.00751289015912,-3.18392820661e-05,-4.12016604106e-05
1471,0.000416666666667,0.00151555730507,0.0635693680893,0.00151555730507,0.000417645350067,0.000365992292181,0.929798764862,0.00140916331033,9.78683400331e-07,-5.06743744856e-05
1472,0.000416666666667,0.0196490278752,0.115778484033,0.0196490278752,0.000455809200387,0.000392989414813,0.93690679042,0.0184093076414,3.91425337207e-05,-2.36772518539e-05
1473,0.000416666666667,0.00865439434005,0.0466879646739,0.00865439434005,0.000406002393941,0.000376428546699,0.938840434171,0.00812509533969,-1.06642727257e-05,-4.02381199675e-05
1474,0.000416666666667,0.00609026284556,0.0752967354748,0.00609026284556,0.000425929584201,0.000372475609802,0.920070030309,0.0056034683209,9.26291753475e-06,-4.41910568648e-05
1475,0.000416666666667,0.00306926730616,0.0455950148631,0.00306926730616,0.000405259881887,0.000368250056168,0.937738331698,0.00287816960321,-1.14067847799e-05,-4.8416610499e-05
1476,0.000416666666667,0.00421771568036,0.048648213707,0.00421771568036,0.000407337528623,0.0003698613234,0.929659174665,0.00392103807838,-9.32913804411e-06,-4.68053432667e-05
1477,0.000416666666667,0.0302986013431,0.0431148830064,0.0302986013431,0.000403579999671,0.000409700885087,0.935910407415,0.0283567763271,-1.30866669953e-05,-6.96578157963e-06
1478,0.000416666666667,0.00862668802422,0.0505349624241,0.00862668802422,0.000408626748452,0.000376267954245,0.930040417623,0.00802316853275,-8.03991821459e-06,-4.03987124214e-05
1479,0.000416666666667,0.0147840893289,0.118240803231,0.0147840893289,0.000457692829445,0.000385313330808,0.926502156984,0.0136974906523,4.10261627785e-05,-3.13533358587e-05
1480,0.000416666666667,0.0535832125862,0.0833477367485,0.0535832125862,0.000431711758142,0.000447348514981,0.921101526174,0.0493555788905,1.50450914751e-05,3.06818483146e-05
1481,0.000416666666667,0.0148654505246,0.0195850802776,0.0148654505246,0.000387984808883,0.000385577598861,0.932448084575,0.013861260868,-2.86818577832e-05,-3.10890678061e-05
1482,0.000416666666667,0.012825586421,0.0355986731348,0.012825586421,0.00039853141102,0.000382399198652,0.926591643237,0.0118840811973,-1.8135255647e-05,-3.42674680143e-05
1483,0.000416666666667,0.00497134950918,0.0543819975471,0.00497134950918,0.000411268092243,0.000370888978072,0.922043788886,0.00458380193732,-5.39857442392e-06,-4.57776885951e-05
1484,0.000416666666667,0.00208930624421,0.0620440321343,0.00208930624421,0.000416579758788,0.000366835216217,0.937472083182,0.00195866627717,-8.69078791124e-08,-4.98314504497e-05
1485,0.000416666666667,0.0112849560047,0.0375970061743,0.0112849560047,0.000399867481961,0.000380328050395,0.938136024432,0.0105868237621,-1.67991847052e-05,-3.6338616272e-05
1486,0.000416666666667,0.00884982002866,0.102464295924,0.00884982002866,0.000445757565244,0.000376396531439,0.915812857508,0.00810477896888,2.90908985771e-05,-4.02701352275e-05
1487,0.000416666666667,0.00369040024535,0.0472463231974,0.00369040024535,0.000406382248158,0.000369067923211,0.923501654974,0.00340809073409,-1.02844185087e-05,-4.75987434556e-05
1488,0.000416666666667,0.0160985047603,0.0151980141043,0.0160985047603,0.000385144493968,0.000387581131885,0.937927864578,0.0150992361927,-3.1522172699e-05,-2.90855347816e-05
1489,0.000416666666667,0.00982001336602,0.0195376999761,0.00982001336602,0.000387954021879,0.00037808975142,0.934510463968,0.00917690524685,-2.87126447877e-05,-3.8576915247e-05
1490,0.000416666666667,0.00922886542374,0.0451607088669,0.00922886542374,0.000404965206663,0.000377136062753,0.929001866108,0.00857363320071,-1.17014600039e-05,-3.95306039137e-05
1491,0.000416666666667,0.00172055399568,0.0721727076074,0.00172055399568,0.000423706841664,0.000366275115132,0.926257945036,0.00159367680836,7.04017499697e-06,-5.03915515344e-05
1492,0.000416666666667,0.0228980448022,0.0486852001646,0.0228980448022,0.000407362762427,0.000397744193664,0.929424163257,0.0212819961305,-9.30390423934e-06,-1.89224730031e-05
1493,0.000416666666667,0.00987017032759,0.0434557725066,0.00987017032759,0.000403810482921,0.000377959968087,0.921453003351,0.00909489809195,-1.28561837461e-05,-3.87066985796e-05
1494,0.000416666666667,0.0117875725272,0.127798479152,0.0117875725272,0.000465078316858,0.000381133051161,0.940980076028,0.0110918708928,4.84116501918e-05,-3.55336155059e-05
1495,0.000416666666667,1,0.11567908379,1,0.000455733324024,0.0169060721929,0.916936117894,0.916936117894,3.90666573574e-05,0.0164894055263
1496,0.000416666666667,0.024478755965,0.0682014565063,0.024478755965,0.000420898037487,0.000400576630686,0.938650180828,0.022976988713,4.23137082043e-06,-1.60900359808e-05
1497,0.000416666666667,0.00679719454589,0.0856691724091,0.00679719454589,0.000433393530463,0.000373677408092,0.937582465389,0.00637293042007,1.67268637961e-05,-4.29892585744e-05
1498,0.000416666666667,0.021546130083,0.0774549176321,0.021546130083,0.00042747193501,0.000395705496966,0.930770758836,0.0200545078473,1.08052683436e-05,-2.09611697003e-05
1499,0.000416666666667,0.0380983218574,0.0638507716997,0.0380983218574,0.000417842234685,0.000422407047042,0.935795001218,0.035652219149,1.17556801807e-06,5.740380375e-06
1500,0.000416666666667,0.0905705137643,0.181680049923,0.0905705137643,0.000509000284472,0.000516695870242,0.92502526379,0.0837800133864,9.23336178055e-05,0.000100029203575
1501,0.000416666666667,0.00450860239391,0.0185555343877,0.00450860239391,0.000387316375429,0.000370349349836,0.939539395355,0.00423600956707,-2.9350291238e-05,-4.6317316831e-05
1502,0.000416666666667,0.0109772566705,0.0384150379401,0.0109772566705,0.000400415703282,0.000379868679399,0.938134302776,0.010298141033,-1.62509633843e-05,-3.67979872682e-05
1503,0.000416666666667,0.0156362219152,0.0909485157328,0.0156362219152,0.000437242601194,0.000386634392124,0.928296422362,0.0145150488631,2.05759345277e-05,-3.00322745422e-05
1504,0.000416666666667,0.00922886542374,0.0451607088669,0.00922886542374,0.000404965206663,0.000377136281289,0.929016863964,0.00857377161391,-1.17014600039e-05,-3.95303853779e-05
1505,0.000416666666667,0.0273327326693,0.0600338822468,0.0273327326693,0.000415179630362,0.000404723925066,0.93065417025,0.025437321643,-1.48703630477e-06,-1.19427416003e-05
1506,0.000416666666667,0.0154537575116,0.120021144575,0.0154537575116,0.000459059604854,0.000386272064745,0.924765098316,0.0142910955846,4.23929381873e-05,-3.03946019216e-05
1507,0.000416666666667,0.0153771597858,0.0711471483897,0.0153771597858,0.000422979689307,0.000386186824719,0.925943327589,0.014238378501,6.31302264061e-06,-3.04798419478e-05
1508,0.000416666666667,0.0192844753865,0.0184274421368,0.0192844753865,0.000387233292029,0.000391911312261,0.920591227881,0.0177531188751,-2.94333746372e-05,-2.47553544057e-05
1509,0.000416666666667,0.0203045388085,0.0165452427318,0.0203045388085,0.000386014509851,0.000393462902351,0.920825044008,0.0186969278419,-3.06521568161e-05,-2.32037643157e-05
1510,0.000416666666667,0.0274760674262,0.132151806446,0.0274760674262,0.000468481644352,0.000404357788588,0.917930944744,0.0252211325304,5.18149776851e-05,-1.23088780784e-05
1511,0.000416666666667,0.0390152221272,0.162829139955,0.0390152221272,0.000493181077915,0.000422518490058,0.915417838975,0.0357152303268,7.65144112485e-05,5.85182339087e-06
1512,0.000416666666667,0.00158802869479,0.0416570790208,0.00158802869479,0.000402595828094,0.00036607212963,0.920174586065,0.00146126364689,-1.40708385731e-05,-5.05945370365e-05
1513,0.000416666666667,0.00172055399568,0.0721727076074,0.00172055399568,0.000423706841664,0.000366275032136,0.926226486583,0.00159362268239,7.04017499697e-06,-5.03916345309e-05
1514,0.000416666666667,0.00917211395257,0.0404082684465,0.00917211395257,0.000401754657916,0.000377145285397,0.935386813519,0.00857947444333,-1.49120087502e-05,-3.95213812698e-05
1515,0.000416666666667,0.0642470395668,0.107262779186,0.0642470395668,0.000449354405422,0.000467190068374,0.9295666822,0.0597219074113,3.26877387556e-05,5.05234017075e-05
1516,0.000416666666667,0.015980686343,0.0272107058121,0.015980686343,0.000392971800122,0.000387187301737,0.929646941157,0.0148563961764,-2.36948665444e-05,-2.94793649296e-05
1517,0.000416666666667,0.0203770881632,0.0578546261621,0.0203770881632,0.000413667030326,0.000394173039743,0.938684308404,0.0191276529097,-2.99963634035e-06,-2.24936269235e-05
1518,0.000416666666667,0.0269420299691,0.0379340936161,0.0269420299691,0.000400093297273,0.000404052988332,0.929440383535,0.0250410106677,-1.6573369394e-05,-1.26136783346e-05
1519,0.000416666666667,0.00203093732049,0.0320359039621,0.00203093732049,0.000396160434337,0.000366700491347,0.92121200436,0.00187092383973,-2.05062323294e-05,-4.99661753199e-05
1520,0.000416666666667,0.0196076337592,0.0175683118598,0.0196076337592,0.000386676502036,0.000392599703603,0.926798078825,0.0181723172983,-2.99901646304e-05,-2.40669630634e-05
1521,0.000416666666667,0.0151128870324,0.0992837655889,0.0151128870324,0.00044338938808,0.000385959224161,0.932817193176,0.0140975608624,2.67227214129e-05,-3.07074425059e-05
1522,0.000416666666667,0.0147110914515,0.0305859778245,0.0147110914515,0.000395199570405,0.000385086384748,0.921533233212,0.0135567596694,-2.1467096262e-05,-3.15802819184e-05
1523,0.000416666666667,0.03811560897,0.133382825193,0.03811560897,0.000469448534537,0.000421387818695,0.920230951117,0.0350751630949,5.27818678705e-05,4.7211520286e-06
1524,0.000416666666667,0.00387988363005,0.0694203483276,0.00387988363005,0.000421758154539,0.000369392685923,0.932550852639,0.00361818878734,5.09148787222e-06,-4.72739807439e-05
1525,0.000416666666667,0,0,0,0.000375464678399,0.000363839512047,0.985069882392,0,-4.1201988268e-05,-5.28271546197e-05
1526,0.000416666666667,0.0168304435005,0.0648161762675,0.0168304435005,0.000418518387656,0.000388414380429,0.927617512882,0.0156122141406,1.85172098947e-06,-2.8252286238e-05
1527,0.000416666666667,0.00848911143079,0.0471273763173,0.00848911143079,0.000406301298196,0.000376155353396,0.936691165928,0.0079516756838,-1.03653684708e-05,-4.05113132705e-05
1528,0.000416666666667,0.015980686343,0.0272107058121,0.015980686343,0.000392971800122,0.000387188947056,0.929710457547,0.0148574112119,-2.36948665444e-05,-2.94777196107e-05
1529,0.000416666666667,0.0298215223093,0.0418465481061,0.0298215223093,0.000402723603909,0.000408117003672,0.919857339775,0.0274315461795,-1.39430627573e-05,-8.5496629947e-06
1530,0.000416666666667,0.0472702792853,0.0665645350923,0.0472702792853,0.000419745694757,0.000436027620996,0.914589318627,0.0432328925229,3.07902808997e-06,1.93609543295e-05
1531,0.000416666666667,0.0474339711553,0.0625645217889,0.0474339711553,0.000416943064059,0.000437281596569,0.925894680117,0.0439188615495,2.7639739214e-07,2.06149299027e-05
1532,0.000416666666667,0.0230092074327,0.280399379236,0.0230092074327,0.000600514747646,0.000398099702347,0.934208692492,0.021495401591,0.00018384808098,-1.85669643197e-05
1533,0.000416666666667,0.0315551388962,0.147431386525,0.0315551388962,0.000480625174101,0.000411777371517,0.936911093883,0.0295643597009,6.39585074343e-05,-4.88929514955e-06
1534,0.000416666666667,0.0242930182012,0.0271487848188,0.0242930182012,0.000392931048124,0.000400021012715,0.932179008561,0.0226454416217,-2.37356185423e-05,-1.66456539521e-05
1535,0.000416666666667,0.0124970413923,0.0161550387809,0.0124970413923,0.000385762321215,0.00038185457927,0.923710042447,0.011543642635,-3.09043454522e-05,-3.48120873964e-05
1536,0.000416666666667,0.0210425241583,0.0137535947108,0.0210425241583,0.000384213892099,0.000394789855835,0.92674936184,0.0195011458352,-3.24527745673e-05,-2.18768108317e-05
1537,0.000416666666667,0.0110443586869,0.0200170575327,0.0110443586869,0.000388265613886,0.000379700187014,0.922839257559,0.0101921677709,-2.84010527808e-05,-3.69664796524e-05
1538,0.000416666666667,0.00081612118139,0.0833567666874,0.00081612118139,0.000431718287253,0.000364982218391,0.917787645433,0.000749025937455,1.50516205867e-05,-5.16844482754e-05
1539,0.000416666666667,0.0224742074412,0.000643123569571,0.0224742074412,0.00037586931909,0.00039720305468,0.932481991936,0.0209567937219,-4.07973475766e-05,-1.94636119865e-05
1540,0.000416666666667,0.00503727498657,0.0240434274236,0.00503727498657,0.000390892733706,0.000371113035521,0.938614458864,0.00472805913566,-2.57739329608e-05,-4.55536311453e-05
1541,0.000416666666667,0.00597654852453,0.175025150439,0.00597654852453,0.000503358537492,0.000372379012878,0.927209659334,0.00554151352142,8.66918708257e-05,-4.42876537884e-05
1542,0.000416666666667,0.00810822290183,0.04813998467,0.00810822290183,0.000406990950455,0.000375463542256,0.926461799693,0.00751195878194,-9.67571621119e-06,-4.12031244105e-05
1543,0.000416666666667,0.0220542166277,0.00896646881406,0.0220542166277,0.000381145716649,0.000396266026441,0.924658952294,0.0203926288406,-3.55209500179e-05,-2.04006402257e-05
1544,0.000416666666667,0.00901244267464,0.0457360779494,0.00901244267464,0.000405355638863,0.000376941181277,0.937611499763,0.0084501698927,-1.13110278037e-05,-3.97254853892e-05
1545,0.000416666666667,0.0097451770647,0.0708474319289,0.0097451770647,0.000422767417051,0.000378652106566,0.978116636509,0.00953191981271,6.10075038436e-06,-3.8014560101e-05
1546,0.000416666666667,0.0121327966291,0.0998540974592,0.0121327966291,0.000443813121285,0.000381556609554,0.93607254832,0.0113571778588,2.71464546181e-05,-3.51100571127e-05
1547,0.000416666666667,0.0185676930972,0.0182355398943,0.0185676930972,0.000387108853442,0.00039133254262,0.937117213546,0.0174001048172,-2.95578132247e-05,-2.53341240464e-05
1548,0.000416666666667,0.0207982825328,0.0732408222076,0.0207982825328,0.000424465496043,0.000394521476788,0.929822419997,0.0193387093964,7.79882937615e-06,-2.21451898783e-05
1549,0.000416666666667,0.010501983272,0.0772989239513,0.010501983272,0.000427360266684,0.000378969402547,0.92668173068,0.00973199603407,1.06936000176e-05,-3.76972641195e-05
1550,0.000416666666667,0.000999360355639,0.0316336132744,0.000999360355639,0.000395893602956,0.000365306886522,0.96202834875,0.000961412992741,-2.07730637106e-05,-5.13597801444e-05
1551,0.000416666666667,0.0145891567472,0.0589595081534,0.0145891567472,0.000414433227984,0.000384912133083,0.921824942733,0.013448648583,-2.23343868227e-06,-3.17545335839e-05
1552,0.000416666666667,1.36238732806e-14,3.62196465113e-14,1.36238732806e-14,0.000375464678399,0.000363839512047,0.999953201444,1.3623235703e-14,-4.1201988268e-05,-5.28271546196e-05
1553,0.000416666666667,0.0206454126917,0.00155150380966,0.0206454126917,0.000376441597138,0.000396555211232,0.996196268537,0.0205668830859,-4.02250695283e-05,-2.01114554349e-05
1554,0.000416666666667,0.00776087414889,0.00268491039186,0.00776087414889,0.000377156863386,0.000375067313064,0.93542935,0.00725974946053,-3.95098032808e-05,-4.15993536029e-05
1555,0.000416666666667,0.00118835875789,0.0462196524991,0.00118835875789,0.000405684072523,0.000365516064809,0.924090034123,0.00109815048513,-1.09825941432e-05,-5.11506018576e-05
1556,0.000416666666667,0.00158802869479,0.0416570790208,0.00158802869479,0.000402595828094,0.000366072232047,0.920216668203,0.00146133047453,-1.40708385731e-05,-5.059443462e-05
1557,0.000416666666667,0.00703132727422,0.0510029574941,0.00703132727422,0.000408947161659,0.000373889774121,0.92566340453,0.00650864234302,-7.71950500745e-06,-4.27768925461e-05
1558,0.000416666666667,0.0153771597858,0.0711471483897,0.0153771597858,0.000422979689307,0.000386276603176,0.929554109537,0.0142939020719,6.31302264061e-06,-3.03900634903e-05
1559,0.000416666666667,0.0181175375268,0.0757667894527,0.0181175375268,0.000426265034843,0.000390642846506,0.937144463302,0.0169787499819,9.59836817609e-06,-2.60238201603e-05
1560,0.000416666666667,2.73651155211e-05,0.049306203472,2.73651155211e-05,0.000407786672011,0.000363878486988,0.93499274717,2.55861845377e-05,-8.87999465614e-06,-5.27881796784e-05
1561,0.000416666666667,0.0162639985141,0.0264575083567,0.0162639985141,0.000392476385915,0.000387816045546,0.937282985707,0.0152439690868,-2.41902807513e-05,-2.88506211205e-05
1562,0.000416666666667,0.00625071676499,0.0689086632064,0.00625071676499,0.000421396867549,0.000372851163919,0.93496262756,0.00584418657073,4.73020088262e-06,-4.38155027478e-05
1563,0.000416666666667,0.0180421524597,0.0105305924088,0.0180421524597,0.000382145493805,0.000390213172418,0.926489992068,0.0167158736892,-3.45211728615e-05,-2.64534942488e-05
1564,0.000416666666667,0.0156461703496,0.00416077207303,0.0156461703496,0.000378090282431,0.000386858595862,0.936556549461,0.0146535233149,-3.85763842361e-05,-2.98080708048e-05
1565,0.000416666666667,0.0204123108902,0.0552936294826,0.0204123108902,0.00041189650973,0.000393957341217,0.930659240047,0.0189969057407,-4.77015693676e-06,-2.27093254493e-05
1566,0.000416666666667,0.015857554913,0.02138272367,0.015857554913,0.000389154697003,0.000386883820544,0.925054198869,0.0146690977561,-2.75119696637e-05,-2.97828461226e-05
1567,0.000416666666667,0.00479504765792,0.0148527073148,0.00479504765792,0.000384921816969,0.000370684714783,0.928502357991,0.00445221305706,-3.17448496975e-05,-4.59819518838e-05
1568,0.000416666666667,0.0164660527133,0.0259203386751,0.0164660527133,0.000392123445167,0.000387921283439,0.929717592063,0.0153087788794,-2.45432215001e-05,-2.87453832276e-05
1569,0.000416666666667,0.0144606033901,0.0204964255052,0.0144606033901,0.000388577462932,0.000384870762045,0.92824435944,0.013422973531,-2.80892037346e-05,-3.17959046214e-05
1570,0.000416666666667,0.000131290435015,0.0497279960004,0.000131290435015,0.000408074847768,0.000364024304676,0.923814153927,0.000121287962142,-8.59181889862e-06,-5.26423619903e-05
1571,0.000416666666667,0.0200631126828,0.102717593105,0.0200631126828,0.000445946709574,0.00039298764609,0.91751628332,0.0184082325805,2.92800429069e-05,-2.36790205766e-05
1572,0.000416666666667,0.0137985141566,0.012695018088,0.0137985141566,0.000383533306814,0.000383628588649,0.916822403264,0.0126507869106,-3.31333598522e-05,-3.30380780177e-05
1573,0.000416666666667,0.0162639985141,0.0264575083567,0.0162639985141,0.000392476385915,0.000387816045525,0.937282984887,0.0152439690735,-2.41902807513e-05,-2.88506211421e-05
1574,0.000416666666667,0.0220563893942,0.00349350957603,0.0220563893942,0.000377667981824,0.000396845265426,0.940386626156,0.0207415336076,-3.89986848426e-05,-1.98214012409e-05
1575,0.000416666666667,0.0190785232415,0.018974974673,0.0190785232415,0.000387588558229,0.000391839827116,0.928245090925,0.017709545541,-2.90781084381e-05,-2.48268395504e-05
1576,0.000416666666667,0.0147840893289,0.118240803231,0.0147840893289,0.000457692829445,0.000385313639443,0.926515098654,0.0136976819831,4.10261627785e-05,-3.13530272232e-05
1577,0.000416666666667,0.0233294212989,0.0296510069028,0.0233294212989,0.00039458120284,0.000398902304184,0.942007467387,0.0219764890734,-2.20854638267e-05,-1.77643624823e-05
1578,0.000416666666667,0.00931004253378,0.0126840931875,0.00931004253378,0.000383526289213,0.00037721278979,0.926120859789,0.00862222459605,-3.31403774541e-05,-3.94538768766e-05
1579,0.000416666666667,0.0210425241583,0.0137535947108,0.0210425241583,0.000384213892099,0.000394574037146,0.920542141748,0.0193705302565,-3.24527745673e-05,-2.20926295206e-05
1580,0.000416666666667,0.00505070930883,0.0410280709303,0.00505070930883,0.000402171922756,0.000371124219759,0.937543110487,0.00473525771557,-1.44947439108e-05,-4.55424469072e-05
1581,0.000416666666667,0.0227492605088,0.00711866509725,0.0227492605088,0.000379967982798,0.000397480832651,0.928548082816,0.0211237822309,-3.66986838684e-05,-1.91858340154e-05
1582,0.000416666666667,0.0199962574557,0.0807614462817,0.0199962574557,0.000429845795076,0.000393544782223,0.937506968054,0.0187466306997,1.31791284093e-05,-2.31218844435e-05
1583,0.000416666666667,0.00437333080189,0.0547479959863,0.00437333080189,0.000411520271575,0.000370042039815,0.923259816666,0.00403772059437,-5.14639509198e-06,-4.66246268518e-05
1584,0.000416666666667,0.0150103867695,0.0390309214269,0.0150103867695,0.000400828946556,0.000385656975965,0.92672028678,0.0139104299317,-1.58377201109e-05,-3.10096907016e-05
1585,0.000416666666667,0.000131290435015,0.0497279960004,0.000131290435015,0.000408074847768,0.000364024316788,0.923874686009,0.000121295909426,-8.59181889862e-06,-5.26423498789e-05
1586,0.000416666666667,0.0107767370855,0.0488240283487,0.0107767370855,0.000407457491129,0.000379398063338,0.92811295598,0.0100020293123,-9.20917553756e-06,-3.72686033289e-05
1587,0.000416666666667,0.0302920597752,0.166059188726,0.0302920597752,0.000495856318614,0.000409171288906,0.92591291668,0.0280478094187,7.91896519477e-05,-7.49537776097e-06
1588,0.000416666666667,0.0100287665323,0.0430341377518,0.0100287665323,0.000403525425217,0.000378441361917,0.937197868178,0.00939893861448,-1.31412414498e-05,-3.82253047492e-05
1589,0.000416666666667,0.00498506670207,0.0143475336048,0.00498506670207,0.000384596278976,0.000370996054338,0.933338125997,0.00465275281368,-3.20703876903e-05,-4.56706123283e-05
1590,0.000416666666667,0.0183882310064,0.000493060651934,0.0183882310064,0.000375774863468,0.000390881192093,0.931272077673,0.017124446094,-4.08918031988e-05,-2.57854745735e-05
1591,0.000416666666667,0.0034108112475,0.0585307548822,0.0034108112475,0.00041413573398,0.000368680230234,0.92559772173,0.00315703911994,-2.53093268671e-06,-4.79864364325e-05
1592,0.000416666666667,0.00459125451549,0.0541686365258,0.00459125451549,0.000411121154072,0.00037047315883,0.940015343767,0.0043158496917,-5.5455125946e-06,-4.61935078367e-05
1593,0.000416666666667,0.0225983081403,0.00961747683043,0.0225983081403,0.000381561518376,0.000396836519646,0.917602735708,0.0207362693719,-3.51051482912e-05,-1.98301470211e-05
1594,0.000416666666667,0.00759214496861,0.099120713291,0.00759214496861,0.000443268321285,0.000374669327136,0.922816095782,0.00700615357854,2.66016546181e-05,-4.19973395308e-05
1595,0.000416666666667,0.0119686145936,0.142175279984,0.0119686145936,0.000476412744756,0.000381448085668,0.9432360819,0.0112892291351,5.97460780895e-05,-3.52185809986e-05
1596,0.000416666666667,0.0215663399832,0.0198997948164,0.0215663399832,0.000388189367659,0.000395948969354,0.936711253889,0.0202014333674,-2.84772990079e-05,-2.07176973131e-05
1597,0.000416666666667,0.00607977653454,0.0655422992726,0.00607977653454,0.000419027672758,0.000372572908075,0.931918578803,0.00566585670751,2.36100609147e-06,-4.40937585918e-05
1598,0.000416666666667,0,0,0,0.000375464678399,0.000363839512047,0.990099396385,0,-4.1201988268e-05,-5.28271546197e-05
1599,0.000416666666667,0.00817236978057,0.00155297812074,0.00817236978057,0.00037644252666,0.000375731298569,0.940026161951,0.00768224139887,-4.02241400069e-05,-4.09353680978e-05
1600,0.000416666666667,0.0110443586869,0.0200170575327,0.0110443586869,0.000388265613886,0.000379699938572,0.922825106244,0.0101920114787,-2.84010527808e-05,-3.69667280943e-05
1601,0.000416666666667,0.0125699552385,0.0969584683704,0.0125699552385,0.000441665970621,0.000381844235005,0.917837142224,0.011537171794,2.4999303954e-05,-3.48224316621e-05
1602,0.000416666666667,0.0124185102243,0.0366809025157,0.0124185102243,0.000399254426595,0.000381963500806,0.935037093919,0.0116117677109,-1.74122400721e-05,-3.47031658608e-05
1603,0.000416666666667,0.00294238941133,0.00125324420163,0.00294238941133,0.000376253598066,0.00036801524406,0.926393413699,0.00272581017119,-4.04130686007e-05,-4.86514226072e-05
1604,0.000416666666667,0.0384436160345,0.0647687509541,0.0384436160345,0.000418485146231,0.000423026711816,0.936498123201,0.0360023742654,1.81847956466e-06,6.36004514949e-06
1605,0.000416666666667,0.00828907097647,0.0568998253062,0.00828907097647,0.00041300604985,0.000375692810332,0.923839579365,0.00765777184422,-3.66061681656e-06,-4.09738563345e-05
1606,0.000416666666667,0.00740738858809,0.0262620807642,0.00740738858809,0.000392347945865,0.000374475941683,0.929184608983,0.00688283146881,-2.43187208014e-05,-4.21907249837e-05
1607,0.000416666666667,0.0125160146033,0.125861884913,0.0125160146033,0.000463572289953,0.00038222675519,0.940901764678,0.011776340227,4.69056232864e-05,-3.44399114769e-05
1608,0.000416666666667,0.0160661493694,0.00527730415818,0.0160661493694,0.000378797975558,0.000387496737667,0.936579028353,0.0150472185658,-3.78686911088e-05,-2.9169929e-05
1609,0.000416666666667,0.0227972751273,0.00908851463386,0.0227972751273,0.000381223633333,0.000397422787243,0.925062196538,0.0210888974044,-3.54430333334e-05,-1.92438794232e-05
1610,0.000416666666667,0.0154914436977,0.120121334903,0.0154914436977,0.000459136642578,0.000386572986367,0.934522904191,0.0144771089545,4.2469975911e-05,-3.00936802999e-05
1611,0.000416666666667,0.00294238941133,0.00125324420163,0.00294238941133,0.000376253598066,0.000368015424913,0.926433308363,0.00272592755683,-4.04130686007e-05,-4.86512417533e-05
1612,0.000416666666667,0.0202885752836,0.103316995017,0.0202885752836,0.000446394620055,0.000393792231605,0.931399802637,0.0188967750149,2.97279533882e-05,-2.2874435062e-05
1613,0.000416666666667,0.0298215223093,0.0418465481061,0.0298215223093,0.000402723603909,0.000408117003543,0.919857337245,0.0274315461041,-1.39430627573e-05,-8.5496631236e-06
1614,0.000416666666667,0.010600939606,0.048356663273,0.010600939606,0.000407138674677,0.000379095012308,0.925498628202,0.00981115506302,-9.52799198975e-06,-3.75716543586e-05
1615,0.000416666666667,0.00437333080189,0.0547479959863,0.00437333080189,0.000411520271575,0.000370036136985,0.922388545109,0.00403391023563,-5.14639509198e-06,-4.6630529682e-05
1616,0.000416666666667,0.0123593105075,0.0368382874803,0.0123593105075,0.0003993596815,0.000381692353021,0.925791292071,0.0114421420439,-1.73069851667e-05,-3.49743136452e-05
1617,0.000416666666667,0.00821523189387,0.0152713201844,0.00821523189387,0.000385191783223,0.000375640118725,0.928064878388,0.00762426818851,-3.14748834435e-05,-4.10265479415e-05
1618,0.000416666666667,0.00158802869479,0.0416570790208,0.00158802869479,0.000402595828094,0.000366072206243,0.920206065641,0.00146131363736,-1.40708385731e-05,-5.05944604238e-05
1619,0.000416666666667,0.0390152221272,0.162829139955,0.0390152221272,0.000493181077915,0.000423153721975,0.924615542877,0.0360740807876,7.65144112485e-05,6.48705530869e-06
1620,0.000416666666667,0.0082395068808,0.0895036210899,0.0082395068808,0.000436185770561,0.00037582904397,0.939907394611,0.00774437344521,1.95191038948e-05,-4.08376226962e-05
1621,0.000416666666667,0.0129414356692,0.0545789715934,0.0129414356692,0.000411403791599,0.000382634584421,0.929654932292,0.0120310695008,-5.26287506801e-06,-3.40320822457e-05
1622,0.000416666666667,0.0255286344201,0.151359462458,0.0255286344201,0.000483797573673,0.000401652815829,0.925151776982,0.0236178614977,6.71309070068e-05,-1.50138508374e-05
1623,0.000416666666667,0.00210776019111,0.0430388073069,0.00210776019111,0.000403528581095,0.000366827815127,0.926977843546,0.00195384699667,-1.31380855716e-05,-4.98388515393e-05
1624,0.000416666666667,0.0245332711728,0.0837198317275,0.0245332711728,0.000431980883824,0.000400539298013,0.93565696559,0.0229547260615,1.53142171577e-05,-1.61273686532e-05
1625,0.000416666666667,0.0305061798215,0.108702521856,0.0305061798215,0.000450439255499,0.000409608335662,0.927773057148,0.0283028117149,3.37725888327e-05,-7.05833100476e-06
1626,0.000416666666667,0.024579061658,0.0835980957752,0.024579061658,0.000431892817223,0.000400289700234,0.927855994124,0.0228058296893,1.52261505561e-05,-1.63769664329e-05
1627,0.000416666666667,0.0107065008068,0.0920043955149,0.0107065008068,0.000438016515961,0.000379096515318,0.916462089258,0.00981210209806,2.13498492944e-05,-3.75701513488e-05
1628,0.000416666666667,0.0318463426055,0.0989920646907,0.0318463426055,0.000443172822664,0.000411486613208,0.923045899427,0.0293956359538,2.65061559975e-05,-5.1800534591e-06
1629,0.000416666666667,0.0071208696889,0.0391047493983,0.0071208696889,0.000400878511998,0.000374177777731,0.939852496018,0.00669256715092,-1.57881546684e-05,-4.24888889361e-05
1630,0.000416666666667,0.000474421654338,0.0651134117675,0.000474421654338,0.00041872678657,0.000364506695992,0.922415340572,0.000437613811861,2.06011990311e-06,-5.21599706742e-05
1631,0.000416666666667,0.0206454126917,0.00155150380966,0.0206454126917,0.000376441597138,0.000396415841983,0.992129314753,0.0204829191466,-4.02250695283e-05,-2.0250824684e-05
1632,0.000416666666667,0.0230481341506,0.120379957522,0.0230481341506,0.000459335560835,0.000397527595343,0.917726458539,0.02115188253,4.26688941681e-05,-1.9139071324e-05
1633,0.000416666666667,1.36238732806e-14,0.00155150380966,1.36238732806e-14,0.000376441597138,0.000363839512047,0.996230996212,1.35725248506e-14,-4.02250695283e-05,-5.28271546196e-05
1634,0.000416666666667,0.0150103867695,0.0390309214269,0.0150103867695,0.000400828946556,0.000385656976015,0.926720288849,0.0139104299628,-1.58377201109e-05,-3.10096906515e-05
1635,0.000416666666667,0.000473269282913,0.0361770306844,0.000473269282913,0.000398917636968,0.000364507761027,0.926136040585,0.000438311739807,-1.77490296988e-05,-5.215890564e-05
1636,0.000416666666667,0.0091731516677,0.0876407678152,0.0091731516677,0.000434827003687,0.000377197289177,0.938871298967,0.00861240882187,1.81603370199e-05,-3.94693774893e-05
1637,0.000416666666667,0.00957670240689,0.0239188841695,0.00957670240689,0.00039081120611,0.000377735322096,0.934860707628,0.00895288278885,-2.58554605569e-05,-3.89313445705e-05
1638,0.000416666666667,0.0100026497623,0.0941910114232,0.0100026497623,0.000439623570436,0.000378359937307,0.934506311931,0.00934753933891,2.29569037698e-05,-3.83067293597e-05
1639,0.000416666666667,0.0103236647337,0.0422501383418,0.0103236647337,0.000402995915827,0.000378877879325,0.937099566919,0.00967430175098,-1.36707508398e-05,-3.77887873415e-05
1640,0.000416666666667,0.00439584943119,0.0318601671538,0.00439584943119,0.000396043849506,0.000370152513065,0.93475025981,0.00410902139789,-2.06228171603e-05,-4.65141536019e-05
1641,0.000416666666667,0.0169859586597,0.0245381466061,0.0169859586597,0.000391216751161,0.000388481247413,0.921545405708,0.0156533321644,-2.54499155053e-05,-2.81854192541e-05
1642,0.000416666666667,0.0105021183317,0.0510163447961,0.0105021183317,0.000408956330982,0.000379106577045,0.934901084607,0.00981844181895,-7.71033568485e-06,-3.75600896222e-05
1643,0.000416666666667,0.0354602685127,0.0568373946919,0.0354602685127,0.000412962867782,0.000416949192672,0.917809328288,0.0325457652246,-3.70379888498e-06,2.82526005309e-07
1644,0.000416666666667,0.0198382282269,0.0169552666608,0.0198382282269,0.000386279685771,0.000392911714921,0.925590506517,0.0183620757129,-3.03869808952e-05,-2.37549517458e-05
1645,0.000416666666667,0.0125361405627,0.0521985967342,0.0125361405627,0.000409766898385,0.000381734478336,0.91483521634,0.0114685028638,-6.89976828206e-06,-3.49321883306e-05
1646,0.000416666666667,0.0101179532382,0.0758896712678,0.0101179532382,0.000426352772118,0.000378612961683,0.939639126576,0.00950722474349,9.68610545157e-06,-3.80537049837e-05
1647,0.000416666666667,0.0187369226353,0.0529757745789,0.0187369226353,0.000410300616677,0.000391654363439,0.939132885027,0.017596460211,-6.36604998951e-06,-2.50123032278e-05
1648,0.000416666666667,0.0019552543147,0.0322371104517,0.0019552543147,0.000396293958046,0.000366581435983,0.917200209403,0.00179335966688,-2.0372708621e-05,-5.00852306841e-05
1649,0.000416666666667,0.00118835875789,0.0462196524991,0.00118835875789,0.000405684072523,0.000365516029253,0.924070481178,0.00109812724922,-1.09825941432e-05,-5.11506374136e-05
1650,0.000416666666667,0.00922886542374,0.0451607088669,0.00922886542374,0.000404965206663,0.000377136281314,0.929016865699,0.00857377162992,-1.17014600039e-05,-3.95303853526e-05
1651,0.000416666666667,0.0124661273514,0.0365543103582,0.0124661273514,0.000399169785236,0.000381876182457,0.92708469816,0.0115571559128,-1.7496881431e-05,-3.47904842099e-05
1652,0.000416666666667,0.0486324026663,0.214817770279,0.0486324026663,0.00053804855212,0.000439570476729,0.928720369678,0.0451659029826,0.000121381885453,2.2903810062e-05
1653,0.000416666666667,0.00778326698175,0.099628819291,0.00778326698175,0.000443645700474,0.000375032008823,0.929849195856,0.00723726454411,2.69790338073e-05,-4.16346578435e-05
1654,0.000416666666667,0.0145891567472,0.0589595081534,0.0145891567472,0.000414433227984,0.000384913229224,0.921871568632,0.0134493288155,-2.23343868227e-06,-3.17534374428e-05
1655,0.000416666666667,0.0124970413923,0.0161550387809,0.0124970413923,0.000385762321215,0.000381855516572,0.923756959082,0.0115442289541,-3.09043454522e-05,-3.48111500947e-05
1656,0.000416666666667,0.0110443586869,0.0200170575327,0.0110443586869,0.000388265613886,0.000379699938571,0.922825106153,0.0101920114777,-2.84010527808e-05,-3.69667280959e-05
1657,0.000416666666667,0.00499133414055,0.0507049112838,0.00499133414055,0.000408743075038,0.000371019791579,0.935228014623,0.00466803551858,-7.92359162896e-06,-4.56468750877e-05
1658,0.000416666666667,0.00583001158599,0.0121012116972,0.00583001158599,0.000383152061833,0.000372266863452,0.938173706729,0.0054695635799,-3.3514604834e-05,-4.43998032145e-05
1659,0.000416666666667,0.000212162680575,0.0525646602236,0.000212162680575,0.000410018201893,0.000364153820985,0.972172961469,0.000206258821488,-6.64846477393e-06,-5.25128456814e-05
1660,0.000416666666667,0.0115474143392,0.0389967479722,0.0115474143392,0.000400806005803,0.000380505029907,0.926436839603,0.010697950046,-1.58606608634e-05,-3.61616367592e-05
1661,0.000416666666667,0.00501281976035,0.0542717471207,0.00501281976035,0.00041119215806,0.000371070709342,0.937758534508,0.00470081451222,-5.47450860667e-06,-4.55959573251e-05
1662,0.000416666666667,0.000999360355639,0.0316336132744,0.000999360355639,0.000395893602956,0.000365324007145,0.97323001366,0.00097260749257,-2.07730637106e-05,-5.13426595219e-05
1663,0.000416666666667,0.000460841957788,0.0263753774933,0.000460841957788,0.000392422402274,0.000364498015365,0.937252399399,0.00043192523068,-2.42442643927e-05,-5.21686513017e-05
1664,0.000416666666667,0.0186376314332,0.0293753212899,0.0186376314332,0.000394399055698,0.00039123502404,0.930406480148,0.01734057306,-2.22676109683e-05,-2.54316426264e-05
1665,0.000416666666667,0.0182957511357,0.0815007640431,0.0182957511357,0.000430378375077,0.000392262738311,0.982042925516,0.0179672129698,1.37117084106e-05,-2.4403928356e-05
1666,0.000416666666667,0.0157640403962,0.0370273012089,0.0157640403962,0.000399486125561,0.000387000426708,0.935108016498,0.0147410805469,-1.71805411059e-05,-2.96662399587e-05
1667,0.000416666666667,0.000160195158298,0.0175218179456,0.000160195158298,0.000386646392844,0.000364069372589,0.941718731955,0.000150858781337,-3.00202738228e-05,-5.25972940781e-05
1668,0.000416666666667,0.0070502832984,0.0476312039291,0.0070502832984,0.000406644291425,0.000374064916995,0.939041545474,0.00662050892456,-1.00223752413e-05,-4.26017496712e-05
1669,0.000416666666667,0.0124970413923,0.0161550387809,0.0124970413923,0.000385762321215,0.000381855242961,0.923743263511,0.0115440578,-3.09043454522e-05,-3.48114237054e-05
1670,0.000416666666667,0.0828575976637,0.584186953905,0.0828575976637,0.000998826785855,0.000503809049303,0.93832026492,0.0777469629905,0.000582160119188,8.71423826363e-05
1671,0.000416666666667,0.0184613677837,0.0670280349629,0.0184613677837,0.00042007166396,0.000391024334445,0.93232006389,0.0172119035916,3.40499729369e-06,-2.56423322215e-05
1672,0.000416666666667,0.00459125451549,0.0541686365258,0.00459125451549,0.000411121154072,0.00037047291485,0.939981081236,0.0043156923837,-5.5455125946e-06,-4.61937518167e-05
1673,0.000416666666667,0.0034751639899,0.0427617454558,0.0034751639899,0.00040334137396,0.000369065110758,0.980175462942,0.0034062704726,-1.33252927066e-05,-4.76015559084e-05
1674,0.000416666666667,0.0757512552739,0.565294440443,0.0757512552739,0.000967716842352,0.000489251367687,0.93388828398,0.0707432097971,0.000551050175685,7.25847010205e-05
1675,0.000416666666667,0.0157122679255,0.0702562491489,0.0157122679255,0.000422349027893,0.000387049947542,0.940134424489,0.0147716439636,5.68236122652e-06,-2.96167191245e-05
1676,0.000416666666667,0.0208486211625,0.0179917088085,0.0208486211625,0.000386950799393,0.000394812150733,0.936015610054,0.0195146348562,-2.97158672738e-05,-2.18545159333e-05
1677,0.000416666666667,0.024305995631,0.027183285868,0.024305995631,0.000392953753742,0.000399682217038,0.9233544879,0.0224430501488,-2.37129129247e-05,-1.69844496288e-05
1678,0.000416666666667,0.0480474623982,0.470601560592,0.0480474623982,0.000825793334218,0.000439882255126,0.943551709234,0.0453352652702,0.000409126667551,2.32155884591e-05
1679,0.000416666666667,0.000960272201095,0.0301534699217,0.000960272201095,0.000394913399584,0.000365202708652,0.930240279342,0.000893283880591,-2.17532670823e-05,-5.14639580148e-05
1680,0.000416666666667,0.00976125985178,0.0437453156383,0.00976125985178,0.000404006353085,0.000378045142973,0.937248008118,0.00914872135281,-1.26603135816e-05,-3.86215236938e-05
1681,0.000416666666667,0.0148961944232,0.0300938737022,0.0148961944232,0.000394873983722,0.000385361891272,0.921550310838,0.013727592601,-2.17926829445e-05,-3.13047753943e-05
1682,0.000416666666667,0.00463169956297,0.0399141157014,0.00463169956297,0.000401422293475,0.000370519936366,0.938318191389,0.00434600795698,-1.52443731915e-05,-4.61467303007e-05
1683,0.000416666666667,0.0076342925841,0.047896636942,0.0076342925841,0.000406825108017,0.000374718517223,0.921828960213,0.00703751199476,-9.84155864936e-06,-4.19481494441e-05
1684,0.000416666666667,0.0569376341906,0.0878304141392,0.0569376341906,0.000434965138147,0.000455105968868,0.93896120524,0.0534622296231,1.82984714798e-05,3.84393022009e-05
1685,0.000416666666667,0.00387988363005,0.0694203483276,0.00387988363005,0.000421758154539,0.000369392503465,0.932520443171,0.00361807080215,5.09148787222e-06,-4.72741632017e-05
1686,0.000416666666667,0.0081209585374,0.0481061264412,0.0081209585374,0.000406967871891,0.000375620556694,0.937306667908,0.00761182858691,-9.69879477606e-06,-4.1046109973e-05
1687,0.000416666666667,0.0284198132063,0.0733872944447,0.0284198132063,0.000424569637369,0.000406729900777,0.936611040597,0.0266183108208,7.90297070223e-06,-9.93676589002e-06
1688,0.000416666666667,0.00410450530958,0.0265232352786,0.00410450530958,0.00039251959279,0.000369680212757,0.926797146901,0.00380404381036,-2.41470738765e-05,-4.69864539094e-05
1689,0.000416666666667,0.0139000746054,0.220610860345,0.0139000746054,0.000543294360722,0.000384311198593,0.940673696915,0.0130754345664,0.000126627694055,-3.23554680741e-05
1690,0.000416666666667,0.0222437924655,0.0105599718287,0.0222437924655,0.000382164298001,0.000396629320163,0.926618899349,0.0206115184917,-3.45023686656e-05,-2.00373465042e-05
1691,0.000416666666667,0.0170525236912,0.0222636821972,0.0170525236912,0.000389729303188,0.000389032668489,0.937816840796,0.0159921438957,-2.69373634784e-05,-2.76339981776e-05
1692,0.000416666666667,0.0125699552385,0.0969584683704,0.0125699552385,0.000441665970621,0.000381843619108,0.917806491465,0.0115367865153,2.4999303954e-05,-3.48230475585e-05
1693,0.000416666666667,0.0116295285453,0.024348373035,0.0116295285453,0.000391092426788,0.000380684974146,0.929606464521,0.010810884915,-2.55742398792e-05,-3.59816925208e-05
1694,0.000416666666667,0.00922886542374,0.0451607088669,0.00922886542374,0.000404965206663,0.000377086181903,0.925578373673,0.00854203824975,-1.17014600039e-05,-3.95804847638e-05
1695,0.000416666666667,0.0136872695283,0.0129907666636,0.0136872695283,0.000383723329493,0.000383498914038,0.918373943718,0.0125700316954,-3.29433371738e-05,-3.31677526282e-05
1696,0.000416666666667,0.0116582325702,0.0366046345504,0.0116582325702,0.000399203430574,0.000380892385105,0.938477758848,0.0109409919746,-1.74632360927e-05,-3.57742815615e-05
1697,0.000416666666667,0.0148654505246,0.0195850802776,0.0148654505246,0.000387984808883,0.000385578155468,0.932471280508,0.013861605686,-2.86818577832e-05,-3.10885111988e-05
1698,0.000416666666667,0.0389276329075,0.0455448266672,0.0389276329075,0.000405225818402,0.000424323659215,0.943637790236,0.036733585496,-1.14408482642e-05,7.65699254835e-06
1699,0.000416666666667,0.00758300164817,0.0474388092675,0.00758300164817,0.000406513279795,0.000374783430472,0.933520506948,0.00707888754278,-1.01533868721e-05,-4.18832361948e-05
1700,0.000416666666667,0.00685809833183,0.00936799936098,0.00685809833183,0.000381402122421,0.000373558170243,0.918140522946,0.0062966979888,-3.52645442458e-05,-4.31084964236e-05
1701,0.000416666666667,0.00441205018012,0.0793281646774,0.00441205018012,0.000428815183125,0.000370125088797,0.927306638518,0.0040913234215,1.21485164583e-05,-4.65415778699e-05
1702,0.000416666666667,0.00884982002866,0.102464295924,0.00884982002866,0.000445757565244,0.000376396265993,0.915793822647,0.00810461051379,2.90908985771e-05,-4.02704006736e-05
1703,0.000416666666667,0.00172055399568,0.0721727076074,0.00172055399568,0.000423706841664,0.000366275060036,0.926237061522,0.00159364087715,7.04017499697e-06,-5.03916066311e-05
1704,0.000416666666667,0.00368225936159,0.120145652198,0.00368225936159,0.000459155342431,0.00036907112521,0.926106165695,0.00341016309845,4.24886757639e-05,-4.75955414571e-05
1705,0.000416666666667,0.000131290435015,0.0497279960004,0.000131290435015,0.000408074847768,0.000364024855927,0.926569260916,0.000121649681337,-8.59181889862e-06,-5.26418107397e-05
1706,0.000416666666667,0.00118835875789,0.0462196524991,0.00118835875789,0.000405684072523,0.000365503199752,0.91701516359,0.00108974300077,-1.09825941432e-05,-5.11634669146e-05
1707,0.000416666666667,0.000999360355639,0.0316336132744,0.000999360355639,0.000395893602956,0.000365306885252,0.962027517836,0.000961412162359,-2.07730637106e-05,-5.13597814143e-05
1708,0.000416666666667,0.00186316378048,0.042388537347,0.00186316378048,0.000403089339314,0.000366510955987,0.937883363447,0.00174743031309,-1.35773273529e-05,-5.01557106801e-05
1709,0.000416666666667,0.00439314511213,0.0780540450235,0.00439314511213,0.000427901092622,0.000370164677512,0.937112496255,0.00411687118244,1.12344259553e-05,-4.65019891542e-05
1710,0.000416666666667,0.0210425241583,0.0137535947108,0.0210425241583,0.000384213892099,0.000394574041802,0.920542275682,0.0193705330748,-3.24527745673e-05,-2.20926248651e-05
1711,0.000416666666667,0.0169859586597,0.0245381466061,0.0169859586597,0.000391216751161,0.000388593441106,0.925606086009,0.0157223067121,-2.54499155053e-05,-2.80732255605e-05
1712,0.000416666666667,0.0502532186811,0.0744948063343,0.0502532186811,0.000425357902477,0.000442182533485,0.926927899317,0.046581110426,8.69123581071e-06,2.55158668184e-05
1713,0.000416666666667,0.000793050075047,0.11413633899,0.000793050075047,0.000454557300393,0.000364969806547,0.934244630858,0.000740902774614,3.78906337267e-05,-5.16968601192e-05
1714,0.000416666666667,0.0019552543147,0.0322371104517,0.0019552543147,0.000396293958046,0.000366581411912,0.917192187612,0.00179334398224,-2.0372708621e-05,-5.0085254755e-05
1715,0.000416666666667,0.0161237508512,0.00543044014719,0.0161237508512,0.000378895141203,0.000387103833995,0.918204297526,0.0148048973238,-3.77715254641e-05,-2.95628326712e-05
1716,0.000416666666667,0.0207982825328,0.0732408222076,0.0207982825328,0.000424465496043,0.000394478992181,0.928585589895,0.0193129854545,7.79882937615e-06,-2.21876744853e-05
1717,0.000416666666667,0.00778326698175,0.099628819291,0.00778326698175,0.000443645700474,0.000375032008797,0.929849193702,0.00723726452736,2.69790338073e-05,-4.16346578698e-05
1718,0.000416666666667,0.0125160146033,0.125861884913,0.0125160146033,0.000463572289953,0.000382226260518,0.940877065462,0.0117760310913,4.69056232864e-05,-3.44404061484e-05
1719,0.000416666666667,0.0107767370855,0.0488240283487,0.0107767370855,0.000407457491129,0.000379398537355,0.928140648648,0.0100023277489,-9.20917553756e-06,-3.72681293116e-05
1720,0.000416666666667,0.00141778120292,0.0412044688234,0.00141778120292,0.000402290756949,0.000365869298702,0.937294101863,0.00132887795923,-1.4375909718e-05,-5.07973679648e-05
1721,0.000416666666667,0.0034108112475,0.0585307548822,0.0034108112475,0.00041413573398,0.000368680013305,0.925556515357,0.00315689857278,-2.53093268671e-06,-4.7986653362e-05
1722,0.000416666666667,0.0480474623982,0.470601560592,0.0480474623982,0.000825793334218,0.000439880574331,0.943532713253,0.0453343525615,0.000409126667551,2.32139076646e-05
1723,0.000416666666667,0.00541931403816,0.0323551804292,0.00541931403816,0.000396372332043,0.000371685048806,0.940331123774,0.00509594965959,-2.02943346236e-05,-4.49816178605e-05
1724,0.000416666666667,0.0103304729784,0.0219149530489,0.0103304729784,0.000389501742828,0.000378866195571,0.93576892164,0.00966693555902,-2.71649238389e-05,-3.78004710956e-05
1725,0.000416666666667,0.00660448085217,0.05213774686,0.00660448085217,0.000409725139725,0.000373285861244,0.927023836194,0.00612251117565,-6.94152694186e-06,-4.33808054225e-05
1726,0.000416666666667,0.00938503918512,0.0447455142805,0.00938503918512,0.000404683698802,0.000377251663863,0.921342967898,0.00864683985666,-1.19829678649e-05,-3.94150028037e-05
1727,0.000416666666667,0.0284452864811,0.0554493893338,0.0284452864811,0.000412003976058,0.000406020663386,0.921116562931,0.0262014245151,-4.66269060893e-06,-1.06460032805e-05
1728,0.000416666666667,0.0118669917504,0.0178300525486,0.0118669917504,0.000386846047565,0.000381001444849,0.927730970121,0.011009375769,-2.98206191014e-05,-3.56652218176e-05
1729,0.000416666666667,0.0145891567472,0.0589595081534,0.0145891567472,0.000414433227984,0.000384913229215,0.921871568255,0.0134493288101,-2.23343868227e-06,-3.17534374517e-05
1730,0.000416666666667,0.00884982002866,0.102464295924,0.00884982002866,0.000445757565244,0.000376396449074,0.915806951189,0.00810472669902,2.90908985771e-05,-4.02702175927e-05
1731,0.000416666666667,0.0368506443482,0.0605337679802,0.0368506443482,0.000415527375222,0.000419769710772,0.926881122332,0.0341561665921,-1.13929144506e-06,3.10304410566e-06
1732,0.000416666666667,0.00609026284556,0.0752967354748,0.00609026284556,0.000425929584201,0.000372475609805,0.920070030686,0.0056034683232,9.26291753475e-06,-4.41910568612e-05
1733,0.000416666666667,0.00569691234029,0.0525807209346,0.00569691234029,0.00041002923114,0.000371967213823,0.926329104306,0.00527721570549,-6.63743552673e-06,-4.46994528435e-05
1734,0.000416666666667,0.0123593105075,0.0368382874803,0.0123593105075,0.0003993596815,0.000381692388451,0.925793086033,0.011442164216,-1.73069851667e-05,-3.49742782155e-05
1735,0.000416666666667,0.0153771597858,0.0711471483897,0.0153771597858,0.000422979689307,0.000386208082077,0.926798348894,0.0142515263002,6.31302264061e-06,-3.04585845896e-05
1736,0.000416666666667,0.0231094204669,0.0120584223112,0.0231094204669,0.000383124604156,0.000398350272684,0.936661307337,0.0216456999863,-3.35420625105e-05,-1.83163939826e-05
1737,0.000416666666667,0.00563768024189,0.0215572358638,0.00563768024189,0.000389268455448,0.000371850477048,0.922762398654,0.00520223934285,-2.73982112182e-05,-4.48161896187e-05
1738,0.000416666666667,0.0280992526858,0.0372678210675,0.0280992526858,0.00039964708344,0.000406229404609,0.936829084581,0.0263241971711,-1.70195832265e-05,-1.04372620579e-05
1739,0.000416666666667,0.0246552565231,0.0464809336356,0.0246552565231,0.000405861639895,0.000400650903916,0.933726809724,0.0230212740163,-1.08050267716e-05,-1.60157627507e-05
1740,0.000416666666667,0.00493210020679,0.0065429749696,0.00493210020679,0.00037960179948,0.000370927893588,0.934462677472,0.0046088635648,-3.70648671871e-05,-4.57387730784e-05
1741,0.000416666666667,0.0179484717096,0.031219897663,0.0179484717096,0.000395619381101,0.000390183570264,0.930316106528,0.016697752319,-2.10472855655e-05,-2.64830964022e-05
1742,0.000416666666667,0.00272021669929,0.0203687336565,0.00272021669929,0.000388494369544,0.000367693699995,0.9252999367,0.00251701633966,-2.81722971229e-05,-4.89729666714e-05
1743,0.000416666666667,0.0140051070818,0.0324628672955,0.0140051070818,0.000396443827321,0.000383977426182,0.918799902372,0.0128678910194,-2.02228393455e-05,-3.26892404845e-05
1744,0.000416666666667,0.00190847577546,0.0726723056509,0.00190847577546,0.000424061524391,0.000366552905922,0.929940378848,0.00177476868565,7.39485772466e-06,-5.01137607451e-05
1745,0.000416666666667,0.00492036200038,0.0505162288309,0.00492036200038,0.000408613927709,0.000370896768149,0.93261816186,0.00458881896448,-8.05273895744e-06,-4.5769898518e-05
1746,0.000416666666667,0.0125699552385,0.0969584683704,0.0125699552385,0.000441665970621,0.000381843730426,0.917812031327,0.0115368561511,2.4999303954e-05,-3.48229362406e-05
1747,0.000416666666667,0.00626031131692,0.0530527362063,0.00626031131692,0.000410353507038,0.000372773469016,0.925578012397,0.0057944065057,-6.31315962903e-06,-4.3893197651e-05
1748,0.000416666666667,0.0237749520414,0.0356061756643,0.0237749520414,0.000398536418798,0.000399273265082,0.933693564309,0.0221985197128,-1.81302478684e-05,-1.73934015849e-05
1749,0.000416666666667,0.00214874806787,0.03172269908,0.00214874806787,0.000395952676295,0.000366893801474,0.929290477973,0.00199681111903,-2.07139903715e-05,-4.9772865193e-05
1750,0.000416666666667,0.0223932273133,0.0101626929308,0.0223932273133,0.00038191009934,0.000397293480646,0.938282211706,0.0210111668507,-3.47565673262e-05,-1.93731860209e-05
1751,0.000416666666667,0.00811557972928,0.0863683373091,0.00811557972928,0.000433901325518,0.000375654765404,0.940608301743,0.00763358166683,1.72346588512e-05,-4.10119012625e-05
1752,0.000416666666667,0.0157520551154,0.153905490065,0.0157520551154,0.000485864976961,0.000387271330084,0.946430773339,0.0149082297046,6.91983102941e-05,-2.93953365829e-05
1753,0.000416666666667,0.0140051070818,0.0324628672955,0.0140051070818,0.000396443827321,0.000383976898725,0.918776473638,0.0128675628975,-2.02228393455e-05,-3.2689767942e-05
1754,0.000416666666667,0.0368506443482,0.0605337679802,0.0368506443482,0.000415527375222,0.00041976963326,0.9268799254,0.0341561224844,-1.13929144506e-06,3.10296659304e-06
1755,0.000416666666667,0.000467411719972,0.0688411755739,0.000467411719972,0.000421349239469,0.000364504642246,0.933369760374,0.000436267965066,4.6825728024e-06,-5.21620244202e-05
1756,0.000416666666667,0.0101753210003,0.00531972815759,0.0101753210003,0.000378824891328,0.000378556630209,0.930848550499,0.00947168280396,-3.78417753386e-05,-3.81100364572e-05
1757,0.000416666666667,0.0106094507608,0.0414903640348,0.0106094507608,0.000402483430916,0.000379154252577,0.928274166747,0.00984847906464,-1.41832357504e-05,-3.75124140896e-05
1758,0.000416666666667,0.03811560897,0.133382825193,0.03811560897,0.000469448534537,0.000421384898388,0.920187520266,0.0350735077016,5.27818678705e-05,4.71823172172e-06
1759,0.000416666666667,0.00597654852453,0.175025150439,0.00597654852453,0.000503358537492,0.000372378635982,0.927169207327,0.00554127175804,8.66918708257e-05,-4.42880306851e-05
1760,0.000416666666667,0.0199868515658,0.080143375383,0.0199868515658,0.000429401063118,0.000393275533627,0.929768852095,0.0185831520373,1.2734396451e-05,-2.33911330401e-05
1761,0.000416666666667,0.0124810076027,0.00425394769726,0.0124810076027,0.000378149289472,0.000381903909722,0.927368942282,0.0115744988191,-3.85173771949e-05,-3.47627569447e-05
1762,0.000416666666667,0.000102179601985,0.0377068860175,0.000102179601985,0.000399941076605,0.000363982760925,0.920205576613,9.40262395623e-05,-1.67255900616e-05,-5.26839057419e-05
1763,0.000416666666667,0.00499133414055,0.0507049112838,0.00499133414055,0.000408743075038,0.000371019726651,0.935219639938,0.00466799371773,-7.92359162896e-06,-4.56469400153e-05
1764,0.000416666666667,0.0169243136901,0.00755877050065,0.0169243136901,0.000380248162003,0.000388345823246,0.919981141373,0.0155700494256,-3.64185046635e-05,-2.83208434204e-05
1765,0.000416666666667,0.000474095214931,0.00189060343677,0.000474095214931,0.000376655452615,0.000364550412124,0.983472844493,0.000466259769588,-4.0011214052e-05,-5.21162545431e-05
1766,0.000416666666667,0.0138344434889,0.0329165837151,0.0138344434889,0.0003967451996,0.00038412698041,0.936857913947,0.0129609078676,-1.99214670667e-05,-3.25396862564e-05
1767,0.000416666666667,1.36238732806e-14,0.00155150380966,1.36238732806e-14,0.000376441597138,0.000363839512047,0.996244297997,1.35727060724e-14,-4.02250695283e-05,-5.28271546196e-05
1768,0.000416666666667,0.00410450530958,0.0265232352786,0.00410450530958,0.00039251959279,0.000369680212746,0.926797145045,0.00380404380274,-2.41470738765e-05,-4.69864539212e-05
1769,0.000416666666667,0.000131290435015,0.0497279960004,0.000131290435015,0.000408074847768,0.000364024307486,0.923828194954,0.000121289805595,-8.59181889862e-06,-5.2642359181e-05
1770,0.000416666666667,0.0133680240224,0.00189577682261,0.0133680240224,0.000376658716186,0.000383226133401,0.9275916635,0.0124000676406,-4.00079504805e-05,-3.34405332661e-05
1771,0.000416666666667,0.00893800513278,0.0913606083985,0.00893800513278,0.000437544484683,0.000376605546723,0.921613427238,0.00823738554309,2.08778180163e-05,-4.00611199439e-05
1772,0.000416666666667,0.0168304435005,0.0648161762675,0.0168304435005,0.000418518387656,0.000388495650027,0.930586750843,0.0156621877324,1.85172098947e-06,-2.81710166392e-05
1773,0.000416666666667,0.0148170289027,0.00998725332042,0.0148170289027,0.000381797898239,0.000385329464169,0.925117444723,0.0137074919168,-3.48687684273e-05,-3.13372024973e-05
1774,0.000416666666667,0.00685809833183,0.00936799936098,0.00685809833183,0.000381402122421,0.000373558086662,0.918132730037,0.00629664454426,-3.52645442458e-05,-4.31085800048e-05
1775,0.000416666666667,0.0467296999037,0.0785891434719,0.0467296999037,0.000428284750247,0.000441914713034,0.993723286842,0.0464363909814,1.16180835804e-05,2.52480463678e-05
1776,0.000416666666667,0.00607629866898,0.0095848752417,0.00607629866898,0.00038154068481,0.00037253820808,0.928790532787,0.00564360867814,-3.51259818566e-05,-4.41284585871e-05
1777,0.000416666666667,0.0130006959483,0.0443737699431,0.0130006959483,0.000404431816875,0.000382835821324,0.935077758388,0.0121566616248,-1.22348497914e-05,-3.38308453428e-05
1778,0.000416666666667,0.0161595752195,0.0246376236844,0.0161595752195,0.000391281936326,0.000387472925362,0.93025585421,0.0150325394495,-2.53847303406e-05,-2.91937413051e-05
1779,0.000416666666667,0.00597654852453,0.175025150439,0.00597654852453,0.000503358537492,0.000372378564086,0.927161490827,0.00554122564,8.66918708257e-05,-4.42881025807e-05
1780,0.000416666666667,0.0135092655137,0.0852939116842,0.0135092655137,0.000433121228236,0.000383271948512,0.92000727514,0.0124286225544,1.64545615698e-05,-3.33947181545e-05
1781,0.000416666666667,0.00210776019111,0.0430388073069,0.00210776019111,0.000403528581095,0.000366827794039,0.92697132853,0.00195383326458,-1.31380855716e-05,-4.98388726279e-05
1782,0.000416666666667,0.0245332711728,0.0837198317275,0.0245332711728,0.000431980883824,0.000400539298071,0.935656967,0.0229547260961,1.53142171577e-05,-1.61273685952e-05
1783,0.000416666666667,0.00427814054527,0.0488088557801,0.00427814054527,0.000407447137132,0.000369920647228,0.925483331685,0.00395934776526,-9.21952953424e-06,-4.67460194385e-05
1784,0.000416666666667,0.03811560897,0.133382825193,0.03811560897,0.000469448534537,0.000421385866802,0.920201922567,0.035074056654,5.27818678705e-05,4.71920013562e-06
1785,0.000416666666667,0.0165224991689,0.0257702733724,0.0165224991689,0.000392024903331,0.000387714039334,0.918815764657,0.0151811327079,-2.46417633357e-05,-2.89526273328e-05
1786,0.000416666666667,0.0180421524597,0.0105305924088,0.0180421524597,0.000382145493805,0.00039021317248,0.926489994177,0.0167158737273,-3.45211728615e-05,-2.64534941866e-05
1787,0.000416666666667,0.00850008544761,0.0568882939339,0.00850008544761,0.000412998073479,0.000376766471568,0.981099753034,0.00833943173342,-3.66859318739e-06,-3.99001950989e-05
1788,0.000416666666667,0.012999308306,0.0839381687602,0.012999308306,0.000432138878869,0.00038263656229,0.925611111652,0.0120323042118,1.54722122023e-05,-3.40301043768e-05
1789,0.000416666666667,0.0076962700955,0.016974375845,0.0076962700955,0.000386292048749,0.000374933701011,0.932223277163,0.00717464213036,-3.03746179174e-05,-4.1732965656e-05
1790,0.000416666666667,0.0147428053995,0.0305016649451,0.0147428053995,0.000395143768137,0.00038528826672,0.928042656838,0.0136819522922,-2.15228985295e-05,-3.1378399947e-05
1791,0.000416666666667,0.0076342925841,0.047896636942,0.0076342925841,0.000406825108017,0.000374706736366,0.920845259666,0.00703000213697,-9.84155864936e-06,-4.19599303004e-05
1792,0.000416666666667,0.0105187892856,0.000364103221094,0.0105187892856,0.00037569371145,0.000378999571402,0.92700885216,0.00975101078174,-4.09729552168e-05,-3.7667095265e-05
1793,0.000416666666667,0.0125160146033,0.125861884913,0.0125160146033,0.000463572289953,0.000382226755271,0.940901768732,0.0117763402778,4.69056232864e-05,-3.44399113957e-05
1794,0.000416666666667,0.0235977624348,0.0705436152731,0.0235977624348,0.000422552349583,0.000399207957704,0.939048624534,0.0221594463565,5.88568291587e-06,-1.74587089631e-05
1795,0.000416666666667,0.0081207159224,0.0811994116102,0.0081207159224,0.000430161211156,0.000375651458082,0.939754416131,0.00763147865022,1.34945444892e-05,-4.10152085848e-05
1796,0.000416666666667,0.0151526029979,0.0201102249838,0.0151526029979,0.000388326203635,0.000385739621713,0.921400300726,0.0139616129591,-2.83404630319e-05,-3.09270449542e-05
1797,0.000416666666667,0.0195712513478,0.0176650360477,0.0195712513478,0.000386739147579,0.00039253822126,0.926609493833,0.0181349073051,-2.99275190878e-05,-2.41284454063e-05
1798,0.000416666666667,0.0144606033901,0.0204964255052,0.0144606033901,0.000388577462932,0.000384870500862,0.928233149675,0.013422811431,-2.80892037346e-05,-3.17961658042e-05
1799,0.000416666666667,0.021612464001,0.0521029713975,0.021612464001,0.000409701276727,0.00039581429948,0.930952474226,0.0201201768359,-6.9653899398e-06,-2.08523671862e-05
1800,0.000416666666667,0.0126962639469,0.0326211242633,0.0126962639469,0.000396548920416,0.000382469447008,0.939485646973,0.0119279577483,-2.01177462504e-05,-3.41972196585e-05
1801,0.000416666666667,0.019002939058,0.0191759184394,0.019002939058,0.00038771902223,0.000391992195969,0.936824109623,0.0178024114632,-2.8947644437e-05,-2.46744706978e-05
1802,0.000416666666667,0.0133435039389,0.0321242689454,0.0133435039389,0.000396219069152,0.000383156760555,0.926055374615,0.0123568235389,-2.04475975142e-05,-3.35099061113e-05
1803,0.000416666666667,0.0416971604684,0.123861118218,0.0416971604684,0.000462021479945,0.00042762658147,0.925379727534,0.0385857069932,4.53548132786e-05,1.09599148029e-05
1804,0.000416666666667,0.0076342925841,0.047896636942,0.0076342925841,0.000406825108017,0.000374706343107,0.920812422034,0.00702975144488,-9.84155864936e-06,-4.19603235595e-05
1805,0.000416666666667,0.0225983081403,0.00961747683043,0.0225983081403,0.000381561518376,0.000396837455354,0.917627659012,0.0207368325964,-3.51051482912e-05,-1.98292113128e-05
1806,0.000416666666667,0.020027326596,0.0208722477039,0.020027326596,0.000388822126244,0.000393394247681,0.931489527896,0.0186552449959,-2.78445404226e-05,-2.32724189855e-05
1807,0.000416666666667,0.00938503918512,0.0447455142805,0.00938503918512,0.000404683698802,0.000377311584628,0.925385270192,0.00868477702208,-1.19829678649e-05,-3.93550820385e-05
1808,0.000416666666667,0.00810822290183,0.04813998467,0.00810822290183,0.000406990950455,0.000375463340015,0.926445931442,0.00751183011862,-9.67571621119e-06,-4.12033266515e-05
1809,0.000416666666667,0.00435271828075,0.0548027952503,0.00435271828075,0.000411558042534,0.000370058780197,0.930114505745,0.00404852641235,-5.10862413277e-06,-4.660788647e-05
1810,0.000416666666667,0.0177581680381,0.0623497811302,0.0177581680381,0.000416793135259,0.000389994101518,0.933752500962,0.0165817338181,1.26468592647e-07,-2.66725651491e-05
1811,0.000416666666667,0.0301879676461,0.0167152880233,0.0301879676461,0.000386124461617,0.000409512363301,0.935698576206,0.028246838345,-3.05422050499e-05,-7.15430336551e-06
1812,0.000416666666667,0.0175824940593,0.0191432627666,0.0175824940593,0.000387697817341,0.000389595039083,0.929173588717,0.0163371891037,-2.89688493255e-05,-2.70716275838e-05
1813,0.000416666666667,0.00679719454589,0.0856691724091,0.00679719454589,0.000433393530463,0.000373677408088,0.937582464998,0.00637293041741,1.67268637961e-05,-4.29892585786e-05
1814,0.000416666666667,0.00901244267464,0.0457360779494,0.00901244267464,0.000405355638863,0.000376941048016,0.937602129716,0.00845008544568,-1.13110278037e-05,-3.97256186507e-05
1815,0.000416666666667,0.00938586547979,0.0743316773346,0.00938586547979,0.000425241704524,0.000377458109251,0.93518489655,0.00877751963775,8.57503785779e-06,-3.92085574153e-05
1816,0.000416666666667,0.0060270169976,0.0225923041866,0.0060270169976,0.000389943864456,0.000372555250064,0.938198028982,0.00565453546779,-2.67228022105e-05,-4.41114166029e-05
1817,0.000416666666667,0.0230481341506,0.120379957522,0.0230481341506,0.000459335560835,0.000397493981443,0.916850088763,0.0211316838418,4.26688941681e-05,-1.91726852241e-05
1818,0.000416666666667,0.0144606033901,0.0204964255052,0.0144606033901,0.000388577462932,0.000384870118628,0.928216744434,0.0134225742013,-2.80892037346e-05,-3.17965480391e-05
1819,0.000416666666667,0.0150103867695,0.0390309214269,0.0150103867695,0.000400828946556,0.000385657112156,0.92672590641,0.0139105142845,-1.58377201109e-05,-3.10095545109e-05
1820,0.000416666666667,0.0212348350374,0.0190184748197,0.0212348350374,0.000387616797248,0.000395483571551,0.938105062859,0.0199205062575,-2.90498694185e-05,-2.11830951161e-05
1821,0.000416666666667,0,0.0564382114568,0,0.000412686867038,0.000363839512047,0.990127118232,0,-3.97979962858e-06,-5.28271546197e-05
1822,0.000416666666667,0.00320941902996,0.0579113317764,0.00320941902996,0.000413706319212,0.000368404358926,0.927967673058,0.0029782371091,-2.96034745426e-06,-4.82623077406e-05
1823,0.000416666666667,0.000999360355639,0.0316336132744,0.000999360355639,0.000395893602956,0.000365306872349,0.962019075046,0.00096140372497,-2.07730637106e-05,-5.1359794318e-05
1824,0.000416666666667,0.0239727707239,0.0361320850445,0.0239727707239,0.000398887608956,0.000399607997052,0.934338779129,0.0223986893305,-1.77790577111e-05,-1.70586696147e-05
1825,0.000416666666667,0.0480474623982,0.470601560592,0.0480474623982,0.000825793334218,0.00043987465688,0.943465834898,0.0453311392263,0.000409126667551,2.3207990213e-05
1826,0.000416666666667,0.00597654852453,0.175025150439,0.00597654852453,0.000503358537492,0.000372379297694,0.927240228332,0.00554169621852,8.66918708257e-05,-4.42873689728e-05
1827,0.000416666666667,0.00127606778982,0.0340427567124,0.00127606778982,0.000397494228463,0.000365656406385,0.932431919649,0.00118984633886,-1.91724382039e-05,-5.10102602815e-05
1828,0.000416666666667,0.0152432054819,0.0715032716035,0.0152432054819,0.000423232049846,0.000385805712918,0.918608345304,0.0140025357649,6.56538317943e-06,-3.08609537484e-05
1829,0.000416666666667,0.00348042038026,0.0356866186645,0.00348042038026,0.000398590116742,0.000369062989714,0.978300699348,0.00340489769204,-1.80765499247e-05,-4.76036769525e-05
1830,0.000416666666667,0.00901647769719,0.0880572922289,0.00901647769719,0.000435130449106,0.000376827430803,0.929196112156,0.00837807602157,1.84637824393e-05,-3.98392358635e-05
1831,0.000416666666667,0.00427814054527,0.0488088557801,0.00427814054527,0.000407447137132,0.000369920647244,0.925483334099,0.00395934777558,-9.21952953424e-06,-4.67460194225e-05
1832,0.000416666666667,0.0154558307175,0.0684706428105,0.0154558307175,0.000421087839095,0.000386657916304,0.940071231683,0.0145295818193,4.42117242879e-06,-3.0008750363e-05
1833,0.000416666666667,0.0125361405627,0.0521985967342,0.0125361405627,0.000409766898385,0.000381930720418,0.924628052183,0.0115912672304,-6.89976828206e-06,-3.47359462489e-05
1834,0.000416666666667,0.0040632959311,0.056796096602,0.0040632959311,0.00041293430516,0.000369693181917,0.93825889802,0.00381242356264,-3.73236150704e-06,-4.69734847501e-05
1835,0.000416666666667,0.00210776019111,0.0430388073069,0.00210776019111,0.000403528581095,0.000366827854541,0.926990019748,0.00195387266118,-1.31380855716e-05,-4.98388121261e-05
1836,0.000416666666667,0.00294238941133,0.00125324420163,0.00294238941133,0.000376253598066,0.000368015535866,0.926457783408,0.00272599957194,-4.04130686007e-05,-4.8651130801e-05
1837,0.000416666666667,0.0214131402038,0.0127682961924,0.0214131402038,0.000383580380271,0.00039535252305,0.926596560905,0.019841342071,-3.30862863959e-05,-2.13141436169e-05
1838,0.000416666666667,0.0186839682613,0.0179264174257,0.0186839682613,0.00038690848774,0.00039102044612,0.921085289512,0.0172095283152,-2.9758178927e-05,-2.56462205469e-05
1839,0.000416666666667,0.0186430728002,0.0599972241869,0.0186430728002,0.000415154140686,0.000391349052877,0.933868707294,0.0174101822959,-1.5125259803e-06,-2.53176137893e-05
1840,0.000416666666667,0.00703422187378,0.0252700011842,0.00703422187378,0.0003916965736,0.000374054787724,0.940266136242,0.00661404062273,-2.49700930671e-05,-4.26118789424e-05
1841,0.000416666666667,0.0217881760556,0.0541031889895,0.0217881760556,0.00041107609197,0.000396071224393,0.930558625408,0.0202751751604,-5.59057469692e-06,-2.0595442274e-05
1842,0.000416666666667,0.00497134950918,0.0543819975471,0.00497134950918,0.000411268092243,0.00037088878143,0.922018314128,0.0045836752934,-5.39857442392e-06,-4.57778852365e-05
1843,0.000416666666667,0.0135587397967,0.053994189961,0.0135587397967,0.000411001054647,0.000383739120772,0.93811074875,0.0127195995428,-5.66561201959e-06,-3.29275458944e-05
1844,0.000416666666667,0.00615189217383,0.0210801702289,0.00615189217383,0.000388957551685,0.00037268899936,0.933090801927,0.00574027400185,-2.77091149821e-05,-4.39776673062e-05
1845,0.000416666666667,0.0140620228723,0.0323115542458,0.0140620228723,0.000396343371493,0.00038449639803,0.93802407361,0.0131905159779,-2.03232951741e-05,-3.21702686371e-05
1846,0.000416666666667,0.00921368054732,0.073873916369,0.00921368054732,0.000424915807601,0.00037707915368,0.926620597995,0.00853758617849,8.24914093402e-06,-3.95875129862e-05
1847,0.000416666666667,0.00246922910506,0.0439997877871,0.00246922910506,0.000404178576869,0.000367382541467,0.937455505937,0.00231479241996,-1.24880897974e-05,-4.92841251997e-05
1848,0.000416666666667,0.0110443586869,0.0200170575327,0.0110443586869,0.000388265613886,0.000379643301066,0.919598777144,0.0101563787429,-2.84010527808e-05,-3.70233656005e-05
1849,0.000416666666667,0.00243621056145,0.0611217722538,0.00243621056145,0.00041593679245,0.000367293780108,0.926469362548,0.0022570744459,-7.29874216342e-07,-4.93728865589e-05
1850,0.000416666666667,0.00505070930883,0.0410280709303,0.00505070930883,0.000402171922756,0.000371123930115,0.937506200305,0.00473507129297,-1.44947439108e-05,-4.55427365512e-05
1851,0.000416666666667,0.0237569104028,0.0488692250011,0.0237569104028,0.000407488335587,0.000398956210006,0.926415332849,0.0220087660583,-9.17833107989e-06,-1.77104566611e-05
1852,0.000416666666667,0.0148170289027,0.00998725332042,0.0148170289027,0.000381797898239,0.000385329114384,0.925102810767,0.0137072750851,-3.48687684273e-05,-3.13375522828e-05
1853,0.000416666666667,0.0136872695283,0.0129907666636,0.0136872695283,0.000383723329493,0.00038349870117,0.918364256831,0.0125698991084,-3.29433371738e-05,-3.31679654969e-05
1854,0.000416666666667,0.0138948135079,0.0124390021672,0.0138948135079,0.000383368888922,0.000384189887097,0.935602520019,0.0130000225332,-3.32977777447e-05,-3.24767795695e-05
1855,0.000416666666667,0.00158802869479,0.0416570790208,0.00158802869479,0.000402595828094,0.000366072280499,0.920236576831,0.00146136209,-1.40708385731e-05,-5.05943861678e-05
1856,0.000416666666667,0.0110443586869,0.0200170575327,0.0110443586869,0.000388265613886,0.000379699938641,0.922825110181,0.0101920115222,-2.84010527808e-05,-3.69667280252e-05
1857,0.000416666666667,0.072703034023,0.376941028724,0.072703034023,0.000705903519123,0.000484646997932,0.941977068389,0.068484590852,0.000289236852456,6.79803312658e-05
1858,0.000416666666667,0.0369994177251,0.0609292883297,0.0369994177251,0.000415802724823,0.000420341126466,0.93193637771,0.0344811033321,-8.63941844152e-07,3.67445979901e-06
1859,0.000416666666667,0.00662261348524,0.0520895404838,0.00662261348524,0.000409692060777,0.00037333166858,0.928911444654,0.00615182145996,-6.97460588992e-06,-4.33349980863e-05
1860,0.000416666666667,0.0144606033901,0.0204964255052,0.0144606033901,0.000388577462932,0.000384870142915,0.928217786827,0.013422589275,-2.80892037346e-05,-3.17965237518e-05
1861,0.000416666666667,0.0298297364996,0.0418683858803,0.0298297364996,0.000402738333664,0.000408559133822,0.928274338248,0.0276901789093,-1.39283330023e-05,-8.1075328443e-06
1862,0.000416666666667,0.0133435039389,0.0321242689454,0.0133435039389,0.000396219069152,0.000383157551094,0.926092308872,0.0123573163713,-2.04475975142e-05,-3.35091155728e-05
1863,0.000416666666667,0.000999360355639,0.0316336132744,0.000999360355639,0.000395893602956,0.000365323987032,0.973216854295,0.000972594341622,-2.07730637106e-05,-5.13426796351e-05
1864,0.000416666666667,1.36238732806e-14,3.62196465113e-14,1.36238732806e-14,0.000375464678399,0.000363839512047,0.999989085867,1.36237245878e-14,-4.1201988268e-05,-5.28271546196e-05
1865,0.000416666666667,0.00348042038026,0.0356866186645,0.00348042038026,0.000398590116742,0.000369060429511,0.977824600745,0.00340324066876,-1.80765499247e-05,-4.76062371556e-05
1866,0.000416666666667,0.00459125451549,0.0541686365258,0.00459125451549,0.000411121154072,0.00037047302397,0.939996405223,0.00431576274003,-5.5455125946e-06,-4.61936426962e-05
1867,0.000416666666667,0.00546526405999,0.0519648741299,0.00546526405999,0.000409606527799,0.000371659363076,0.929404684349,0.00507944201856,-7.06013886774e-06,-4.5007303591e-05
1868,0.000416666666667,0.0123593105075,0.0368382874803,0.0123593105075,0.0003993596815,0.00038169224362,0.925785752577,0.0114420735796,-1.73069851667e-05,-3.4974423047e-05
1869,0.000416666666667,0.00459125451549,0.0541686365258,0.00459125451549,0.000411121154072,0.000370476096134,0.940427832657,0.00431774353318,-5.5455125946e-06,-4.61905705326e-05
1870,0.000416666666667,0.012999308306,0.0839381687602,0.012999308306,0.000432138878869,0.000382432702629,0.915818613828,0.0119050085135,1.54722122023e-05,-3.42339640378e-05
1871,0.000416666666667,0.0222437924655,0.0105599718287,0.0222437924655,0.000382164298001,0.000396416299942,0.920849946213,0.0204831950954,-3.45023686656e-05,-2.0250366725e-05
1872,0.000416666666667,0.000102179601985,0.0377068860175,0.000102179601985,0.000399941076605,0.000363982763434,0.920221690436,9.40278860663e-05,-1.67255900616e-05,-5.2683903233e-05
1873,0.000416666666667,0.00588163487268,0.0530718136428,0.00588163487268,0.000410366618684,0.000372247553942,0.927832722117,0.00545717329442,-6.30004798258e-06,-4.44191127243e-05
1874,0.000416666666667,0.00901647769719,0.0880572922289,0.00901647769719,0.000435130449106,0.000376827149437,0.929176331294,0.00837789766787,1.84637824393e-05,-3.98395172292e-05
1875,0.000416666666667,0.00661326617255,0.0851801910064,0.00661326617255,0.000433038742344,0.000373430657504,0.939800103891,0.00621514823603,1.63720756776e-05,-4.32360091629e-05
1876,0.000416666666667,0.00524469287916,0.125971220704,0.00524469287916,0.000463657186828,0.000371340988318,0.929460518649,0.00487473496362,4.69905201617e-05,-4.53256783487e-05
1877,0.000416666666667,0.00708501801563,0.202492742571,0.00708501801563,0.000527055791567,0.0003741184883,0.939265829166,0.0066547153211,0.0001103891249,-4.25481783668e-05
1878,0.000416666666667,0.00955244830004,0.045569204546,0.00955244830004,0.000405242363678,0.000377755784434,0.938588910037,0.00896582203812,-1.14243029885e-05,-3.89108822322e-05
1879,0.000416666666667,0.0117220370839,0.0336291893589,0.0117220370839,0.000397218996542,0.000380816563902,0.929312724771,0.0108934382224,-1.94476701246e-05,-3.58501027646e-05
1880,0.000416666666667,0.00100868039626,0.0690563016422,0.00100868039626,0.000421501079268,0.000365273793321,0.931685764415,0.000939773166041,4.83441260124e-06,-5.1392873346e-05
1881,0.000416666666667,0.00429767280721,0.0705310586228,0.00429767280721,0.000422543463264,0.000369968694695,0.928495761899,0.00399037098752,5.87679659724e-06,-4.66979719712e-05
1882,0.000416666666667,0.00541931403816,0.0323551804292,0.00541931403816,0.000396372332043,0.000371684744406,0.940295026133,0.00509575403513,-2.02943346236e-05,-4.49819222607e-05
1883,0.000416666666667,0.0070502832984,0.0476312039291,0.0070502832984,0.000406644291425,0.000374064916982,0.939041544245,0.00662050891589,-1.00223752413e-05,-4.26017496848e-05
1884,0.000416666666667,0.0145891567472,0.0589595081534,0.0145891567472,0.000414433227984,0.000384912256735,0.921830202442,0.0134487253177,-2.23343868227e-06,-3.17544099321e-05
1885,0.000416666666667,0,0.0090388809999,0,0.000381191944229,0.000363839512047,0.943773138528,0,-3.54747224377e-05,-5.28271546197e-05
1886,0.000416666666667,0.0125160146033,0.125861884913,0.0125160146033,0.000463572289953,0.000382226012328,0.94086467316,0.011775875989,4.69056232864e-05,-3.44406543389e-05
1887,0.000416666666667,0.00506111792104,0.0359237575635,0.00506111792104,0.000398748455669,0.000371042926058,0.925275656597,0.0046829292075,-1.7918210998e-05,-4.56237406091e-05
1888,0.000416666666667,0.0147267482693,0.0284468550665,0.0147267482693,0.000393786230698,0.000385443045708,0.935569100245,0.0137778906279,-2.28804359685e-05,-3.12236209591e-05
1889,0.000416666666667,0.00660448085217,0.05213774686,0.00660448085217,0.000409725139725,0.000373286222307,0.927058819084,0.00612274221948,-6.94152694186e-06,-4.33804443595e-05
1890,0.000416666666667,0.0076342925841,0.047896636942,0.0076342925841,0.000406825108017,0.000374706264765,0.920805880354,0.00702970150378,-9.84155864936e-06,-4.19604019017e-05
1891,0.000416666666667,0.00772635223845,0.0481413814482,0.00772635223845,0.00040699190256,0.000374840827957,0.920934792002,0.00711546659165,-9.67476410618e-06,-4.18258387096e-05
1892,0.000416666666667,0.00198410050247,0.0254484300601,0.00198410050247,0.000391813645301,0.000366635396006,0.921585151962,0.00182851756307,-2.48530213656e-05,-5.00312706607e-05
1893,0.000416666666667,0.00352172288145,0.0159318732339,0.00352172288145,0.00038561816349,0.000368869696518,0.931294593658,0.00327976147985,-3.10485031769e-05,-4.77969701486e-05
1894,0.000416666666667,0.0124661273514,0.0365543103582,0.0124661273514,0.000399169785236,0.000381680504187,0.917263760811,0.0114347268571,-1.7496881431e-05,-3.49861624797e-05
1895,0.000416666666667,0.0125160146033,0.125861884913,0.0125160146033,0.000463572289953,0.000382227365269,0.940932226216,0.0117767214841,4.69056232864e-05,-3.44393013978e-05
1896,0.000416666666667,0.0273327326693,0.0600338822468,0.0273327326693,0.000415179630362,0.000404723059072,0.930635470892,0.0254368105385,-1.48703630477e-06,-1.19436075945e-05
1897,0.000416666666667,0.0730807097383,0.279814634365,0.0730807097383,0.000599926920582,0.000484463661671,0.935872325855,0.068394213798,0.000183260253916,6.77969950045e-05
1898,0.000416666666667,0.00904286677453,0.102977518908,0.00904286677453,0.000446140887124,0.000376871519549,0.929574857567,0.00840602159393,2.94742204575e-05,-3.97951471178e-05
1899,0.000416666666667,1.36238732806e-14,3.62196465113e-14,1.36238732806e-14,0.000375464678399,0.000363839512047,0.999963584101,1.3623377155e-14,-4.1201988268e-05,-5.28271546196e-05
1900,0.000416666666667,0.0124970413923,0.0161550387809,0.0124970413923,0.000385762321215,0.000381855243002,0.92374326557,0.0115440578257,-3.09043454522e-05,-3.48114236642e-05
1901,0.000416666666667,0.00859086563541,0.0468568584369,0.00859086563541,0.000406117255778,0.000376189802335,0.928142833507,0.00797355037313,-1.05494108889e-05,-4.04768643318e-05
1902,0.000416666666667,0.016594727746,0.00526116534347,0.016594727746,0.000378787736841,0.0003877618597,0.91659185999,0.0152105923708,-3.78789298258e-05,-2.89048069662e-05
1903,0.000416666666667,0,0,0,0.000375464678399,0.000363839512047,0.999529220027,0,-4.1201988268e-05,-5.28271546197e-05
1904,0.000416666666667,0.00171865900782,0.0346067781813,0.00171865900782,0.000397869896054,0.000366326145658,0.946641484776,0.00162695391499,-1.87967706129e-05,-5.03405210085e-05
1905,0.000416666666667,0.00525400044879,0.0234672535654,0.00525400044879,0.000390515705586,0.000371414304695,0.93678924653,0.00492189112169,-2.61509610808e-05,-4.52523619721e-05
1906,0.000416666666667,0.0332187907713,0.173840027547,0.0332187907713,0.000502360419212,0.00041376062465,0.924538500568,0.0307120510103,8.56937525454e-05,-2.9060420164e-06
1907,0.000416666666667,0.0248870061439,0.007057651532,0.0248870061439,0.000379929156736,0.000400769446067,0.927871253762,0.0230919375931,-3.67375099302e-05,-1.58972205994e-05
1908,0.000416666666667,0.00501281976035,0.0542717471207,0.00501281976035,0.00041119215806,0.000371070895848,0.937782484683,0.00470093457013,-5.47450860667e-06,-4.55957708184e-05
1909,0.000416666666667,0.0172415734718,0.0278897527361,0.0172415734718,0.000393418977969,0.000389253990356,0.93541326221,0.0161279964869,-2.32476886976e-05,-2.74126763105e-05
1910,0.000416666666667,0,0,0,0.000375464678399,0.000363839512047,0.990117719275,0,-4.1201988268e-05,-5.28271546197e-05
1911,0.000416666666667,0.00590176702588,0.0222593218101,0.00590176702588,0.000389726457033,0.000372277914943,0.927968632042,0.00547665467363,-2.6940209634e-05,-4.43887517235e-05
1912,0.000416666666667,0.00149849831738,0.0636147201336,0.00149849831738,0.000417677074447,0.00036595633178,0.92472079355,0.00138569255318,1.01040777986e-06,-5.07103348863e-05
1913,0.000416666666667,0.00932930609899,0.0883430648149,0.00932930609899,0.000435338761975,0.000377415989183,0.937997250471,0.00875086346966,1.86720953083e-05,-3.92506774835e-05
1914,0.000416666666667,0.00829353840782,0.0273302302313,0.00829353840782,0.000393050474556,0.000375632107901,0.918687991271,0.00761917414041,-2.36161921111e-05,-4.10345587657e-05
1915,0.000416666666667,0.00285408033152,0.0751862355777,0.00285408033152,0.000425850765075,0.000367866521628,0.921228561539,0.00262926031832,9.18409840819e-06,-4.88001450385e-05
1916,0.000416666666667,0.0021079884314,0.0886428882052,0.0021079884314,0.000435557424329,0.000366886727934,0.945074381437,0.00199220586288,1.88907576624e-05,-4.97799387327e-05
1917,0.000416666666667,0.0108388375307,0.0408805295519,0.0108388375307,0.000402072555327,0.000379651805716,0.937529475913,0.0101617296696,-1.45941113394e-05,-3.70148609507e-05
1918,0.000416666666667,0.0269420299691,0.0379340936161,0.0269420299691,0.000400093297273,0.000404052988289,0.929440382589,0.0250410106422,-1.6573369394e-05,-1.26136783777e-05
1919,0.000416666666667,0.00493236142951,0.0504278151716,0.00493236142951,0.000408553425323,0.000370867643817,0.926546362762,0.00457006154234,-8.11324134339e-06,-4.57990228497e-05
1920,0.000416666666667,0.00750897960305,0.0174722955843,0.00750897960305,0.000386614325025,0.000374670019225,0.933095464438,0.00700659481017,-3.00523416417e-05,-4.19966474417e-05
1921,0.000416666666667,0.00846870149179,0.0471816370082,0.00846870149179,0.000406338223611,0.000375986505405,0.926284877465,0.00784443012361,-1.03284430556e-05,-4.06801612618e-05
1922,0.000416666666667,0.0214651368449,0.0105325624688,0.0214651368449,0.000382146754706,0.000394990149796,0.914147530073,0.0196223018295,-3.45199119604e-05,-2.16765168704e-05
1923,0.000416666666667,0.00437342469388,0.00505771235922,0.00437342469388,0.000378658686811,0.0003700335136,0.921981528736,0.00403221678507,-3.80079798555e-05,-4.66331530664e-05
1924,0.000416666666667,0.000473269282913,0.0361770306844,0.000473269282913,0.000398917636968,0.000364507755123,0.926127865393,0.00043830787074,-1.77490296988e-05,-5.21589115442e-05
1925,0.000416666666667,0.0275350479398,0.075739480533,0.0275350479398,0.000426245538802,0.000405291517233,0.935973532189,0.0257720760792,9.57887213537e-06,-1.13751494339e-05
1926,0.000416666666667,0.00685809833183,0.00936799936098,0.00685809833183,0.000381402122421,0.000373569809477,0.919225720671,0.00630414038151,-3.52645442458e-05,-4.30968571894e-05
1927,0.000416666666667,0.00949621656006,0.158410825287,0.00949621656006,0.000489545032616,0.000377712008072,0.941231634752,0.00893813943678,7.28783659498e-05,-3.89546585952e-05
1928,0.000416666666667,0.000533326982409,0.00798709564607,0.000533326982409,0.000380521040054,0.000364596196586,0.930493638221,0.000496257364223,-3.61456266126e-05,-5.2070470081e-05
1929,0.000416666666667,0.00884982002866,0.102464295924,0.00884982002866,0.000445757565244,0.000376420403659,0.917524654146,0.00811992806105,2.90908985771e-05,-4.02462630073e-05
1930,0.000416666666667,0.00368225936159,0.120145652198,0.00368225936159,0.000459155342431,0.000369071070063,0.926096472959,0.00341012740729,4.24886757639e-05,-4.75955966036e-05
1931,0.000416666666667,0.0196974699438,0.0265701114762,0.0196974699438,0.000392550410679,0.000393014750345,0.935384419755,0.018424706494,-2.41162559873e-05,-2.36519163215e-05
1932,0.000416666666667,0.00904286677453,0.102977518908,0.00904286677453,0.000446140887124,0.000376872096428,0.929615290789,0.00840638722617,2.94742204575e-05,-3.97945702385e-05
1933,0.000416666666667,0.0200631126828,0.102717593105,0.0200631126828,0.000445946709574,0.000392987646151,0.917516285176,0.0184082326178,2.92800429069e-05,-2.36790205153e-05
1934,0.000416666666667,0.0337884912459,0.0307226282372,0.0337884912459,0.000395290028874,0.000415203288854,0.93355625007,0.031543457183,-2.13766377926e-05,-1.46337781272e-06
1935,0.000416666666667,0.0040632959311,0.056796096602,0.0040632959311,0.00041293430516,0.000369737874211,0.945365135078,0.00384129830677,-3.73236150704e-06,-4.69287924552e-05
1936,0.000416666666667,0.00172055399568,0.0721727076074,0.00172055399568,0.000423706841664,0.000366278334878,0.927478330677,0.00159577654775,7.04017499697e-06,-5.03883317889e-05
1937,0.000416666666667,0.00450860239391,0.0185555343877,0.00450860239391,0.000387316375429,0.000370329969504,0.936766891105,0.00422350944778,-2.9350291238e-05,-4.63366971625e-05
1938,0.000416666666667,0.0147245859113,0.0284526037874,0.0147245859113,0.000393790022154,0.000385312540933,0.930212983302,0.0136970009884,-2.2876644513e-05,-3.13541257339e-05
1939,0.000416666666667,0.042521908494,0.146103877908,0.042521908494,0.000479557759151,0.000430327827372,0.942804202862,0.0400898340418,6.28910924847e-05,1.36611607053e-05
1940,0.000416666666667,0.00884982002866,0.102464295924,0.00884982002866,0.000445757565244,0.000376420403657,0.917524653938,0.00811992805921,2.90908985771e-05,-4.02462630101e-05
1941,0.000416666666667,0.0199227302899,0.117758149208,0.0199227302899,0.00045732299561,0.000393542900075,0.940909606193,0.0187454883113,4.06563289431e-05,-2.31237665913e-05
1942,0.000416666666667,0.017868402111,0.0100686697176,0.017868402111,0.000381849963392,0.000389984241106,0.927653983211,0.0165756943919,-3.48167032743e-05,-2.66824255607e-05
1943,0.000416666666667,0.00306607809711,0.167287541031,0.00306607809711,0.000496877487874,0.000368261777525,0.941193423135,0.00288577253982,8.02108212071e-05,-4.84048891412e-05
1944,0.000416666666667,0.00211404683519,0.0430555206175,0.00211404683519,0.000403539876843,0.000366843096452,0.928928071859,0.00196379745043,-1.31267898238e-05,-4.98235702144e-05
1945,0.000416666666667,0.000793050075047,0.11413633899,0.000793050075047,0.000454557300393,0.00036496985136,0.9342816131,0.000740932103384,3.78906337267e-05,-5.16968153069e-05
1946,0.000416666666667,0.0273327326693,0.0600338822468,0.0273327326693,0.000415179630362,0.000404723059029,0.930635469957,0.025436810513,-1.48703630477e-06,-1.19436076378e-05
1947,0.000416666666667,0.00847389017639,0.0471678426695,0.00847389017639,0.000406328835987,0.000376018061867,0.928083446228,0.00786447719787,-1.03378306793e-05,-4.06486048001e-05
1948,0.000416666666667,0.0165224991689,0.0257702733724,0.0165224991689,0.000392024903331,0.000387716223475,0.91889720609,0.015182478324,-2.46417633357e-05,-2.89504431916e-05
1949,0.000416666666667,0.0123593105075,0.0368382874803,0.0123593105075,0.0003993596815,0.000381692904686,0.925819225252,0.0114424872787,-1.73069851667e-05,-3.49737619805e-05
1950,0.000416666666667,0.0235766070731,0.120625353496,0.0235766070731,0.000459524385567,0.000399394086539,0.94461387877,0.0222707902555,4.28577188999e-05,-1.72725801278e-05
1951,0.000416666666667,0.024326705204,0.0842689961403,0.024326705204,0.00043237838533,0.000400137029345,0.933735523754,0.0227147088248,1.57117186636e-05,-1.65296373216e-05
1952,0.000416666666667,0.0340685885797,0.0531375544046,0.0340685885797,0.000410411804569,0.000415819123718,0.936272508265,0.0318974828825,-6.25486209762e-06,-8.47542949158e-07
1953,0.000416666666667,0.0180421524597,0.0105305924088,0.0180421524597,0.000382145493805,0.000390213901871,0.926514741195,0.0167163202168,-3.45211728615e-05,-2.64527647956e-05
1954,0.000416666666667,0.0147409652453,0.00175424580697,0.0147409652453,0.000376569443152,0.000385508144521,0.937403337689,0.0138182300217,-4.00972235151e-05,-3.11585221453e-05
1955,0.000416666666667,1.36238732806e-14,0.00155150380966,1.36238732806e-14,0.000376441597138,0.000363839512047,0.996230997167,1.35725248636e-14,-4.02250695283e-05,-5.28271546196e-05
1956,0.000416666666667,0.0101564687598,0.0585250554248,0.0101564687598,0.000414131780803,0.0003786176896,0.936369497418,0.00951020754812,-2.53488586378e-06,-3.80489770669e-05
1957,0.000416666666667,0.0242930182012,0.0271487848188,0.0242930182012,0.000392931048124,0.000400021332377,0.932186865992,0.0226456325024,-2.37356185423e-05,-1.66453342895e-05
1958,0.000416666666667,0.0126888311738,0.0359622427753,0.0126888311738,0.000398774158385,0.000382334451418,0.933390420333,0.0118436334628,-1.78925082821e-05,-3.4332215249e-05
1959,0.000416666666667,0.0227972751273,0.00908851463386,0.0227972751273,0.000381223633333,0.000397455246721,0.925917935428,0.0211084059193,-3.54430333334e-05,-1.92114199453e-05
1960,0.000416666666667,0.013385157521,0.034111029568,0.013385157521,0.000397539682854,0.000383495759662,0.938955476548,0.0125680669588,-1.91269838122e-05,-3.31709070046e-05
1961,0.000416666666667,0.0283719333588,0.0578512788363,0.0283719333588,0.000413664711225,0.000406350186398,0.93032810661,0.0263952070425,-3.00195544212e-06,-1.03164802689e-05
1962,0.000416666666667,0.000131290435015,0.0497279960004,0.000131290435015,0.000408074847768,0.000364024870901,0.926644100622,0.000121659507075,-8.59181889862e-06,-5.26417957655e-05
1963,0.000416666666667,0.017868402111,0.0100686697176,0.017868402111,0.000381849963392,0.000389984510052,0.927663202242,0.0165758591212,-3.48167032743e-05,-2.66821566148e-05
1964,0.000416666666667,0.0145608247571,0.07108182363,0.0145608247571,0.000422933414385,0.000385219060004,0.936694377008,0.0136390426746,6.26674771795e-06,-3.14476066628e-05
1965,0.000416666666667,0.000999360355639,0.0316336132744,0.000999360355639,0.000395893602956,0.000365324004277,0.973228137097,0.000972605617207,-2.07730637106e-05,-5.13426623901e-05
1966,0.000416666666667,0.0217881760556,0.0541031889895,0.0217881760556,0.00041107609197,0.00039607266085,0.930598385823,0.0202760414674,-5.59057469692e-06,-2.05940058168e-05
1967,0.000416666666667,0.0175824940593,0.0191432627666,0.0175824940593,0.000387697817341,0.000389594358994,0.929149873582,0.0163367721325,-2.89688493255e-05,-2.70723076731e-05
1968,0.000416666666667,0.00459125451549,0.0541686365258,0.00459125451549,0.000411121154072,0.000370476368581,0.940466092468,0.00431791919371,-5.5455125946e-06,-4.6190298086e-05
1969,0.000416666666667,0,0.0090388809999,0,0.000381191944229,0.000363839512047,0.943751396276,0,-3.54747224377e-05,-5.28271546197e-05
1970,0.000416666666667,0.0107065008068,0.0920043955149,0.0107065008068,0.000438016515961,0.000379096519643,0.916462343778,0.00981210482308,2.13498492944e-05,-3.7570147024e-05
1971,0.000416666666667,0.00441205018012,0.0793281646774,0.00441205018012,0.000428815183125,0.000370083084784,0.921162236277,0.00406421401048,1.21485164583e-05,-4.65835818828e-05
1972,0.000416666666667,0.0110443586869,0.0200170575327,0.0110443586869,0.000388265613886,0.000379625133728,0.918563781228,0.0101449478767,-2.84010527808e-05,-3.7041532939e-05
1973,0.000416666666667,0.00750729629749,0.0497375736038,0.00750729629749,0.000408081393712,0.000374714134089,0.937050791505,0.00703471793762,-8.58527295464e-06,-4.19525325778e-05
1974,0.000416666666667,0.0169859586597,0.0245381466061,0.0169859586597,0.000391216751161,0.000388594177026,0.925632717657,0.0157227590762,-2.54499155053e-05,-2.80724896402e-05
1975,0.000416666666667,0.00655920738814,0.0853507484562,0.00655920738814,0.000433162459977,0.000373307954024,0.935577661879,0.00613664791197,1.64957933105e-05,-4.33587126424e-05
1976,0.000416666666667,0.0151155287935,0.125711735685,0.0151155287935,0.000463455727658,0.00038599149818,0.933975530038,0.0141175340167,4.67890609911e-05,-3.06751684862e-05
1977,0.000416666666667,0.00303716327301,0.0120991867692,0.00303716327301,0.000383150762405,0.000368214866706,0.940134795282,0.0028553428719,-3.35159042617e-05,-4.84517999602e-05
1978,0.000416666666667,0.0113774938345,0.055278908336,0.0113774938345,0.000411886354342,0.000380404041416,0.934700152505,0.0106345452222,-4.7803123248e-06,-3.62626252503e-05
1979,0.000416666666667,0.00396233854765,0.0696395582326,0.00396233854765,0.000421913027468,0.000369459075898,0.923978486174,0.00366111557297,5.24636080158e-06,-4.72075907687e-05
1980,0.000416666666667,0.00172055399568,0.0721727076074,0.00172055399568,0.000423706841664,0.000366275053992,0.926234770767,0.00159363693578,7.04017499697e-06,-5.03916126748e-05
1981,0.000416666666667,0.0186839682613,0.0179264174257,0.0186839682613,0.00038690848774,0.000391020446182,0.921085291557,0.0172095283534,-2.9758178927e-05,-2.56462204843e-05
1982,0.000416666666667,0.00506391399827,0.0810611723604,0.00506391399827,0.000430061628326,0.000371016088485,0.921352816823,0.00466565142645,1.33949616591e-05,-4.5650578182e-05
1983,0.000416666666667,0.0298215223093,0.0418465481061,0.0298215223093,0.000402723603909,0.000408117857045,0.919874088323,0.0274320456467,-1.39430627573e-05,-8.54880962163e-06
1984,0.000416666666667,0.00655920738814,0.0853507484562,0.00655920738814,0.000433162459977,0.000373308031817,0.935585250693,0.00613669768858,1.64957933105e-05,-4.33586348496e-05
1985,0.000416666666667,0.00477051279469,0.0501178483448,0.00477051279469,0.000408341382552,0.000370638399777,0.927021156027,0.00442236628578,-8.32528411505e-06,-4.60282668897e-05
1986,0.000416666666667,0.00630426762626,0.0661391183871,0.00630426762626,0.000419446731231,0.0003729518315,0.937249246718,0.00590867008382,2.78006456466e-06,-4.37148351663e-05
1987,0.000416666666667,0.0154348197418,0.00359888749394,0.0154348197418,0.000377734642579,0.000386551010926,0.937071509513,0.0144635298345,-3.89320240872e-05,-3.01156557411e-05
1988,0.000416666666667,0.00704599176998,0.0863306104101,0.00704599176998,0.000433873909745,0.000374053836288,0.938609249914,0.00661343305012,1.72072430785e-05,-4.26128303786e-05
1989,0.000416666666667,0.01366123085,0.00111627400188,0.01366123085,0.000376167294436,0.000383901674015,0.938477833197,0.0128207623269,-4.04993722306e-05,-3.27649926516e-05
1990,0.000416666666667,0.0220557154041,0.0903065191038,0.0220557154041,0.00043677271371,0.000396412671405,0.928603234673,0.0204810086672,2.01060470434e-05,-2.0253995262e-05
1991,0.000416666666667,0.00607977653454,0.0655422992726,0.00607977653454,0.000419027672758,0.000372572908077,0.931918579014,0.00566585670879,2.36100609147e-06,-4.40937585898e-05
1992,0.000416666666667,0.0192903136294,0.100663073956,0.0192903136294,0.000444414852323,0.000392418141872,0.936315830537,0.0180618260273,2.77481856561e-05,-2.42485247949e-05
1993,0.000416666666667,0.00625071676499,0.0689086632064,0.00625071676499,0.000421396867549,0.000372851163911,0.93496262679,0.00584418656592,4.73020088262e-06,-4.38155027553e-05
1994,0.000416666666667,0.0136347469326,0.0856275093731,0.0136347469326,0.000433363289869,0.000383792579038,0.935321598074,0.0127528732904,1.66966232025e-05,-3.2874087629e-05
1995,0.000416666666667,0.0136347469326,0.0856275093731,0.0136347469326,0.000433363289869,0.000383793225831,0.935351122041,0.0127532758422,1.66966232025e-05,-3.28734408356e-05
1996,0.000416666666667,0.00685809833183,0.00936799936098,0.00685809833183,0.000381402122421,0.000373569816323,0.919226358916,0.00630414475865,-3.52645442458e-05,-4.30968503438e-05
1997,0.000416666666667,0.0147840893289,0.118240803231,0.0147840893289,0.000457692829445,0.000385312766987,0.926478514889,0.0136971411254,4.10261627785e-05,-3.13538996795e-05
1998,0.000416666666667,0.0123593105075,0.0368382874803,0.0123593105075,0.0003993596815,0.000381692388472,0.925793087075,0.0114421642289,-1.73069851667e-05,-3.49742781949e-05
1999,0.000416666666667,0.00535293348862,0.0232042358716,0.00535293348862,0.000390343716874,0.000371394941709,0.917149075613,0.00490943800091,-2.63229497922e-05,-4.52717249578e-05
2000,0.000416666666667,0.0299193555449,0.0421066419235,0.0299193555449,0.000402899074296,0.000409001795557,0.934139183584,0.0279488423621,-1.37675923702e-05,-7.66487110986e-06
2001,0.000416666666667,0.00913443009021,0.10124316323,0.00913443009021,0.000444846835179,0.00037768363229,0.976546298858,0.00892019389677,2.81801685126e-05,-3.89830343766e-05
2002,0.000416666666667,0.0133435039389,0.0321242689454,0.0133435039389,0.000396219069152,0.000383157547537,0.926092142677,0.0123573141536,-2.04475975142e-05,-3.35091191301e-05
2003,0.000416666666667,0.0070502832984,0.0476312039291,0.0070502832984,0.000406644291425,0.000374069977745,0.939499910558,0.00662374052825,-1.00223752413e-05,-4.25966889218e-05
2004,0.000416666666667,0.0168304435005,0.0648161762675,0.0168304435005,0.000418518387656,0.000388414380411,0.92761751225,0.01561221413,1.85172098947e-06,-2.82522862553e-05
2005,0.000416666666667,0.0192844753865,0.0184274421368,0.0192844753865,0.000387233292029,0.000391911312323,0.920591229841,0.0177531189129,-2.94333746372e-05,-2.47553543437e-05
2006,0.000416666666667,0.00997950337525,0.0410676075079,0.00997950337525,0.00040219855436,0.000378391027232,0.938640511816,0.00936716615581,-1.44681123069e-05,-3.82756394344e-05
2007,0.000416666666667,0.0288791307828,0.135881910049,0.0288791307828,0.000471417555384,0.000407363793554,0.934595136533,0.0269902951769,5.47508887168e-05,-9.30287311229e-06
2008,0.000416666666667,0.00387988363005,0.0694203483276,0.00387988363005,0.000421758154539,0.000369369120222,0.928623133782,0.00360294969525,5.09148787222e-06,-4.72975464443e-05
2009,0.000416666666667,0.0200625798082,0.0163588184406,0.0200625798082,0.000385894003355,0.000393346078278,0.928394820868,0.0186259951872,-3.07726633116e-05,-2.33205883888e-05
2010,0.000416666666667,0.00423572434415,0.0788593949438,0.00423572434415,0.000428478647249,0.000369917357081,0.934249473975,0.00395722324043,1.18119805823e-05,-4.67493095853e-05
2011,0.000416666666667,0.00776087414889,0.00268491039186,0.00776087414889,0.000377156863386,0.000375067565678,0.9354500796,0.00725991034035,-3.95098032808e-05,-4.15991009887e-05
2012,0.000416666666667,0.0036746121697,0.0276661244735,0.0036746121697,0.00039327165421,0.000369109236732,0.934745683465,0.00343482786404,-2.33950124569e-05,-4.75574299342e-05
2013,0.000416666666667,0.00255900687457,0.0442384658054,0.00255900687457,0.000404340178093,0.00036746540098,0.925616925227,0.00236866007487,-1.23264885737e-05,-4.92012656871e-05
2014,0.000416666666667,0.00285408033152,0.0751862355777,0.00285408033152,0.000425850765075,0.000367866651623,0.921258136321,0.00262934472712,9.18409840819e-06,-4.8800015044e-05
2015,0.000416666666667,0.0135781344456,0.0854770026687,0.0135781344456,0.000433254064039,0.000383670173928,0.933609733086,0.0126766784756,1.65873973723e-05,-3.29964927382e-05
2016,0.000416666666667,0.0203045388085,0.0165452427318,0.0203045388085,0.000386014509851,0.000393463495451,0.920842777077,0.0186972879037,-3.06521568161e-05,-2.32031712157e-05
2017,0.000416666666667,0.000131290435015,0.0497279960004,0.000131290435015,0.000408074847768,0.00036402486842,0.926631701208,0.00012165787915,-8.59181889862e-06,-5.26417982464e-05
2018,0.000416666666667,0.000308106210817,0.0187668170513,0.000308106210817,0.000387453456879,0.000364277089098,0.931829335944,0.000287102405826,-2.92132097879e-05,-5.23895775685e-05
2019,0.000416666666667,0.00964440754113,0.0847455802983,0.00964440754113,0.000432723647536,0.000377634324881,0.921674808645,0.00888900747497,1.60569808692e-05,-3.90323417856e-05
2020,0.000416666666667,0.00828907097647,0.0568998253062,0.00828907097647,0.00041300604985,0.000375693104044,0.923862108073,0.00765795858628,-3.66061681656e-06,-4.09735626223e-05
2021,0.000416666666667,0.0153771597858,0.0711471483897,0.0153771597858,0.000422979689307,0.000386208082123,0.926798350756,0.0142515263288,6.31302264061e-06,-3.04585845434e-05
2022,0.000416666666667,0.0115474143392,0.0389967479722,0.0115474143392,0.000400806005803,0.000380505029998,0.926436844507,0.0106979501026,-1.58606608634e-05,-3.6161636669e-05
2023,0.000416666666667,0.0177689325341,0.00980422561717,0.0177689325341,0.000381680879363,0.000390094566052,0.936649336543,0.0166432588691,-3.49857873041e-05,-2.65721006151e-05
2024,0.000416666666667,0.00656957449335,0.0522305468994,0.00656957449335,0.000409788826117,0.000373300806682,0.933405133889,0.00613207455956,-6.87784054953e-06,-4.33658599846e-05
2025,0.000416666666667,0.00106077449769,0.0402553513148,0.00106077449769,0.000401651777296,0.000365344488058,0.929508078112,0.000985998464654,-1.5014889371e-05,-5.1322178609e-05
2026,0.000416666666667,0.000300197708657,0.0382333255754,0.000300197708657,0.000400293859991,0.000364264030641,0.927853530238,0.000278539503747,-1.63728066754e-05,-5.24026360258e-05
2027,0.000416666666667,0.00646738790755,0.0525022142835,0.00646738790755,0.000409975321697,0.00037309883867,0.928165382453,0.00600280557069,-6.69134496961e-06,-4.35678279963e-05
2028,0.000416666666667,0.187040224172,0.582780849945,0.187040224172,0.000996477323685,0.00075199273136,0.927177821286,0.17341954754,0.000579810657018,0.000335326064693
2029,0.000416666666667,0.0195712513478,0.0176650360477,0.0195712513478,0.000386739147579,0.000392538656218,0.926623017638,0.0181351719829,-2.99275190878e-05,-2.41280104492e-05
2030,0.000416666666667,0.00497134950918,0.0543819975471,0.00497134950918,0.000411268092243,0.000370888978078,0.922043789662,0.00458380194118,-5.39857442392e-06,-4.57776885891e-05
2031,0.000416666666667,0.0151869257674,0.0994806007145,0.0151869257674,0.000443535582773,0.000386030307228,0.931166020996,0.014141549238,2.68689161064e-05,-3.06363594387e-05
2032,0.000416666666667,0.057907296815,0.0904083034638,0.057907296815,0.000436847177595,0.000456700584829,0.937666139705,0.0542977114652,2.01805109286e-05,4.00339181623e-05
2033,0.000416666666667,0.0105386264885,0.0509192863084,0.0105386264885,0.000408889857675,0.000379164302499,0.935113355992,0.00985481038325,-7.77680899141e-06,-3.7502364168e-05
2034,0.000416666666667,0.00938503918512,0.0447455142805,0.00938503918512,0.000404683698802,0.000377311392632,0.925372319012,0.00868465547475,-1.19829678649e-05,-3.93552740345e-05
2035,0.000416666666667,0.0228980448022,0.0486852001646,0.0228980448022,0.000407362762427,0.000397743674456,0.929410545922,0.0212816843202,-9.30390423934e-06,-1.89229922106e-05
2036,0.000416666666667,0.00718555119578,0.0484954481979,0.00718555119578,0.000407233321764,0.000374268607426,0.939460765957,0.00675054343021,-9.43334490252e-06,-4.23980592406e-05
2037,0.000416666666667,0.0154537575116,0.120021144575,0.0154537575116,0.000459059604854,0.000386271511121,0.924742944868,0.0142907532306,4.23929381873e-05,-3.0395155546e-05
2038,0.000416666666667,0.0095245605767,0.00227909608392,0.0095245605767,0.000376900607462,0.000377708802534,0.938217797191,0.00893611224349,-3.97660592051e-05,-3.89578641332e-05
2039,0.000416666666667,0.00824824299001,0.0477677353108,0.00824824299001,0.000406737288427,0.000375808452172,0.937325147104,0.00773128557396,-9.92937823986e-06,-4.08582144945e-05
2040,0.000416666666667,0.0369406959757,0.0525646602236,0.0369406959757,0.000410018201893,0.000422868982755,0.972187820297,0.0359132947009,-6.64846477393e-06,6.20231608801e-06
2041,0.000416666666667,0.0169859586597,0.0245381466061,0.0169859586597,0.000391216751161,0.000388593469016,0.925607096017,0.0157223238681,-2.54499155053e-05,-2.80731976507e-05
2042,0.000416666666667,0.010584393688,0.0212398940437,0.010584393688,0.000389061616064,0.000379242736459,0.935737773464,0.00990421698307,-2.7605050603e-05,-3.74239302075e-05
2043,0.000416666666667,0.0110443586869,0.0200170575327,0.0110443586869,0.000388265613886,0.000379699681758,0.922810478013,0.0101918499192,-2.84010527808e-05,-3.69669849088e-05
2044,0.000416666666667,0.00172055399568,0.0721727076074,0.00172055399568,0.000423706841664,0.000366275122855,0.926260872342,0.00159368184495,7.04017499697e-06,-5.03915438113e-05
2045,0.000416666666667,0.0230855287571,0.0875687165089,0.0230855287571,0.000434774534505,0.00039789531815,0.92580668009,0.0213727367367,1.81078678387e-05,-1.87713485167e-05
2046,0.000416666666667,0.00108940426066,0.0647023140813,0.00108940426066,0.000418438583635,0.000365386851081,0.930503215406,0.00101369416742,1.77191696794e-06,-5.12798155856e-05
2047,0.000416666666667,0.0137435415431,0.0310607519621,0.0137435415431,0.000395513945636,0.000383908096205,0.933147993097,0.012824758209,-2.11527210305e-05,-3.27585704621e-05
2048,0.000416666666667,0.023358940422,0.0246654993184,0.023358940422,0.000391300204571,0.00039866316733,0.934684921258,0.021833249389,-2.53664620961e-05,-1.80034993362e-05
2049,0.000416666666667,0.0250805638451,0.0942782910429,0.0250805638451,0.000439687838865,0.000400682786998,0.918650867684,0.0230402817383,2.30211721985e-05,-1.59838796684e-05
2050,0.000416666666667,1.36238732806e-14,3.62196465113e-14,1.36238732806e-14,0.000375464678399,0.000363839512047,0.99997003433,1.36234650321e-14,-4.1201988268e-05,-5.28271546196e-05
2051,0.000416666666667,0.0076342925841,0.047896636942,0.0076342925841,0.000406825108017,0.000374706688231,0.920841240341,0.00702997145227,-9.84155864936e-06,-4.19599784353e-05
2052,0.000416666666667,0.016628249847,0.0233916322554,0.016628249847,0.000390466248637,0.000388320331423,0.935418305438,0.0155543692943,-2.62004180301e-05,-2.83463352437e-05
2053,0.000416666666667,1.36238732806e-14,3.62196465113e-14,1.36238732806e-14,0.000375464678399,0.000363839512047,0.999963584757,1.3623377164e-14,-4.1201988268e-05,-5.28271546196e-05
2054,0.000416666666667,0.00100868039626,0.0690563016422,0.00100868039626,0.000421501079268,0.000365271512263,0.930206932612,0.000938281497391,4.83441260124e-06,-5.13951544041e-05
2055,0.000416666666667,0,0.154487219464,0,0.000486338586363,0.000363839512047,0.982566010112,0,6.96719196961e-05,-5.28271546197e-05
2056,0.000416666666667,0.00884982002866,0.102464295924,0.00884982002866,0.000445757565244,0.000376420403668,0.917524654777,0.00811992806663,2.90908985771e-05,-4.02462629985e-05
2057,0.000416666666667,0.0210425241583,0.0137535947108,0.0210425241583,0.000384213892099,0.000394572811349,0.920506876566,0.0193697881881,-3.24527745673e-05,-2.20938553178e-05
2058,0.000416666666667,0.0144606033901,0.0204964255052,0.0144606033901,0.000388577462932,0.000384871720842,0.928285510206,0.0134235685959,-2.80892037346e-05,-3.17949458246e-05
2059,0.000416666666667,0.0180421524597,0.0105305924088,0.0180421524597,0.000382145493805,0.000390213292937,0.926494081081,0.0167159474638,-3.45211728615e-05,-2.64533737297e-05
2060,0.000416666666667,0.00156426786894,0.0332765645456,0.00156426786894,0.000396984472827,0.000366052617858,0.926012564192,0.0014485317004,-1.96821938399e-05,-5.06140488086e-05
2061,0.000416666666667,1.36238732806e-14,0.00155150380966,1.36238732806e-14,0.000376441597138,0.000363839512047,0.996244298068,1.35727060734e-14,-4.02250695283e-05,-5.28271546196e-05
2062,0.000416666666667,0.0125626713302,0.0362976440847,0.0125626713302,0.000398998229498,0.000382146493039,0.933414266931,0.0117261766504,-1.76684371688e-05,-3.45201736281e-05
2063,0.000416666666667,0.0474687805637,0.490104278632,0.0474687805637,0.000853212283571,0.000438335025831,0.93732355126,0.0444936059719,0.000436545616904,2.16683591646e-05
2064,0.000416666666667,0.00477051279469,0.0501178483448,0.00477051279469,0.000408341382552,0.00037063836253,0.927016124124,0.00442234228102,-8.32528411505e-06,-4.6028304137e-05
2065,0.000416666666667,0.0133435039389,0.0321242689454,0.0133435039389,0.000396219069152,0.000383156788701,0.926056689607,0.0123568410855,-2.04475975142e-05,-3.35098779653e-05
2066,0.000416666666667,0.0203045388085,0.0165452427318,0.0203045388085,0.000386014509851,0.000393462902431,0.920825046393,0.0186969278903,-3.06521568161e-05,-2.3203764236e-05
2067,0.000416666666667,0.00964440754113,0.0847455802983,0.00964440754113,0.000432723647536,0.000377634685491,0.921698459328,0.00888923557179,1.60569808692e-05,-3.90319811757e-05
2068,0.000416666666667,0.0173320866261,0.0236179506873,0.0173320866261,0.000390614281405,0.000389340412171,0.933587721972,0.0161810232703,-2.60523852616e-05,-2.73262544954e-05
2069,0.000416666666667,0.000131290435015,0.0497279960004,0.000131290435015,0.000408074847768,0.000364024866515,0.926622180912,0.000121656629227,-8.59181889862e-06,-5.26418001513e-05
2070,0.000416666666667,0.00531601451108,0.0962233584299,0.00531601451108,0.000441122531326,0.000371558012504,0.943243315554,0.00501429515296,2.44558646596e-05,-4.51086541624e-05
2071,0.000416666666667,0.0207633992611,0.0144956601206,0.0207633992611,0.000384691704353,0.000394405525095,0.92800293422,0.0192684954387,-3.19749623136e-05,-2.22611415716e-05
2072,0.000416666666667,0.0110443586869,0.0200170575327,0.0110443586869,0.000388265613886,0.000379699681717,0.922810475688,0.0101918498936,-2.84010527808e-05,-3.69669849496e-05
2073,0.000416666666667,0.0076342925841,0.047896636942,0.0076342925841,0.000406825108017,0.000374706178408,0.920798669438,0.00702964645354,-9.84155864936e-06,-4.19604882586e-05
2074,0.000416666666667,0.00294238941133,0.00125324420163,0.00294238941133,0.000376253598066,0.000368015452009,0.926439285326,0.00272594514338,-4.04130686007e-05,-4.86512146581e-05
2075,0.000416666666667,0.0119686145936,0.142175279984,0.0119686145936,0.000476412744756,0.000381448159893,0.94323996542,0.0112892756154,5.97460780895e-05,-3.52185067734e-05
2076,0.000416666666667,0.000793050075047,0.11413633899,0.000793050075047,0.000454557300393,0.000364969806548,0.934244631574,0.000740902775182,3.78906337267e-05,-5.16968601184e-05
2077,0.000416666666667,0.00987017032759,0.0434557725066,0.00987017032759,0.000403810482921,0.000377960444927,0.92148353534,0.00909519944788,-1.28561837461e-05,-3.87062217397e-05
2078,0.000416666666667,0.0256330477718,0.127252060315,0.0256330477718,0.00046465288974,0.000401777699796,0.924280226705,0.0236921192056,4.79862230736e-05,-1.48889668709e-05
2079,0.000416666666667,0.00597654852453,0.175025150439,0.00597654852453,0.000503358537492,0.000372379276763,0.927237981861,0.00554168279238,8.66918708257e-05,-4.42873899035e-05
2080,0.000416666666667,0.0140870903285,0.0576247432275,0.0140870903285,0.000413507792528,0.000384587298651,0.940363147473,0.0132469806001,-3.15887413833e-06,-3.20793680153e-05
2081,0.000416666666667,0.0129364618256,0.0319825479876,0.0129364618256,0.000396125034043,0.000382855465188,0.940668167574,0.0121689178404,-2.0541632624e-05,-3.38112014787e-05
2082,0.000416666666667,0.0070502832984,0.0476312039291,0.0070502832984,0.000406644291425,0.000374064519508,0.939005543778,0.0066202551024,-1.00223752413e-05,-4.26021471584e-05
2083,0.000416666666667,0.00156426786894,0.0332765645456,0.00156426786894,0.000396984472827,0.000366052635065,0.926019742081,0.00144854292854,-1.96821938399e-05,-5.06140316019e-05
2084,0.000416666666667,0.0140801812908,0.1050313024,0.0140801812908,0.000447678142273,0.000384154676377,0.921730297869,0.0129781296952,3.10114756059e-05,-3.251199029e-05
2085,0.000416666666667,0.0019552543147,0.0322371104517,0.0019552543147,0.000396293958046,0.000366581600916,0.917255174511,0.00179346713764,-2.0372708621e-05,-5.0085065751e-05
2086,0.000416666666667,0.0160661493694,0.00527730415818,0.0160661493694,0.000378797975558,0.000387496782198,0.936580736933,0.0150472460161,-3.78686911088e-05,-2.91698844691e-05
2087,0.000416666666667,0.00893800513278,0.0913606083985,0.00893800513278,0.000437544484683,0.000376600193094,0.921233520348,0.00823398993335,2.08778180163e-05,-4.00664735722e-05
2088,0.000416666666667,0.0154883425805,0.0135758720003,0.0154883425805,0.00038409954544,0.000386259954367,0.922216596178,0.014283606575,-3.2567121227e-05,-3.04067122995e-05
2089,0.000416666666667,0.017868402111,0.0100686697176,0.017868402111,0.000381849963392,0.000389985973933,0.9277133816,0.0165767557462,-3.48167032743e-05,-2.66806927337e-05
2090,0.000416666666667,0.0200486387653,0.0158649215841,0.0200486387653,0.000385574925396,0.000393346697086,0.929059133928,0.0186263709678,-3.10917412708e-05,-2.33199695802e-05
2091,0.000416666666667,0.00387988363005,0.0694203483276,0.00387988363005,0.000421758154539,0.000369392503461,0.93252044243,0.00361807079927,5.09148787222e-06,-4.72741632061e-05
2092,0.000416666666667,0.00434912965456,0.0208089056259,0.00434912965456,0.000388780879244,0.000370102090695,0.93730956299,0.00407648081591,-2.78857874225e-05,-4.65645759721e-05
2093,0.000416666666667,0.00776087414889,0.00268491039186,0.00776087414889,0.000377156863386,0.000375067806843,0.935469869702,0.00726006392884,-3.95098032808e-05,-4.15988598232e-05
2094,0.000416666666667,0.00122824024156,0.0822020019306,0.00122824024156,0.000430884133349,0.000365594965427,0.936060038179,0.00114970660741,1.42174666822e-05,-5.10717012397e-05
2095,0.000416666666667,0.00483691914034,0.00585013142003,0.00483691914034,0.000379161565448,0.000370759773284,0.930463161662,0.00450057507602,-3.7505101219e-05,-4.59068933828e-05
2096,0.000416666666667,0.0448796168635,0.184107093528,0.0448796168635,0.000511073529867,0.000433308945915,0.930018656732,0.0417388809901,9.44068632002e-05,1.66422792487e-05
2097,0.000416666666667,0.0203045388085,0.0165452427318,0.0203045388085,0.000386014509851,0.000393462574495,0.920815241445,0.0186967288054,-3.06521568161e-05,-2.32040921718e-05
2098,0.000416666666667,0.000308106210817,0.0187668170513,0.000308106210817,0.000387453456879,0.000364277487832,0.932677936784,0.000287363865015,-2.92132097879e-05,-5.23891788349e-05
2099,0.000416666666667,0.0124241035333,0.0824089624097,0.0124241035333,0.000431033514334,0.000381911008078,0.931973762103,0.0115789385107,1.43668476671e-05,-3.4755658589e-05
2100,0.000416666666667,0.00248622385091,0.0308255053586,0.00248622385091,0.0003953581441,0.000367370009729,0.927770190388,0.0023066443755,-2.13085225663e-05,-4.9296656938e-05
2101,0.000416666666667,0.00597654852453,0.175025150439,0.00597654852453,0.000503358537492,0.000372379073046,0.927216117046,0.00554155211625,8.66918708257e-05,-4.4287593621e-05
2102,0.000416666666667,0.0318902508097,0.047346350803,0.0318902508097,0.000406450334987,0.000412291328388,0.936408810495,0.0298623118271,-1.02163316801e-05,-4.37533827892e-06
2103,0.000416666666667,0.040600542117,0.08664389947,0.040600542117,0.00043410162642,0.000425807358014,0.925291836734,0.0375673501879,1.74349597533e-05,9.14069134762e-06
2104,0.000416666666667,0.000131290435015,0.0497279960004,0.000131290435015,0.000408074847768,0.000364024293317,0.923757381494,0.000121280508465,-8.59181889862e-06,-5.26423733495e-05
2105,0.000416666666667,0.0101753210003,0.00531972815759,0.0101753210003,0.000378824891328,0.000378556630183,0.930848548847,0.00947168278714,-3.78417753386e-05,-3.81100364838e-05
2106,0.000416666666667,0.00058852081029,0.0805012806166,0.00058852081029,0.000429658537166,0.000364678265185,0.934577986414,0.000550018593843,1.29918704989e-05,-5.19884014816e-05
2107,0.000416666666667,0.00246922910506,0.0439997877871,0.00246922910506,0.000404178576869,0.000367382623045,0.937476986474,0.00231484546032,-1.24880897974e-05,-4.92840436219e-05
2108,0.000416666666667,0.016594727746,0.00526116534347,0.016594727746,0.000378787736841,0.000387762916539,0.916631090695,0.0152112433936,-3.78789298258e-05,-2.89037501274e-05
2109,0.000416666666667,0.0107065008068,0.0920043955149,0.0107065008068,0.000438016515961,0.00037909677411,0.916477319485,0.0098122651605,2.13498492944e-05,-3.75698925569e-05
2110,0.000416666666667,0.0369994177251,0.0609292883297,0.0369994177251,0.000415802724823,0.000420341126424,0.931936377071,0.0344811033085,-8.63941844152e-07,3.67445975745e-06
2111,0.000416666666667,0.000131290435015,0.0497279960004,0.000131290435015,0.000408074847768,0.000364024315724,0.923869370303,0.000121295211524,-8.59181889862e-06,-5.26423509425e-05
2112,0.000416666666667,0.00492877922902,0.12513135083,0.00492877922902,0.000463005444825,0.000370835646962,0.923038377675,0.00454945238347,4.63387781586e-05,-4.5831019705e-05
2113,0.000416666666667,0.000474095214931,0.00189060343677,0.000474095214931,0.000376655452615,0.000364550427898,0.983494645579,0.000466270105379,-4.0011214052e-05,-5.21162387689e-05
2114,0.000416666666667,0.000422910823107,0.184781247275,0.000422910823107,0.000511650907118,0.000364445289074,0.939606535832,0.000397369773465,9.49842404512e-05,-5.22213775922e-05
2115,0.000416666666667,0.0124661273514,0.0365543103582,0.0124661273514,0.000399169785236,0.000381876363883,0.927093801465,0.0115572693958,-1.7496881431e-05,-3.47903027837e-05
2116,0.000416666666667,0.00686678894462,0.0191795867607,0.00686678894462,0.000387721404318,0.000373670412027,0.927428867168,0.00636845829199,-2.89452623482e-05,-4.29962546393e-05
2117,0.000416666666667,0.0136872695283,0.0129907666636,0.0136872695283,0.000383723329493,0.000383499099993,0.918382405845,0.0125701475188,-3.29433371738e-05,-3.31675666734e-05
2118,0.000416666666667,0.0185676930972,0.0182355398943,0.0185676930972,0.000387108853442,0.000391332599465,0.937119082251,0.0174001395148,-2.95578132247e-05,-2.53340672015e-05
2119,0.000416666666667,0.0196076337592,0.0175683118598,0.0196076337592,0.000386676502036,0.000392599703572,0.926798077839,0.018172317279,-2.99901646304e-05,-2.40669630951e-05
2120,0.000416666666667,0.0201317187608,0.0811215759223,0.0201317187608,0.000430105138151,0.000393748150525,0.937328559333,0.018870034943,1.34384714841e-05,-2.29185161421e-05
2121,0.000416666666667,0.00342988457742,0.023252757757,0.00342988457742,0.000390375439902,0.000368798434303,0.942775294249,0.00323361044172,-2.62912267644e-05,-4.78682323639e-05
2122,0.000416666666667,0.0125699552385,0.0969584683704,0.0125699552385,0.000441665970621,0.000381843976576,0.917824281262,0.0115370101323,2.4999303954e-05,-3.48226900904e-05
2123,0.000416666666667,0.0242930182012,0.0271487848188,0.0242930182012,0.000392931048124,0.000400019911012,0.932151928235,0.0226447837589,-2.37356185423e-05,-1.66467556548e-05
2124,0.000416666666667,0.00859086563541,0.0468568584369,0.00859086563541,0.000406117255778,0.000376190134156,0.928167358733,0.00797376106605,-1.05494108889e-05,-4.04765325107e-05
2125,0.000416666666667,0.0326835584398,0.0494553928753,0.0326835584398,0.000407888577455,0.000413038578598,0.926913982841,0.0302948473268,-8.77808921153e-06,-3.62808806859e-06
2126,0.000416666666667,0.0125361405627,0.0521985967342,0.0125361405627,0.000409766898385,0.000381931765556,0.924680192997,0.011591920875,-6.89976828206e-06,-3.47349011108e-05
2127,0.000416666666667,0.0227972751273,0.00908851463386,0.0227972751273,0.000381223633333,0.000397458012319,0.925990842476,0.0211100680013,-3.54430333334e-05,-1.92086543475e-05
2128,0.000416666666667,0.00398027197605,0.0480169595211,0.00398027197605,0.000406907099882,0.000369562497309,0.936612121001,0.00372797097765,-9.7595667842e-06,-4.71041693573e-05
2129,0.000416666666667,0.00597654852453,0.175025150439,0.00597654852453,0.000503358537492,0.000372378723282,0.927178577169,0.00554132775736,8.66918708257e-05,-4.42879433851e-05
2130,0.000416666666667,0.00236145285762,0.0431009319457,0.00236145285762,0.00040357056984,0.000367171925242,0.922234951372,0.00217781436131,-1.30960968264e-05,-4.94947414242e-05
2131,0.000416666666667,0.00348042038026,0.0356866186645,0.00348042038026,0.000398590116742,0.000369060334262,0.977806888021,0.00340317902103,-1.80765499247e-05,-4.76063324048e-05
2132,0.000416666666667,0.0195712513478,0.0176650360477,0.0195712513478,0.000386739147579,0.000392540346754,0.926675580101,0.018136200696,-2.99275190878e-05,-2.41263199129e-05
2133,0.000416666666667,0.00306607809711,0.167287541031,0.00306607809711,0.000496877487874,0.000368261911592,0.941221784985,0.00288585949947,8.02108212071e-05,-4.84047550743e-05
2134,0.000416666666667,0.0154914436977,0.120121334903,0.0154914436977,0.000459136642578,0.000386571722775,0.934472503404,0.0144763281735,4.2469975911e-05,-3.00949438918e-05
2135,0.000416666666667,0.0211659294424,0.0465181566817,0.0211659294424,0.000405886943103,0.000395432996054,0.939715764298,0.019889957563,-1.0779723564e-05,-2.12336706123e-05
2136,0.000416666666667,0.0298297364996,0.0418683858803,0.0298297364996,0.000402738333664,0.000408559133843,0.928274338651,0.0276901789213,-1.39283330023e-05,-8.10753282373e-06
2137,0.000416666666667,0.00641715256911,0.0420452396807,0.00641715256911,0.000402857642831,0.000373067584055,0.932313021425,0.00598279490066,-1.3809023836e-05,-4.35990826116e-05
2138,0.000416666666667,0.0075539979253,0.01735261246,0.0075539979253,0.000386536836132,0.000374627418631,0.923939078733,0.00697943388385,-3.01298305349e-05,-4.20392480352e-05
2139,0.000416666666667,0.0180421524597,0.0105305924088,0.0180421524597,0.000382145493805,0.000390213512909,0.926501544372,0.0167160821177,-3.45211728615e-05,-2.64531537575e-05
2140,0.000416666666667,0.00505070930883,0.0410280709303,0.00505070930883,0.000402171922756,0.000371124219765,0.937543111161,0.00473525771897,-1.44947439108e-05,-4.55424469019e-05
2141,0.000416666666667,0.0237569104028,0.0488692250011,0.0237569104028,0.000407488335587,0.000399006515913,0.927683071114,0.0220388836027,-9.17833107989e-06,-1.76601507536e-05
2142,0.000416666666667,0.0162131910395,0.0358332151222,0.0162131910395,0.000398687992569,0.000387326509107,0.92161136898,0.0149422611895,-1.7978674098e-05,-2.93401575601e-05
2143,0.000416666666667,0.0196641207102,0.101656855977,0.0196641207102,0.000445155161784,0.000393038305051,0.937698783877,0.0184390220759,2.8488495117e-05,-2.36283616154e-05
2144,0.000416666666667,0.0480474623982,0.470601560592,0.0480474623982,0.000825793334218,0.000439880574467,0.943532714789,0.0453343526353,0.000409126667551,2.32139078005e-05
2145,0.000416666666667,0.0140051070818,0.0324628672955,0.0140051070818,0.000396443827321,0.000383976371702,0.918753064205,0.0128672350459,-2.02228393455e-05,-3.26902949642e-05
2146,0.000416666666667,0.0019552543147,0.0322371104517,0.0019552543147,0.000396293958046,0.000366581557474,0.917240697194,0.00179343883081,-2.0372708621e-05,-5.00851091929e-05
2147,0.000416666666667,0.0115474143392,0.0389967479722,0.0115474143392,0.000400806005803,0.000380504116293,0.926387172211,0.010697376516,-1.58606608634e-05,-3.61625503733e-05
2148,0.000416666666667,0.0388313163129,0.0575909547943,0.0388313163129,0.000413484392758,0.000426700702989,0.980341873798,0.0380679653963,-3.18227390835e-06,1.00340363228e-05
2149,0.000416666666667,0.0139255622494,0.0326743406151,0.0139255622494,0.000396584265853,0.000384281749351,0.937637540604,0.0130571299391,-2.00824008139e-05,-3.23849173154e-05
2150,0.000416666666667,0.0256330477718,0.127252060315,0.0256330477718,0.00046465288974,0.000401779001855,0.924310426025,0.0236928933062,4.79862230736e-05,-1.48876648116e-05
2151,0.000416666666667,0.00865721494355,0.0466804659796,0.00865721494355,0.000405997294957,0.000376284622673,0.92798318305,0.00803374987967,-1.06693717097e-05,-4.03820439942e-05
2152,0.000416666666667,0.00862668802422,0.0505349624241,0.00862668802422,0.000408626748452,0.000376267954232,0.930040416678,0.0080231685246,-8.03991821459e-06,-4.03987124343e-05
2153,0.000416666666667,0.000422910823107,0.184781247275,0.000422910823107,0.000511650907118,0.000364445289074,0.939606535202,0.000397369773199,9.49842404512e-05,-5.22213775926e-05
2154,0.000416666666667,0.015857554913,0.02138272367,0.015857554913,0.000389154697003,0.000386882917713,0.92501904739,0.0146685403396,-2.75119696637e-05,-2.97837489541e-05
2155,0.000416666666667,0.0192844753865,0.0184274421368,0.0192844753865,0.000387233292029,0.000391911312261,0.920591227893,0.0177531188753,-2.94333746372e-05,-2.47553544054e-05
2156,0.000416666666667,0.0221949295839,0.0106898758776,0.0221949295839,0.000382247453729,0.000396680715452,0.930053353847,0.0206424686979,-3.44192129376e-05,-1.99859512145e-05
2157,0.000416666666667,0.0125361405627,0.0521985967342,0.0125361405627,0.000409766898385,0.00038173518577,0.914870527593,0.0114689455306,-6.89976828206e-06,-3.49314808972e-05
2158,0.000416666666667,0.00463169956297,0.0399141157014,0.00463169956297,0.000401422293475,0.000370520123604,0.938344252688,0.00434612866509,-1.52443731915e-05,-4.61465430622e-05
2159,0.000416666666667,0.0097077351278,0.0438876133933,0.0097077351278,0.0004041026495,0.00037784063489,0.929101295972,0.00901946928819,-1.25640171663e-05,-3.88260317765e-05
2160,0.000416666666667,0.00257798851174,0.0231839580231,0.00257798851174,0.000390330460224,0.000367573061497,0.945944062872,0.00243863292683,-2.6336206443e-05,-4.90936051699e-05
2161,0.000416666666667,0.0036826209745,0.0089188821838,0.0036826209745,0.000381115340633,0.000369157773151,0.941241491377,0.00346623565821,-3.5551326034e-05,-4.75088935162e-05
2162,0.000416666666667,0.0101578626929,0.000595435475083,0.0101578626929,0.000375839299716,0.000378650677263,0.93828972209,0.00953101816313,-4.08273669503e-05,-3.80159894035e-05
2163,0.000416666666667,0.0369602640211,0.0391549210489,0.0369602640211,0.000400912198936,0.000420376822676,0.933472428016,0.0345013873959,-1.57544677303e-05,3.71015600932e-06
2164,0.000416666666667,0.00398027197605,0.0480169595211,0.00398027197605,0.000406907099882,0.000369562442375,0.936603200428,0.00372793547134,-9.7595667842e-06,-4.71042242912e-05
2165,0.000416666666667,0.00445255343805,0.0794358443112,0.00445255343805,0.000428892525056,0.000370262997126,0.938856311879,0.00418030789929,1.22258583893e-05,-4.64036695406e-05
2166,0.000416666666667,0.00597654852453,0.175025150439,0.00597654852453,0.000503358537492,0.000372378336207,0.927137032712,0.00554107946489,8.66918708257e-05,-4.428833046e-05
2167,0.000416666666667,0.000231767273764,0.038051400354,0.000231767273764,0.000400171911115,0.00036417070966,0.937736486272,0.000217336628933,-1.64947555519e-05,-5.24959570065e-05
2168,0.000416666666667,0.00559199399805,0.0225686833406,0.00559199399805,0.000389928438181,0.000371789994203,0.92335289641,0.00516338385481,-2.67382284857e-05,-4.48766724634e-05
2169,0.000416666666667,0.00116314152261,0.0560132514899,0.00116314152261,0.000412393246622,0.000365495941044,0.93281787941,0.00108499920858,-4.2734200448e-06,-5.11707256229e-05
2170,0.000416666666667,0.0153771597858,0.0711471483897,0.0153771597858,0.000422979689307,0.000386276603117,0.929554107161,0.0142939020354,6.31302264061e-06,-3.03900635494e-05
2171,0.000416666666667,0.0217881760556,0.0541031889895,0.0217881760556,0.00041107609197,0.000396071453002,0.930564953221,0.0202753130319,-5.59057469692e-06,-2.05952136642e-05
2172,0.000416666666667,0.0216209209613,0.0520804882091,0.0216209209613,0.000409685849454,0.000396110096133,0.9388414621,0.0202986170472,-6.98081721284e-06,-2.05565705335e-05
2173,0.000416666666667,0.00887431233649,0.0301619599345,0.00887431233649,0.000394919015046,0.000376600195127,0.927845551301,0.00823399122227,-2.17476516211e-05,-4.00664715401e-05
2174,0.000416666666667,0.00274997937549,0.0349114825573,0.00274997937549,0.000398072992684,0.000367795570036,0.939347098952,0.00258318514854,-1.85936739825e-05,-4.88710966306e-05
2175,0.000416666666667,0.00410450530958,0.0265232352786,0.00410450530958,0.00039251959279,0.000369680212752,0.926797146048,0.00380404380686,-2.41470738765e-05,-4.69864539148e-05
2176,0.000416666666667,0.0133435039389,0.0321242689454,0.0133435039389,0.000396219069152,0.000383156627678,0.926049166522,0.0123567407011,-2.04475975142e-05,-3.35100389888e-05
2177,0.000416666666667,0.0220542166277,0.00896646881406,0.0220542166277,0.000381145716649,0.000396266026367,0.924658950276,0.0203926287961,-3.55209500179e-05,-2.04006402995e-05
2178,0.000416666666667,0.00867475616483,0.0466338318968,0.00867475616483,0.000405965586016,0.00037626704519,0.924820396834,0.00802259143879,-1.07010806511e-05,-4.03996214762e-05
2179,0.000416666666667,0.00558222694978,0.0527579538919,0.00558222694978,0.000410150960654,0.000371906242563,0.938345711107,0.00523805871675,-6.51570601316e-06,-4.47604241037e-05
2180,0.000416666666667,0.00349689194145,0.0281386012583,0.00349689194145,0.000393582981426,0.00036881434718,0.927657134329,0.00324391675746,-2.30836852406e-05,-4.7852319487e-05
2181,0.000416666666667,0.000579157095536,0.0679143956805,0.000579157095536,0.000420695726924,0.000364658878064,0.927761461551,0.000537319633422,4.02906025701e-06,-5.20077886029e-05
2182,0.000416666666667,0.013864283663,0.0307397539012,0.013864283663,0.000395301367009,0.000384189986395,0.937667216435,0.0130000842702,-2.13652996574e-05,-3.24766802721e-05
2183,0.000416666666667,0.00427814054527,0.0488088557801,0.00427814054527,0.000407447137132,0.00036992058846,0.925474461458,0.00395930981718,-9.21952953424e-06,-4.67460782071e-05
2184,0.000416666666667,0.00854370142894,0.0469822464857,0.00854370142894,0.00040620255112,0.000376116028767,0.927783186603,0.00792670253712,-1.04641155471e-05,-4.05506378994e-05
2185,0.000416666666667,0.00915323950654,0.0131009607039,0.00915323950654,0.000383794154808,0.000377142333099,0.937111346084,0.008577604595,-3.28725118591e-05,-3.95243335678e-05
2186,0.000416666666667,0.0134913138062,0.033828808569,0.0134913138062,0.000397351820699,0.000383330852014,0.923952267034,0.0124653299765,-1.93148459676e-05,-3.3335814653e-05
2187,0.000416666666667,0.00685809833183,0.00936799936098,0.00685809833183,0.000381402122421,0.000373557784343,0.918104542487,0.00629645123127,-3.52645442458e-05,-4.3108882324e-05
2188,0.000416666666667,0.00660448085217,0.05213774686,0.00660448085217,0.000409725139725,0.000373286222286,0.927058816999,0.0061227422057,-6.94152694186e-06,-4.33804443811e-05
2189,0.000416666666667,0.00975930466854,0.0114897106961,0.00975930466854,0.000382759852351,0.00037806242149,0.938554408671,0.00915963842222,-3.39068143158e-05,-3.86042451762e-05
2190,0.000416666666667,0.00892791585038,0.102671916988,0.00892791585038,0.000445912595966,0.000376792550224,0.935936768673,0.00835596471199,2.9245929299e-05,-3.98741164431e-05
2191,0.000416666666667,0.0076342925841,0.047896636942,0.0076342925841,0.000406825108017,0.000374706807013,0.920851158794,0.00703004717264,-9.84155864936e-06,-4.19598596532e-05
2192,0.000416666666667,0.0318902508097,0.047346350803,0.0318902508097,0.000406450334987,0.000412291600421,0.936413752604,0.0298624694322,-1.02163316801e-05,-4.37506624606e-06
2193,0.000416666666667,0.000131290435015,0.0497279960004,0.000131290435015,0.000408074847768,0.000364024316788,0.923874686807,0.00012129590953,-8.59181889862e-06,-5.26423498787e-05
2194,0.000416666666667,0.00110825086431,0.0095155552364,0.00110825086431,0.000381496390662,0.00036542681936,0.938254457095,0.00103982131301,-3.5170276005e-05,-5.12398473063e-05
2195,0.000416666666667,0.0123462975843,0.0368728828901,0.0123462975843,0.000399382821716,0.000381685105298,0.926399696276,0.0114376063322,-1.7283844951e-05,-3.49815613683e-05
2196,0.000416666666667,0.0133435039389,0.0321242689454,0.0133435039389,0.000396219069152,0.00038315639922,0.926038492844,0.0123565982769,-2.04475975142e-05,-3.35102674471e-05
2197,0.000416666666667,0.00294238941133,0.00125324420163,0.00294238941133,0.000376253598066,0.000368015424906,0.926433306755,0.0027259275521,-4.04130686007e-05,-4.86512417606e-05
2198,0.000416666666667,0.0156266696951,0.00917291418217,0.0156266696951,0.000381277525142,0.0003869489476,0.941294892478,0.0147093043705,-3.53891415248e-05,-2.9717719067e-05
2199,0.000416666666667,0.0247964048372,0.0328647209894,0.0247964048372,0.000396710739203,0.000401206481565,0.941760564366,0.0233522762137,-1.99559274641e-05,-1.54601851016e-05
2200,0.000416666666667,0.0177689325341,0.00980422561717,0.0177689325341,0.000381680879363,0.000390094364401,0.936642387554,0.016643135393,-3.49857873041e-05,-2.65723022658e-05
2201,0.000416666666667,0.00641715256911,0.0420452396807,0.00641715256911,0.000402857642831,0.000373067584071,0.932313023001,0.00598279491077,-1.3809023836e-05,-4.35990825958e-05
2202,0.000416666666667,0.0390152221272,0.162829139955,0.0390152221272,0.000493181077915,0.000422519908579,0.915438393557,0.0357160322685,7.65144112485e-05,5.85324191267e-06
2203,0.000416666666667,0.0298297364996,0.0418683858803,0.0298297364996,0.000402738333664,0.000408558238811,0.928256796306,0.0276896556378,-1.39283330023e-05,-8.10842785528e-06
2204,0.000416666666667,0.0195712513478,0.0176650360477,0.0195712513478,0.000386739147579,0.000392539939062,0.926662904101,0.0181359526109,-2.99275190878e-05,-2.41267276045e-05
2205,0.000416666666667,0.0169243136901,0.00755877050065,0.0169243136901,0.000380248162003,0.000388463504467,0.924257408687,0.015642422315,-3.64185046635e-05,-2.82031621996e-05
2206,0.000416666666667,0.00306926730616,0.0455950148631,0.00306926730616,0.000405259881887,0.000368250056162,0.937738330545,0.00287816959967,-1.14067847799e-05,-4.84166105044e-05
2207,0.000416666666667,0.0148170289027,0.00998725332042,0.0148170289027,0.000381797898239,0.000385328702659,0.925085585433,0.0137070198568,-3.48687684273e-05,-3.13379640077e-05
2208,0.000416666666667,0.0231111473825,0.0061565734532,0.0231111473825,0.00037935621626,0.000398385575292,0.937507230698,0.0216668677808,-3.73104504064e-05,-1.82810913744e-05
2209,0.000416666666667,0.000657473519321,0.0161997822746,0.000657473519321,0.000385791230549,0.000364782275505,0.940168593097,0.000618135953659,-3.08754361175e-05,-5.18843911617e-05
2210,0.000416666666667,0.0285554753655,0.0384807084637,0.0285554753655,0.000400459746353,0.000406569851348,0.928869078523,0.0265242980896,-1.62069203138e-05,-1.00968153189e-05
2211,0.000416666666667,0.0174223304209,0.00888276915891,0.0174223304209,0.000381092290189,0.000389550562325,0.936150211979,0.0163099183166,-3.55743764777e-05,-2.71161043414e-05
2212,0.000416666666667,0.0180421524597,0.0105305924088,0.0180421524597,0.000382145493805,0.000390213172444,0.926489992948,0.0167158737051,-3.45211728615e-05,-2.64534942228e-05
2213,0.000416666666667,0.0117220370839,0.0336291893589,0.0117220370839,0.000397218996542,0.000380815825999,0.929273239596,0.0108929753757,-1.94476701246e-05,-3.58508406678e-05
2214,0.000416666666667,0.0218503547824,0.0760378010256,0.0218503547824,0.000426458560361,0.000396585845404,0.942105292918,0.0205853348926,9.79189369413e-06,-2.00808212624e-05
2215,0.000416666666667,0.010186442657,0.000519454424984,0.010186442657,0.000375791475047,0.00037856305094,0.930229963877,0.00947573418486,-4.08751916194e-05,-3.81036157268e-05
2216,0.000416666666667,0.0150103867695,0.0390309214269,0.0150103867695,0.000400828946556,0.000385656829319,0.926714235744,0.0139103391033,-1.58377201109e-05,-3.10098373474e-05
2217,0.000416666666667,0.00569691234029,0.0525807209346,0.00569691234029,0.00041002923114,0.000371967723203,0.926386522628,0.00527754281263,-6.63743552673e-06,-4.46989434636e-05
2218,0.000416666666667,0.00597654852453,0.175025150439,0.00597654852453,0.000503358537492,0.000372379073048,0.927216117249,0.00554155211746,8.66918708257e-05,-4.42875936191e-05
2219,0.000416666666667,0.00982373458508,0.0435792239029,0.00982373458508,0.000403893983717,0.00037799294984,0.927930320753,0.00911574118453,-1.27726829496e-05,-3.8673716827e-05
2220,0.000416666666667,0.0169243136901,0.00755877050065,0.0169243136901,0.000380248162003,0.000388463109861,0.924243071766,0.0156421796725,-3.64185046635e-05,-2.82035568057e-05
2221,0.000416666666667,0.0174507597379,0.0187930414708,0.0174507597379,0.000387470474823,0.000389386240838,0.928849994899,0.0162091380936,-2.91961918441e-05,-2.72804258288e-05
2222,0.000416666666667,0.0390152221272,0.162829139955,0.0390152221272,0.000493181077915,0.00042252048666,0.915446770016,0.0357163590778,7.65144112485e-05,5.85381999381e-06
2223,0.000416666666667,0.00564009050182,0.00295328312637,0.00564009050182,0.000377326426014,0.000371903965021,0.928459553391,0.00523659590841,-3.9340240653e-05,-4.47627016457e-05
2224,0.000416666666667,0.0180981018175,0.0308220996578,0.0180981018175,0.000395355888989,0.000390319659336,0.927227061838,0.0167810497731,-2.13107776781e-05,-2.63470073303e-05
2225,0.000416666666667,0.0064184585363,0.0446642904191,0.0064184585363,0.000404628650753,0.000373126273331,0.937977414885,0.00602036914543,-1.20380159135e-05,-4.35403933354e-05
2226,0.000416666666667,0.012999308306,0.0839381687602,0.012999308306,0.000432138878869,0.000382636782163,0.925621670537,0.01203244147,1.54722122023e-05,-3.40298845039e-05
2227,0.000416666666667,0.00156426786894,0.0332765645456,0.00156426786894,0.000396984472827,0.000366052652977,0.926027214081,0.00144855461675,-1.96821938399e-05,-5.06140136902e-05
2228,0.000416666666667,0.0230855287571,0.0875687165089,0.0230855287571,0.000434774534505,0.00039789553763,0.925812387494,0.0213728684952,1.81078678387e-05,-1.8771129037e-05
2229,0.000416666666667,0.0100011666086,0.0785891434719,0.0100011666086,0.000428284750247,0.000379296575571,0.993696579055,0.00993812504548,1.16180835804e-05,-3.73700910952e-05
2230,0.000416666666667,0.0256330477718,0.127252060315,0.0256330477718,0.00046465288974,0.000401778720015,0.92430388918,0.023692725747,4.79862230736e-05,-1.48879466514e-05
2231,0.000416666666667,0.0220953382258,0.00936244154652,0.0220953382258,0.000381398572185,0.000396430066251,0.927412370682,0.020491490005,-3.5268094482e-05,-2.02366004157e-05
2232,0.000416666666667,0.0114022186759,0.109249956276,0.0114022186759,0.000450852435761,0.000380260358692,0.924759158298,0.0105443061455,3.41857690945e-05,-3.64063079746e-05
2233,0.000416666666667,0.016594727746,0.00526116534347,0.016594727746,0.000378787736841,0.000387762961093,0.916632744565,0.0152112708392,-3.78789298258e-05,-2.89037055736e-05
2234,0.000416666666667,0.0103755577689,0.0951824032178,0.0103755577689,0.0004403541357,0.00037881936602,0.928856946769,0.00963740891027,2.36874690337e-05,-3.78473006465e-05
2235,0.000416666666667,0.00179957094704,0.0326510013055,0.00179957094704,0.000396568763875,0.000366395698902,0.929278315385,0.00167230225808,-2.00979027921e-05,-5.02709677651e-05
2236,0.000416666666667,0.0110443586869,0.0200170575327,0.0110443586869,0.000388265613886,0.000379643301032,0.91959877517,0.0101563787211,-2.84010527808e-05,-3.70233656351e-05
2237,0.000416666666667,0.00766411830462,0.0459992974599,0.00766411830462,0.000405534379028,0.000374870460652,0.930876696063,0.00713434912564,-1.11322876391e-05,-4.17962060147e-05
2238,0.000416666666667,0.0101753210003,0.00531972815759,0.0101753210003,0.000378824891328,0.000378556251052,0.930825038259,0.00947144355936,-3.78417753386e-05,-3.81104156146e-05
2239,0.000416666666667,0.028669437746,0.0387836822988,0.028669437746,0.000400663003726,0.000407206129982,0.938205643999,0.0268978283036,-1.60036629405e-05,-9.46053668452e-06
2240,0.000416666666667,0.00884982002866,0.102464295924,0.00884982002866,0.000445757565244,0.000376420719615,0.917547309531,0.00812012855713,2.90908985771e-05,-4.02459470517e-05
2241,0.000416666666667,0.00443163739728,0.0907183695029,0.00443163739728,0.000437074095431,0.000370212367448,0.935916659893,0.00414764327072,2.04074287639e-05,-4.64542992183e-05
2242,0.000416666666667,0.0878904075239,0.174554873504,0.0878904075239,0.000502962230056,0.000512236074226,0.92967287016,0.0817093274222,8.62955633896e-05,9.55694075589e-05
2243,0.000416666666667,0.00497134950918,0.0543819975471,0.00497134950918,0.000411268092243,0.00037088897809,0.922043791247,0.00458380194906,-5.39857442392e-06,-4.57776885769e-05
2244,0.000416666666667,0.00938503918512,0.0447455142805,0.00938503918512,0.000404683698802,0.000377311584605,0.925385268602,0.00868477700716,-1.19829678649e-05,-3.9355082062e-05
2245,0.000416666666667,0.00798700616504,0.0278030187425,0.00798700616504,0.000393361832049,0.000375460795374,0.940303674106,0.00751021124209,-2.33048346179e-05,-4.12058712931e-05
2246,0.000416666666667,0.0256330477718,0.127252060315,0.0256330477718,0.00046465288974,0.000401777699836,0.924280227639,0.0236921192296,4.79862230736e-05,-1.48889668306e-05
2247,0.000416666666667,0.00211697728698,0.0243373608067,0.00211697728698,0.000391085213675,0.000366866951566,0.934979284413,0.0019793299089,-2.55814529921e-05,-4.97997151006e-05
2248,0.000416666666667,0.0110443586869,0.0200170575327,0.0110443586869,0.000388265613886,0.000379699876388,0.922821564193,0.010191972359,-2.84010527808e-05,-3.69667902789e-05
2249,0.000416666666667,0.0076342925841,0.047896636942,0.0076342925841,0.000406825108017,0.000374718422262,0.921821031143,0.00703745146193,-9.84155864936e-06,-4.19482444046e-05
2250,0.000416666666667,0.0227972751273,0.00908851463386,0.0227972751273,0.000381223633333,0.000397421934221,0.925039707114,0.0210883847068,-3.54430333334e-05,-1.92447324455e-05
2251,0.000416666666667,2.73651155211e-05,0.049306203472,2.73651155211e-05,0.000407786672011,0.000363878129629,0.926420307981,2.5351598749e-05,-8.87999465614e-06,-5.27885370374e-05
2252,0.000416666666667,0.0207633992611,0.0144956601206,0.0207633992611,0.000384691704353,0.000394404693854,0.927978688284,0.0192679920107,-3.19749623136e-05,-2.22619728123e-05
2253,0.000416666666667,0.0233623116374,0.125650406833,0.0233623116374,0.000463408125909,0.000398088761281,0.919807810213,0.0214888367088,4.67414592421e-05,-1.85779053858e-05
2254,0.000416666666667,0.0180421524597,0.0105305924088,0.0180421524597,0.000382145493805,0.000390213721009,0.926508604844,0.0167162095038,-3.45211728615e-05,-2.64529456579e-05
2255,0.000416666666667,0.0114106913248,0.00273526272314,0.0114106913248,0.000377188671069,0.000380520784706,0.938404146502,0.0107078400537,-3.94779955977e-05,-3.61458819611e-05
2256,0.000416666666667,0.0174020225578,0.0956429718369,0.0174020225578,0.000440693945627,0.000389407791099,0.932211039305,0.0162223575346,2.40272789601e-05,-2.7258875568e-05
2257,0.000416666666667,0.023272437353,0.00782527564931,0.023272437353,0.00038041792451,0.000398615134948,0.936922418564,0.0218044682906,-3.62487421567e-05,-1.80515317191e-05
2258,0.000416666666667,0.0227972751273,0.00908851463386,0.0227972751273,0.000381223633333,0.000397422417626,0.925052451809,0.0210886752511,-3.54430333334e-05,-1.92442490403e-05
2259,0.000416666666667,0.00926788288207,0.0450569792946,0.00926788288207,0.000404894858186,0.000377180468534,0.928125310894,0.00860175668125,-1.17718084808e-05,-3.94861981322e-05
2260,0.000416666666667,0.00931004253378,0.0126840931875,0.00931004253378,0.000383526289213,0.000377213139608,0.926144653181,0.00862244611355,-3.31403774541e-05,-3.94535270592e-05
2261,0.000416666666667,0.012999308306,0.0839381687602,0.012999308306,0.000432138878869,0.000382637204799,0.925641966623,0.0120327053051,1.54722122023e-05,-3.40294618681e-05
2262,0.000416666666667,0.016594727746,0.00526116534347,0.016594727746,0.000378787736841,0.000387762932854,0.916631696307,0.0152112534436,-3.78789298258e-05,-2.89037338128e-05
2263,0.000416666666667,0.00981489886152,0.0402813558812,0.00981489886152,0.000401669270964,0.00037808560825,0.934730743133,0.0091742877066,-1.49973957025e-05,-3.85810584166e-05
2264,0.000416666666667,0.00981727026554,0.0936981721472,0.00981727026554,0.000439260844026,0.000378000311321,0.929015178219,0.00912039308536,2.25941773592e-05,-3.8666355346e-05
2265,0.000416666666667,0.000474095214931,0.00189060343677,0.000474095214931,0.000376655452615,0.000364550417552,0.983480347247,0.000466263326608,-4.0011214052e-05,-5.21162491145e-05
2266,0.000416666666667,0.0472702792853,0.0665645350923,0.0472702792853,0.000419745694757,0.000436061527022,0.914982244855,0.0432514662554,3.07902808997e-06,1.93948603558e-05
2267,0.000416666666667,0.0165224991689,0.0257702733724,0.0165224991689,0.000392024903331,0.000387716223462,0.918897205595,0.0151824783158,-2.46417633357e-05,-2.89504432049e-05
2268,0.000416666666667,0.00462277748901,0.0497250877517,0.00462277748901,0.000408072860107,0.00037047123486,0.933336982893,0.00431460919417,-8.59380656011e-06,-4.61954318069e-05
2269,0.000416666666667,0.0142573533109,0.0114751746829,0.0142573533109,0.000382750534011,0.000384683867877,0.933339552802,0.0133069517634,-3.39161326553e-05,-3.19827987893e-05
2270,0.000416666666667,0.0227972751273,0.00908851463386,0.0227972751273,0.000381223633333,0.000397424123121,0.925097416046,0.0210897003132,-3.54430333334e-05,-1.9242543546e-05
2271,0.000416666666667,0.00893800513278,0.0913606083985,0.00893800513278,0.000437544484683,0.000376605510187,0.921610834601,0.00823736237008,2.08778180163e-05,-4.00611564794e-05
2272,0.000416666666667,0.0828767984222,0.156790785387,0.0828767984222,0.000488218550402,0.000501985460641,0.927651624721,0.076880796708,7.15518837355e-05,8.53187939746e-05
2273,0.000416666666667,0,0,0,0.000375464678399,0.000363839512047,0.990137449106,0,-4.1201988268e-05,-5.28271546197e-05
2274,0.000416666666667,0.00563768024189,0.0215572358638,0.00563768024189,0.000389268455448,0.000371850441759,0.922758377772,0.0052022166744,-2.73982112182e-05,-4.48162249075e-05
2275,0.000416666666667,0.029934064344,0.0421457458914,0.029934064344,0.000402925462112,0.000408663551688,0.927078228314,0.0277512193383,-1.37412045545e-05,-8.00311497836e-06
2276,0.000416666666667,0.00865721494355,0.0466804659796,0.00865721494355,0.000405997294957,0.000376284868977,0.928001243617,0.00803390623388,-1.06693717097e-05,-4.03817976893e-05
2277,0.000416666666667,0.00462117484139,0.0188548130268,0.00462117484139,0.000387510563502,0.000370480212871,0.934913294372,0.00432039779483,-2.9156103165e-05,-4.61864537953e-05
2278,0.000416666666667,0.0110443586869,0.0200170575327,0.0110443586869,0.000388265613886,0.000379699938566,0.922825105868,0.0101920114745,-2.84010527808e-05,-3.69667281009e-05
2279,0.000416666666667,0.00442513271168,0.00799457011244,0.00442513271168,0.000380525803637,0.000370275283495,0.946465172099,0.00418823399352,-3.61408630299e-05,-4.63913831712e-05
2280,0.000416666666667,0.00437333080189,0.0547479959863,0.00437333080189,0.000411520271575,0.000370036136996,0.922388546726,0.00403391024271,-5.14639509198e-06,-4.6630529671e-05
2281,0.000416666666667,0.0133435039389,0.0321242689454,0.0133435039389,0.000396219069152,0.000383156685907,0.926051887018,0.0123567770021,-2.04475975142e-05,-3.35099807595e-05
2282,0.000416666666667,0.0166340268891,0.00678703069496,0.0166340268891,0.000379756994631,0.000388263007223,0.932973432877,0.0155191051693,-3.69096720353e-05,-2.84036594439e-05
2283,0.000416666666667,0.0168123591646,0.00726113463336,0.0168123591646,0.000380058658923,0.000388337672188,0.9258091404,0.0155650357863,-3.66080077432e-05,-2.83289944785e-05
2284,0.000416666666667,0.00427814054527,0.0488088557801,0.00427814054527,0.000407447137132,0.000369920588472,0.925474463261,0.00395930982489,-9.21952953424e-06,-4.67460781951e-05
2285,0.000416666666667,0.0214651368449,0.0105325624688,0.0214651368449,0.000382146754706,0.000395111556413,0.917567394388,0.019695709685,-3.45199119604e-05,-2.15551102533e-05
2286,0.000416666666667,0.0124774557955,0.00426339032767,0.0124774557955,0.000378155269894,0.00038209339769,0.937129061882,0.0116929864443,-3.85113967728e-05,-3.45732689766e-05
2287,0.000416666666667,0.00597654852453,0.175025150439,0.00597654852453,0.000503358537492,0.00037237876736,0.927183308079,0.00554135603187,8.66918708257e-05,-4.42878993066e-05
2288,0.000416666666667,0.0123035068525,0.0166695585855,0.0123035068525,0.000386094889755,0.000381644243051,0.927543079781,0.0114120326381,-3.0571776912e-05,-3.50224236159e-05
2289,0.000416666666667,0.0280839875107,0.0742801013384,0.0280839875107,0.000425204973178,0.000405381291581,0.919562445695,0.0258249802403,8.5383065118e-06,-1.12853750856e-05
2290,0.000416666666667,0.000138786208487,0.0272315763992,0.000138786208487,0.000392985536612,0.00036403816258,0.939438186891,0.000130381064067,-2.36811300546e-05,-5.2628504087e-05
2291,0.000416666666667,0.00159233152166,0.0023359421132,0.00159233152166,0.000376936493025,0.000366124608075,0.939191261632,0.00149550385076,-3.97301736415e-05,-5.05420585918e-05
2292,0.000416666666667,0.0125361405627,0.0521985967342,0.0125361405627,0.000409766898385,0.000381734132034,0.914817930777,0.0114682861695,-6.89976828206e-06,-3.49325346329e-05
2293,0.000416666666667,0.0216177198736,0.0520889984367,0.0216177198736,0.000409691688842,0.000396070965056,0.93788886508,0.0202750187579,-6.97497782446e-06,-2.05957016105e-05
2294,0.000416666666667,0.00178709408622,0.0616236162821,0.00178709408622,0.000416286536835,0.000366379247506,0.929764597423,0.00166157681363,-3.80129831901e-07,-5.02874191603e-05
2295,0.000416666666667,0.00229557546022,0.0384741367589,0.00229557546022,0.000400455338707,0.000367129566803,0.936695976028,0.00215025629625,-1.62113279592e-05,-4.95370998641e-05
2296,0.000416666666667,0.00981489886152,0.0402813558812,0.00981489886152,0.000401669270964,0.000378085097792,0.934697885419,0.00917396521147,-1.49973957025e-05,-3.85815688744e-05
2297,0.000416666666667,0.0125361405627,0.0521985967342,0.0125361405627,0.000409766898385,0.000381733809265,0.914801819869,0.0114680842009,-6.89976828206e-06,-3.49328574017e-05
2298,0.000416666666667,0.000474095214931,0.00189060343677,0.000474095214931,0.000376655452615,0.000364550429859,0.98349735634,0.000466271390538,-4.0011214052e-05,-5.21162368075e-05
2299,0.000416666666667,0.00387988363005,0.0694203483276,0.00387988363005,0.000421758154539,0.000369392503456,0.932520441599,0.00361807079605,5.09148787222e-06,-4.72741632111e-05
2300,0.000416666666667,0.00931004253378,0.0126840931875,0.00931004253378,0.000383526289213,0.000377212512047,0.926101968651,0.00862204871876,-3.31403774541e-05,-3.94541546194e-05
2301,0.000416666666667,0.0237660519402,0.0257478226032,0.0237660519402,0.000392010162946,0.000399435049072,0.938114899818,0.0222952874349,-2.46565037211e-05,-1.7231617595e-05
2302,0.000416666666667,0.0105782688069,0.0415732625855,0.0105782688069,0.000402539316169,0.000379264927419,0.937600820325,0.00991819351095,-1.41273504978e-05,-3.74017392474e-05
2303,0.000416666666667,0.0380983218574,0.0638507716997,0.0380983218574,0.000417842234685,0.000422408791364,0.935820891809,0.0356532055371,1.17556801807e-06,5.7421246971e-06
2304,0.000416666666667,1,0.11567908379,1,0.000455733324024,0.0169062671087,0.916938871837,0.916938871837,3.90666573574e-05,0.016489600442
2305,0.000416666666667,0.000422910823107,0.184781247275,0.000422910823107,0.000511650907118,0.000364445289075,0.939606536229,0.000397369773634,9.49842404512e-05,-5.2221377592e-05
2306,0.000416666666667,0.00240652465268,0.0438330853338,0.00240652465268,0.0004040657463,0.000367282293229,0.93479365136,0.00224960396716,-1.2600920367e-05,-4.93843734377e-05
2307,0.000416666666667,0.0251678601274,0.00278621359523,0.0251678601274,0.000377220859582,0.000401632206041,0.937926557825,0.0236056044171,-3.94458070845e-05,-1.50344606259e-05
2308,0.000416666666667,0.0204836556269,0.100100420649,0.0204836556269,0.000443996254513,0.000395515934387,0.973461594214,0.0199400520618,2.73295878461e-05,-2.11507322793e-05
2309,0.000416666666667,0.000131290435015,0.0497279960004,0.000131290435015,0.000408074847768,0.00036402486842,0.926631700173,0.000121657879014,-8.59181889862e-06,-5.26417982467e-05
2310,0.000416666666667,0.0076962700955,0.016974375845,0.0076962700955,0.000386292048749,0.00037493415649,0.932260981131,0.00717493231028,-3.03746179174e-05,-4.17325101764e-05
2311,0.000416666666667,0.00805314775351,0.0461889058521,0.00805314775351,0.000405663182128,0.000375479434946,0.934053308746,0.00752206930498,-1.10034845387e-05,-4.11872317207e-05
2312,0.000416666666667,0.0284838723457,0.107931334875,0.0284838723457,0.000449857838659,0.000406961564507,0.939279737858,0.0267543241501,3.31911719927e-05,-9.70510215983e-06
2313,0.000416666666667,0.00597654852453,0.175025150439,0.00597654852453,0.000503358537492,0.000372378541093,0.927159023056,0.00554121089125,8.66918708257e-05,-4.42881255732e-05
2314,0.000416666666667,0.0156461703496,0.00416077207303,0.0156461703496,0.000378090282431,0.000386858595863,0.936556549489,0.0146535233153,-3.85763842361e-05,-2.98080708041e-05
2315,0.000416666666667,0.0148961944232,0.0300938737022,0.0148961944232,0.000394873983722,0.000385361247223,0.921523511206,0.0137271933885,-2.17926829445e-05,-3.13054194439e-05
2316,0.000416666666667,0.012999308306,0.0839381687602,0.012999308306,0.000432138878869,0.000382636782077,0.925621666434,0.0120324414167,1.54722122023e-05,-3.40298845893e-05
2317,0.000416666666667,0.00646738790755,0.0525022142835,0.00646738790755,0.000409975321697,0.000373099367349,0.928217717437,0.00600314404133,-6.69134496961e-06,-4.35672993174e-05
2318,0.000416666666667,0.0274760674262,0.132151806446,0.0274760674262,0.000468481644352,0.000404355865314,0.917889594789,0.0252199963962,5.18149776851e-05,-1.23108013526e-05
2319,0.000416666666667,0.0179484717096,0.031219897663,0.0179484717096,0.000395619381101,0.00039018420037,0.930337598185,0.0166981380614,-2.10472855655e-05,-2.64824662964e-05
2320,0.000416666666667,0.0161595752195,0.0246376236844,0.0161595752195,0.000391281936326,0.000387472925352,0.930255853851,0.0150325394437,-2.53847303406e-05,-2.91937413145e-05
2321,0.000416666666667,0.0518615432236,0.074335410428,0.0518615432236,0.000425244363279,0.000445752744857,0.935220552994,0.0485019811327,8.57769661197e-06,2.90860781902e-05
2322,0.000416666666667,0.0108647387794,0.0468320736863,0.0108647387794,0.000406100398047,0.000379764344906,0.941810532094,0.0102325254109,-1.05662686194e-05,-3.6902321761e-05
2323,0.000416666666667,0.00763166517739,0.0494069336474,0.00763166517739,0.00040785547406,0.000374801738842,0.929096834463,0.007090555958,-8.81119260638e-06,-4.18649278247e-05
2324,0.000416666666667,0.0189976799534,0.0130709028874,0.0189976799534,0.000383774834369,0.000391833753068,0.932000266282,0.0177058427753,-3.28918322976e-05,-2.48329135991e-05
2325,0.000416666666667,0.00172055399568,0.0721727076074,0.00172055399568,0.000423706841664,0.00036627500454,0.926216026992,0.0015936046861,7.04017499697e-06,-5.03916621263e-05
2326,0.000416666666667,0.00973813812309,0.0438067857374,0.00973813812309,0.000404047948608,0.000378036805114,0.938932366433,0.00914345307256,-1.26187180587e-05,-3.86298615531e-05
2327,0.000416666666667,0.00493210020679,0.0065429749696,0.00493210020679,0.00037960179948,0.000370928008433,0.934477672331,0.00460893752095,-3.70648671871e-05,-4.57386582338e-05
2328,0.000416666666667,0.00529104379874,0.0515017021561,0.00529104379874,0.000409288904152,0.000371452806064,0.934910231661,0.00494665098361,-7.37776251499e-06,-4.5213860603e-05
2329,0.000416666666667,0.018803129684,0.0595717061545,0.018803129684,0.000414858377088,0.000391397663341,0.927497221049,0.0174398505289,-1.80828957909e-06,-2.52690033262e-05
2330,0.000416666666667,0.0123462975843,0.0368728828901,0.0123462975843,0.000399382821716,0.000381685483944,0.926418889308,0.0114378432951,-1.7283844951e-05,-3.4981182723e-05
2331,0.000416666666667,0.00190847577546,0.0726723056509,0.00190847577546,0.000424061524391,0.000366552905919,0.929940377853,0.00177476868375,7.39485772466e-06,-5.0113760748e-05
2332,0.000416666666667,0.020027326596,0.0208722477039,0.020027326596,0.000388822126244,0.000393394548487,0.93149864777,0.0186554276426,-2.78445404226e-05,-2.32721181793e-05
2333,0.000416666666667,0.0107095427695,0.00896346229313,0.0107095427695,0.000381143797422,0.00037946077575,0.937622585351,0.0100415091794,-3.55228692448e-05,-3.72058909172e-05
2334,0.000416666666667,0.0175708399769,0.0229832147506,0.0175708399769,0.000390199248524,0.000389745679595,0.935045266379,0.0164295307467,-2.64674181431e-05,-2.69209870714e-05
2335,0.000416666666667,0.0019552543147,0.0322371104517,0.0019552543147,0.000396293958046,0.000366581485199,0.917216611122,0.00179339173641,-2.0372708621e-05,-5.00851814677e-05
2336,0.000416666666667,0.0148654505246,0.0195850802776,0.0148654505246,0.000387984808883,0.000385578155557,0.932471284229,0.0138616057413,-2.86818577832e-05,-3.10885111095e-05
2337,0.000416666666667,0.00685809833183,0.00936799936098,0.00685809833183,0.000381402122421,0.000373558212597,0.918144471889,0.00629672507104,-3.52645442458e-05,-4.31084540701e-05
2338,0.000416666666667,0.00414309831662,0.0553600788397,0.00414309831662,0.000411942352957,0.000369811136363,0.938578711649,0.00388862388025,-4.72431370917e-06,-4.68555303037e-05
2339,0.000416666666667,0.0221982994031,0.0505455030669,0.0221982994031,0.000408633962348,0.00039671652688,0.930883558605,0.0206640319433,-8.03270431913e-06,-1.99501397867e-05
2340,0.000416666666667,0.00294238941133,0.00125324420163,0.00294238941133,0.000376253598066,0.000368015701973,0.926494425128,0.00272610738615,-4.04130686007e-05,-4.86509646935e-05
2341,0.000416666666667,0.0103755577689,0.0951824032178,0.0103755577689,0.0004403541357,0.000378819627224,0.928872820851,0.00963757361273,2.36874690337e-05,-3.78470394429e-05
2342,0.000416666666667,0.0302920597752,0.166059188726,0.0302920597752,0.000495856318614,0.00040917041052,0.925895988712,0.0280472966357,7.91896519477e-05,-7.4962561464e-06
2343,0.000416666666667,0.00413310927233,0.0484232839732,0.00413310927233,0.000407184105218,0.00036979542079,0.938391059924,0.00387847279085,-9.48256144913e-06,-4.6871245877e-05
2344,0.000416666666667,0.000131290435015,0.0497279960004,0.000131290435015,0.000408074847768,0.000364024320441,0.923892942954,0.000121298306388,-8.59181889862e-06,-5.2642346226e-05
2345,0.000416666666667,0.00621826706374,0.0659104822342,0.00621826706374,0.000419286144117,0.000372811962462,0.935802685806,0.00581907101931,2.61947745043e-06,-4.38547042049e-05
2346,0.000416666666667,0.0125361405627,0.0521985967342,0.0125361405627,0.000409766898385,0.000381931273855,0.924655662576,0.0115916133582,-6.89976828206e-06,-3.47353928119e-05
2347,0.000416666666667,0.010600939606,0.048356663273,0.010600939606,0.000407138674677,0.000379094686479,0.925479261703,0.00981094975993,-9.52799198975e-06,-3.75719801879e-05
2348,0.000416666666667,0.0230855287571,0.0875687165089,0.0230855287571,0.000434774534505,0.000397895709072,0.925816845717,0.0213729714156,1.81078678387e-05,-1.87709575949e-05
2349,0.000416666666667,0.023480344637,0.0865190817016,0.023480344637,0.000434010887301,0.000398728998896,0.931531904571,0.0218726901597,1.73442206344e-05,-1.7937667771e-05
2350,0.000416666666667,0.0215628203876,0.0198904378218,0.0215628203876,0.000388183284226,0.000395668715045,0.929020566813,0.0200323036186,-2.84833824409e-05,-2.09979516217e-05
2351,0.000416666666667,0.0225983081403,0.00961747683043,0.0225983081403,0.000381561518376,0.000396836199611,0.917594211323,0.0207360767353,-3.51051482912e-05,-1.9830467056e-05
2352,0.000416666666667,0.0224184740114,0.0221652293699,0.0224184740114,0.000389665045134,0.000397286202258,0.937030361825,0.0210067908145,-2.70016215329e-05,-1.93804644087e-05
2353,0.000416666666667,0.0203045388085,0.0165452427318,0.0203045388085,0.000386014509851,0.000393462902399,0.920825045446,0.0186969278711,-3.06521568161e-05,-2.32037642676e-05
2354,0.000416666666667,0.0214728982202,0.0218500598981,0.0214728982202,0.000389459411997,0.000395661421155,0.932705964899,0.0200279002537,-2.72072546696e-05,-2.10052455116e-05
2355,0.000416666666667,0.0019552543147,0.0322371104517,0.0019552543147,0.000396293958046,0.000366581539121,0.917234580914,0.00179342687193,-2.0372708621e-05,-5.0085127546e-05
2356,0.000416666666667,0.00986816079635,0.0112003120508,0.00986816079635,0.000382574375484,0.000377907567395,0.918284519806,0.00906177929825,-3.40922911826e-05,-3.87590992722e-05
2357,0.000416666666667,0.0273327326693,0.0600338822468,0.0273327326693,0.000415179630362,0.000404723925012,0.930654169067,0.0254373216107,-1.48703630477e-06,-1.19427416551e-05
2358,0.000416666666667,0.00867239228847,0.0466401163626,0.00867239228847,0.000405969859007,0.000376307625218,0.928042825399,0.00804835144236,-1.06968076599e-05,-4.03590414484e-05
2359,0.000416666666667,0.0206852402711,0.0273920455239,0.0206852402711,0.00039309116935,0.000394685741093,0.939710790815,0.0194381434933,-2.35754973166e-05,-2.19809255733e-05
2360,0.000416666666667,0.00884982002866,0.102464295924,0.00884982002866,0.000445757565244,0.000376420719628,0.917547310448,0.00812012856524,2.90908985771e-05,-4.02459470389e-05
2361,0.000416666666667,0.0081209585374,0.0481061264412,0.0081209585374,0.000406967871891,0.000375620256874,0.937283190151,0.00761163792502,-9.69879477606e-06,-4.10464097925e-05
2362,0.000416666666667,0.0228139481736,0.0112728966536,0.0228139481736,0.00038262088683,0.000397190520265,0.918265249062,0.0209492558017,-3.40457798369e-05,-1.94761464019e-05
2363,0.000416666666667,0.00349689194145,0.0281386012583,0.00349689194145,0.000393582981426,0.000368814518507,0.927688865734,0.00324402771876,-2.30836852406e-05,-4.78521481599e-05
2364,0.000416666666667,0.00646738790755,0.0525022142835,0.00646738790755,0.000409975321697,0.000373099432119,0.928224129101,0.00600318550805,-6.69134496961e-06,-4.35672345478e-05
2365,0.000416666666667,0.00730253247992,0.0180211440409,0.00730253247992,0.000386969876216,0.000374367099477,0.933018057021,0.00681339466575,-2.96967904509e-05,-4.22995671901e-05
2366,0.000416666666667,0.00810822290183,0.04813998467,0.00810822290183,0.000406990950455,0.000375463542276,0.926461801218,0.0075119587943,-9.67571621119e-06,-4.12031243911e-05
2367,0.000416666666667,0.0203776992088,0.0340013654727,0.0203776992088,0.000397466673722,0.000394164797594,0.938411053782,0.0191226581882,-1.91999929449e-05,-2.25018690728e-05
2368,0.000416666666667,0.0182925949455,0.107737154302,0.0182925949455,0.000449711559459,0.000390786914877,0.932991021982,0.0170668268529,3.30448927927e-05,-2.58797517895e-05
2369,0.000416666666667,0.00700357965472,0.0365670179464,0.00700357965472,0.000399178280904,0.000373806016758,0.921689615625,0.00645512663996,-1.74883857629e-05,-4.28606499087e-05
2370,0.000416666666667,0.00564009050182,0.00295328312637,0.00564009050182,0.000377326426014,0.000371903679776,0.928427070557,0.00523641270228,-3.9340240653e-05,-4.47629868903e-05
2371,0.000416666666667,0.0165224991689,0.0257702733724,0.0165224991689,0.000392024903331,0.000387716223467,0.918897205804,0.0151824783192,-2.46417633357e-05,-2.89504431992e-05
2372,0.000416666666667,0.0153250956273,0.0289536216109,0.0153250956273,0.000394120598849,0.000386126810804,0.926666690095,0.0142012556403,-2.25460678173e-05,-3.05398558631e-05
2373,0.000416666666667,0.0119500693125,0.143797749117,0.0119500693125,0.000477709094368,0.000381130722726,0.928062533501,0.0110904116016,6.10424277009e-05,-3.55359439406e-05
2374,0.000416666666667,0.00621826706374,0.0659104822342,0.00621826706374,0.000419286144117,0.000372811964872,0.935802934126,0.00581907256343,2.61947745043e-06,-4.38547017949e-05
2375,0.000416666666667,0.0380983218574,0.0638507716997,0.0380983218574,0.000417842234685,0.000422407046999,0.935795000589,0.035652219125,1.17556801807e-06,5.74038033264e-06
2376,0.000416666666667,0.033226560353,0.0508989865545,0.033226560353,0.000408875956169,0.00041353962386,0.92048144979,0.0305844324453,-7.7907104975e-06,-3.1270428064e-06
2377,0.000416666666667,0.0125361405627,0.0521985967342,0.0125361405627,0.000409766898385,0.000381735844423,0.914903403966,0.0114693576734,-6.89976828206e-06,-3.49308222435e-05
2378,0.000416666666667,0.0297947012291,0.0534886341283,0.0297947012291,0.000410653197977,0.000408718825907,0.932498867035,0.0277835251398,-6.01346869003e-06,-7.94784075939e-06
2379,0.000416666666667,0.000131290435015,0.0497279960004,0.000131290435015,0.000408074847768,0.000364024293317,0.923757379711,0.000121280508231,-8.59181889862e-06,-5.26423733499e-05
2380,0.000416666666667,1.36238732806e-14,3.62196465113e-14,1.36238732806e-14,0.000375464678399,0.000363839512047,0.999970034013,1.36234650278e-14,-4.1201988268e-05,-5.28271546196e-05
2381,0.000416666666667,0.00543493788146,0.0644876595195,0.00543493788146,0.000418288177377,0.000371620101042,0.929947517056,0.00505420698822,1.62151071011e-06,-4.50465656245e-05
2382,0.000416666666667,0.0245332711728,0.0837198317275,0.0245332711728,0.000431980883824,0.000400567119496,0.93633323194,0.0229713170872,1.53142171577e-05,-1.60995471704e-05
2383,0.000416666666667,0.0161237508512,0.00543044014719,0.0161237508512,0.000378895141203,0.00038710397027,0.918209512751,0.0148049814128,-3.77715254641e-05,-2.9562696397e-05
2384,0.000416666666667,0.0130297567164,0.146668143998,0.0130297567164,0.000480011180777,0.000382800926303,0.931321175723,0.0121348883445,6.33445141105e-05,-3.38657403633e-05
2385,0.000416666666667,0.00320941902996,0.0579113317764,0.00320941902996,0.000413706319212,0.000368423746004,0.931884216225,0.00299080693727,-2.96034745426e-06,-4.8242920663e-05
2386,0.000416666666667,0.0221982994031,0.0505455030669,0.0221982994031,0.000408633962348,0.000396716794647,0.930890821516,0.0206641931676,-8.03270431913e-06,-1.99498720193e-05
2387,0.000416666666667,0.0238172319019,0.0856234525806,0.0238172319019,0.00043336034541,0.000398908202895,0.922862124586,0.0219800212348,1.66936787433e-05,-1.77584637715e-05
2388,0.000416666666667,0.00957670240689,0.0239188841695,0.00957670240689,0.00039081120611,0.000377735348841,0.934862473638,0.0089528997014,-2.58554605569e-05,-3.89313178254e-05
2389,0.000416666666667,0.0111955460776,0.0366108465413,0.0111955460776,0.000399207583933,0.000380241532189,0.940774096534,0.0105324797464,-1.74590827338e-05,-3.64251344775e-05
2390,0.000416666666667,0.000571985608858,0.0338918998384,0.000571985608858,0.000397393810087,0.000364661885316,0.942837513191,0.000539289489037,-1.92728565798e-05,-5.2004781351e-05
2391,0.000416666666667,0.00203093732049,0.0320359039621,0.00203093732049,0.000396160434337,0.000366700539186,0.921227348174,0.00187095500206,-2.05062323294e-05,-4.99661274803e-05
2392,0.000416666666667,0.00445255343805,0.0794358443112,0.00445255343805,0.000428892525056,0.000370262997117,0.938856310615,0.00418030789367,1.22258583893e-05,-4.64036695493e-05
2393,0.000416666666667,0.0019552543147,0.0322371104517,0.0019552543147,0.000396293958046,0.000366581474093,0.917212910106,0.00179338449999,-2.0372708621e-05,-5.00851925733e-05
2394,0.000416666666667,0.0081209585374,0.0481061264412,0.0081209585374,0.000406967871891,0.000375620424296,0.937296300341,0.00761174439233,-9.69879477606e-06,-4.10462423706e-05
2395,0.000416666666667,0.0189371773583,0.0592153347115,0.0189371773583,0.000414610837146,0.000391946987362,0.938622536308,0.0177748614426,-2.05582952032e-06,-2.47196793047e-05
2396,0.000416666666667,0.0144606033901,0.0204964255052,0.0144606033901,0.000388577462932,0.000384871393753,0.928271471842,0.0134233655927,-2.80892037346e-05,-3.17952729133e-05
2397,0.000416666666667,0.00819104098491,0.0711551856016,0.00819104098491,0.000422985383078,0.000375583050157,0.926375069968,0.00758797616551,6.31871641139e-06,-4.10836165095e-05
2398,0.000416666666667,0.0154914436977,0.120121334903,0.0154914436977,0.000459136642578,0.000386572986394,0.934522905277,0.0144771089713,4.2469975911e-05,-3.00936802727e-05
2399,0.000416666666667,0.0199868515658,0.080143375383,0.0199868515658,0.000429401063118,0.000393275533644,0.929768852614,0.0185831520477,1.2734396451e-05,-2.3391133023e-05
